Timestamp,Defrost case 1,Always off,Ambient Dry Bulb Ta,Ambient Dry Bulb Tb,Ambient Wet Bulb,Ceiling Temp,Front Wall Temp,Right Wall Temp,Left Wall Temp,Rear Wall Temp,Discharge Air 2 in LE,Discharge Air 12 in LE,Discharge Air 24 in LE,Discharge Air 36 in LE,Discharge Air Center,Discharge Air 36 in RE,Discharge Air 24 in RE,Discharge Air 12in RE,Discharge Air 2 in RE,Secondary Air 2 in LE,Secondary Air 12 in LE,Secondary Air 24 in LE,Secondary Air 36 in LE,Secondary Air Center,Secondary Air 36 in RE,Secondary Air 24 in RE,Secondary Air 12in RE,Secondary Air 2 in RE,Return Air 2 in LE,Return Air 12 in LE,Return Air 24 in LE,Return Air 36 in LE,Return Air Center,Return Air 36 in RE,Return Air 24 in RE,Return Air 12in RE,Return Air 2 in RE,Left TXV Inlet,Into Left Distrubutor ,Left TXV Bulb,Left Coil Inlet 1,Left Coil Inlet 2,Left Coil Inlet 3,Left Coil Inlet 4,Left Coil Inlet 5,Left Coil Inlet 6,Right TXV Inlet ,Into Right Distributor ,Right TXV Bulb ,Right Coil Inlet 1,Right Coil Inlet 2,Right Coil Inlet 3,Right Coil Inlet 4,Right Coil Inlet 5,Right Coil Inlet 6,Air in left evap 6 in LE,Air in left evap 6 in RE,Air off left evap 6 in LE,Air off left evap 6 in RE,Air in right evap 6 in LE,Air in right evap 6 in RE,Air off right evap 6 in LE,Air off right evap 6 in RE,PS Top shelf LE Rear,PS Top shelf LE Front,PS Top shelf CTR Rear,PS Top shelf CTR Front,PS Top shelf RE Rear ,PS Top shelf RE Front,PS Second shelf LE Rear ,PS Second shelf LE Front,PS Second shelf CTR Rear,PS Second shelf CTR Front,PS Second shelf RE Rear ,PS Second shelf RE Front,PS Third shelf LE Rear ,PS Third shelf LE Front,PS Third shelf CTR Rear,PS Third shelf CTR Front,PS Third shelf RE Rear ,PS Third shelf RE Front,PS Fourth shelf LE Rear ,PS Fourth shelf LE Front,PS Fourth shelf CTR Rear,PS Fourth shelf CTR Front,PS Fourth shelf RE Rear ,PS Fourth shelf RE Front,PS BC LE Rear ,PS BC LE Front,PS BC CTR Rear,PS BC CTR Front,PS BC RE Rear ,PS BC RE Front,Water in HeatX,Water out  HeatX,Ref Temp in HeatX,Ref Temp out HeatX,Discharge line from Comp,Suction line into Comp,Suction Pressure,Discharge Pressure,Case Volts,Case Amps,Case Watts,Compressor Volts,Compressor Amps,Compressor Watts,Run Time,Left S.H.,Right S.H.,Evap,Liqcond,Total Case Watts,Total Comp Watts,AVG Prod Temp
06/22/2026 06:24:13,0.000000,0.000000,74.824571,74.122103,63.141844,74.611264,75.002920,76.650382,74.784016,74.710918,34.523738,29.368279,29.151072,28.743247,32.394703,28.977457,28.972141,28.998014,33.225816,36.439013,34.665258,33.919124,33.726843,34.319967,33.625614,33.049754,32.973102,33.475718,36.557371,33.254890,32.801389,33.977472,34.418667,32.814728,32.196604,32.961592,34.728483,75.736258,38.980522,30.948257,24.838392,23.120779,23.619459,32.466082,30.482124,31.013365,77.019599,41.877225,31.261481,23.025291,22.529597,22.776618,30.392977,30.202634,30.273958,33.944191,33.860190,27.015383,25.401748,33.493099,33.537522,24.877502,27.107509,31.696441,37.681940,29.367531,34.234760,31.198537,37.079573,36.890016,32.972573,28.940635,32.392530,31.298838,36.718063,30.655651,35.630640,29.364807,33.439639,30.707193,36.259481,31.265658,35.687350,29.299404,32.568086,30.940718,35.900707,32.560813,36.125327,31.201940,34.026748,31.817999,35.291899,81.314283,84.566629,132.819456,86.639406,134.148221,50.473385,42.428417,151.540641,119.820000,3.779100,390.640000,118.910000,2.891400,266.530000,604824.126567,9.929376,10.242600,21.018881,90.333029,Inf,Inf,33.107183
06/22/2026 06:25:13,0.000000,0.000000,74.793220,74.111446,63.094204,74.581658,74.989802,76.647828,74.763832,74.687352,34.516380,29.387196,29.169099,28.749341,32.362965,28.926896,28.975162,28.977838,33.219335,36.452918,34.581598,33.884783,33.753783,34.287862,33.784068,33.040762,32.937997,33.444190,36.725979,33.197133,32.719339,33.723686,34.195204,32.771810,32.243229,32.889476,34.594864,72.647744,38.014191,30.950557,24.861907,23.006753,23.554227,32.472027,30.521956,30.979452,73.747407,43.603967,31.247756,22.945604,22.438290,22.648572,30.374418,30.195901,30.157117,33.854009,33.843847,26.864045,25.291652,33.459259,33.551217,24.861318,27.675720,31.679727,37.660941,29.356596,34.197232,31.189380,37.072253,36.908324,32.975857,28.978279,32.376301,31.314664,36.688903,30.670402,35.638215,29.366989,33.444922,30.710711,36.258276,31.292515,35.698468,29.325760,32.573021,30.957604,35.911732,32.573663,36.126778,31.223451,34.017239,31.832958,35.288611,77.101570,80.058834,133.406205,83.782117,134.553486,50.525019,42.415695,140.845977,120.660000,3.680500,378.530000,119.700000,2.802000,255.330000,604884.123352,9.944243,10.241442,21.006314,85.428714,Inf,Inf,33.110326
06/22/2026 06:26:13,0.000000,0.000000,74.732223,74.091840,63.668348,74.563527,75.003361,76.641125,74.766868,74.694615,34.573850,29.424450,29.148374,28.777086,32.429779,29.053668,28.984935,28.938096,33.228016,36.459351,34.663462,33.882647,33.740100,34.257767,33.629471,33.041612,32.958926,33.476656,36.426857,33.278492,32.825343,34.105717,34.381337,32.757313,32.339611,32.874638,34.822695,78.727452,37.835599,30.971840,24.934405,23.203946,23.718466,32.445644,30.564160,31.030463,78.938782,41.243630,31.253871,23.095613,22.592839,22.811158,30.405035,30.245593,30.305773,33.923487,33.883245,26.934500,25.306778,33.484502,33.538255,24.867502,27.374096,31.661668,37.685010,29.358587,34.214424,31.155396,37.062846,36.884028,32.974113,28.939057,32.392675,31.282051,36.681131,30.637169,35.619356,29.341444,33.451907,30.682509,36.263182,31.267155,35.684485,29.264853,32.570102,30.928068,35.870417,32.554859,36.127700,31.196753,34.028286,31.807960,35.276592,79.639422,84.513204,134.613707,88.533089,135.950250,50.537894,42.513878,137.926043,120.630000,3.748100,384.860000,119.570000,2.823300,256.190000,604944.120831,9.868590,10.150621,21.103250,84.046868,Inf,Inf,33.095459
06/22/2026 06:27:13,0.000000,0.000000,74.748417,74.096630,63.650935,74.515234,74.990997,76.606019,74.779467,74.688199,34.550538,29.397449,29.147239,28.735635,32.416919,28.943527,28.995867,28.921370,33.230885,36.408209,34.628176,33.830733,33.722375,34.260914,33.704757,33.024056,32.956196,33.453492,36.622411,33.239324,32.658072,34.104309,34.215723,32.747899,32.252357,32.911933,34.779180,79.043867,40.075940,30.995234,24.860991,23.143861,23.651986,32.483261,30.585806,31.072219,80.302809,42.530726,31.273694,23.029508,22.528978,22.767483,30.325053,30.214257,30.362698,33.923356,33.874137,27.010206,25.216290,33.471479,33.553663,24.909417,27.650227,31.667653,37.689180,29.369485,34.222560,31.188963,37.076261,36.906709,32.973345,28.940517,32.411763,31.292258,36.696459,30.657511,35.637806,29.364872,33.439703,30.716171,36.273619,31.286125,35.705591,29.279411,32.581061,30.944347,35.883497,32.559098,36.142124,31.209486,34.029116,31.819038,35.296480,85.317412,88.417558,133.654570,89.943331,135.339766,50.491607,42.580499,159.460236,120.590000,3.849000,398.630000,119.440000,2.950000,274.720000,605004.117961,9.826281,10.104741,21.168953,93.817679,Inf,Inf,33.108674
06/22/2026 06:28:13,0.000000,0.000000,74.748982,74.084933,63.542329,74.525943,75.012260,76.613329,74.775400,74.700612,34.545572,29.375510,29.135556,28.721933,32.401922,28.947670,28.981298,28.890741,33.224133,36.401484,34.646278,33.897468,33.761141,34.263261,33.708461,33.031319,32.910775,33.464967,36.759502,33.281464,32.824923,33.529339,34.179871,32.467366,32.256321,32.911893,34.624332,76.851840,39.433545,30.962985,24.864159,23.070854,23.617846,32.460476,30.575456,31.115756,78.075313,41.941311,31.247589,23.018040,22.500631,22.755728,30.371758,30.190052,30.226607,33.931660,33.877872,26.988503,25.192490,33.456280,33.566008,24.840870,27.390002,31.657935,37.688378,29.350836,34.212849,31.203276,37.073219,36.882406,32.968038,28.947682,32.396811,31.304462,36.707517,30.632994,35.648435,29.362514,33.448017,30.703119,36.277991,31.278941,35.691410,29.284759,32.584170,30.933078,35.897543,32.555857,36.137642,31.193390,34.001875,31.818878,35.280363,82.506356,85.764754,132.930832,87.582036,134.394693,50.495471,42.257980,153.894879,120.730000,3.797800,393.280000,119.350000,2.903800,268.430000,605064.115773,10.112646,10.397250,20.850339,91.381384,Inf,Inf,33.104146
06/22/2026 06:29:13,0.000000,0.000000,74.647874,74.071706,63.822621,74.506051,74.958164,76.585475,74.729896,74.681726,34.586163,29.355214,29.109012,28.692639,32.353583,28.942023,28.965841,28.937291,33.223907,36.371602,34.591486,33.851439,33.693342,34.260305,33.671752,33.017694,32.912239,33.416227,36.740607,33.341582,32.722798,33.910098,34.317158,32.594720,32.260956,32.947644,34.657344,73.092644,39.458564,30.933011,24.837326,23.020673,23.535194,32.455351,30.511040,31.026514,74.867942,43.261541,31.232526,22.961659,22.443003,22.711563,30.347900,30.214450,30.249221,33.858276,33.790479,26.837163,25.269275,33.434366,33.546761,24.894413,27.418698,31.678545,37.692472,29.342034,34.225222,31.187625,37.082894,36.893856,32.997769,28.933355,32.397672,31.298641,36.710446,30.644858,35.628772,29.337206,33.438356,30.700113,36.279431,31.270588,35.702761,29.278792,32.569769,30.942996,35.898099,32.546185,36.117385,31.191720,34.031949,31.816090,35.304184,78.494364,81.574844,132.962941,84.575516,134.211615,50.522036,42.434632,145.543769,120.710000,3.722900,384.740000,119.460000,2.841300,260.460000,605124.111999,9.907991,10.207506,21.025020,87.612521,Inf,Inf,33.104659
06/22/2026 06:30:13,0.000000,0.000000,74.684968,74.073305,63.616188,74.490951,75.000521,76.609201,74.776392,74.699491,34.627703,29.398312,29.198950,28.728753,32.434968,28.960734,29.012752,28.940486,33.190415,36.344439,34.667628,33.854967,33.719521,34.298892,33.680264,33.070663,32.983835,33.434909,36.693729,33.351824,32.713655,33.929829,34.454473,32.586020,32.155236,32.905148,34.751120,76.385035,35.321499,30.974920,24.894098,23.142963,23.730060,32.457159,30.556979,31.064976,76.021477,39.047551,31.240817,23.061871,22.585167,22.786454,30.438416,30.207011,30.231084,33.891274,33.861356,26.845475,25.259706,33.447518,33.542143,24.839651,26.860343,31.657077,37.684434,29.343734,34.187795,31.168766,37.028351,36.898819,32.939187,28.945943,32.353081,31.293191,36.669287,30.636827,35.593318,29.346941,33.401847,30.700481,36.248905,31.257242,35.675284,29.298407,32.545298,30.940245,35.863474,32.559897,36.111207,31.197534,33.977651,31.793681,35.260168,75.725060,79.894754,134.518016,85.258556,135.700297,50.573359,42.276237,130.420810,120.660000,3.646100,373.420000,119.490000,2.746400,246.290000,605184.111338,10.106509,10.372406,20.868411,80.403797,Inf,Inf,33.085936
06/22/2026 06:31:13,0.000000,0.000000,74.691584,74.079503,63.106825,74.513830,74.997198,76.654367,74.747762,74.702128,34.587660,29.425400,29.193034,28.771165,32.393625,28.991096,28.999837,28.940508,33.255625,36.452326,34.638233,33.858992,33.739978,34.303359,33.584344,33.055127,32.941986,33.439290,36.599414,33.282888,32.831682,33.884289,34.434699,32.712070,32.130548,32.971174,34.783730,79.513348,40.327945,31.020648,24.844515,23.064622,23.597257,32.426683,30.471172,30.904258,80.838335,42.533400,31.244015,22.944083,22.448632,22.685810,30.427936,30.192453,30.202260,33.969127,33.896513,26.853148,25.232201,33.460182,33.566355,24.799609,27.010463,31.649093,37.675188,29.323253,34.214724,31.191345,37.069780,36.891833,32.984623,28.927746,32.397066,31.300707,36.717603,30.623097,35.641255,29.329907,33.442191,30.689698,36.267340,31.271785,35.718344,29.290020,32.568957,30.937039,35.908566,32.538016,36.135844,31.199601,34.020124,31.801106,35.284843,85.930196,89.012367,134.215867,90.507232,135.609443,50.538001,42.524367,160.644558,120.600000,3.851600,400.590000,119.600000,2.960100,275.430000,605244.107218,9.907050,10.130417,21.113598,94.328745,Inf,Inf,33.100356
06/22/2026 06:32:13,0.000000,0.000000,74.668405,74.073223,63.064046,74.482463,74.990348,76.647952,74.738214,74.703566,34.541934,29.385679,29.129668,28.736883,32.346094,28.992060,28.987665,28.995694,33.230710,36.356688,34.650182,33.856842,33.713846,34.271919,33.549124,33.043442,32.889079,33.466833,36.821087,33.205562,32.782742,33.805661,34.195464,32.594634,32.131837,32.981353,34.666139,77.221595,39.282479,31.029140,24.832602,23.066134,23.586726,32.454036,30.524431,30.990884,78.535542,42.071762,31.246348,22.947326,22.452439,22.687374,30.364858,30.161867,30.255482,33.910248,33.877524,26.993512,25.162830,33.464584,33.551211,24.827308,27.267477,31.661330,37.676721,29.374751,34.207421,31.188023,37.053657,36.889374,32.955035,28.932850,32.385679,31.300887,36.690827,30.652284,35.628622,29.362214,33.430391,30.705048,36.254386,31.271224,35.704825,29.306738,32.558499,30.955506,35.896360,32.553334,36.130416,31.191465,34.003774,31.820338,35.271621,83.169890,86.351246,133.013377,88.054562,134.491743,50.492499,42.229136,154.971564,120.610000,3.803500,394.150000,119.570000,2.914800,269.700000,605304.105259,10.207362,10.424570,20.821778,91.857265,Inf,Inf,33.100453
06/22/2026 06:33:13,0.000000,0.000000,74.633146,74.065002,63.547838,74.470728,74.986646,76.640463,74.759261,74.701374,34.570951,29.375155,29.128064,28.674771,32.397159,28.960291,28.957158,28.915671,33.214447,36.375016,34.641045,33.874508,33.693764,34.275817,33.732393,33.031713,32.937422,33.482710,36.714788,33.267217,33.007928,34.007472,34.524966,32.592193,32.185375,33.039279,34.501242,74.215781,39.396705,30.984580,24.827391,23.064500,23.566218,32.424773,30.529877,31.051686,75.640914,42.521906,31.243360,22.975693,22.481233,22.737680,30.390363,30.159835,30.162510,33.874478,33.849680,26.767614,25.247573,33.456791,33.499440,24.852570,27.120062,31.664858,37.673149,29.332791,34.217143,31.187535,37.062460,36.893274,32.981182,28.942582,32.410250,31.299209,36.710300,30.632677,35.617993,29.352256,33.450682,30.694651,36.274280,31.270304,35.707488,29.276860,32.571401,30.946893,35.896214,32.576316,36.142343,31.201685,34.016620,31.816300,35.266717,79.517043,82.721056,132.865224,85.286717,134.047966,50.485474,42.416277,147.874861,120.590000,3.747000,387.330000,119.600000,2.858000,262.680000,605364.102092,9.977691,10.236471,21.006889,88.678758,Inf,Inf,33.102880
06/22/2026 06:34:13,0.000000,0.000000,74.613676,74.065817,63.496853,74.451741,74.968515,76.629113,74.739757,74.696658,34.562430,29.395132,29.130202,28.732777,32.423411,28.983048,28.981999,28.943189,33.177912,36.380678,34.642728,33.867853,33.701320,34.321979,33.628323,33.030239,32.990362,33.448097,36.855076,33.286365,32.972739,33.705893,34.307908,32.644600,32.252466,32.967613,34.713200,75.229512,34.905553,30.941859,24.883660,23.110551,23.685753,32.417156,30.470541,30.972749,74.617951,38.991534,31.254132,23.063611,22.525120,22.773935,30.411258,30.260075,30.246256,33.931251,33.840433,26.914661,25.267216,33.464308,33.540718,24.921434,27.208114,31.641316,37.672776,29.326617,34.195330,31.185688,37.048686,36.885966,32.971616,28.943243,32.379751,31.306089,36.683971,30.649835,35.616883,29.335800,33.435622,30.705838,36.266635,31.279987,35.682898,29.289569,32.560502,30.939809,35.881643,32.568801,36.128940,31.189981,34.006697,31.809016,35.268777,74.947902,78.537195,134.372585,83.631798,135.413243,50.519172,42.062778,130.396855,120.730000,3.622400,369.490000,119.670000,2.729800,244.350000,605424.099245,10.285018,10.597291,20.656841,80.391950,Inf,Inf,33.095276
06/22/2026 06:35:13,0.000000,0.000000,74.615140,74.057979,63.488916,74.439193,74.985966,76.627558,74.753740,74.696697,34.530780,29.403900,29.134065,28.766957,32.429911,29.007409,28.956356,28.953679,33.163096,36.429218,34.625720,33.965364,33.728240,34.306718,33.603234,33.047360,32.966027,33.465538,36.517135,33.341578,32.894229,33.814875,34.111459,32.652783,32.092948,32.938059,34.648667,79.945008,40.408805,30.940249,24.855025,23.133853,23.638486,32.476082,30.494373,30.967749,81.281865,43.101391,31.243954,23.015281,22.522639,22.779075,30.423055,30.200242,30.222085,33.931153,33.881799,26.945999,25.346984,33.470685,33.568416,24.864772,26.904976,31.648577,37.670256,29.359307,34.200908,31.171682,37.055570,36.869817,32.967389,28.916697,32.385968,31.275334,36.690698,30.616944,35.606339,29.314514,33.424636,30.675208,36.272190,31.269537,35.702924,29.259332,32.573936,30.916311,35.893280,32.540457,36.121212,31.190224,34.007766,31.802516,35.253887,86.034109,89.343359,134.021087,90.839733,135.732096,50.502794,42.526018,159.919430,120.660000,3.861800,401.350000,119.450000,2.963600,275.930000,605484.097416,9.825022,10.128727,21.115227,94.016135,Inf,Inf,33.088447
06/22/2026 06:36:13,0.000000,0.000000,74.621959,74.055922,63.682929,74.447125,74.979531,76.632519,74.770151,74.707194,34.515896,29.371101,29.144527,28.727976,32.402164,28.996090,29.000160,28.945737,33.209073,36.348858,34.610395,33.964754,33.731183,34.303445,33.631305,33.018110,32.984564,33.448967,36.450172,33.216133,32.817984,34.011802,34.401505,32.936691,32.373644,32.980222,34.666342,77.828990,39.848241,30.945457,24.795422,23.035617,23.556899,32.465784,30.435023,30.941983,78.989003,42.066604,31.247990,22.959286,22.447242,22.674558,30.402930,30.185166,30.212805,33.927237,33.834312,26.929051,25.167805,33.470413,33.553930,24.830942,27.448279,31.649252,37.673136,29.350618,34.194716,31.166357,37.046747,36.869265,32.954388,28.925062,32.368404,31.281803,36.685427,30.616983,35.623215,29.312307,33.419327,30.675231,36.262750,31.244441,35.690115,29.265169,32.550847,30.917671,35.877800,32.528470,36.130811,31.179832,33.993903,31.795733,35.259993,83.765806,86.942978,133.270735,88.586512,134.794951,50.478756,42.225640,156.086610,120.650000,3.820400,395.500000,119.510000,2.921700,270.830000,605544.095003,10.127141,10.429674,20.818316,92.347773,Inf,Inf,33.083659
06/22/2026 06:37:13,0.000000,0.000000,74.665182,74.076340,63.478819,74.450688,74.955212,76.639867,74.734741,74.714459,34.506936,29.387961,29.122583,28.718391,32.393051,28.927623,28.963520,28.915342,33.184543,36.409415,34.574817,33.893498,33.686555,34.289472,33.616586,33.047831,32.929547,33.433967,36.505159,33.228682,32.670144,33.885941,34.419488,32.685709,32.178673,32.917004,34.539815,74.890797,39.023191,30.949465,24.820996,23.040617,23.544849,32.446256,30.490784,30.867607,76.264074,41.850372,31.265647,22.951052,22.477330,22.695673,30.320065,30.155343,30.210622,33.877997,33.832814,26.870815,25.291052,33.437782,33.543070,24.849533,26.954444,31.636880,37.686937,29.327082,34.197070,31.158917,37.057939,36.878807,32.971090,28.928440,32.388424,31.275565,36.704879,30.632565,35.614336,29.320027,33.425241,30.703001,36.275625,31.256063,35.676364,29.267828,32.544603,30.924048,35.916471,32.551292,36.143688,31.163828,34.005102,31.802961,35.256547,80.345677,83.612490,132.622229,85.889023,134.020105,50.505966,42.375683,149.557384,120.650000,3.759600,389.260000,119.470000,2.872800,264.660000,605604.091735,9.982691,10.298873,20.966774,89.441396,Inf,Inf,33.089721
06/22/2026 06:38:13,0.000000,0.000000,74.666663,74.063868,63.443064,74.451973,75.000005,76.645365,74.764829,74.676940,34.601499,29.398728,29.177956,28.716599,32.350781,28.936092,29.006069,28.929342,33.189940,36.408150,34.584197,33.876618,33.744284,34.290353,33.669168,33.043112,32.978236,33.479516,36.900517,33.307570,32.871455,34.116687,34.161964,32.658465,32.317851,32.839110,34.800116,73.773941,35.965213,30.954375,24.886821,23.026779,23.635742,32.380383,30.484064,30.945003,73.225528,40.672876,31.239804,22.986458,22.495679,22.698776,30.507242,30.253271,30.255054,33.877408,33.879439,26.963279,25.278023,33.432836,33.554561,24.810996,27.306977,31.620991,37.672060,29.323664,34.179382,31.181264,37.048275,36.878296,32.959017,28.932385,32.375713,31.257488,36.668588,30.624534,35.607239,29.320286,33.411726,30.676074,36.235638,31.251464,35.670596,29.295472,32.547708,30.918514,35.900784,32.542210,36.110779,31.181062,33.982490,31.780717,35.244165,75.033430,78.183726,133.827852,82.828064,135.046551,50.565677,41.874375,133.859177,120.780000,3.614400,370.520000,119.700000,2.744100,247.120000,605664.088995,10.484768,10.770197,20.469607,82.089547,Inf,Inf,33.079953
06/22/2026 06:39:13,0.000000,0.000000,74.657420,74.060116,63.761662,74.472278,74.942152,76.642853,74.755969,74.696814,34.529477,29.419984,29.172007,28.739078,32.359405,28.966151,28.953566,28.900035,33.218677,36.408001,34.654583,33.858139,33.728911,34.283867,33.655534,33.026800,32.938386,33.491226,36.642295,33.301064,32.709990,34.157909,34.330116,32.795366,32.272318,32.973221,34.646935,80.221950,40.418733,31.026942,24.862941,23.159257,23.679866,32.458907,30.522181,30.961643,81.282409,42.542964,31.237375,23.025246,22.518329,22.773422,30.398267,30.195917,30.179868,33.928177,33.861034,26.852299,25.246230,33.475005,33.541641,24.862412,27.053222,31.657884,37.663579,29.344541,34.182181,31.174270,37.047525,36.873671,32.959259,28.923260,32.377539,31.275358,36.677798,30.613310,35.607600,29.321305,33.424736,30.673971,36.241340,31.261658,35.683363,29.269075,32.553408,30.930672,35.881864,32.530772,36.109840,31.179671,33.995713,31.784184,35.246285,85.139080,89.047226,134.661068,90.769765,135.811190,50.531056,42.607692,154.809867,120.560000,3.862000,400.950000,119.310000,2.947000,272.950000,605724.085241,9.831187,10.041620,21.195755,91.785938,Inf,Inf,33.082188
06/22/2026 06:40:13,0.000000,0.000000,74.640466,74.068098,63.147963,74.464438,74.973602,76.642621,74.728813,74.698390,34.541773,29.302116,29.082671,28.692340,32.301675,28.986779,28.993296,28.992403,33.189218,36.346346,34.559519,33.867127,33.709477,34.268440,33.712856,33.045053,32.949187,33.483806,36.494617,33.159878,32.881071,33.618751,34.158691,32.668972,32.219474,32.962213,34.674099,78.131443,39.708749,30.760303,24.806164,23.038309,23.544454,32.418283,30.485933,31.061879,79.519031,42.687882,31.217979,22.987811,22.456308,22.703794,30.345971,30.166466,30.179840,33.907724,33.845257,26.931127,25.300522,33.468070,33.526710,24.813369,27.467736,31.653519,37.658807,29.337049,34.193403,31.140977,37.048535,36.879123,32.961182,28.912698,32.373033,31.273963,36.682803,30.629493,35.602421,29.316782,33.406458,30.691290,36.274664,31.240838,35.698563,29.280364,32.548209,30.922142,35.904390,32.543163,36.108190,31.171327,33.987757,31.794466,35.244991,84.293367,87.395250,133.586995,88.984737,134.891771,50.461377,42.342276,157.395725,120.400000,3.823700,396.830000,119.390000,2.928800,272.160000,605784.083539,9.826558,10.284234,20.933745,92.920666,Inf,Inf,33.082687
06/22/2026 06:41:13,0.000000,0.000000,74.645388,74.057801,63.629604,74.458910,74.971456,76.610968,74.763431,74.692445,34.520200,29.369629,29.133688,28.714358,32.388585,28.891917,28.925633,28.899313,33.214717,36.403615,34.595622,33.901473,33.726509,34.255725,33.687238,33.008745,32.926601,33.439021,36.340669,33.312391,32.843465,33.842328,34.282265,32.648701,32.202085,32.893714,34.638132,75.166499,39.082627,30.886951,24.797819,23.056841,23.511358,32.489063,30.522980,31.032370,76.531325,41.869597,31.215446,23.001397,22.439769,22.709675,30.360287,30.188212,30.173500,33.887645,33.852501,26.980848,25.299147,33.464482,33.521791,24.911767,27.071386,31.666647,37.647523,29.338596,34.176065,31.143623,37.049392,36.879847,32.949907,28.903614,32.355688,31.269513,36.709699,30.616918,35.609859,29.300650,33.426819,30.682746,36.272887,31.236821,35.708658,29.261090,32.574356,30.915382,35.887927,32.531523,36.126338,31.159289,33.998063,31.774961,35.263260,80.787644,84.042466,132.656083,86.215313,134.109685,50.452338,42.371119,150.222948,120.430000,3.770800,389.990000,119.380000,2.880700,265.620000,605844.080084,9.924688,10.253183,20.962263,89.741496,Inf,Inf,33.081255
06/22/2026 06:42:13,0.000000,0.000000,74.677564,74.052364,63.660490,74.468532,74.963753,76.629840,74.761105,74.699415,34.578170,29.363681,29.134876,28.733436,32.368460,28.911439,28.946394,28.883494,33.139460,36.359201,34.652700,33.930228,33.722850,34.264939,33.722564,33.034322,32.937727,33.431924,36.795173,33.235526,32.804858,33.712728,34.373761,32.618535,32.118639,32.813897,34.770974,73.034528,37.175031,30.971659,24.843254,22.998378,23.616815,32.450556,30.530305,31.029099,72.989605,42.286555,31.241499,22.946034,22.420233,22.635450,30.343096,30.172903,30.258494,33.873285,33.834504,26.950685,25.187518,33.456229,33.529530,24.866321,26.715435,31.642654,37.669684,29.334647,34.156814,31.126525,37.015172,36.875854,32.924555,28.904495,32.334339,31.253033,36.665795,30.612362,35.583175,29.296225,33.392644,30.668074,36.245011,31.240401,35.685522,29.232892,32.541343,30.896255,35.856514,32.519104,36.114397,31.190941,33.967088,31.791547,35.252725,75.950911,78.939030,133.523363,83.114141,134.648364,50.491748,42.218259,137.390452,120.420000,3.649400,374.230000,119.590000,2.775100,251.080000,605904.077358,10.160654,10.430494,20.811005,83.791302,Inf,Inf,33.066326
06/22/2026 06:43:13,0.000000,0.000000,74.726794,74.058921,63.349406,74.477626,74.980445,76.620783,74.772514,74.698993,34.615333,29.355995,29.161089,28.712401,32.403984,28.966244,28.993070,28.919019,33.187800,36.415756,34.604686,33.865336,33.702355,34.263987,33.642901,33.033715,32.918562,33.465196,36.596012,33.330128,32.790516,33.779675,34.485910,32.715368,32.231620,32.901439,34.730565,79.885262,39.702367,31.000740,24.884873,23.174949,23.707231,32.470961,30.529357,31.080644,80.706516,42.262243,31.237751,23.052513,22.552898,22.805741,30.404552,30.219119,30.265926,33.925979,33.876949,26.870543,25.179107,33.478529,33.535836,24.855222,26.948589,31.647970,37.674515,29.360483,34.145561,31.159789,37.035805,36.895387,32.932182,28.912148,32.337782,31.297474,36.675384,30.614889,35.588345,29.317820,33.388831,30.681185,36.222890,31.261804,35.665882,29.292064,32.543420,30.944124,35.887704,32.539750,36.096700,31.190511,33.962196,31.815595,35.237646,83.012705,87.632953,134.725747,90.077510,136.005288,50.483625,42.621093,146.745895,120.680000,3.824000,394.290000,119.660000,2.894200,265.620000,605964.074553,9.791780,10.028791,21.208960,88.163781,Inf,Inf,33.077528
06/22/2026 06:44:13,0.000000,0.000000,74.683984,74.044411,63.287598,74.467243,74.962042,76.607896,74.724766,74.675750,34.553811,29.372643,29.157220,28.730663,32.431089,29.022865,28.983110,28.958129,33.139057,36.387130,34.545826,33.877294,33.710319,34.280821,33.682285,33.003342,32.964561,33.408093,36.539574,33.258351,32.700045,33.724846,34.428468,32.787200,32.140282,32.939111,34.805407,78.574965,40.045078,30.931045,24.808239,23.034562,23.578061,32.416516,30.426663,30.916871,79.870477,42.257622,31.207390,22.949373,22.411031,22.679151,30.371837,30.181443,30.195708,33.925305,33.855574,26.887010,25.182552,33.465513,33.518823,24.826007,27.010067,31.655826,37.677890,29.336683,34.184933,31.170349,37.049383,36.878003,32.953388,28.916030,32.376770,31.290182,36.678485,30.614893,35.597211,29.312647,33.417889,30.659971,36.272222,31.230805,35.686709,29.272444,32.530081,30.955444,35.892312,32.525251,36.117702,31.192930,33.987026,31.803534,35.250467,84.765564,87.860852,133.766482,89.417091,135.043747,50.499468,42.395592,158.230108,120.740000,3.837500,397.680000,119.500000,2.939800,273.260000,606024.073044,9.944594,10.220939,20.986451,93.284143,Inf,Inf,33.082915
06/22/2026 06:45:13,0.000000,0.000000,74.694056,74.058719,63.186011,74.466406,74.974723,76.629828,74.764746,74.675590,34.588381,29.365026,29.142466,28.684458,32.404148,28.924921,28.972914,28.914030,33.191465,36.379127,34.609232,33.835748,33.749596,34.242846,33.686346,33.031411,32.955031,33.435889,36.744260,33.343917,32.728600,33.971835,34.199122,32.543148,32.259507,32.963089,34.564512,75.858655,39.249634,30.905492,24.786624,22.997675,23.569692,32.466034,30.472269,30.883940,77.219140,41.706002,31.217211,22.915328,22.418796,22.652842,30.366629,30.145826,30.176586,33.893827,33.818735,26.878094,25.111262,33.429359,33.529761,24.805257,26.893001,31.640197,37.686692,29.336647,34.176090,31.159244,37.043225,36.864002,32.936651,28.911279,32.366735,31.267655,36.685402,30.605815,35.609454,29.295751,33.413054,30.662252,36.248547,31.236830,35.703381,29.264697,32.540147,30.920737,35.899893,32.504842,36.114834,31.163754,33.977930,31.774805,35.232077,81.515960,84.782611,132.784642,86.781544,134.096842,50.465913,42.340139,151.666729,120.220000,3.785900,391.110000,118.860000,2.889600,266.790000,606084.069651,9.973860,10.285579,20.931632,90.389452,Inf,Inf,33.074754
06/22/2026 06:46:13,0.000000,0.000000,74.659455,74.049466,63.655843,74.469545,74.972792,76.640548,74.747380,74.688224,34.548995,29.356205,29.107327,28.666586,32.374761,28.925342,28.978136,28.908100,33.194230,36.374799,34.659903,33.922309,33.711376,34.242821,33.718637,33.030391,32.952712,33.424241,36.742837,33.085177,32.733510,33.752940,34.277700,32.682816,32.352057,32.855510,34.631508,72.367165,37.895662,30.966466,24.808637,22.919332,23.509532,32.404955,30.485060,30.849296,73.364878,43.481094,31.259855,22.870376,22.403413,22.589491,30.432909,30.197655,30.224848,33.833553,33.826598,26.850267,25.161766,33.431539,33.560816,24.833850,27.082317,31.623644,37.676901,29.304020,34.189473,31.131238,37.045503,36.874067,32.959213,28.896448,32.362511,31.275901,36.698002,30.617170,35.622958,29.294782,33.409423,30.670643,36.254941,31.244602,35.696946,29.254206,32.558595,30.925562,35.902031,32.540349,36.148682,31.178210,33.995418,31.783889,35.278350,76.722195,79.645342,133.504580,83.458247,134.449309,50.545799,42.338585,140.077471,120.720000,3.670600,377.070000,119.380000,2.794900,254.300000,606144.066900,10.036371,10.329760,20.930095,85.066880,Inf,Inf,33.080456
06/22/2026 06:47:13,0.000000,0.000000,74.685815,74.025522,63.610195,74.486053,74.958876,76.633405,74.742661,74.683928,34.528868,29.370760,29.097797,28.737009,32.408057,28.974788,28.989345,28.909941,33.208734,36.365341,34.592754,33.924460,33.686879,34.327519,33.652517,33.035338,32.951177,33.440478,36.683789,33.272523,32.797676,33.794375,34.147787,32.715858,32.173110,32.962571,34.617231,78.619787,37.443593,30.933968,24.879162,23.180880,23.689357,32.459881,30.511568,31.018275,78.797768,41.011574,31.237830,23.028840,22.537246,22.779783,30.385425,30.206208,30.255244,33.913119,33.884133,26.914845,25.190767,33.501216,33.545195,24.886572,26.782609,31.654845,37.688407,29.340161,34.170300,31.154768,37.037456,36.890199,32.945196,28.905578,32.353279,31.282695,36.705962,30.618502,35.621181,29.328812,33.399781,30.684147,36.275209,31.268565,35.685423,29.286314,32.551029,30.919902,35.892863,32.543596,36.129988,31.183905,33.984945,31.788972,35.264347,79.382850,84.172839,134.689771,88.410164,136.074764,50.525036,42.494164,137.513950,120.560000,3.734300,383.560000,119.470000,2.815600,254.920000,606204.064582,9.850172,10.154034,21.083796,83.850289,Inf,Inf,33.085211
06/22/2026 06:48:13,0.000000,0.000000,74.682727,74.071909,63.544555,74.517703,74.971499,76.641366,74.750691,74.692803,34.575977,29.406074,29.159879,28.699969,32.428065,29.039906,29.034600,28.968135,33.211482,36.304334,34.589730,33.899585,33.736612,34.293781,33.581204,33.030204,32.947826,33.457122,36.714081,33.318942,32.820898,33.991624,34.360037,32.731078,32.277822,32.982721,34.620482,78.935049,39.884327,30.944066,24.778748,23.006368,23.564437,32.463039,30.545933,31.034508,80.265183,42.505412,31.249301,22.926542,22.415328,22.659687,30.421575,30.216207,30.235821,33.932402,33.888904,26.913838,25.168535,33.490241,33.551101,24.766347,27.149277,31.644995,37.670238,29.345910,34.170820,31.149498,37.033109,36.877078,32.952903,28.917774,32.349136,31.263396,36.710997,30.606191,35.619133,29.282677,33.410249,30.683951,36.244735,31.259282,35.691793,29.269980,32.524955,30.929510,35.909498,32.550071,36.139803,31.181306,33.972411,31.781295,35.242967,85.233216,88.264818,133.964297,89.815770,135.220358,50.563171,42.378208,159.170994,120.560000,3.838400,398.930000,119.420000,2.946200,273.900000,606264.062087,9.974796,10.280031,20.969270,93.692477,Inf,Inf,33.079522
06/22/2026 06:49:13,0.000000,0.000000,74.661832,74.048884,63.752004,74.506962,74.950626,76.620533,74.752812,74.707600,34.577545,29.371972,29.143168,28.684519,32.303665,28.939703,28.922764,28.919195,33.134389,36.366102,34.608156,33.868668,33.671490,34.271756,33.661286,33.026334,32.938209,33.467504,36.405345,33.332436,32.787793,33.873762,34.269302,32.523631,32.205111,32.953197,34.769342,76.536940,39.490877,30.974135,24.821211,23.037696,23.572843,32.449146,30.475851,30.906243,77.903929,41.742958,31.218862,22.951052,22.444371,22.684239,30.322069,30.134256,30.189981,33.875643,33.839032,26.871262,25.146857,33.448274,33.522465,24.807751,27.029580,31.626284,37.669355,29.324948,34.172892,31.138209,37.040038,36.882834,32.939128,28.895474,32.365544,31.266017,36.688392,30.607935,35.605359,29.289715,33.413261,30.655775,36.247769,31.252979,35.679792,29.253885,32.541373,30.934759,35.884598,32.545971,36.121584,31.170992,33.973535,31.773069,35.248523,82.319239,85.545107,132.950444,87.358267,134.424557,50.527476,42.264875,153.393764,120.660000,3.794500,393.050000,119.660000,2.904000,268.830000,606324.058325,10.116970,10.361697,20.857165,91.159138,Inf,Inf,33.073666
06/22/2026 06:50:13,0.000000,0.000000,74.688144,74.037156,63.214286,74.507020,74.958710,76.653897,74.739335,74.671305,34.533944,29.328588,29.107361,28.655949,32.368159,28.925413,28.932928,28.912407,33.159599,36.400063,34.641305,33.842454,33.708338,34.263752,33.559472,33.048907,32.995388,33.421576,36.559643,33.206511,32.780224,33.694340,34.476528,32.709966,32.143570,33.008631,34.838399,72.346571,39.162838,30.857462,24.775563,22.967325,23.488642,32.404228,30.454468,30.920324,74.168769,43.685259,31.247187,22.942792,22.414788,22.668561,30.429952,30.199162,30.233934,33.850597,33.830847,26.859008,25.217107,33.451854,33.537150,24.852071,27.210714,31.629208,37.680652,29.343040,34.146025,31.149560,37.019460,36.879583,32.915410,28.889073,32.342289,31.274361,36.664025,30.582945,35.595581,29.293500,33.390818,30.658220,36.230373,31.255077,35.668243,29.271695,32.526220,30.923389,35.905187,32.526171,36.109499,31.186012,33.969774,31.771968,35.216841,77.698051,80.737381,133.018811,83.998485,134.181982,50.559448,42.419579,143.753772,120.660000,3.704200,381.170000,119.490000,2.824100,257.940000,606384.055520,9.847311,10.237036,21.010151,86.786034,Inf,Inf,33.067140
06/22/2026 06:51:13,0.000000,0.000000,74.679730,74.049034,63.402348,74.524922,74.958861,76.670068,74.756769,74.682401,34.510741,29.391340,29.117934,28.760197,32.357775,28.962732,28.994657,28.940234,33.192355,36.436227,34.616331,33.914680,33.708186,34.284903,33.607170,33.018850,32.936938,33.434246,36.466931,33.223628,32.695581,33.684414,34.062734,32.764061,32.078919,32.893814,34.691907,77.345291,36.379372,30.948313,24.863389,23.133716,23.683004,32.474033,30.494549,30.911926,77.153750,39.807585,31.233278,23.058321,22.544786,22.812871,30.448639,30.246485,30.274569,33.925707,33.852510,26.853998,25.192610,33.510598,33.544360,24.862913,27.210474,31.657927,37.696324,29.344138,34.157719,31.148377,37.034650,36.864606,32.941704,28.907427,32.373055,31.267302,36.701790,30.607169,35.626751,29.289672,33.405220,30.660633,36.262506,31.257563,35.718017,29.275864,32.544167,30.919564,35.892084,32.518795,36.133666,31.176913,33.984619,31.798000,35.256043,76.920165,81.477545,134.831939,86.694482,136.028045,50.553015,42.260699,132.269885,120.700000,3.680400,376.570000,119.700000,2.770300,248.990000,606444.053573,10.095282,10.380247,20.853031,81.313954,Inf,Inf,33.080742
06/22/2026 06:52:13,0.000000,0.000000,74.707596,74.023639,63.647677,74.485628,74.986753,76.660806,74.776681,74.668510,34.559360,29.369747,29.161460,28.717260,32.364786,29.000988,29.032392,28.972172,33.180614,36.393108,34.625906,33.898145,33.692979,34.265269,33.688716,33.006223,32.982639,33.415499,36.973019,33.239539,32.762569,33.853012,34.332442,32.711431,32.381638,32.887740,34.662336,79.281568,40.124619,30.933953,24.785291,23.018300,23.563247,32.429385,30.492154,30.943450,80.567672,42.691500,31.239123,22.926164,22.424899,22.670601,30.345060,30.182621,30.280693,33.941131,33.873876,26.819207,25.182187,33.421611,33.558884,24.764342,26.873887,31.620689,37.669992,29.311319,34.162052,31.162976,37.035872,36.874948,32.935203,28.924547,32.345056,31.286935,36.697516,30.597069,35.603861,29.280445,33.412468,30.660773,36.257559,31.250802,35.684941,29.280922,32.539425,30.953126,35.890451,32.548735,36.130047,31.205352,33.970870,31.772622,35.243202,85.697466,88.753596,134.175698,90.239772,135.487178,50.528025,42.419191,160.063323,120.660000,3.852500,399.870000,119.460000,2.954300,274.980000,606504.050997,9.924186,10.229356,21.009767,94.078244,Inf,Inf,33.076992
06/22/2026 06:53:13,0.000000,0.000000,74.666569,74.059544,63.624519,74.517841,74.956430,76.671015,74.760677,74.692226,34.586196,29.377993,29.155434,28.696066,32.376575,28.954818,28.941015,28.947261,33.169277,36.403063,34.644755,33.880605,33.684317,34.289456,33.583517,33.040075,32.947687,33.465869,36.740490,33.247705,32.892836,34.042592,34.408318,32.891502,32.177658,32.868419,34.693628,76.801068,39.180188,30.932924,24.765637,22.995029,23.538158,32.440500,30.484572,30.974462,78.179653,41.925011,31.214188,22.913632,22.435208,22.659836,30.362885,30.152125,30.163270,33.849480,33.872117,26.809843,25.135760,33.436809,33.522106,24.833341,27.242660,31.602269,37.668514,29.313842,34.167110,31.157805,37.040027,36.861895,32.946537,28.904247,32.373563,31.279841,36.722010,30.589207,35.628833,29.291997,33.410647,30.657163,36.268998,31.245383,35.689973,29.273946,32.542254,30.939267,35.909452,32.541574,36.135289,31.182556,33.994818,31.762794,35.254257,82.676384,85.881500,132.881279,87.643179,134.429842,50.501598,42.275460,153.998954,120.630000,3.796800,394.020000,119.520000,2.908000,269.040000,606564.048078,10.065282,10.346546,20.867642,91.427481,Inf,Inf,33.078536
06/22/2026 06:54:13,0.000000,0.000000,74.635814,74.031305,63.445204,74.479935,74.943890,76.640371,74.738745,74.672828,34.533960,29.262150,29.065002,28.604211,32.356611,28.918294,28.960069,28.898062,33.159170,36.338550,34.619584,33.788296,33.674602,34.274866,33.662897,33.015499,32.934991,33.384760,36.853945,33.200794,32.612902,34.357490,34.464874,32.640475,32.324823,32.950999,34.606127,73.301775,39.664926,30.843905,24.767434,23.033130,23.485439,32.463325,30.372384,30.907875,75.020766,43.266708,31.203616,22.954989,22.430863,22.706150,30.338952,30.173781,30.209890,33.877268,33.774989,26.859998,25.211792,33.435467,33.521653,24.876731,26.869747,31.608540,37.656173,29.312092,34.176886,31.154250,37.040038,36.896268,32.961964,28.925081,32.365930,31.289128,36.692893,30.621384,35.616070,29.310493,33.404192,30.681441,36.264701,31.245959,35.694046,29.307929,32.551236,30.955520,35.896817,32.582258,36.123463,31.215660,33.956723,31.780702,35.241490,78.647713,81.792589,132.900970,84.654264,134.123224,50.533107,42.533690,145.836086,120.760000,3.728500,384.700000,119.600000,2.843500,260.910000,606624.045251,9.721110,10.080821,21.122795,87.746847,Inf,Inf,33.084311
06/22/2026 06:55:13,0.000000,0.000000,74.647887,74.040850,63.574336,74.506877,74.964058,76.651225,74.760766,74.679215,34.584082,29.373637,29.152416,28.723879,32.372276,28.939802,28.970246,28.903778,33.141381,36.353589,34.627114,33.860329,33.709784,34.294044,33.684134,33.029197,32.944066,33.436927,36.721844,33.333403,32.619724,33.778312,34.193873,32.686432,32.174746,32.865510,34.866809,75.996196,35.254201,30.850218,24.865891,23.078863,23.687801,32.389384,30.493528,30.955100,75.650730,39.068917,31.247519,23.009007,22.537034,22.762536,30.382540,30.153263,30.251782,33.909226,33.890235,26.799481,25.194349,33.447464,33.539868,24.895076,27.399033,31.626404,37.687593,29.301431,34.154498,31.133558,37.021268,36.858529,32.940487,28.890593,32.339006,31.246567,36.685453,30.599181,35.612164,29.280281,33.378982,30.653033,36.246716,31.219838,35.681280,29.252707,32.527744,30.907953,35.879215,32.512544,36.110789,31.165031,33.963486,31.748285,35.227408,75.476058,79.514708,134.526838,84.730943,135.772685,50.496759,42.196506,130.035262,120.830000,3.635100,374.320000,122.360000,2.751400,246.050000,606684.041869,10.060762,10.458063,20.789456,80.212950,Inf,Inf,33.061734
06/22/2026 06:56:13,0.000000,0.000000,74.675697,74.020471,63.339160,74.531863,74.958617,76.626401,74.753730,74.696265,34.576171,29.392889,29.167657,28.713914,32.407272,28.952589,28.983185,28.923409,33.149456,36.348352,34.611218,33.901920,33.717185,34.270373,33.693463,33.012308,32.962612,33.431470,36.652692,33.244404,32.681862,33.997096,34.226595,32.752567,32.115381,32.900898,34.682119,79.580776,40.202611,30.846173,24.791934,23.061701,23.612901,32.442220,30.542901,31.025716,80.931699,43.066309,31.215210,22.926313,22.453532,22.683088,30.318249,30.149904,30.231929,33.897444,33.865143,26.861346,25.177138,33.454360,33.538323,24.774952,26.809715,31.611932,37.677657,29.290065,34.147516,31.130114,37.035541,36.827901,32.939494,28.878444,32.345148,31.267422,36.696897,30.571932,35.605014,29.272543,33.384603,30.639506,36.256996,31.234640,35.680777,29.262458,32.528129,30.920721,35.895448,32.510164,36.106901,31.153097,33.960022,31.760401,35.233702,85.993016,89.054073,134.362733,90.551771,135.653816,50.501602,42.452599,160.701370,122.270000,3.844000,401.390000,121.200000,2.956100,276.150000,606744.038479,9.803409,10.172446,21.042764,94.353198,Inf,Inf,33.060840
06/22/2026 06:57:13,0.000000,0.000000,74.714036,74.041502,63.625946,74.566634,74.979009,76.649282,74.768333,74.701573,34.597881,29.407132,29.145772,28.707536,32.361319,28.925245,28.928101,28.888844,33.153428,36.403212,34.573037,33.859605,33.667754,34.252045,33.618185,33.002758,32.942258,33.482656,36.937262,33.248943,32.685849,33.886525,34.213709,32.693409,32.162766,32.973131,34.536822,77.374037,39.385618,30.869989,24.794715,23.015191,23.567704,32.441818,30.523332,31.028794,78.727791,42.103878,31.181101,22.923826,22.419944,22.649059,30.418586,30.185526,30.175718,33.880085,33.863567,26.888350,25.217641,33.421284,33.495033,24.755512,26.824158,31.616535,37.658800,29.320541,34.166465,31.123292,37.022135,36.875552,32.958928,28.894376,32.352139,31.247690,36.707662,30.580548,35.616237,29.269027,33.403760,30.629307,36.267263,31.221803,35.693771,29.250563,32.528720,30.901610,35.911445,32.512440,36.112742,31.158084,33.978103,31.748696,35.233136,83.332289,86.552038,133.189874,88.226260,134.588502,50.471604,42.155135,155.503433,122.370000,3.793700,395.710000,121.220000,2.913000,270.690000,606804.036920,10.121535,10.432647,20.748454,92.091527,Inf,Inf,33.065379
06/22/2026 06:58:13,0.000000,0.000000,74.752407,74.034656,63.142786,74.561156,74.962551,76.655201,74.749495,74.685691,34.560113,29.336163,29.147053,28.668096,32.357582,28.855474,28.920399,28.861513,33.139148,36.317722,34.701627,33.815022,33.702220,34.266070,33.664262,33.006197,32.906000,33.400216,36.842349,33.338012,32.746186,33.520419,34.346713,32.347665,32.140452,32.876151,34.804689,73.951823,39.786345,30.969774,24.759138,22.967455,23.460296,32.427682,30.482425,31.013400,75.456056,42.519306,31.218905,22.895968,22.398071,22.637951,30.326414,30.112171,30.181716,33.865634,33.856837,26.813233,25.165078,33.426832,33.518794,24.713221,27.046155,31.628114,37.686638,29.327673,34.157122,31.141984,37.024325,36.868325,32.940995,28.894226,32.353312,31.276045,36.720155,30.598926,35.623430,29.287679,33.390351,30.674241,36.270707,31.252450,35.716468,29.275197,32.536830,30.935399,35.924652,32.523035,36.136998,31.180711,33.969687,31.772772,35.245568,79.360423,82.556243,132.729887,85.174990,134.015658,50.473431,42.328874,147.575584,122.060000,3.732500,387.170000,121.140000,2.859400,262.720000,606864.032929,10.049283,10.298414,20.920491,88.542499,Inf,Inf,33.077801
06/22/2026 06:59:13,0.000000,0.000000,74.777697,74.048973,63.160288,74.584989,74.983415,76.655367,74.776093,74.681445,34.607583,29.374963,29.169354,28.709515,32.405554,28.921871,28.973845,28.917638,33.133814,36.414663,34.637749,33.916634,33.729238,34.271767,33.608212,33.024782,32.929546,33.397090,36.504273,33.270898,32.894695,33.974303,34.198482,32.805329,32.117057,32.879009,34.653181,74.874778,35.117568,31.013226,24.855284,23.018046,23.621051,32.461879,30.560817,30.932209,74.424817,39.283134,31.245142,22.959110,22.457655,22.677796,30.393223,30.208377,30.242257,33.861996,33.858561,26.792631,25.189782,33.408718,33.502015,24.769256,26.915164,31.621760,37.705967,29.311054,34.123865,31.134444,37.003571,36.853456,32.927832,28.902875,32.343524,31.267133,36.675985,30.599449,35.606227,29.312586,33.383172,30.642974,36.243144,31.252780,35.684648,29.274829,32.507996,30.919286,35.909081,32.531417,36.117401,31.189508,33.945964,31.780598,35.217893,75.039230,78.452771,134.429257,83.434109,135.483284,50.527456,41.939345,130.935359,122.200000,3.612300,369.730000,121.220000,2.734400,245.440000,606924.030690,10.479000,10.710916,20.534226,80.657921,Inf,Inf,33.066347
06/22/2026 07:00:13,0.000000,0.000000,74.779288,74.084817,63.155475,74.622998,74.987615,76.705088,74.766059,74.713243,34.568231,29.407207,29.166811,28.757443,32.408413,28.945704,28.992584,28.930131,33.147280,36.423205,34.629453,33.876861,33.717880,34.318111,33.580675,33.041232,32.936370,33.475884,36.657989,33.251946,32.929708,33.610045,34.280039,32.652251,32.126814,32.922544,34.685530,79.998727,40.468664,30.955362,24.807148,23.050050,23.597998,32.459893,30.468345,30.876793,81.269243,42.965255,31.233155,22.948846,22.433681,22.691484,30.379642,30.197522,30.235414,33.939100,33.895459,26.727451,25.202774,33.442060,33.548235,24.751826,27.032533,31.618092,37.674928,29.314071,34.138281,31.119506,37.024570,36.870066,32.929408,28.883936,32.329750,31.253338,36.678747,30.598220,35.608107,29.291549,33.377766,30.654933,36.264101,31.226641,35.686971,29.279398,32.529454,30.905842,35.903249,32.535345,36.104266,31.163368,33.956203,31.765924,35.216590,86.196673,89.366248,134.673242,90.856362,135.971408,50.543151,42.577100,160.093428,121.870000,3.853400,400.980000,120.840000,2.956200,275.580000,606984.027250,9.789760,10.067553,21.165602,94.091234,Inf,Inf,33.063421
06/22/2026 07:01:13,0.000000,0.000000,74.790597,74.057232,63.726637,74.612731,74.983266,76.650159,74.781203,74.678949,34.556541,29.386536,29.107777,28.718717,32.319081,28.909213,28.953916,28.926705,33.091123,36.401361,34.611996,33.910696,33.725519,34.277814,33.637228,32.987142,32.918767,33.423639,36.609934,33.346329,32.827032,33.595857,34.279177,32.847040,32.139996,32.935713,34.597083,77.734334,39.287944,30.967817,24.800944,23.029497,23.561834,32.427981,30.511251,31.011352,79.047302,42.112167,31.229390,22.907410,22.405547,22.658426,30.355242,30.140883,30.215777,33.904445,33.872169,26.855907,25.124403,33.451741,33.531706,24.777237,27.226948,31.633374,37.687436,29.319558,34.126886,31.125000,37.026484,36.859718,32.920788,28.869041,32.329369,31.243153,36.690814,30.581851,35.594049,29.265443,33.381084,30.645336,36.263766,31.227195,35.680889,29.243392,32.538026,30.916300,35.891497,32.500859,36.097289,31.156347,33.964244,31.751272,35.223288,83.791811,86.918700,133.546929,88.581823,134.826858,50.470705,42.274683,156.000340,122.460000,3.809300,396.270000,121.330000,2.922200,271.450000,607044.024523,10.100944,10.362517,20.866873,92.309907,Inf,Inf,33.058458
06/22/2026 07:02:13,0.000000,0.000000,74.825385,74.076828,63.464753,74.637391,74.988485,76.679397,74.787857,74.692365,34.593422,29.358497,29.139951,28.676258,32.345257,28.901109,28.974212,28.833244,33.144961,36.298721,34.546395,33.796502,33.677035,34.255994,33.600137,33.054040,32.904760,33.388759,36.778736,33.131463,32.739151,33.957507,34.237172,32.742709,32.190420,32.921182,34.648240,74.953757,38.974234,30.979785,24.781496,23.010017,23.537359,32.480631,30.486897,30.928992,76.306565,41.977308,31.197255,22.920803,22.399431,22.667554,30.349163,30.191339,30.218086,33.878772,33.817054,26.783933,24.951825,33.449616,33.528693,24.771517,27.558111,31.631425,37.668267,29.305565,34.120326,31.118861,37.000930,36.873788,32.922480,28.891705,32.315611,31.255664,36.663737,30.597363,35.589976,29.269179,33.366589,30.625893,36.238957,31.219603,35.669727,29.242414,32.521483,30.904436,35.868632,32.513036,36.098600,31.187967,33.924907,31.761698,35.199529,80.379415,83.570566,132.838022,85.883497,133.942071,50.535502,42.296923,149.099971,122.440000,3.756700,389.250000,121.140000,2.872800,264.550000,607104.022317,10.090902,10.308372,20.888883,89.234633,Inf,Inf,33.052278
06/22/2026 07:03:13,0.000000,0.000000,74.841958,74.087917,63.416459,74.664926,74.993199,76.679043,74.755344,74.709710,34.572400,29.409614,29.141117,28.719705,32.386799,28.926706,28.975435,28.912982,33.160345,36.376018,34.600349,33.864168,33.707405,34.274358,33.651547,33.045924,32.932119,33.437426,36.570563,33.240141,32.892936,34.097739,34.130144,32.651045,32.049512,32.898671,34.609363,73.207835,35.511211,30.987873,24.815879,22.978128,23.587119,32.415725,30.471336,30.975708,72.658519,40.458824,31.219211,22.945577,22.413821,22.658628,30.297048,30.175216,30.188144,33.868928,33.852701,26.829621,25.219600,33.425896,33.521857,24.706462,27.203909,31.632220,37.691153,29.309038,34.127951,31.134090,37.001893,36.872427,32.935782,28.887210,32.335690,31.264633,36.696957,30.589821,35.593555,29.282107,33.369693,30.656639,36.256661,31.239204,35.686154,29.269209,32.517514,30.927603,35.912918,32.518812,36.105238,31.184843,33.945437,31.776060,35.212047,73.962660,77.081955,133.712941,82.087976,134.909259,50.628823,41.850678,131.728306,122.620000,3.595100,368.210000,121.470000,2.732300,245.100000,607164.018831,10.541850,10.773188,20.446023,81.048251,Inf,Inf,33.064419
06/22/2026 07:04:13,0.000000,0.000000,74.855327,74.092419,63.911640,74.696024,74.985846,76.668332,74.800094,74.699110,34.573100,29.406750,29.159663,28.713927,32.377924,28.959739,28.982231,28.868030,33.163713,36.386455,34.611253,33.920137,33.703430,34.285476,33.664532,32.997577,32.905276,33.472356,36.506667,33.443034,32.855940,33.846350,34.272971,32.834154,32.175257,32.946044,34.799019,80.072687,40.253336,30.951409,24.804414,23.038797,23.622521,32.467343,30.541332,31.087856,81.235122,42.738956,31.198959,22.936859,22.443433,22.667163,30.418756,30.173285,30.200032,33.921176,33.916441,26.865157,25.024128,33.466774,33.578721,24.756582,26.965625,31.623082,37.685624,29.309702,34.137499,31.109363,37.015829,36.895561,32.925244,28.877082,32.331980,31.248888,36.688606,30.595671,35.595383,29.263053,33.400474,30.645176,36.244055,31.230527,35.648994,29.251871,32.529579,30.919706,35.888239,32.530946,36.101043,31.186414,33.947413,31.777597,35.209587,85.905267,89.314579,134.614585,90.874455,135.915989,50.559248,42.450753,158.795643,122.470000,3.847200,401.720000,121.180000,2.954900,275.450000,607224.017181,9.910468,10.158018,21.040941,93.529773,Inf,Inf,33.060473
06/22/2026 07:05:13,0.000000,0.000000,74.790638,74.070382,63.914587,74.731653,74.961904,76.698399,74.776490,74.726632,34.579486,29.350286,29.115235,28.701896,32.349022,28.925852,28.929985,28.871099,33.106999,36.367596,34.582148,33.936581,33.713660,34.237558,33.537440,32.971296,32.920802,33.415009,36.721697,33.190165,32.626043,33.807270,34.300041,32.662510,32.213660,32.871935,34.666972,77.172761,39.762679,30.878556,24.736870,22.892712,23.481848,32.440187,30.484257,30.981141,78.650431,42.163238,31.192389,22.850021,22.345206,22.582407,30.252912,30.120913,30.201603,33.892991,33.884585,26.803177,25.165078,33.457043,33.529455,24.791973,26.943376,31.616485,37.670683,29.314693,34.135350,31.108543,37.022977,36.868754,32.926756,28.888413,32.345356,31.241788,36.709630,30.586095,35.607131,29.258817,33.394033,30.629355,36.254857,31.222684,35.693083,29.246302,32.528474,30.925277,35.885360,32.528055,36.110961,31.164313,33.962716,31.761767,35.224866,83.449973,86.581954,133.091985,88.112186,134.436585,50.494113,42.156494,155.900311,122.260000,3.801200,396.130000,121.270000,2.917300,270.510000,607284.012644,10.128755,10.442588,20.749801,92.265984,Inf,Inf,33.061119
06/22/2026 07:06:13,0.000000,0.000000,74.870557,74.092440,63.880846,74.741682,74.995585,76.687748,74.800632,74.730916,34.634331,29.334510,29.123543,28.672475,32.348603,28.851824,28.926124,28.837348,33.073498,36.384252,34.639654,33.803838,33.703915,34.253562,33.622436,33.013235,32.966561,33.435861,36.733171,33.197690,32.612465,33.780389,34.294480,32.607128,32.284179,32.961955,34.669850,68.090444,38.397424,30.966932,24.672911,22.787855,23.327373,32.442048,30.497711,31.023913,71.383118,43.742482,31.190895,22.751696,22.225097,22.486092,30.328775,30.161028,30.176631,33.833925,33.826703,26.942838,25.247063,33.424741,33.518480,24.686056,26.947218,31.618535,37.661668,29.310947,34.101445,31.115504,37.008213,36.860676,32.911080,28.878482,32.327688,31.254837,36.677244,30.562387,35.581346,29.272316,33.359939,30.649084,36.254822,31.248939,35.675276,29.228375,32.531502,30.922276,35.897437,32.522836,36.102070,31.162495,33.937256,31.758496,35.217178,74.835358,77.929281,131.782175,81.351556,132.943686,50.488635,42.163195,139.814774,122.640000,3.657900,377.820000,121.570000,2.793800,254.600000,607344.011235,10.210488,10.434451,20.756444,84.942893,Inf,Inf,33.053678
06/22/2026 07:07:13,0.000000,0.000000,74.902820,74.114584,63.416915,74.754972,74.978458,76.694685,74.772743,74.719082,34.617547,29.363573,29.100869,28.710502,32.330910,28.952300,28.955796,28.865238,33.098018,36.338289,34.593147,33.926941,33.683143,34.288282,33.559145,32.988126,32.908320,33.416308,36.606173,33.203908,32.817486,33.999761,34.445825,32.526202,32.202907,32.855856,34.497870,79.400838,39.289181,31.116566,24.753874,23.044197,23.587054,32.477937,30.526095,30.995237,80.143796,42.314242,31.188415,22.907877,22.400303,22.663943,30.358944,30.179595,30.186282,33.921689,33.884621,26.812595,25.029989,33.453046,33.529902,24.804951,27.335306,31.641235,37.681976,29.300668,34.124560,31.128458,37.013110,36.854671,32.931720,28.877334,32.330289,31.248531,36.695365,30.578411,35.606582,29.249590,33.380398,30.646876,36.270877,31.209399,35.681015,29.239505,32.522140,30.905363,35.907645,32.520189,36.122998,31.171079,33.952899,31.750136,35.209302,83.751442,87.337384,134.698886,89.522795,135.967013,50.519552,42.340042,151.515715,122.450000,3.792600,394.410000,121.520000,2.897100,268.140000,607404.007783,10.185030,10.256879,20.931536,90.321872,Inf,Inf,33.058411
06/22/2026 07:08:13,0.000000,0.000000,74.911225,74.121305,63.541908,74.761340,74.980178,76.703989,74.780732,74.738057,34.596672,29.405025,29.163737,28.728322,32.326879,28.866622,28.918552,28.912306,33.167772,36.335166,34.633493,33.871856,33.676011,34.277605,33.607345,33.036361,32.908998,33.409878,36.710835,33.277467,32.702449,34.189442,34.119753,32.702004,32.213686,32.932868,34.824016,79.241455,40.146895,30.924399,24.817612,23.047088,23.616346,32.458987,30.517804,30.961969,80.320269,42.881892,31.192898,22.944209,22.435010,22.661431,30.303848,30.129820,30.181087,33.944931,33.876212,26.896604,25.256790,33.421963,33.527697,24.758433,27.251040,31.617757,37.679016,29.299911,34.140503,31.132876,37.017053,36.862226,32.928642,28.886737,32.331082,31.266257,36.694851,30.559619,35.607839,29.272102,33.377055,30.639065,36.271371,31.251782,35.693791,29.272438,32.522958,30.928748,35.902983,32.515062,36.115523,31.169349,33.946315,31.758676,35.215140,85.231640,88.242068,134.519312,90.005630,135.649068,50.538486,42.437643,158.953941,122.520000,3.827800,399.150000,121.440000,2.941500,274.260000,607464.004662,9.896405,10.164904,21.027994,93.598422,Inf,Inf,33.062558
06/22/2026 07:09:13,0.000000,0.000000,74.929792,74.107754,63.846697,74.751995,74.983930,76.695087,74.797526,74.727810,34.597225,29.387742,29.155818,28.697301,32.352893,28.872186,28.942711,28.831630,33.081658,36.347670,34.583916,33.845866,33.685103,34.236538,33.566104,32.964862,32.920455,33.431101,36.691264,33.333353,32.814062,33.723254,34.252028,32.656648,32.136205,32.885690,34.679365,76.302955,39.245300,30.869917,24.761548,22.939841,23.558992,32.420710,30.489256,30.890087,78.033471,41.801326,31.194918,22.879458,22.377590,22.598645,30.356872,30.135927,30.236230,33.883967,33.895098,26.808840,25.118176,33.428673,33.523745,24.695834,27.124379,31.598328,37.684049,29.286258,34.099674,31.117290,36.997160,36.851453,32.906702,28.863829,32.311814,31.267011,36.653971,30.593766,35.601907,29.271892,33.376845,30.628158,36.244747,31.220975,35.669696,29.230340,32.500101,30.905810,35.887272,32.502843,36.085350,31.163048,33.935564,31.751898,35.199087,82.729358,85.980971,132.847415,87.535988,134.151222,50.465905,42.213209,154.933204,122.470000,3.796500,394.840000,121.340000,2.911900,269.990000,607524.001885,10.063914,10.388915,20.806003,91.840348,Inf,Inf,33.046895
06/22/2026 07:10:13,0.000000,0.000000,74.930947,74.124555,63.876116,74.764341,74.992048,76.681689,74.800434,74.720577,34.602871,29.340791,29.137408,28.689735,32.345348,28.884249,28.924185,28.863069,33.154871,36.361271,34.668082,33.855210,33.703330,34.230342,33.677802,33.028639,32.926761,33.420520,36.883357,33.130346,32.802118,33.563859,34.165094,32.552194,32.161940,32.891394,34.603876,69.255614,37.805065,31.016802,24.735550,22.802192,23.354718,32.397579,30.542299,31.020326,71.481082,44.035843,31.202171,22.773350,22.244398,22.482520,30.411254,30.170367,30.215838,33.824134,33.838384,26.805837,25.173820,33.425741,33.505264,24.655292,27.199760,31.618281,37.674674,29.300435,34.115413,31.116602,37.003996,36.884982,32.929283,28.890056,32.316744,31.261700,36.676724,30.609553,35.583041,29.293554,33.377542,30.667187,36.243205,31.242593,35.688489,29.253274,32.510963,30.925226,35.892839,32.518664,36.099307,31.163279,33.930021,31.761483,35.217047,74.757493,77.745711,132.362896,81.578343,133.494014,50.481025,42.127068,137.873439,122.620000,3.645800,375.390000,121.510000,2.781200,252.000000,607583.999292,10.296177,10.481546,20.720625,84.021797,Inf,Inf,33.058872
06/22/2026 07:11:13,0.000000,0.000000,74.950332,74.163831,63.295915,74.779006,74.999951,76.700958,74.814241,74.726780,34.602677,29.408386,29.161299,28.731412,32.412708,28.909862,28.960199,28.847781,33.147122,36.379669,34.653693,33.901573,33.706180,34.302869,33.629270,33.036521,32.918656,33.407533,36.494759,33.299117,32.775061,34.148736,34.351122,32.562489,32.233105,32.860686,34.598522,79.855616,39.796880,31.085145,24.794794,23.055603,23.616569,32.480559,30.613853,31.105967,80.961521,42.906103,31.189661,22.920335,22.408327,22.669275,30.409267,30.194970,30.196307,33.934782,33.880534,26.817864,25.090185,33.430640,33.528376,24.691102,26.930241,31.622095,37.675806,29.306484,34.100367,31.124671,37.003158,36.873055,32.914630,28.883382,32.307010,31.263982,36.684448,30.573210,35.596093,29.267575,33.360104,30.642564,36.244791,31.225921,35.668312,29.254816,32.494264,30.927344,35.891844,32.522557,36.089380,31.164875,33.931556,31.761242,35.203065,84.870410,88.339742,134.737476,90.235922,136.004368,50.477007,42.356454,154.805821,122.620000,3.817300,397.760000,121.430000,2.923200,271.380000,607643.996766,10.137381,10.241897,20.947764,91.784153,Inf,Inf,33.052620
06/22/2026 07:12:15,0.000000,0.000000,74.940966,74.150228,63.840041,74.793511,74.991221,76.708265,74.812778,74.721514,34.627756,29.413529,29.171795,28.723084,32.347906,28.885029,28.929682,28.853398,33.121580,36.402921,34.600695,33.904386,33.700554,34.259524,33.689938,33.031005,32.846718,33.416061,36.701506,33.262765,32.793672,33.627825,34.106058,32.742092,32.305476,32.940114,34.559773,79.490831,40.132531,30.937499,24.877397,23.121308,23.710308,32.475351,30.524841,30.944009,80.616039,43.253139,31.193140,23.003611,22.533560,22.756822,30.387110,30.169806,30.144842,33.945240,33.890662,26.893272,25.241405,33.428451,33.549288,24.834767,27.328716,31.599910,37.686944,29.292302,34.098730,31.120354,37.002412,36.853471,32.911397,28.871216,32.326294,31.236063,36.668370,30.567711,35.598602,29.241271,33.375665,30.644802,36.265600,31.214337,35.665505,29.245745,32.510127,30.914430,35.885653,32.485203,36.106651,31.172897,33.939126,31.745672,35.220819,85.438151,88.559494,134.699298,90.322831,135.858850,50.557866,42.538060,159.282029,122.570000,3.828500,399.220000,121.410000,2.940400,274.000000,607705.993673,9.810394,10.066035,21.127105,93.740558,Inf,Inf,33.048909
06/22/2026 07:13:15,0.000000,0.000000,74.984726,74.177540,63.718727,74.790760,74.996495,76.715215,74.819534,74.738411,34.648722,29.406510,29.162992,28.742046,32.415303,29.003467,28.945371,28.886039,33.136364,36.449956,34.739657,33.901056,33.705218,34.305458,33.642044,32.994185,32.890236,33.397347,36.491694,33.414675,32.850687,33.796253,34.486057,32.793331,32.148949,32.885973,34.584270,77.785802,39.535880,30.955002,24.807915,23.012278,23.537546,32.483486,30.547255,31.063967,79.437801,42.374540,31.167237,22.907192,22.405448,22.674018,30.414428,30.181037,30.174796,33.917353,33.895043,26.982102,25.149517,33.434034,33.514889,24.786698,27.309565,31.628920,37.685227,29.293245,34.092085,31.127051,37.000213,36.854603,32.905422,28.881281,32.299203,31.249479,36.674845,30.568885,35.609517,29.251679,33.366484,30.629353,36.229786,31.213492,35.657368,29.239784,32.494841,30.912797,35.880929,32.526719,36.088099,31.184084,33.919180,31.762635,35.184059,84.292760,87.457240,133.539852,88.974716,134.866036,50.472750,42.333050,157.332762,122.690000,3.808700,397.320000,121.510000,2.923200,272.060000,607765.990909,10.030381,10.242616,20.924621,92.893185,Inf,Inf,33.047042
06/22/2026 07:14:15,0.000000,0.000000,74.998525,74.175708,63.375614,74.765724,75.022155,76.694452,74.786859,74.728973,34.617754,29.358875,29.117135,28.660073,32.341574,28.868866,28.957192,28.862172,33.118670,36.460663,34.655017,33.933588,33.719993,34.267854,33.676910,33.032191,32.852734,33.422073,36.426034,33.200786,32.617656,33.806888,34.332057,33.002262,32.181439,32.910876,34.553665,71.864009,39.137016,30.937439,24.718256,22.919336,23.411332,32.454684,30.491206,31.010973,73.990499,42.425538,31.153277,22.841157,22.317666,22.573705,30.361496,30.143179,30.124455,33.874317,33.822962,26.893960,25.101374,33.450638,33.495064,24.692898,27.049432,31.618464,37.670878,29.285454,34.111847,31.076483,37.017693,36.837293,32.943598,28.866948,32.327795,31.233557,36.687430,30.574430,35.600851,29.240203,33.381267,30.617440,36.256558,31.190978,35.699652,29.215450,32.503934,30.889299,35.924898,32.497039,36.113548,31.131714,33.941795,31.739885,35.206195,77.890031,81.139968,131.933406,83.686486,133.173133,50.486612,42.103372,145.598315,122.680000,3.702700,383.380000,121.670000,2.831000,259.470000,607825.987545,10.240317,10.456155,20.697122,87.637600,Inf,Inf,33.046753
06/22/2026 07:15:15,0.000000,0.000000,74.988966,74.166985,63.450287,74.721034,74.976211,76.646068,74.775864,74.728541,34.574317,29.364267,29.128771,28.692121,32.323258,28.896003,28.911003,28.840517,33.054705,36.307546,34.619124,33.843819,33.710147,34.255352,33.569623,33.008836,32.866627,33.401745,36.720876,33.452394,32.757304,33.746060,34.373784,32.518485,32.052981,32.970599,34.819524,79.144850,39.126830,31.100941,24.799062,23.079596,23.647701,32.464327,30.480365,30.953567,79.756374,42.363668,31.175708,22.974874,22.422008,22.713436,30.296717,30.212802,30.224393,33.953875,33.907481,26.833360,25.096865,33.451935,33.498138,24.665118,26.732501,31.627597,37.654305,29.305747,34.090891,31.120506,36.993716,36.857604,32.908882,28.883415,32.336378,31.238588,36.677638,30.562784,35.590603,29.255344,33.366136,30.629004,36.256290,31.208086,35.683645,29.250182,32.512327,30.920470,35.898299,32.504132,36.102210,31.178232,33.928337,31.741084,35.201624,83.136457,86.597320,134.971790,89.092567,136.098250,50.483860,42.404235,149.921405,122.640000,3.782600,392.960000,121.570000,2.892900,266.900000,607885.985075,10.105950,10.180717,20.994991,89.605642,Inf,Inf,33.049469
06/22/2026 07:16:15,0.000000,0.000000,74.943029,74.173434,63.151011,74.690790,74.985683,76.669856,74.779969,74.708984,34.604135,29.409406,29.175254,28.744019,32.322512,28.916668,28.927409,28.879676,33.080136,36.339957,34.601473,33.840410,33.685419,34.277686,33.629045,32.985176,32.872290,33.398074,36.632706,33.314541,32.821511,33.799973,34.326478,32.567145,32.254969,32.911431,34.651818,79.353282,39.268380,30.922204,24.848953,23.106710,23.631236,32.454202,30.589226,31.081338,79.828926,42.251502,31.182639,22.977812,22.492514,22.709509,30.345858,30.172113,30.221150,33.908021,33.889078,26.886766,25.226028,33.446498,33.529129,24.776431,26.873345,31.608565,37.667246,29.293384,34.088576,31.119073,37.017948,36.858680,32.910408,28.869778,32.305746,31.244447,36.680208,30.565818,35.589189,29.241651,33.352050,30.621560,36.220798,31.214250,35.683561,29.253664,32.510463,30.900549,35.904632,32.516719,36.122062,31.172810,33.941331,31.752784,35.194649,81.216417,86.277997,134.718793,89.498852,136.197292,50.576806,42.478043,141.996793,122.550000,3.817200,396.900000,121.500000,2.906100,267.330000,607945.982369,9.854320,10.114755,21.067884,85.968107,Inf,Inf,33.047420
06/22/2026 07:17:15,0.000000,0.000000,74.878500,74.185801,63.453072,74.648789,74.979180,76.665052,74.793515,74.735207,34.628443,29.413327,29.147954,28.709699,32.366145,28.991645,28.956274,28.900512,33.075155,36.342521,34.639090,33.858206,33.732975,34.276832,33.597822,33.037499,32.914347,33.358795,36.713945,33.207711,32.839497,33.617193,34.351087,32.783029,32.362851,32.855626,34.512726,78.736439,40.032262,30.977798,24.807260,23.039408,23.580266,32.455182,30.553660,30.965481,80.254310,42.701355,31.183053,22.950441,22.405166,22.693013,30.402113,30.211347,30.260829,33.938662,33.899703,26.918002,25.151047,33.457323,33.519518,24.770778,27.103538,31.620754,37.666521,29.293991,34.105268,31.121124,37.010696,36.882793,32.937308,28.866882,32.334962,31.253657,36.688435,30.589705,35.599643,29.263111,33.369875,30.650137,36.255296,31.250752,35.686482,29.262849,32.503610,30.930014,35.904241,32.529225,36.106972,31.171438,33.944831,31.764315,35.191937,85.133402,88.269708,133.825723,89.768749,135.368808,50.460345,42.330816,158.571307,122.480000,3.825600,398.470000,121.240000,2.935000,273.340000,608005.979107,10.055386,10.260641,20.922412,93.432407,Inf,Inf,33.058561
06/22/2026 07:18:15,0.000000,0.000000,74.854212,74.162762,63.708474,74.629439,74.986450,76.695072,74.800206,74.729222,34.623344,29.388579,29.151302,28.700753,32.326972,28.866715,28.897106,28.820821,33.119382,36.417110,34.586079,33.936331,33.690759,34.265714,33.658392,32.965649,32.887691,33.431236,36.732105,33.329044,32.781288,33.952073,34.078601,32.823529,32.109365,32.874436,34.689429,75.682844,39.264809,30.967615,24.725850,22.958316,23.515634,32.451941,30.420706,30.891184,76.948726,41.666097,31.155988,22.920080,22.338220,22.629672,30.292329,30.174916,30.115625,33.935677,33.834988,26.822970,25.022088,33.428761,33.490070,24.737537,27.039066,31.607678,37.640291,29.300970,34.114236,31.103836,37.004150,36.846939,32.903499,28.865968,32.326645,31.227058,36.703017,30.552691,35.596078,29.231803,33.378230,30.608154,36.257560,31.195551,35.683803,29.220011,32.516933,30.885808,35.916113,32.483768,36.117650,31.155894,33.928739,31.726785,35.205128,81.286713,84.517520,132.867953,86.468715,134.119916,50.485221,42.088514,151.690522,122.300000,3.757100,390.240000,121.260000,2.875300,265.600000,608065.976696,10.285234,10.473607,20.682381,90.400095,Inf,Inf,33.043500
06/22/2026 07:19:15,0.000000,0.000000,74.869828,74.154290,63.127759,74.613786,75.000372,76.662594,74.784242,74.701849,34.637143,29.374800,29.137968,28.686176,32.391625,28.878906,28.919421,28.840906,33.122095,36.329954,34.669970,33.879198,33.707338,34.242336,33.639303,33.003888,32.856913,33.435134,36.674483,33.212517,32.818700,33.604412,34.418638,32.754227,32.191862,32.895504,34.607977,70.047915,36.246831,31.010075,24.724072,22.859723,23.432007,32.486778,30.515788,31.024832,69.651461,42.088983,31.177780,22.812465,22.254499,22.503380,30.370033,30.192707,30.201623,33.849051,33.844716,26.809080,25.125253,33.438368,33.502342,24.779877,26.860765,31.625867,37.667174,29.305800,34.081753,31.112224,36.989477,36.862705,32.898893,28.876067,32.323856,31.236296,36.685062,30.555108,35.596265,29.261843,33.340618,30.623910,36.249632,31.216535,35.677788,29.255435,32.503778,30.931865,35.898109,32.511502,36.095108,31.169748,33.910024,31.739638,35.188660,72.519388,75.349097,132.865226,80.194776,133.834723,50.528800,42.018591,132.320385,122.470000,3.566600,365.090000,121.320000,2.710200,242.520000,608125.973793,10.397105,10.564810,20.612970,81.338693,Inf,Inf,33.046358
06/22/2026 07:20:15,0.000000,0.000000,74.810715,74.150942,63.703356,74.587425,74.978670,76.647258,74.794229,74.718174,34.584689,29.365774,29.099055,28.720922,32.344859,28.928815,28.945410,28.827638,33.138434,36.373230,34.663210,33.901790,33.708616,34.250715,33.750008,32.965329,32.840027,33.410708,36.815633,33.213416,32.781247,33.773082,34.232588,32.459703,32.284165,32.890366,34.658303,79.884029,39.586011,31.001659,24.767777,23.026751,23.641345,32.446893,30.532429,30.972860,81.062312,42.965506,31.207488,22.909134,22.416092,22.641622,30.364387,30.164787,30.260186,33.951785,33.914284,26.707524,25.048347,33.429961,33.530363,24.671177,27.575141,31.600749,37.696614,29.278423,34.089082,31.092399,36.988818,36.853319,32.889905,28.859464,32.296349,31.226125,36.670496,30.566733,35.603833,29.229585,33.351583,30.624657,36.254675,31.205569,35.671178,29.239861,32.497586,30.904091,35.879806,32.505576,36.089524,31.150316,33.915161,31.738109,35.191128,85.406446,88.764677,134.404944,90.430930,135.760732,50.499432,42.469497,156.956278,122.370000,3.838400,400.260000,121.140000,2.939900,273.920000,608185.970454,9.942211,10.148040,21.059448,92.728713,Inf,Inf,33.038690
06/22/2026 07:21:15,0.000000,0.000000,74.809885,74.160682,63.902413,74.585182,74.989100,76.670315,74.816634,74.720300,34.623113,29.396374,29.182292,28.736845,32.400776,28.915741,28.917579,28.854232,33.118706,36.377928,34.640414,33.875899,33.695599,34.315374,33.625476,32.982494,32.917482,33.410359,36.826346,33.218400,32.762100,33.756624,34.079421,32.568206,32.203478,32.860872,34.625325,78.779034,39.908116,30.997531,24.821018,23.064839,23.593085,32.473696,30.534326,30.905463,79.814363,42.715109,31.154727,22.973043,22.427866,22.686567,30.281590,30.116535,30.180730,33.912163,33.876805,26.859230,25.244911,33.422603,33.517675,24.782792,27.104785,31.581011,37.672616,29.295682,34.091725,31.109312,37.004720,36.837716,32.906679,28.867374,32.314148,31.244396,36.676625,30.548392,35.578069,29.236490,33.363349,30.615512,36.266617,31.208677,35.679530,29.222846,32.509530,30.918121,35.884891,32.492001,36.105897,31.165009,33.926958,31.739700,35.192267,84.506892,87.580353,134.440547,89.482334,135.541564,50.595188,42.378402,157.371285,121.430000,3.814200,395.960000,120.250000,2.923100,271.240000,608245.968645,10.028069,10.185265,20.969462,92.910000,Inf,Inf,33.041862
06/22/2026 07:22:15,0.000000,0.000000,74.811401,74.157972,63.437304,74.566827,74.983848,76.698378,74.773612,74.723332,34.632332,29.440873,29.167921,28.743419,32.369962,28.893317,28.942585,28.911358,33.062605,36.417225,34.664715,33.845586,33.658173,34.299280,33.659258,32.991409,32.875610,33.441822,36.577154,33.325412,32.837576,33.580627,34.201823,32.964281,32.016115,32.868422,34.631527,77.757261,39.476007,30.972030,24.816621,23.048335,23.620441,32.468836,30.558873,31.052055,79.150858,42.325008,31.174387,22.941276,22.440005,22.697807,30.314609,30.168674,30.156638,33.925464,33.901281,27.035276,25.191173,33.438978,33.502952,24.816733,27.194220,31.610527,37.676263,29.289550,34.079275,31.091021,36.987892,36.845715,32.897379,28.840644,32.310234,31.217751,36.676447,30.550442,35.596500,29.237666,33.337861,30.615350,36.239026,31.214772,35.658086,29.221774,32.483997,30.911720,35.907319,32.506518,36.101769,31.145706,33.918534,31.727683,35.191836,83.760056,87.014402,133.469247,88.705198,134.903038,50.566826,42.354027,156.272101,121.350000,3.807100,395.810000,120.060000,2.922100,270.590000,608305.965288,10.026665,10.229022,20.945365,92.429142,Inf,Inf,33.036309
06/22/2026 07:23:15,0.000000,0.000000,74.778527,74.148750,63.293059,74.522733,74.989199,76.658610,74.772487,74.697275,34.644597,29.382740,29.145909,28.717194,32.279299,28.874232,28.887105,28.823757,33.062448,36.424594,34.584707,33.864333,33.713344,34.238574,33.557820,32.978799,32.861208,33.379890,36.434028,33.300799,32.848802,33.705993,34.318215,32.688282,32.210115,32.883064,34.588022,71.402520,39.185005,31.003743,24.738287,22.950156,23.444223,32.452202,30.527943,31.013980,74.116408,43.128933,31.161407,22.872195,22.336241,22.602139,30.408487,30.146187,30.184971,33.862216,33.863036,26.736824,25.107469,33.422481,33.498896,24.782670,27.011453,31.603748,37.674400,29.270721,34.103342,31.072847,36.998161,36.858271,32.909108,28.841260,32.316644,31.241549,36.667657,30.543816,35.596117,29.231764,33.363529,30.612572,36.286943,31.210420,35.678083,29.230755,32.501405,30.893791,35.904116,32.497963,36.103202,31.145810,33.944281,31.723669,35.202914,78.011095,81.244405,131.856901,83.854581,133.415438,50.536912,42.270507,146.304668,121.160000,3.713800,383.680000,120.230000,2.837900,259.820000,608365.962808,10.141003,10.298667,20.862740,87.961798,Inf,Inf,33.040962
06/22/2026 07:24:15,0.000000,0.000000,74.799572,74.150785,63.120352,74.507447,74.986594,76.673295,74.764885,74.689251,34.622689,29.436531,29.185434,28.744632,32.320899,28.886946,28.936783,28.864515,33.080501,36.427079,34.671042,33.855230,33.704239,34.288947,33.598847,32.999408,32.832228,33.381143,36.876002,33.445566,32.736608,33.803107,34.409486,32.802416,32.152054,32.866401,34.480885,75.693522,34.462009,31.176740,24.825158,23.013863,23.682269,32.438161,30.570480,30.961586,75.331390,38.880761,31.199827,22.939077,22.453476,22.673169,30.378371,30.133895,30.180703,33.897928,33.903986,26.773109,25.145334,33.426324,33.525394,24.735530,27.534798,31.585887,37.695130,29.268005,34.097839,31.088713,36.991793,36.846586,32.905812,28.849998,32.312874,31.233317,36.680380,30.553958,35.597337,29.226094,33.344550,30.602003,36.246781,31.210100,35.671771,29.252500,32.497292,30.924668,35.922402,32.483412,36.117938,31.159749,33.918999,31.724141,35.197177,72.590646,77.128785,134.439271,84.512712,135.689576,50.630288,42.168731,125.885688,121.200000,3.653300,373.960000,120.050000,2.742200,245.320000,608425.961187,10.414809,10.437896,20.761931,78.134888,Inf,Inf,33.040240
06/22/2026 07:25:15,0.000000,0.000000,74.781061,74.126339,63.383854,74.477017,74.971811,76.645050,74.748727,74.681543,34.642132,29.418616,29.182682,28.740723,32.308103,28.930325,28.898872,28.850246,33.050200,36.321210,34.653666,33.893967,33.691909,34.275739,33.592635,32.969631,32.871278,33.365072,36.610900,33.231320,32.669108,34.277334,34.103340,32.834968,32.345551,32.918364,34.567792,78.888212,39.683603,31.090501,24.699780,22.937582,23.477636,32.482266,30.551827,31.057124,80.253744,42.508378,31.165188,22.814590,22.275513,22.534701,30.359270,30.161709,30.196035,33.934512,33.921863,26.789309,25.138497,33.441303,33.528377,24.619057,26.687459,31.592926,37.660129,29.277728,34.082028,31.101806,37.008328,36.863548,32.881956,28.838105,32.280963,31.242352,36.680552,30.567501,35.579785,29.248732,33.342220,30.616157,36.246615,31.228647,35.674601,29.252226,32.480561,30.922331,35.887304,32.512216,36.094747,31.158690,33.913719,31.766065,35.170626,85.427626,88.511250,133.549810,89.809766,134.990594,50.521598,42.311684,159.710632,121.100000,3.837300,399.080000,120.080000,2.944800,274.170000,608485.956743,10.187014,10.261701,20.903487,93.925943,Inf,Inf,33.039105
06/22/2026 07:26:15,0.000000,0.000000,74.770209,74.152688,63.647329,74.456274,74.978115,76.690127,74.781597,74.696246,34.631286,29.412618,29.143676,28.719817,32.298377,28.835812,28.872199,28.825356,33.099783,36.365721,34.623745,33.917563,33.684421,34.248284,33.623821,33.000841,32.863914,33.426580,36.654902,33.250179,32.809718,34.343109,34.154482,33.007999,32.144176,32.881650,34.584836,77.816532,39.441956,31.060609,24.838818,23.053539,23.603394,32.434558,30.546367,31.007948,78.714847,42.718175,31.159538,22.969814,22.438634,22.700471,30.386795,30.192311,30.149069,33.923698,33.868278,26.861820,25.014475,33.442083,33.526491,24.699495,26.988147,31.618816,37.671670,29.310336,34.072670,31.106672,36.988831,36.851507,32.883194,28.859868,32.296011,31.254303,36.673815,30.568293,35.585889,29.251090,33.360121,30.633667,36.248552,31.239954,35.665641,29.253018,32.500033,30.931818,35.898947,32.519905,36.109525,31.172671,33.914114,31.751760,35.192743,82.896239,86.021013,134.204626,88.275446,135.307494,50.589915,42.259825,152.707482,121.110000,3.787100,391.410000,119.960000,2.894600,267.390000,608545.954968,10.208443,10.307372,20.852166,90.853981,Inf,Inf,33.046181
06/22/2026 07:27:15,0.000000,0.000000,74.767678,74.140853,63.014322,74.416158,74.971394,76.679204,74.737554,74.668255,34.625976,29.413969,29.139675,28.690078,32.347470,28.870763,28.901407,28.833152,33.039346,36.439211,34.635292,33.829796,33.718329,34.265747,33.673778,32.988605,32.846908,33.386482,36.860525,33.256733,32.848233,33.589941,34.165856,32.585870,32.184667,32.798058,34.647827,75.353168,39.516195,30.973876,24.807473,23.061580,23.575442,32.514000,30.486014,30.934370,77.187610,42.535848,31.164686,22.940034,22.428587,22.703427,30.358087,30.172647,30.207418,33.896120,33.899605,26.888869,25.196425,33.430866,33.511722,24.744579,27.045683,31.599576,37.668052,29.293306,34.088068,31.094946,37.007711,36.871673,32.917242,28.860129,32.313155,31.239836,36.693375,30.545653,35.593069,29.232386,33.345931,30.606509,36.255452,31.217491,35.683896,29.274518,32.488559,30.923379,35.915807,32.507035,36.123511,31.189864,33.905804,31.724267,35.188880,81.845623,85.064893,132.888433,87.090252,134.312022,50.584594,42.429000,153.535876,121.260000,3.785800,392.580000,120.040000,2.899400,267.760000,608605.952445,9.954419,10.145229,21.019457,91.222214,Inf,Inf,33.045636
06/22/2026 07:28:15,0.000000,0.000000,74.759143,74.147957,63.212157,74.419037,74.970471,76.687135,74.741684,74.683373,34.646359,29.392093,29.145896,28.726618,32.315837,28.867595,28.887411,28.858860,33.059324,36.380318,34.649908,33.887033,33.706292,34.292330,33.599436,32.978215,32.885487,33.419704,36.879005,33.218414,32.659184,33.784409,34.543882,32.612043,32.026238,32.823847,34.745415,71.383379,36.725565,30.992993,24.789259,22.886474,23.506662,32.463049,30.551737,30.951394,71.449404,42.598750,31.176027,22.847009,22.311300,22.526540,30.387708,30.147772,30.150893,33.851805,33.831424,26.884157,25.153264,33.389328,33.511947,24.752413,27.389872,31.576723,37.679411,29.269535,34.091625,31.085148,36.994005,36.835134,32.909863,28.832204,32.318125,31.207831,36.702886,30.533839,35.604365,29.222696,33.351829,30.611087,36.253176,31.199159,35.683672,29.247086,32.489669,30.893197,35.913270,32.484026,36.111936,31.144797,33.926446,31.717803,35.205942,74.527588,77.495789,133.158111,81.907126,134.250320,50.577298,42.063264,135.931780,121.240000,3.603800,369.600000,120.150000,2.740600,246.630000,608665.949322,10.335670,10.518704,20.657323,83.091906,Inf,Inf,33.036549
06/22/2026 07:29:15,0.000000,0.000000,74.771532,74.130757,63.294106,74.386732,74.984652,76.673465,74.738456,74.664932,34.685893,29.399283,29.224451,28.735099,32.342535,28.915779,28.943752,28.831779,33.069602,36.433045,34.666375,33.943427,33.706741,34.306536,33.623110,32.986349,32.985129,33.388664,36.898972,33.332234,32.988926,33.847298,34.478935,32.744841,32.160575,32.859353,34.719183,80.066604,39.854353,31.127209,24.786557,23.071104,23.647752,32.506635,30.568668,30.977564,80.937968,42.723804,31.153494,22.952083,22.431924,22.695555,30.274925,30.103515,30.168157,33.962689,33.910211,26.911599,25.076755,33.483942,33.513707,24.725100,27.074253,31.620946,37.672015,29.286155,34.083069,31.086809,36.989461,36.844672,32.916781,28.854759,32.323654,31.241440,36.692495,30.551898,35.601493,29.233377,33.362914,30.616858,36.283173,31.197714,35.690103,29.254899,32.509470,30.911891,35.901289,32.479556,36.104745,31.152710,33.932658,31.707997,35.181556,83.759559,88.261362,134.442756,90.350275,136.095383,50.529986,42.361893,149.181224,121.010000,3.848600,399.480000,119.910000,2.942300,272.700000,608725.945273,10.174067,10.200352,20.953142,89.271393,Inf,Inf,33.042885
06/22/2026 07:30:15,0.000000,0.000000,74.779738,74.146579,63.101954,74.398956,74.986730,76.705048,74.741505,74.679391,34.671053,29.366078,29.126568,28.735633,32.311925,28.928804,28.930853,28.901856,33.084957,36.342102,34.598300,33.872472,33.736140,34.275558,33.624923,32.991720,32.920734,33.428715,36.777377,33.260312,32.780258,33.915968,34.142384,32.552121,32.299894,32.889634,34.566629,77.551604,39.726693,31.046274,24.726100,22.930330,23.524691,32.509419,30.535356,30.957400,78.972436,41.874329,31.155460,22.791805,22.310514,22.562071,30.385144,30.154226,30.230902,33.911962,33.905509,26.925629,25.075338,33.442995,33.529624,24.693702,26.899335,31.601963,37.688097,29.291681,34.070408,31.102619,36.975519,36.851670,32.893138,28.847987,32.297678,31.229683,36.668392,30.557482,35.576913,29.237027,33.323894,30.615157,36.239255,31.216338,35.659767,29.263608,32.476344,30.909745,35.915100,32.511218,36.112625,31.174899,33.899613,31.751467,35.170729,83.903201,87.040533,132.583269,88.432318,134.408369,50.455837,42.188736,156.763828,121.170000,3.811500,395.260000,120.020000,2.919700,270.680000,608785.944096,10.264517,10.373703,20.781757,92.644536,Inf,Inf,33.037667
06/22/2026 07:31:15,0.000000,0.000000,74.763741,74.137336,63.118293,74.387725,74.985644,76.663915,74.749358,74.664003,34.578451,29.340326,29.093230,28.642226,32.298419,28.865297,28.881017,28.825253,33.079738,36.361694,34.540740,33.850111,33.743087,34.243887,33.691230,32.958507,32.849282,33.369305,36.516871,33.221333,32.648410,34.102655,34.273099,32.606160,32.042500,32.887220,34.668472,70.378070,39.211657,30.983433,24.674474,22.883550,23.390346,32.430287,30.460520,30.890018,72.968815,42.995406,31.126881,22.806088,22.267058,22.550909,30.302279,30.104205,30.147002,33.832388,33.823745,26.785302,25.008132,33.398906,33.484652,24.707917,26.733739,31.570914,37.684697,29.261043,34.071427,31.082253,36.993343,36.824811,32.882151,28.834731,32.300532,31.228977,36.680147,30.535449,35.571847,29.220432,33.342020,30.599911,36.256604,31.199490,35.674639,29.225058,32.481044,30.887370,35.934053,32.481769,36.121121,31.129087,33.908376,31.730857,35.181695,76.548059,79.743550,131.585256,82.691144,132.978315,50.474809,42.103372,143.137737,121.250000,3.681600,379.270000,120.170000,2.811200,256.150000,608845.941262,10.286311,10.429759,20.697122,86.500012,Inf,Inf,33.029862
06/22/2026 07:32:15,0.000000,0.000000,74.723882,74.118590,63.432963,74.389821,74.956058,76.662212,74.744820,74.667493,34.603200,29.328634,29.099825,28.651445,32.331637,28.892806,28.903809,28.836446,33.120534,36.407192,34.635141,33.885929,33.731835,34.260160,33.604658,32.982108,32.889005,33.390786,36.579867,33.311696,32.748059,33.977501,34.306422,32.684025,32.118703,32.854421,34.465380,79.459012,39.156167,30.997782,24.770886,23.085434,23.630832,32.497393,30.498344,30.985844,80.174833,42.428442,31.167315,22.944471,22.409603,22.697897,30.359720,30.175548,30.215669,33.913218,33.913770,26.736939,25.020198,33.413111,33.489971,24.734752,27.073397,31.604054,37.655700,29.283962,34.079292,31.105743,36.997640,36.843994,32.901429,28.855860,32.303529,31.242673,36.685755,30.547783,35.600503,29.211233,33.337299,30.588936,36.249942,31.192340,35.680253,29.216883,32.490685,30.889321,35.898344,32.489498,36.106488,31.166050,33.931996,31.729608,35.167153,83.670291,87.245240,134.730006,89.526002,135.996908,50.509466,42.349559,151.400147,121.070000,3.810600,394.510000,119.960000,2.908100,268.760000,608905.937736,10.056835,10.226368,20.940947,90.270124,Inf,Inf,33.035132
06/22/2026 07:33:15,0.000000,0.000000,74.687196,74.125431,63.761004,74.404210,74.972549,76.674033,74.766632,74.695224,34.632689,29.442125,29.164713,28.751373,32.303151,28.905285,28.923748,28.930439,33.070519,36.429090,34.620268,33.924547,33.674530,34.255710,33.578316,32.985085,32.900263,33.438024,36.639307,33.453574,32.956980,33.938385,34.375164,32.723113,32.225566,32.821142,34.705013,79.664043,40.268336,30.842695,24.827269,23.035248,23.635266,32.437297,30.531283,30.928289,80.709498,42.630003,31.185635,22.934662,22.450363,22.674988,30.291028,30.138478,30.246359,33.908710,33.903165,26.895576,25.170197,33.401259,33.515881,24.774273,27.238419,31.574872,37.684204,29.260100,34.059299,31.092805,36.982143,36.837058,32.901573,28.838160,32.286488,31.230953,36.687296,30.549781,35.586982,29.212600,33.342660,30.606793,36.226204,31.210779,35.670278,29.213531,32.480669,30.902719,35.874455,32.499757,36.089388,31.144386,33.882805,31.734159,35.157495,85.527098,88.795812,134.714085,90.522165,135.905206,50.588624,42.448325,158.887417,121.070000,3.838800,399.350000,119.890000,2.945900,274.550000,608965.934530,9.804152,10.147092,21.038543,93.569578,Inf,Inf,33.027346
06/22/2026 07:34:15,0.000000,0.000000,74.702263,74.121903,63.513397,74.388923,74.945022,76.667218,74.734675,74.685237,34.636849,29.417319,29.158191,28.716027,32.291484,28.976560,28.966624,28.907294,33.074243,36.398273,34.652819,33.884486,33.679316,34.237413,33.581477,32.992693,32.892436,33.408433,36.648775,33.313792,32.914419,33.720022,34.160471,32.753467,32.210737,32.873460,34.680915,77.955192,39.483130,30.891884,24.744884,22.956316,23.557039,32.442792,30.470376,30.933338,79.512539,42.421051,31.143485,22.880163,22.338863,22.627625,30.249728,30.171615,30.242049,33.920845,33.899793,26.805522,25.023515,33.418183,33.505704,24.687506,27.449100,31.586810,37.665110,29.278741,34.073800,31.099339,36.981110,36.849628,32.895532,28.841021,32.301203,31.226085,36.679125,30.526842,35.590320,29.221891,33.332809,30.586660,36.268069,31.203009,35.671400,29.235624,32.510708,30.905762,35.916014,32.495233,36.111334,31.174046,33.910216,31.719784,35.174222,84.287249,87.536996,133.202406,88.951680,134.824366,50.446898,42.206994,157.229820,120.800000,3.822300,396.640000,119.810000,2.929500,271.500000,609025.931383,10.092038,10.343639,20.799846,92.848240,Inf,Inf,33.034382
06/22/2026 07:35:15,0.000000,0.000000,74.694164,74.107456,63.238379,74.386080,74.947250,76.641196,74.730206,74.685838,34.624570,29.392487,29.142722,28.717453,32.283562,28.908396,28.880362,28.812998,33.016156,36.327590,34.556250,33.845497,33.704275,34.216196,33.612406,32.983193,32.854890,33.418896,36.777333,33.422450,32.792940,33.596889,34.401360,32.655979,32.281401,32.858262,34.710109,72.766672,38.931967,31.020874,24.703859,22.891021,23.428238,32.523513,30.537890,31.015568,74.422306,41.924680,31.188268,22.804638,22.300507,22.563724,30.338200,30.162041,30.190572,33.891773,33.826749,26.780284,25.053330,33.403810,33.494886,24.693614,26.843612,31.596286,37.688653,29.287782,34.060201,31.087026,36.992331,36.839888,32.893746,28.844136,32.284803,31.221691,36.686110,30.535215,35.592883,29.218391,33.325768,30.591632,36.238500,31.194637,35.666875,29.224378,32.464797,30.892016,35.884192,32.486406,36.107443,31.153643,33.885630,31.724519,35.172728,78.439440,81.690052,131.803382,84.041865,133.220274,50.426537,42.220590,146.145075,120.880000,3.721700,383.420000,119.820000,2.839300,259.640000,609085.929423,10.207560,10.374954,20.813314,87.888640,Inf,Inf,33.028077
06/22/2026 07:36:15,0.000000,0.000000,74.692147,74.100786,63.516848,74.380487,74.967007,76.639833,74.758654,74.688513,34.604042,29.415556,29.156428,28.714625,32.363494,28.904676,28.937550,28.815762,33.062708,36.334552,34.593839,33.902184,33.738323,34.260873,33.586729,33.000617,32.860548,33.359681,36.851094,33.280587,32.937282,33.611838,34.253426,32.640260,32.130604,32.845859,34.578404,78.898911,39.203151,31.145508,24.819366,23.051084,23.645980,32.479075,30.549076,30.973981,79.506321,42.440909,31.181408,22.944304,22.435530,22.650295,30.345821,30.169476,30.277801,33.909834,33.906944,26.694777,25.066349,33.442953,33.538023,24.679788,26.833975,31.584447,37.680445,29.251846,34.021016,31.073094,36.970982,36.834325,32.857033,28.835849,32.264079,31.208511,36.664653,30.547029,35.590449,29.210200,33.325161,30.619102,36.227277,31.197154,35.665327,29.231294,32.469026,30.896755,35.897318,32.498253,36.079390,31.137890,33.903693,31.728386,35.146430,82.791822,86.275276,134.761672,88.825900,136.093667,50.533393,42.349948,149.385490,120.820000,3.785100,391.440000,119.730000,2.886100,265.630000,609145.925461,10.204176,10.240076,20.941332,89.363745,Inf,Inf,33.020547
06/22/2026 07:37:15,0.000000,0.000000,74.647626,74.131503,63.281584,74.379178,74.952603,76.653283,74.729090,74.675003,34.612676,29.438506,29.163770,28.713713,32.283836,28.894841,28.919637,28.934358,33.078470,36.364857,34.614007,33.822235,33.689892,34.290588,33.533799,33.003215,32.867650,33.360557,36.448850,33.314346,32.646595,33.920595,34.167428,32.373934,32.255771,32.890893,34.778149,78.795826,38.748190,30.926645,24.846408,23.082651,23.678032,32.473099,30.548881,30.954209,78.914766,41.688272,31.163720,22.974917,22.469413,22.723173,30.344289,30.156829,30.241975,33.936311,33.888431,26.957584,25.132141,33.393672,33.502963,24.772001,27.062397,31.567687,37.687684,29.253799,34.055035,31.052876,36.966837,36.827980,32.892894,28.825436,32.291084,31.209266,36.681359,30.525081,35.577049,29.213906,33.338185,30.587150,36.253180,31.191142,35.674523,29.236538,32.469808,30.897339,35.915615,32.475261,36.107955,31.137225,33.910138,31.718369,35.176361,79.111127,84.458410,134.565804,88.985320,136.136120,50.612668,42.471924,137.572381,120.790000,3.801000,390.840000,119.730000,2.865500,261.370000,609205.923798,9.864801,10.101876,21.061844,83.878186,Inf,Inf,33.023892
06/22/2026 07:38:15,0.000000,0.000000,74.591790,74.073096,63.649370,74.379265,74.958604,76.646203,74.745638,74.691130,34.618274,29.422727,29.134607,28.728969,32.317737,28.989946,28.980711,28.899522,33.081411,36.352737,34.651101,34.005701,33.743274,34.285350,33.635480,32.968500,32.892212,33.463744,36.525970,33.385549,32.928038,33.768268,34.204252,32.673706,32.127847,32.897790,34.621350,78.697315,39.810577,30.870387,24.753218,22.971385,23.564964,32.482690,30.546458,30.952567,80.189245,42.607813,31.168977,22.857846,22.360700,22.582654,30.344540,30.165440,30.268862,33.907147,33.902105,26.894064,25.047399,33.403250,33.508987,24.663069,27.013133,31.577356,37.670759,29.248314,34.057788,31.082376,36.994792,36.805605,32.916645,28.806442,32.289451,31.212087,36.699097,30.515759,35.587721,29.180095,33.344047,30.578768,36.259831,31.171101,35.701586,29.206247,32.498314,30.881828,35.921901,32.466450,36.128777,31.135899,33.917156,31.705808,35.203316,85.066052,88.230450,133.626130,89.661869,135.150176,50.448504,42.304109,158.641068,120.860000,3.834200,398.030000,119.620000,2.936300,273.260000,609265.920007,9.974394,10.272984,20.895993,93.462695,Inf,Inf,33.025511
06/22/2026 07:39:15,0.000000,0.000000,74.599293,74.076797,63.537516,74.373684,74.935285,76.651177,74.734143,74.662309,34.622951,29.392197,29.103180,28.715909,32.275793,28.875624,28.900751,28.814651,33.023868,36.317563,34.592784,33.879483,33.696076,34.255493,33.604278,33.002621,32.845135,33.389154,36.642850,33.242963,32.742946,33.655328,34.354574,32.585963,32.205956,32.838450,34.580770,72.816989,38.840101,30.918296,24.647568,22.825673,23.411162,32.498997,30.481677,30.845843,74.797631,41.670609,31.151298,22.750412,22.234976,22.501348,30.316751,30.086317,30.137139,33.855868,33.856514,26.848198,25.075129,33.395248,33.500097,24.702890,27.073499,31.574752,37.658452,29.238571,34.056594,31.081623,36.983429,36.839518,32.906712,28.850009,32.291250,31.222800,36.692117,30.546614,35.580732,29.190689,33.338161,30.597377,36.260565,31.200803,35.682636,29.238015,32.497525,30.904445,35.895659,32.487691,36.118441,31.154462,33.902339,31.713217,35.175224,79.057500,82.322995,131.382479,84.307548,132.890304,50.456512,42.066274,148.071034,120.910000,3.735100,385.160000,119.800000,2.849800,261.000000,609325.918109,10.257985,10.490987,20.660311,88.767974,Inf,Inf,33.029347
06/22/2026 07:40:15,0.000000,0.000000,74.639437,74.068338,63.628712,74.393209,74.937900,76.665591,74.727556,74.678540,34.636975,29.391579,29.126202,28.690208,32.270185,28.879369,28.913643,28.892230,33.028142,36.342625,34.598380,33.915625,33.694031,34.285404,33.598015,32.962123,32.913291,33.395508,36.564213,33.371070,32.697414,33.847007,34.409868,32.569331,32.054732,32.882989,34.588835,77.959324,38.909622,31.150706,24.775711,23.030664,23.615123,32.450654,30.546449,31.007811,78.451821,42.312140,31.159402,22.896622,22.356655,22.613581,30.273209,30.128871,30.209114,33.900473,33.879687,26.735260,25.000818,33.429852,33.501823,24.678227,26.859710,31.587393,37.659060,29.261038,34.059624,31.044559,36.989986,36.825492,32.897952,28.794375,32.288745,31.202469,36.680714,30.531117,35.606532,29.199238,33.344012,30.590766,36.246339,31.189159,35.668561,29.211356,32.483393,30.906748,35.894848,32.493549,36.106870,31.149501,33.911532,31.713530,35.175536,81.452010,84.966090,134.681464,87.745326,135.667685,50.500949,42.280607,146.229403,121.010000,3.759200,388.370000,119.850000,2.862900,262.260000,609385.915339,10.277970,10.286666,20.872736,87.927303,Inf,Inf,33.023800
06/22/2026 07:41:15,0.000000,0.000000,74.620270,74.071992,63.716750,74.374510,74.958921,76.638931,74.760280,74.680842,34.639882,29.393609,29.154995,28.691539,32.295538,28.930663,28.956661,28.893761,33.063058,36.371199,34.626574,33.899189,33.739768,34.260543,33.580884,32.981875,32.937315,33.349316,36.675302,33.215561,32.791427,33.550069,34.139773,32.557067,32.222666,32.895160,34.627597,79.816616,39.941063,30.898940,24.825467,23.075569,23.654723,32.509109,30.495376,30.948969,80.369310,42.354741,31.167139,22.968945,22.462668,22.704774,30.289441,30.150696,30.191709,33.962170,33.899831,26.862740,25.002005,33.428809,33.519438,24.736691,27.112467,31.580209,37.677566,29.289081,34.049930,31.092312,36.992712,36.845686,32.898683,28.838830,32.288211,31.218866,36.701177,30.547718,35.593793,29.205980,33.336065,30.598395,36.249138,31.192867,35.686392,29.213697,32.471048,30.913484,35.898443,32.485149,36.134465,31.152764,33.910514,31.719637,35.158117,82.352769,87.317434,134.785097,90.088775,136.089822,50.537772,42.519025,145.498610,120.850000,3.848000,399.470000,119.750000,2.933500,270.780000,609445.912692,9.790612,10.058811,21.108328,87.591754,Inf,Inf,33.031364
06/22/2026 07:42:15,0.000000,0.000000,74.592641,74.059570,63.102909,74.366567,74.975907,76.641128,74.737079,74.654681,34.637257,29.372239,29.167521,28.667511,32.318293,28.920914,28.955672,28.849946,33.071540,36.314132,34.630159,33.795789,33.690978,34.229538,33.560798,32.968443,32.904582,33.394357,36.606877,33.202394,32.698071,33.815247,34.390111,32.738092,32.269083,32.890412,34.624191,77.875061,39.890301,30.836467,24.710307,22.924820,23.534099,32.461825,30.576362,31.034273,79.442577,42.150595,31.165170,22.849086,22.335628,22.598388,30.368652,30.174513,30.237369,33.894870,33.903196,26.838876,25.096362,33.429666,33.514076,24.664168,26.960593,31.581086,37.674459,29.256955,34.044435,31.085460,36.992546,36.844725,32.874154,28.837860,32.283100,31.219985,36.691761,30.539124,35.578160,29.219975,33.326902,30.593660,36.245294,31.195681,35.677406,29.242562,32.481599,30.894044,35.909683,32.502664,36.097853,31.143102,33.888473,31.722025,35.143647,84.374173,87.490467,133.058367,88.906889,134.675828,50.366602,42.282744,157.571019,120.950000,3.817000,396.670000,119.800000,2.925800,271.710000,609505.910007,9.961616,10.290319,20.874851,92.997135,Inf,Inf,33.026279
06/22/2026 07:43:15,0.000000,0.000000,74.566494,74.046093,63.542821,74.341798,74.941440,76.629916,74.745636,74.678451,34.643351,29.284707,29.072842,28.624726,32.280523,28.813448,28.856528,28.805670,33.076312,36.354741,34.600763,33.832250,33.674149,34.232249,33.603777,32.955442,32.876667,33.381566,36.711842,33.334467,32.695966,33.854887,34.418630,32.565660,32.123425,32.846245,34.689249,70.746025,39.191171,30.903021,24.640612,22.835290,23.372573,32.439775,30.454427,31.013958,73.113239,42.806657,31.164424,22.775271,22.223702,22.521464,30.317582,30.149286,30.155081,33.816900,33.818084,26.806858,25.026837,33.433478,33.490345,24.638921,26.920780,31.585929,37.659375,29.268939,34.038867,31.066057,36.982132,36.854542,32.892467,28.845529,32.275896,31.194057,36.690146,30.540617,35.574770,29.213320,33.312718,30.607958,36.240073,31.204686,35.681549,29.213727,32.469299,30.903883,35.882257,32.485352,36.114329,31.138738,33.899497,31.721503,35.165737,76.940514,80.066700,131.682589,82.787602,132.776092,50.393930,42.033643,144.030227,121.080000,3.688600,380.640000,119.950000,2.813100,256.980000,609565.906338,10.275104,10.536507,20.627917,86.914126,Inf,Inf,33.024132
06/22/2026 07:44:15,0.000000,0.000000,74.606339,74.056784,63.093661,74.352217,74.953963,76.632297,74.709775,74.675548,34.644530,29.358144,29.130676,28.720442,32.297666,28.875250,28.901337,28.807653,33.057937,36.352377,34.638763,33.874671,33.695259,34.271542,33.617299,32.989869,32.837275,33.385742,36.792986,33.152890,32.751755,33.980303,34.340288,32.581875,32.114927,32.871989,34.546359,78.998004,39.130667,31.063820,24.751393,22.998241,23.586114,32.488125,30.567503,31.038906,79.657866,42.476360,31.141092,22.884032,22.373802,22.613687,30.299615,30.129218,30.147496,33.907922,33.876539,26.704841,24.964320,33.410932,33.501564,24.538790,27.235873,31.593716,37.656494,29.262909,34.022148,31.086261,36.961494,36.832777,32.872817,28.825366,32.260130,31.205448,36.681843,30.526014,35.587724,29.201116,33.309002,30.581055,36.231795,31.185660,35.670577,29.235242,32.467625,30.892581,35.889184,32.469178,36.112249,31.142438,33.893104,31.722217,35.160684,82.912010,86.439072,134.620908,88.886141,135.816093,50.396181,42.279539,149.282224,121.160000,3.788700,392.620000,119.880000,2.891500,266.240000,609625.904518,10.192141,10.269413,20.871679,89.317067,Inf,Inf,33.017962
06/22/2026 07:45:15,0.000000,0.000000,74.606201,74.041845,63.632288,74.340736,74.928973,76.654995,74.734668,74.675933,34.676573,29.374749,29.109816,28.674920,32.263393,28.865868,28.895539,28.863419,33.048262,36.296703,34.618904,33.884426,33.742323,34.227145,33.649281,32.979646,32.883943,33.367066,36.887643,33.162208,32.556710,33.579919,34.289437,32.698579,32.087260,32.837235,34.712197,79.792183,40.687610,30.861430,24.772565,23.043647,23.609051,32.430834,30.489595,30.980488,80.789274,42.582185,31.123389,22.928077,22.406182,22.685062,30.330465,30.124273,30.183564,33.910545,33.849128,26.796990,25.161179,33.423847,33.486933,24.669047,26.984092,31.567547,37.671193,29.258565,34.039895,31.054167,36.979176,36.829932,32.877516,28.834988,32.291186,31.208032,36.688548,30.536334,35.605959,29.185558,33.325495,30.579770,36.242758,31.186445,35.676848,29.231296,32.469918,30.910459,35.896765,32.475457,36.112586,31.154809,33.892456,31.701074,35.171120,85.666341,88.849235,134.662898,90.541878,135.927520,50.497386,42.424532,159.129235,120.970000,3.846400,399.720000,119.870000,2.948800,274.500000,609685.900070,9.846386,10.108345,21.015044,93.674388,Inf,Inf,33.021862
06/22/2026 07:46:15,0.000000,0.000000,74.629231,74.053473,63.166989,74.358544,74.946346,76.679078,74.721401,74.707457,34.642624,29.411528,29.156414,28.719733,32.292064,28.930303,28.937532,28.896045,33.051581,36.317716,34.633308,33.902826,33.688335,34.265954,33.584046,32.957923,32.905056,33.418378,36.562210,33.259305,32.858868,33.918543,34.388615,32.943338,32.178904,32.785186,34.710839,77.708115,39.660424,30.874560,24.754513,22.929209,23.537579,32.418573,30.554419,30.965131,79.258017,41.983505,31.192541,22.859587,22.344942,22.596043,30.468395,30.217238,30.194949,33.917445,33.898058,26.680922,25.123194,33.419884,33.504739,24.615830,26.975648,31.597439,37.690238,29.252363,34.042257,31.073471,36.974895,36.839814,32.872776,28.805248,32.282725,31.222728,36.674388,30.522516,35.577601,29.194983,33.315779,30.598103,36.233715,31.192494,35.664442,29.221036,32.461465,30.910073,35.904353,32.469734,36.107527,31.135012,33.888194,31.702590,35.150019,84.039174,87.185331,133.162982,88.711179,134.710298,50.400142,42.239236,156.669788,120.950000,3.818400,395.990000,119.840000,2.924200,271.080000,609745.897204,10.042780,10.360761,20.831780,92.603378,Inf,Inf,33.019266
06/22/2026 07:47:15,0.000000,0.000000,74.626508,74.046097,63.091402,74.335508,74.935999,76.641349,74.715606,74.664900,34.626360,29.327834,29.109730,28.662380,32.330083,28.867158,28.888768,28.778576,33.025950,36.346640,34.599742,33.848411,33.712075,34.255503,33.579910,32.944004,32.879247,33.359706,36.817055,33.108624,32.793362,33.944593,34.136378,32.715991,32.056653,32.830667,34.704758,69.586345,39.078755,30.896856,24.666234,22.841231,23.362992,32.410689,30.544291,31.114289,72.958347,43.452422,31.172192,22.782638,22.244160,22.517704,30.271942,30.123052,30.214886,33.804535,33.840480,26.826708,24.990509,33.404952,33.488920,24.697897,26.839034,31.592166,37.677053,29.250206,34.033366,31.065437,36.954977,36.834505,32.875443,28.798110,32.291021,31.199846,36.674614,30.524972,35.584474,29.188757,33.312242,30.581630,36.229690,31.196910,35.646504,29.235983,32.463472,30.874440,35.910572,32.465304,36.101731,31.129625,33.901023,31.719025,35.136671,76.600948,79.793124,131.387335,82.595698,132.982678,50.381701,42.151250,143.647430,121.160000,3.682200,380.010000,119.990000,2.810100,256.470000,609805.894643,10.152253,10.427589,20.744603,86.736718,Inf,Inf,33.014992
06/22/2026 07:48:15,0.000000,0.000000,74.589963,74.016716,63.689046,74.328776,74.956307,76.594162,74.721521,74.664476,34.621509,29.362650,29.110205,28.653529,32.294563,28.854739,28.903507,28.774578,32.972192,36.304614,34.619734,33.817843,33.661959,34.242704,33.568821,32.922237,32.842898,33.341598,36.558756,33.267391,32.884568,33.599148,34.307762,32.601759,32.224243,32.832714,34.795066,78.936609,38.451907,31.036627,24.745100,22.994178,23.580691,32.414234,30.497031,30.866623,79.730709,42.416348,31.134465,22.888122,22.369717,22.624847,30.267025,30.119142,30.140540,33.887674,33.873043,26.715619,25.076947,33.390834,33.493018,24.529734,27.034629,31.571175,37.658883,29.232761,34.035314,31.062937,36.975054,36.825519,32.875749,28.833215,32.259481,31.223513,36.678772,30.528269,35.562051,29.187466,33.322953,30.570980,36.216490,31.200556,35.672376,29.212967,32.458310,30.889639,35.901318,32.479140,36.103141,31.143521,33.885831,31.698882,35.158743,82.910596,86.500772,134.705521,88.923561,135.846113,50.418719,42.372090,149.082004,121.050000,3.794500,392.800000,119.930000,2.892200,266.510000,609865.893189,10.073405,10.171243,20.963222,89.226503,Inf,Inf,33.014167
06/22/2026 07:49:15,0.000000,0.000000,74.660906,74.014973,63.293759,74.350086,74.946765,76.618367,74.745246,74.676794,34.614733,29.387057,29.178327,28.725428,32.339565,28.876220,28.894173,28.863392,33.024080,36.310248,34.601868,33.847662,33.714879,34.242327,33.605281,32.928940,32.852639,33.322006,36.863131,33.310008,33.008304,33.801822,34.173873,32.552095,32.149443,32.813106,34.689899,79.597216,40.231744,30.972793,24.756087,22.983671,23.584465,32.482038,30.572102,31.105604,80.813512,42.561440,31.143376,22.891259,22.374841,22.644316,30.380884,30.133087,30.197727,33.905560,33.905012,26.757166,25.006327,33.418884,33.513957,24.603635,26.928090,31.591883,37.676330,29.261966,34.040934,31.067687,36.966500,36.821502,32.886384,28.808197,32.285193,31.220745,36.676460,30.531734,35.600057,29.189461,33.314720,30.595704,36.268716,31.186282,35.692655,29.253454,32.469775,30.909903,35.906842,32.494028,36.097369,31.143060,33.890383,31.701221,35.180576,85.762012,88.876293,134.364810,90.535695,135.783441,50.497334,42.309645,160.027228,120.990000,3.845600,399.900000,119.780000,2.947900,274.510000,609925.889030,10.071323,10.241906,20.901470,94.062668,Inf,Inf,33.024324
06/22/2026 07:50:15,0.000000,0.000000,74.651599,74.027649,63.100988,74.352584,74.953485,76.624230,74.732110,74.690278,34.650418,29.400188,29.144179,28.686185,32.337804,28.937800,28.901467,28.817598,33.011385,36.306459,34.568790,33.848568,33.674481,34.254329,33.509486,32.953102,32.915779,33.383331,36.679087,33.267357,32.843923,33.936919,34.160221,32.715864,32.064251,32.852485,34.663979,76.724401,39.667958,30.929860,24.667890,22.886816,23.409090,32.437333,30.443065,30.904811,78.359626,41.554648,31.125595,22.803449,22.240077,22.526177,30.336086,30.193897,30.201030,33.908405,33.864204,26.756762,25.012946,33.398800,33.467220,24.574008,27.172469,31.587492,37.671090,29.263814,34.016584,31.047701,36.960816,36.840681,32.870979,28.837797,32.256128,31.217481,36.682001,30.534196,35.580350,29.195046,33.318507,30.607525,36.256913,31.192672,35.676495,29.240753,32.453994,30.905233,35.921246,32.473799,36.090877,31.148113,33.847397,31.725364,35.136773,83.180688,86.414004,132.202213,87.790558,134.050985,50.373109,42.114443,155.530301,120.800000,3.806100,394.470000,119.700000,2.910700,269.460000,609985.885859,10.221756,10.417491,20.708104,92.103347,Inf,Inf,33.018594
06/22/2026 07:51:15,0.000000,0.000000,74.643133,74.023405,63.619612,74.356071,74.942185,76.609579,74.731094,74.671091,34.650476,29.380177,29.121043,28.653932,32.275388,28.852911,28.900937,28.841158,32.985660,36.296778,34.625634,33.848884,33.700112,34.223132,33.569817,32.961909,32.884420,33.365320,36.651858,33.256899,32.743892,34.042598,34.370161,32.509073,32.079872,32.848972,34.718584,77.192366,39.279226,30.999115,24.756082,22.998007,23.573714,32.442448,30.497221,30.886434,77.712176,42.756084,31.140631,22.929285,22.382016,22.669869,30.404954,30.179972,30.208057,33.897644,33.850769,26.789706,25.129701,33.418795,33.460113,24.592358,27.027650,31.589163,37.644464,29.283773,34.024486,31.043602,36.959400,36.819917,32.883012,28.806598,32.260519,31.194697,36.679913,30.509807,35.587564,29.167682,33.324572,30.570821,36.241426,31.203374,35.671746,29.205643,32.465240,30.891708,35.898059,32.462078,36.129409,31.159707,33.893161,31.693762,35.166504,81.141565,84.372112,134.242116,87.145331,135.429873,50.492083,42.272838,147.803805,121.040000,3.747200,387.240000,119.940000,2.859300,262.290000,610045.882840,10.134068,10.275584,20.865047,88.646423,Inf,Inf,33.014394
06/22/2026 07:52:15,0.000000,0.000000,74.606682,74.022028,63.271780,74.327647,74.918005,76.620441,74.735789,74.664800,34.597304,29.381132,29.121106,28.688305,32.306996,28.881928,28.952949,28.834731,33.020841,36.314548,34.606621,33.919503,33.704572,34.278629,33.585628,32.978177,32.882174,33.363076,36.623073,33.271096,32.968750,33.992763,34.145475,32.627268,32.170801,32.893134,34.677478,71.057469,34.899173,30.878405,24.762087,22.878081,23.521559,32.484514,30.547839,31.033334,70.153360,39.928981,31.155371,22.860295,22.314105,22.554901,30.291539,30.146380,30.195863,33.832656,33.833041,26.803143,25.117625,33.421017,33.490324,24.725711,26.983659,31.569788,37.676509,29.257240,34.028625,31.039290,36.979890,36.829386,32.872966,28.786256,32.279032,31.185611,36.682043,30.497243,35.600774,29.179245,33.324094,30.563211,36.248294,31.167510,35.676537,29.205114,32.460264,30.877859,35.922386,32.469162,36.099526,31.132308,33.884938,31.697986,35.144551,71.298222,74.083149,133.214494,79.640393,134.340649,50.457540,41.725108,129.412915,121.160000,3.536000,359.680000,120.170000,2.673900,237.560000,610105.880969,10.557473,10.834439,20.320932,79.904098,Inf,Inf,33.011255
06/22/2026 07:53:15,0.000000,0.000000,74.581089,73.979078,63.141321,74.314758,74.915686,76.616018,74.711800,74.645881,34.589665,29.396197,29.129483,28.669934,32.240623,28.922891,28.927915,28.815049,33.014075,36.395457,34.630922,33.831506,33.660080,34.235944,33.588684,32.942116,32.821987,33.344250,36.808301,33.261155,32.778117,33.947574,34.226356,32.939952,32.295247,32.806739,34.862737,79.948938,40.299287,30.965809,24.786166,23.064439,23.651356,32.447049,30.555763,30.992028,81.123552,42.936535,31.155536,22.943828,22.419837,22.679437,30.325317,30.150083,30.195554,33.936252,33.898037,26.826538,25.072566,33.399811,33.513544,24.628728,27.264421,31.591011,37.655136,29.267782,34.023251,31.045927,36.955073,36.824732,32.878515,28.810116,32.272744,31.214961,36.680633,30.508304,35.577208,29.186343,33.307615,30.573423,36.264774,31.180086,35.679556,29.239374,32.460626,30.891190,35.927663,32.480244,36.098297,31.146221,33.874674,31.706844,35.138736,85.081634,88.881802,134.476026,90.608815,135.881069,50.422246,42.428902,155.120636,121.060000,3.855100,400.530000,119.910000,2.950300,275.050000,610165.878999,9.946449,10.136176,21.019360,91.922978,Inf,Inf,33.015369
06/22/2026 07:54:15,0.000000,0.000000,74.573919,74.020538,63.244142,74.325153,74.922272,76.619639,74.704337,74.687857,34.644404,29.369613,29.093528,28.674607,32.271534,28.919978,28.893516,28.849351,33.016027,36.306655,34.577860,33.902762,33.678056,34.235709,33.546880,32.944289,32.891421,33.371873,36.670774,33.276784,32.803598,33.715022,34.334338,32.606155,32.122447,32.830152,34.485974,76.613116,39.438701,30.807319,24.624704,22.792012,23.384208,32.440206,30.470459,30.946437,78.170021,41.495452,31.120561,22.710076,22.164933,22.442982,30.377300,30.156187,30.154849,33.871288,33.890714,26.852675,24.969003,33.422247,33.465342,24.557348,27.087434,31.561029,37.651911,29.255162,34.021606,31.044276,36.946357,36.850415,32.874538,28.827538,32.277754,31.189233,36.690896,30.527110,35.570648,29.213094,33.296496,30.583665,36.243180,31.178404,35.676540,29.211361,32.461157,30.893854,35.899307,32.479344,36.100610,31.131171,33.864085,31.706467,35.145011,83.088461,86.241208,132.203600,87.541440,133.903619,50.354044,42.043938,155.522047,120.970000,3.798700,394.060000,119.860000,2.903600,269.030000,610225.874575,10.169180,10.482422,20.638139,92.099716,Inf,Inf,33.012407
06/22/2026 07:55:15,0.000000,0.000000,74.629144,74.005178,63.459857,74.349955,74.936496,76.594626,74.725020,74.676004,34.646913,29.293640,29.110770,28.649356,32.318876,28.800155,28.878894,28.742826,33.008761,36.335277,34.552862,33.880297,33.691560,34.248761,33.622937,32.930163,32.819972,33.327129,36.634179,33.211591,32.861236,33.733513,34.412722,32.548619,32.163632,32.883304,34.715576,76.846281,39.297191,30.966020,24.722471,22.959861,23.546542,32.475071,30.539269,31.009488,77.497042,42.525993,31.153159,22.890343,22.366920,22.628775,30.424271,30.201876,30.198755,33.878166,33.858813,26.747318,24.992422,33.432177,33.464165,24.619262,26.964612,31.583313,37.647500,29.253832,34.001047,31.058398,36.970549,36.846468,32.853232,28.837388,32.273847,31.190667,36.671684,30.534055,35.598377,29.186943,33.321544,30.581155,36.231008,31.191107,35.682115,29.209391,32.453409,30.885105,35.907442,32.465274,36.109691,31.152786,33.871522,31.700564,35.155539,80.934477,84.210730,133.783136,86.904481,135.324710,50.439031,42.217191,147.224997,120.930000,3.748200,386.650000,119.880000,2.858400,262.320000,610285.872941,10.156073,10.343212,20.809947,88.382644,Inf,Inf,33.014165
06/22/2026 07:56:15,0.000000,0.000000,74.588727,74.003638,63.603453,74.369641,74.917727,76.593601,74.725936,74.683259,34.624215,29.372507,29.113818,28.666321,32.295750,28.928646,28.951246,28.803584,33.075807,36.324579,34.573197,33.903397,33.670695,34.251878,33.651003,32.957808,32.853719,33.349746,36.370357,33.343081,32.939079,33.603418,34.032388,32.598029,32.284993,32.827171,34.757159,72.145999,33.264964,30.797611,24.781013,22.883144,23.533311,32.421452,30.539475,30.958215,71.138558,37.771717,31.142195,22.878865,22.354123,22.614188,30.390155,30.184018,30.184018,33.851941,33.880302,26.794847,25.094143,33.409246,33.487883,24.758602,26.995151,31.597734,37.655618,29.249983,34.018155,31.053735,36.951323,36.834502,32.852321,28.817290,32.248843,31.206176,36.660184,30.516231,35.582430,29.190949,33.302872,30.586940,36.222033,31.191431,35.661739,29.241062,32.448965,30.891781,35.883959,32.474162,36.097615,31.168260,33.877294,31.715264,35.142239,69.809406,72.968482,133.620908,79.358320,134.755677,50.455899,41.484942,123.022567,121.090000,3.540100,360.660000,120.070000,2.658500,234.540000,610345.868541,10.716514,11.061098,20.081097,76.674652,Inf,Inf,33.011370
06/22/2026 07:57:15,0.000000,0.000000,74.590579,74.007183,63.260599,74.361337,74.945335,76.594594,74.720933,74.671071,34.644606,29.348408,29.124954,28.683793,32.281585,28.927380,28.973487,28.824042,33.024231,36.297118,34.657914,33.891480,33.721843,34.216886,33.591864,32.969304,32.877229,33.326586,36.784520,33.290149,32.889748,33.869015,34.182890,32.747468,32.092517,32.818034,34.435722,79.751345,40.443561,30.979426,24.724824,23.011068,23.566814,32.436486,30.509521,30.969428,81.124091,42.848844,31.141942,22.875922,22.337439,22.621269,30.275058,30.172500,30.175174,33.918618,33.901363,26.780299,24.974550,33.450859,33.463743,24.625997,26.729200,31.581535,37.652807,29.263648,33.998626,31.062653,36.957521,36.853773,32.874356,28.814864,32.235726,31.187247,36.685453,30.529204,35.570957,29.205897,33.324429,30.585832,36.240324,31.186669,35.673749,29.229960,32.449013,30.895575,35.906332,32.480618,36.126978,31.122504,33.906697,31.713580,35.137460,85.850753,89.035962,134.170688,90.565635,135.604615,50.405403,42.411033,159.271994,120.920000,3.852400,400.590000,119.790000,2.947300,275.200000,610405.866086,9.977718,10.140234,21.001708,93.736213,Inf,Inf,33.015133
06/22/2026 07:58:15,0.000000,0.000000,74.576748,73.986576,63.536939,74.392340,74.929006,76.606966,74.740554,74.678017,34.595469,29.340486,29.095621,28.703510,32.239401,28.853858,28.913558,28.870732,33.018113,36.303420,34.554654,33.862259,33.691727,34.233394,33.531743,32.949147,32.885916,33.356152,36.620602,33.348154,32.867310,33.746686,34.288759,32.610290,32.225719,32.783945,34.767264,78.636122,40.245714,30.880418,24.780936,22.977188,23.604010,32.414706,30.518454,30.943354,79.611896,42.593461,31.158456,22.906427,22.409207,22.642807,30.315641,30.091136,30.210610,33.907735,33.864979,26.772731,25.120888,33.390047,33.499783,24.672593,27.143755,31.554393,37.689081,29.238261,34.011024,31.037219,36.966335,36.845432,32.870864,28.821621,32.267854,31.187340,36.675250,30.517144,35.574476,29.184200,33.307702,30.551671,36.234559,31.177302,35.663976,29.221460,32.448987,30.890832,35.897189,32.470990,36.096858,31.143883,33.871965,31.695217,35.135588,84.170597,87.241060,134.276470,89.211925,135.579912,50.504994,42.304886,156.380708,120.850000,3.812200,395.790000,119.770000,2.921000,270.610000,610465.864765,9.983657,10.261695,20.896761,92.476755,Inf,Inf,33.008289
06/22/2026 07:59:15,0.000000,0.000000,74.575138,73.962128,63.620513,74.398387,74.926177,76.603722,74.756570,74.675442,34.646637,29.359370,29.132795,28.670165,32.277338,28.864681,28.938568,28.827041,33.037823,36.350938,34.572108,33.796654,33.670525,34.204216,33.544211,32.968291,32.874125,33.388355,36.660197,33.220389,32.786271,33.733689,34.284647,32.623070,32.230177,32.839532,34.683438,75.593339,39.196859,30.800920,24.700144,22.917778,23.515221,32.431068,30.506321,30.939910,77.656593,41.784090,31.134560,22.839810,22.347672,22.572768,30.276316,30.138066,30.232128,33.848354,33.894008,26.815784,25.003590,33.386842,33.475699,24.529293,26.829787,31.533937,37.667905,29.242758,34.016274,31.065661,36.956084,36.838223,32.891629,28.817028,32.276384,31.201228,36.685471,30.516743,35.568317,29.172548,33.304537,30.582816,36.235020,31.199154,35.660476,29.211245,32.447697,30.908157,35.894920,32.471380,36.098648,31.139891,33.874470,31.698621,35.144296,82.294061,85.608915,132.046224,87.093794,133.879472,50.416099,42.069770,154.622758,120.840000,3.799700,393.250000,119.760000,2.904600,268.700000,610525.861454,10.137140,10.470780,20.663780,91.703340,Inf,Inf,33.010717
06/22/2026 08:00:15,0.000000,0.000000,74.575815,73.983950,63.011304,74.406942,74.932615,76.611834,74.715820,74.664268,34.602553,29.326646,29.114340,28.659047,32.230210,28.860257,28.896953,28.793007,33.023877,36.312702,34.623403,33.844650,33.692324,34.242423,33.572957,32.928154,32.858552,33.335914,36.704876,33.176825,32.807431,33.726845,34.195254,32.696710,32.077553,32.812865,34.675464,69.865044,36.618913,30.984068,24.712652,22.768496,23.432080,32.465944,30.525666,30.874382,69.918957,42.399393,31.163263,22.743173,22.197612,22.447403,30.367430,30.131361,30.177724,33.807926,33.816928,26.724389,25.062287,33.398932,33.485566,24.555792,27.120229,31.549637,37.692759,29.234837,34.000629,31.046839,36.961728,36.840880,32.871624,28.800524,32.256402,31.188347,36.671184,30.520625,35.582811,29.192499,33.287975,30.571106,36.238643,31.196117,35.674082,29.228065,32.446234,30.898677,35.912073,32.471704,36.101386,31.160916,33.873192,31.722732,35.141247,72.773553,75.746220,132.581893,80.388201,133.660910,50.446431,41.884280,132.826194,120.960000,3.576300,366.260000,119.920000,2.716300,243.520000,610585.857565,10.504606,10.683801,20.479462,81.586137,Inf,Inf,33.011182
06/22/2026 08:01:15,0.000000,0.000000,74.572902,73.986110,63.589133,74.419347,74.925580,76.627578,74.743777,74.677437,34.631191,29.362572,29.137336,28.673165,32.308359,28.914076,28.902006,28.793600,33.042793,36.291256,34.613446,33.845823,33.653080,34.228505,33.621075,32.934968,32.866837,33.333085,36.563996,33.303758,32.754659,33.867316,34.422619,32.515395,32.111350,32.808394,34.670559,80.029733,40.346152,31.017677,24.724091,22.982548,23.572865,32.393561,30.491919,30.925497,80.951459,42.495033,31.157087,22.852161,22.333182,22.588320,30.279743,30.099129,30.217265,33.927240,33.887149,26.637778,24.980709,33.406326,33.492516,24.574429,27.085301,31.550883,37.678085,29.251248,34.015778,31.039317,36.955589,36.806524,32.885559,28.804692,32.267330,31.198400,36.678454,30.510120,35.603826,29.156076,33.317898,30.548527,36.269935,31.176815,35.686234,29.214876,32.471335,30.872982,35.909124,32.468742,36.123384,31.150970,33.886756,31.684217,35.151242,85.263722,88.710330,134.253982,90.412371,135.786902,50.437750,42.372478,156.497894,120.760000,3.843500,399.230000,119.740000,2.941100,273.300000,610645.855280,10.054071,10.193481,20.963606,92.528104,Inf,Inf,33.011164
06/22/2026 08:02:15,0.000000,0.000000,74.592831,74.025083,63.127092,74.442589,74.943316,76.660457,74.717422,74.705591,34.626391,29.359085,29.100394,28.709401,32.279092,28.899006,28.880677,28.875770,33.023315,36.327193,34.566056,33.871675,33.704254,34.222833,33.600282,33.001288,32.873431,33.337009,36.675436,33.149921,32.712332,33.779308,34.314702,32.601598,32.209179,32.806545,34.600842,78.811315,40.167987,30.791984,24.764958,22.999727,23.603653,32.428142,30.540830,30.939519,79.832601,42.370029,31.161335,22.900359,22.407952,22.625413,30.398196,30.173339,30.212569,33.875940,33.887830,26.865854,25.070064,33.360449,33.480851,24.598927,27.084046,31.510870,37.681705,29.213422,34.021819,31.032904,36.952320,36.822366,32.871247,28.801038,32.257906,31.198319,36.691032,30.489361,35.556162,29.183577,33.292862,30.563083,36.240788,31.169758,35.656297,29.245842,32.459960,30.900905,35.925359,32.479710,36.111059,31.145250,33.871585,31.689935,35.118805,84.562992,87.636305,134.185628,89.478768,135.540937,50.517614,42.375295,157.376950,120.780000,3.824300,396.750000,119.570000,2.926400,271.840000,610705.852789,9.825594,10.194945,20.966390,92.912472,Inf,Inf,33.005175
06/22/2026 08:03:15,0.000000,0.000000,74.617031,74.008702,63.793947,74.441021,74.945974,76.633598,74.741300,74.687214,34.641022,29.384498,29.111091,28.652440,32.286358,28.915214,28.922729,28.768818,33.006859,36.314347,34.624165,33.888695,33.712840,34.191466,33.623497,32.948951,32.907095,33.354658,36.723541,33.278230,32.816048,33.739893,34.004097,32.582139,32.361591,32.851254,34.489729,75.972419,39.139190,30.761819,24.695064,22.918516,23.498526,32.478989,30.544086,30.984145,77.874381,41.757386,31.125827,22.858816,22.322438,22.606273,30.398333,30.163595,30.190343,33.852913,33.849782,26.774417,25.068014,33.401066,33.484590,24.662659,27.370053,31.568978,37.671287,29.239035,33.983370,31.029961,36.956476,36.805429,32.848001,28.786188,32.233741,31.176347,36.658185,30.493714,35.572010,29.160835,33.282647,30.532779,36.235905,31.163507,35.680118,29.181957,32.446511,30.891551,35.893475,32.459253,36.099976,31.124295,33.882220,31.695704,35.124103,82.510337,85.840211,132.425694,87.368832,134.069543,50.445933,42.042190,154.709515,120.780000,3.799100,393.990000,119.620000,2.904600,268.840000,610765.849282,10.125416,10.489424,20.636403,91.741647,Inf,Inf,32.995919
06/22/2026 08:04:15,0.000000,0.000000,74.662475,73.988632,63.297920,74.417319,74.946788,76.622605,74.708611,74.667623,34.664066,29.317130,29.107053,28.621741,32.264643,28.869797,28.934797,28.828177,33.037063,36.309455,34.581109,33.833719,33.692496,34.191996,33.561778,32.951641,32.886490,33.370944,36.743741,33.294518,32.696648,34.086440,34.228481,32.541435,31.999229,32.851999,34.716281,68.876690,36.682920,30.966532,24.646244,22.758004,23.304577,32.433650,30.469238,30.914481,69.626964,43.018628,31.135317,22.724024,22.143520,22.422921,30.368501,30.159884,30.098363,33.823904,33.781082,26.698156,24.993929,33.414569,33.444781,24.572438,27.430686,31.590268,37.662353,29.274175,34.012663,31.045548,36.946735,36.831020,32.853268,28.811549,32.259895,31.193627,36.685465,30.502473,35.580274,29.153398,33.318341,30.556102,36.231282,31.184252,35.681735,29.239338,32.457477,30.902838,35.918423,32.472743,36.105093,31.139693,33.859581,31.707295,35.128101,72.769889,75.681817,132.374426,80.223813,133.458031,50.452093,42.059573,133.693434,120.930000,3.583600,366.740000,119.790000,2.725400,244.580000,610825.846161,10.312872,10.481657,20.653660,82.008948,Inf,Inf,33.010167
06/22/2026 08:05:15,0.000000,0.000000,74.646451,74.011924,63.711594,74.464712,74.934590,76.634462,74.721673,74.681953,34.653932,29.332362,29.081251,28.666768,32.281959,28.907680,28.911259,28.778762,33.047799,36.357331,34.546572,33.858106,33.655595,34.242114,33.556108,32.947301,32.895687,33.370361,36.880307,33.286825,32.763570,33.796284,34.303264,32.826709,32.216412,32.727954,34.750002,79.846021,39.858653,30.964452,24.714865,22.997956,23.597643,32.453312,30.553569,30.947707,80.836028,42.537573,31.139511,22.880648,22.365613,22.609535,30.301727,30.120456,30.142300,33.887207,33.870079,26.589327,25.070414,33.412335,33.490972,24.529015,26.875504,31.567503,37.658333,29.236221,34.002674,31.027947,36.966862,36.805476,32.889396,28.795158,32.268718,31.183303,36.693143,30.492824,35.590178,29.149350,33.304088,30.549383,36.242136,31.155074,35.677904,29.193555,32.451851,30.875621,35.915289,32.445576,36.123477,31.122546,33.870695,31.681914,35.136980,84.931763,88.364538,134.585121,90.209617,135.740073,50.397932,42.351307,154.931100,120.850000,3.840700,398.530000,119.620000,2.936100,272.160000,610885.843890,10.021777,10.196836,20.942675,91.839420,Inf,Inf,33.002439
06/22/2026 08:06:15,0.000000,0.000000,74.706306,73.987248,63.806903,74.442173,74.947970,76.617040,74.756607,74.674211,34.672179,29.321272,29.110304,28.676521,32.280561,28.879959,28.899645,28.803284,33.053637,36.338799,34.537314,33.826960,33.655977,34.175918,33.552094,32.955732,32.894081,33.379420,36.667670,33.329210,32.861254,33.811691,34.158437,32.616240,32.168077,32.841951,34.607776,78.697583,39.975686,30.869780,24.731096,22.973429,23.540717,32.413237,30.537039,31.027375,79.768400,42.481686,31.135091,22.901750,22.365573,22.652086,30.341806,30.183215,30.168058,33.885777,33.853685,26.767175,25.045077,33.425380,33.472474,24.595411,27.022195,31.566793,37.663374,29.240861,34.004204,31.041515,36.956444,36.819737,32.859268,28.786787,32.254735,31.163061,36.665404,30.504106,35.574364,29.159644,33.289015,30.562789,36.233401,31.195297,35.670067,29.217333,32.451099,30.879666,35.906909,32.452283,36.124925,31.111526,33.866632,31.667591,35.120510,84.567522,87.621285,134.271421,89.441764,135.524315,50.533924,42.334895,157.379701,120.670000,3.819100,396.350000,119.640000,2.929200,271.960000,610945.841693,9.943334,10.208645,20.926446,92.913673,Inf,Inf,33.000311
06/22/2026 08:07:15,0.000000,0.000000,74.700817,74.001207,63.476819,74.437029,74.962261,76.646480,74.733204,74.669821,34.631204,29.340732,29.114600,28.631582,32.248650,28.793982,28.855642,28.767309,33.036583,36.318716,34.599706,33.810209,33.648994,34.194240,33.551811,32.948335,32.844911,33.348941,36.564299,33.278734,32.817774,33.408020,34.165188,32.601656,32.269071,32.781914,34.552752,75.724069,39.346259,30.782083,24.701571,22.934446,23.536106,32.485170,30.468267,30.966215,77.629655,41.626241,31.151063,22.868512,22.369029,22.604432,30.310026,30.130055,30.201382,33.860357,33.890915,26.802398,24.943526,33.387171,33.477360,24.574378,27.053792,31.564004,37.679611,29.262600,33.994467,31.033078,36.944973,36.817267,32.854118,28.784742,32.238700,31.170619,36.661292,30.506204,35.575121,29.164024,33.284047,30.534630,36.224374,31.176855,35.662406,29.216757,32.447410,30.881815,35.897528,32.461544,36.114126,31.118036,33.872785,31.680892,35.137293,82.241374,85.531841,132.472782,87.108486,133.798468,50.431415,42.096380,154.002191,120.730000,3.794900,393.070000,119.590000,2.899800,268.190000,611005.839293,10.091898,10.460878,20.690185,91.428914,Inf,Inf,32.998711
06/22/2026 08:08:15,0.000000,0.000000,74.690416,74.021246,63.657671,74.440856,74.950034,76.654513,74.731672,74.694910,34.585571,29.364876,29.065596,28.658907,32.280794,28.893575,28.932002,28.864640,33.013973,36.280262,34.570043,33.928432,33.667313,34.216985,33.496357,32.993310,32.893326,33.416431,36.562041,33.354227,32.649632,33.809508,34.248133,32.697660,32.147537,32.845438,34.728809,68.856467,35.444108,30.899004,24.624989,22.674848,23.336546,32.437366,30.519763,30.992773,68.209246,41.220056,31.137616,22.695406,22.127531,22.377340,30.318288,30.111151,30.141912,33.797121,33.797585,26.749158,24.918308,33.394116,33.470977,24.583611,27.190112,31.564996,37.677059,29.251997,34.003178,31.042267,36.957633,36.822743,32.862289,28.807663,32.254308,31.188477,36.695385,30.517815,35.591980,29.185050,33.307660,30.569012,36.241882,31.169077,35.676161,29.218116,32.450546,30.882768,35.919736,32.454045,36.137392,31.119171,33.883213,31.702047,35.143272,70.450198,73.317293,132.482403,78.488783,133.440810,50.400751,41.661498,128.895776,120.880000,3.537600,360.370000,119.850000,2.677900,238.130000,611065.836424,10.641519,10.880131,20.257485,79.646712,Inf,Inf,33.009898
06/22/2026 08:09:15,0.000000,0.000000,74.680780,74.023867,63.566989,74.432066,74.944206,76.615391,74.749131,74.678989,34.641836,29.364354,29.146701,28.677094,32.337192,28.886777,28.908020,28.820581,33.039679,36.337736,34.620542,33.830639,33.650773,34.252386,33.557324,32.930735,32.849364,33.370720,36.446138,33.281407,32.904655,33.835059,34.393935,32.665436,32.137787,32.793457,34.627710,79.647056,39.596968,30.995355,24.650215,22.910348,23.522066,32.440535,30.498869,30.977737,80.826122,42.587819,31.143707,22.789394,22.254517,22.537026,30.322801,30.111713,30.143365,33.914909,33.884029,26.636872,24.927613,33.426905,33.480662,24.495804,26.884703,31.573559,37.675389,29.217752,33.974229,31.060001,36.947369,36.824128,32.855233,28.796568,32.241636,31.184253,36.661327,30.503120,35.562750,29.166220,33.289789,30.554652,36.233257,31.184904,35.664656,29.202519,32.431876,30.889356,35.883763,32.467737,36.098213,31.132769,33.845183,31.704878,35.120376,84.927399,88.379706,134.244839,90.039635,135.527392,50.389072,42.272353,155.300947,120.770000,3.837700,398.040000,119.620000,2.940100,272.500000,611125.832008,10.130788,10.279140,20.864567,92.002405,Inf,Inf,32.998249
06/22/2026 08:10:15,0.000000,0.000000,74.673791,73.995727,63.264844,74.430312,74.939496,76.604787,74.738345,74.658483,34.616536,29.333568,29.108328,28.657093,32.229596,28.853396,28.867284,28.841855,33.009439,36.261579,34.519376,33.866239,33.674834,34.222282,33.581171,32.945266,32.844816,33.346180,36.604033,33.231534,32.703501,33.996501,33.977410,32.502920,32.192810,32.811086,34.733128,78.116181,40.009214,30.967858,24.665964,22.885783,23.477969,32.436335,30.557061,31.098887,79.131562,42.257821,31.123280,22.801120,22.265980,22.535483,30.315026,30.129933,30.244055,33.880217,33.845912,26.649006,25.042926,33.391699,33.504545,24.547164,27.054667,31.590717,37.669871,29.236714,33.994957,31.059415,36.941038,36.853925,32.854056,28.829293,32.243115,31.204004,36.677692,30.539661,35.572933,29.196137,33.280490,30.581427,36.221658,31.191945,35.681041,29.242654,32.430535,30.911225,35.901069,32.480225,36.111852,31.158971,33.841033,31.722989,35.098055,83.789935,86.897233,133.712938,88.727537,135.120681,50.457987,42.174655,156.015231,120.620000,3.809800,394.330000,119.520000,2.913300,269.810000,611185.829431,10.200055,10.355477,20.767803,92.316444,Inf,Inf,33.010623
06/22/2026 08:11:15,0.000000,0.000000,74.644663,74.002524,63.795826,74.428238,74.906162,76.594287,74.734552,74.667366,34.600637,29.337208,29.077176,28.636163,32.190480,28.780718,28.828909,28.789204,32.984173,36.274489,34.530983,33.868944,33.669989,34.193916,33.474104,32.961262,32.789255,33.364415,36.764228,33.364859,32.807364,33.522902,34.311027,32.788690,32.213861,32.838346,34.714636,71.120217,39.340086,30.889487,24.623794,22.826511,23.368200,32.451002,30.561506,31.077052,74.150040,42.773541,31.122686,22.741801,22.201832,22.492426,30.258847,30.111209,30.156235,33.824711,33.848872,26.727935,25.026598,33.386590,33.489663,24.551863,26.961534,31.560195,37.671855,29.227566,33.949597,31.024138,36.950253,36.828180,32.845522,28.784147,32.242590,31.178970,36.671068,30.502680,35.561426,29.165274,33.275516,30.555935,36.219938,31.190659,35.651371,29.210553,32.431882,30.885737,35.871308,32.448111,36.096405,31.137633,33.847919,31.696486,35.112024,78.422644,81.648081,131.482094,83.847844,132.899068,50.413892,42.175335,147.934425,120.820000,3.733100,385.250000,119.630000,2.851900,261.420000,611245.826413,10.121011,10.354210,20.768476,88.705855,Inf,Inf,32.993165
06/22/2026 08:12:15,0.000000,0.000000,74.676814,73.989449,63.243066,74.418736,74.921589,76.613899,74.730253,74.640670,34.622719,29.357177,29.098932,28.659994,32.232934,28.813022,28.896569,28.802438,32.937840,36.290770,34.563271,33.839819,33.676833,34.200756,33.484617,32.936218,32.816580,33.326404,36.628590,33.254417,32.824757,33.538502,34.326611,32.867440,32.127025,32.809827,34.571287,78.512352,38.295255,31.053660,24.723652,22.964182,23.552851,32.419949,30.511227,30.879755,79.047594,42.297483,31.130909,22.874236,22.338706,22.589360,30.404697,30.122470,30.117120,33.880776,33.859286,26.680334,25.015824,33.392773,33.492291,24.455603,27.017925,31.562978,37.682571,29.231691,33.963218,31.041819,36.924456,36.821620,32.841598,28.794485,32.221417,31.184503,36.667635,30.489416,35.565078,29.178292,33.270711,30.546658,36.248323,31.153726,35.643060,29.224934,32.411082,30.874679,35.914353,32.452198,36.085828,31.139021,33.852863,31.691199,35.096123,82.060469,85.635065,134.432310,88.343959,135.862687,50.488635,42.230010,147.361606,121.430000,3.772500,390.310000,120.400000,2.871000,264.090000,611305.823913,10.231016,10.308265,20.822644,88.444963,Inf,Inf,32.992518
06/22/2026 08:13:15,0.000000,0.000000,74.671673,74.034629,63.259700,74.433892,74.925753,76.653469,74.712625,74.645015,34.650166,29.401272,29.149724,28.707898,32.261130,28.798911,28.858724,28.798943,32.967568,36.305765,34.622218,33.822665,33.680551,34.237759,33.520230,32.974967,32.850246,33.361826,36.934183,33.146300,32.842903,33.521093,34.329634,32.677934,32.016550,32.805721,34.698501,79.857328,39.963066,30.910049,24.760019,23.032874,23.621191,32.461574,30.553825,31.031263,80.735965,42.751253,31.104479,22.910401,22.383359,22.646106,30.355474,30.082341,30.130934,33.902528,33.876909,26.765523,25.055787,33.380480,33.472892,24.556003,27.026546,31.560440,37.671656,29.242976,34.001844,31.021767,36.959400,36.819126,32.872881,28.795093,32.268276,31.178849,36.702393,30.479411,35.600770,29.159100,33.288029,30.547983,36.259086,31.174807,35.680963,29.243913,32.450474,30.891601,35.939144,32.467310,36.093051,31.139606,33.886389,31.686522,35.147329,83.602666,88.167640,134.626093,90.278771,135.949591,50.540094,42.436477,149.433886,121.630000,3.847900,400.540000,120.310000,2.942700,273.230000,611365.821088,9.883207,10.077637,21.026842,89.385613,Inf,Inf,33.007673
06/22/2026 08:14:15,0.000000,0.000000,74.713260,74.023810,63.415346,74.473093,74.949302,76.658421,74.741225,74.660095,34.668682,29.406061,29.096974,28.691357,32.260652,28.919328,28.904599,28.844374,33.005238,36.265364,34.646501,33.827516,33.662307,34.224854,33.553918,32.940663,32.909718,33.355502,36.742080,33.343061,32.780609,33.908326,34.363760,32.686338,32.294870,32.871720,34.512815,78.052889,39.352206,30.874996,24.676395,22.893990,23.510696,32.443922,30.481760,30.836191,79.540274,41.996983,31.111521,22.821117,22.282151,22.541337,30.353387,30.126146,30.156906,33.903531,33.895027,26.654194,24.934497,33.403530,33.503491,24.502691,27.197283,31.567249,37.675758,29.259159,33.990430,31.048633,36.940066,36.823568,32.871121,28.794219,32.258013,31.188624,36.679840,30.490567,35.566665,29.149479,33.285553,30.552186,36.229331,31.169813,35.661926,29.231438,32.459384,30.891792,35.907001,32.451931,36.109342,31.133274,33.864693,31.680347,35.128327,84.388564,87.554327,133.163458,89.032986,134.774811,50.478660,42.197477,157.017461,121.640000,3.817900,396.710000,120.410000,2.926400,271.580000,611425.819381,10.084578,10.321103,20.790418,92.755460,Inf,Inf,33.001991
06/22/2026 08:15:15,0.000000,0.000000,74.697452,74.032094,63.541921,74.449385,74.934479,76.636882,74.747196,74.666912,34.630680,29.329502,29.067685,28.599426,32.266862,28.827857,28.864956,28.755209,33.000942,36.296501,34.612935,33.872346,33.690714,34.172017,33.517996,32.978511,32.850008,33.328708,36.653010,33.348703,32.769339,33.948578,34.174096,32.957406,32.069616,32.857845,34.573061,72.197805,39.221477,30.880162,24.615561,22.818714,23.365037,32.424285,30.499525,30.994624,74.194869,42.138740,31.111119,22.767371,22.217055,22.506299,30.270410,30.102750,30.148222,33.827386,33.842230,26.689086,25.027013,33.393222,33.470972,24.512895,27.298252,31.567290,37.663425,29.235561,33.974955,31.050034,36.940130,36.832175,32.848649,28.807806,32.236517,31.193387,36.660242,30.500689,35.556346,29.163202,33.276117,30.549407,36.232947,31.178354,35.676861,29.209008,32.430785,30.897481,35.882095,32.460724,36.095689,31.140478,33.855752,31.690534,35.117628,78.190647,81.391794,131.818247,83.791665,132.955556,50.440160,42.108811,146.128727,121.700000,3.713900,383.780000,120.650000,2.837000,259.630000,611485.815879,10.177645,10.408602,20.702517,87.881143,Inf,Inf,32.997476
06/22/2026 08:16:15,0.000000,0.000000,74.725024,74.043619,63.103457,74.444725,74.922217,76.644038,74.704642,74.639144,34.589892,29.305444,29.071725,28.632364,32.244091,28.859452,28.878619,28.782703,32.915614,36.319104,34.541978,33.873599,33.667539,34.226975,33.554701,32.940558,32.850413,33.349997,36.512686,33.366437,32.869609,33.700130,34.355404,32.669515,32.033203,32.789009,34.560276,78.984926,39.366151,31.003614,24.733391,22.990518,23.575822,32.435645,30.503330,30.980011,79.538478,42.470138,31.124050,22.916641,22.358116,22.636113,30.312552,30.139845,30.183087,33.921615,33.887087,26.618057,24.951677,33.426367,33.481457,24.530171,27.088574,31.586670,37.675578,29.242920,33.989378,31.004798,36.964232,36.808894,32.874602,28.780759,32.268322,31.160181,36.707299,30.479004,35.608784,29.146200,33.306282,30.539550,36.267210,31.146892,35.693850,29.205148,32.447844,30.848408,35.930763,32.432202,36.114461,31.106788,33.871520,31.676950,35.116523,82.840184,86.350885,134.767351,88.906276,135.940640,50.467472,42.223795,149.475160,121.670000,3.784300,392.160000,120.550000,2.886100,265.990000,611545.812618,10.187125,10.307561,20.816489,89.404260,Inf,Inf,33.000067
06/22/2026 08:17:15,0.000000,0.000000,74.698593,74.016320,63.307545,74.445238,74.914282,76.656354,74.713672,74.654514,34.609553,29.349293,29.118256,28.693807,32.240403,28.899919,28.924043,28.880771,32.980660,36.293568,34.522597,33.901445,33.700278,34.251703,33.537742,32.923142,32.910842,33.297973,36.848937,33.300639,32.699439,33.745559,34.308491,32.602935,32.278119,32.850091,34.575527,79.467272,39.741609,30.816700,24.736514,23.013813,23.603740,32.430008,30.549385,30.905701,79.942268,42.152564,31.137444,22.911737,22.383376,22.630881,30.346130,30.156895,30.229113,33.870661,33.885780,26.661867,24.997540,33.415045,33.507452,24.647204,27.043636,31.550310,37.685913,29.211871,33.965981,31.032115,36.943575,36.831853,32.830541,28.799898,32.224157,31.170760,36.656895,30.510689,35.572047,29.165472,33.290821,30.575744,36.239801,31.174112,35.663763,29.229273,32.440766,30.904206,35.895422,32.460319,36.107858,31.130444,33.852607,31.693616,35.114044,81.497830,86.579426,134.772611,89.777993,136.044194,50.506390,42.429388,142.857559,121.570000,3.831400,397.260000,120.580000,2.906000,267.900000,611605.809262,9.796860,10.117604,21.019840,86.369655,Inf,Inf,32.997496
06/22/2026 08:18:15,0.000000,0.000000,74.698778,74.024964,63.092698,74.457683,74.925874,76.651060,74.701608,74.658929,34.625709,29.380252,29.114428,28.685001,32.273001,28.955799,28.949197,28.868453,32.970177,36.338907,34.593767,33.822523,33.698174,34.246938,33.565011,32.995775,32.896240,33.343810,36.514932,33.172723,32.809941,33.654737,34.247027,32.445705,32.229447,32.827242,34.593987,78.406234,40.362671,30.864604,24.690442,22.886994,23.495840,32.477212,30.610945,31.078556,79.927105,42.454386,31.137881,22.787569,22.278041,22.558302,30.373373,30.196970,30.178247,33.891041,33.893321,26.766399,25.032001,33.420835,33.510577,24.509829,26.979141,31.567509,37.687949,29.244255,33.978265,31.030631,36.933255,36.825706,32.835478,28.776299,32.237997,31.168133,36.671378,30.490512,35.593196,29.166784,33.285019,30.547193,36.259780,31.165258,35.668517,29.206406,32.421518,30.872985,35.928171,32.440275,36.119870,31.113123,33.848951,31.675246,35.104631,84.809845,87.912835,133.461710,89.376347,134.892746,50.404019,42.238945,158.100297,121.780000,3.827900,397.660000,120.630000,2.932300,272.750000,611665.807487,10.033112,10.306389,20.831492,93.227679,Inf,Inf,32.995476
06/22/2026 08:19:15,0.000000,0.000000,74.705856,74.026972,63.297775,74.439384,74.924905,76.661476,74.707559,74.677135,34.625557,29.309633,29.057180,28.585255,32.218914,28.817256,28.863093,28.799298,32.950020,36.286961,34.622451,33.842701,33.624640,34.186326,33.525914,32.946425,32.860348,33.349706,36.898671,33.055505,32.643253,33.732527,34.223569,32.536512,32.237970,32.889556,34.617125,72.764548,38.913869,30.738328,24.606708,22.749332,23.321000,32.457517,30.477108,30.906950,74.606266,41.671541,31.115366,22.708436,22.167586,22.456845,30.330458,30.110890,30.216098,33.807074,33.850458,26.681727,24.922326,33.377669,33.478522,24.447101,26.896805,31.558007,37.671010,29.202628,33.984830,31.027416,36.942891,36.818025,32.853546,28.798444,32.235668,31.164910,36.704788,30.483606,35.582343,29.155171,33.278338,30.560548,36.238799,31.165083,35.672729,29.224473,32.439537,30.876534,35.904239,32.453605,36.118811,31.119632,33.860745,31.678614,35.114632,78.753212,81.971330,131.503659,84.136838,132.959809,50.412695,42.025097,147.185665,121.740000,3.723600,385.150000,120.620000,2.841000,260.830000,611725.805172,10.118897,10.495935,20.619431,88.364695,Inf,Inf,32.996320
06/22/2026 08:20:15,0.000000,0.000000,74.747413,74.052493,63.133011,74.495717,74.941922,76.681830,74.708770,74.665247,34.632459,29.346008,29.048062,28.640276,32.222169,28.819627,28.882443,28.816864,32.961827,36.325280,34.611609,33.800655,33.611899,34.255262,33.616699,32.970597,32.840635,33.396653,36.675097,33.113581,32.652210,33.871142,34.245824,32.751376,32.108548,32.758016,34.742730,78.299844,38.901728,30.931513,24.711596,22.967793,23.604842,32.459572,30.525522,30.927525,78.894213,42.424106,31.136677,22.870178,22.331115,22.593876,30.328059,30.131472,30.205920,33.863545,33.857486,26.595421,24.948868,33.397364,33.486220,24.409651,27.088195,31.557334,37.667691,29.238082,33.983506,31.032771,36.957938,36.828689,32.848702,28.783769,32.239274,31.165402,36.663135,30.483100,35.599121,29.146438,33.278524,30.545136,36.238879,31.169619,35.644757,29.234671,32.429245,30.870037,35.919927,32.447564,36.094094,31.146448,33.845027,31.666854,35.109136,81.962999,85.428503,134.433084,88.139704,135.929000,50.511428,42.285560,147.454675,121.720000,3.768100,389.710000,120.550000,2.869600,263.610000,611785.801897,10.053875,10.259039,20.877638,88.487398,Inf,Inf,32.994496
06/22/2026 08:21:15,0.000000,0.000000,74.758131,74.053494,63.695027,74.482261,74.939456,76.689066,74.736975,74.675283,34.626628,29.411057,29.124273,28.680761,32.195800,28.842264,28.844111,28.779423,32.961318,36.381435,34.595131,33.849387,33.668637,34.223635,33.543439,32.957295,32.899978,33.370206,36.558042,33.341325,32.798877,33.736954,34.129455,32.493797,32.217582,32.775369,34.568405,79.387150,39.430933,30.827544,24.757808,23.050377,23.624075,32.480007,30.541987,31.005788,79.705203,42.056574,31.098495,22.932171,22.402390,22.693824,30.311540,30.134425,30.185246,33.918437,33.872278,26.711276,24.945202,33.419937,33.517675,24.614988,27.254616,31.566527,37.679462,29.253530,33.963790,31.011200,36.923256,36.800581,32.838684,28.763901,32.206457,31.159719,36.656674,30.474808,35.575370,29.146742,33.257052,30.529394,36.222636,31.137230,35.637844,29.208087,32.412518,30.885047,35.876380,32.444753,36.096004,31.105592,33.835729,31.663318,35.095420,80.758860,85.935080,134.695321,89.589656,135.856457,50.575973,42.419288,141.080672,121.630000,3.823100,396.070000,120.450000,2.895100,265.770000,611845.799357,9.817681,10.088632,21.009863,85.538954,Inf,Inf,32.980924
06/22/2026 08:22:15,0.000000,0.000000,74.793390,74.068485,63.716196,74.517852,74.937433,76.691683,74.739049,74.686654,34.605805,29.415990,29.120733,28.712800,32.246442,28.963966,28.918378,28.885366,32.993797,36.364642,34.559666,33.848859,33.628135,34.222663,33.534322,32.953505,32.819216,33.371250,36.697145,33.344590,32.754124,33.826817,34.324014,32.638948,32.065432,32.786081,34.529847,78.360923,39.792650,30.766694,24.662435,22.867906,23.449228,32.427368,30.491025,30.892591,79.843814,42.371653,31.116773,22.799505,22.257836,22.506268,30.348388,30.168300,30.131299,33.886462,33.904257,26.693861,24.839725,33.407161,33.480911,24.488894,27.089114,31.560923,37.685835,29.236323,33.972360,31.006433,36.941084,36.796087,32.851507,28.791937,32.225313,31.165679,36.686319,30.488179,35.589105,29.118148,33.279225,30.527118,36.236483,31.141809,35.687021,29.198719,32.439653,30.856033,35.902023,32.446486,36.112067,31.121757,33.860819,31.651958,35.104952,84.765462,87.898310,133.592758,89.383033,134.817686,50.460375,42.256134,158.138496,121.580000,3.822200,397.580000,120.460000,2.930900,272.640000,611905.796533,9.918182,10.268261,20.848512,93.244297,Inf,Inf,32.989379
06/22/2026 08:23:14,0.000000,0.000000,74.856709,74.083231,63.108459,74.523269,74.948338,76.671792,74.734423,74.663857,34.644420,29.300500,29.096220,28.614439,32.234669,28.812531,28.871384,28.862016,32.992483,36.324378,34.576101,33.832669,33.642144,34.242432,33.521732,32.965356,32.891655,33.330785,36.454602,33.205471,32.768299,33.659777,34.151307,32.556170,32.238525,32.800743,34.502328,73.008132,38.686694,30.792357,24.594802,22.812713,23.371518,32.466307,30.513104,31.036588,74.759195,41.745815,31.088454,22.748605,22.198426,22.497541,30.298702,30.097476,30.121995,33.831902,33.796996,26.634194,25.059965,33.421507,33.470377,24.496184,27.061101,31.558820,37.681540,29.219946,33.972998,31.038713,36.937739,36.820758,32.839842,28.766848,32.220504,31.172449,36.681975,30.497621,35.584755,29.151398,33.268357,30.532264,36.233752,31.180946,35.658748,29.245187,32.430392,30.889699,35.892077,32.445838,36.111993,31.121237,33.854095,31.685752,35.133707,78.941188,82.192572,131.681384,84.383013,133.095686,50.438651,42.092495,147.683382,121.580000,3.733100,385.730000,120.490000,2.847400,261.250000,611965.791957,10.106026,10.402123,20.686331,88.591600,Inf,Inf,32.994332
06/22/2026 08:24:14,0.000000,0.000000,74.874204,74.104970,63.423880,74.531804,74.952645,76.682414,74.744836,74.687792,34.583035,29.344488,29.087133,28.628562,32.219386,28.863680,28.893819,28.819764,32.960312,36.321115,34.579042,33.830295,33.683741,34.204108,33.555621,32.981933,32.914343,33.374788,36.617036,33.363235,32.764316,33.753508,34.218350,32.719405,32.134863,32.734953,34.534735,78.683371,38.939977,30.904188,24.686243,22.950466,23.571786,32.395603,30.489062,31.051831,79.333904,42.677101,31.120799,22.894994,22.336138,22.606519,30.312993,30.129666,30.138137,33.898601,33.845215,26.513372,24.896852,33.401244,33.505648,24.542010,27.080023,31.583932,37.669769,29.230367,33.971585,31.020361,36.936330,36.822486,32.850027,28.783760,32.217961,31.160099,36.681048,30.490892,35.569204,29.163035,33.279506,30.549241,36.232908,31.180096,35.665794,29.202772,32.431684,30.875478,35.896546,32.445878,36.132402,31.122615,33.846863,31.672260,35.110526,82.507145,85.991630,134.637047,88.642874,135.859851,50.503022,42.240596,148.444766,121.630000,3.780500,391.280000,120.500000,2.881700,265.030000,612025.789849,10.071061,10.287672,20.833127,88.937724,Inf,Inf,32.993181
06/22/2026 08:25:14,0.000000,0.000000,74.852387,74.072561,63.072802,74.535931,74.946632,76.695805,74.704858,74.646545,34.588945,29.356227,29.097982,28.649426,32.203261,28.885879,28.926319,28.910259,32.936004,36.322586,34.581847,33.865713,33.676084,34.223531,33.476037,32.955195,32.882155,33.361724,36.739427,33.286186,32.847225,33.707526,34.301108,32.603542,32.309854,32.824004,34.597855,79.167012,39.038477,30.829875,24.709047,23.020364,23.561151,32.456662,30.476250,30.926496,79.374140,41.876813,31.116630,22.917245,22.365850,22.649225,30.366153,30.141142,30.204445,33.897154,33.864151,26.660210,25.098655,33.397733,33.502137,24.538473,27.238087,31.560284,37.667965,29.234345,33.998819,31.019622,36.940020,36.798447,32.855656,28.770671,32.250448,31.148074,36.693398,30.471686,35.593092,29.108640,33.285750,30.510040,36.277496,31.139866,35.691894,29.221020,32.449883,30.891544,35.943516,32.426773,36.126962,31.119814,33.863371,31.666547,35.116811,79.883294,85.249110,134.903196,89.519838,135.991838,50.569427,42.337808,139.302814,121.550000,3.807400,393.560000,120.480000,2.877600,263.040000,612085.787514,9.900548,10.187303,20.929327,84.700813,Inf,Inf,32.994748
06/22/2026 08:26:14,0.000000,0.000000,74.871477,74.092938,63.679734,74.542984,74.935938,76.664055,74.722672,74.659288,34.581662,29.401977,29.133480,28.692141,32.199585,28.894239,28.909655,28.872628,32.938041,36.279017,34.578112,33.875810,33.652872,34.202111,33.578942,32.939034,32.877598,33.353615,36.667636,33.202974,32.761591,33.842711,34.084684,32.688664,32.117705,32.750714,34.739881,78.631163,40.277524,30.832382,24.650797,22.845043,23.451583,32.419474,30.522785,30.919621,80.135951,42.574021,31.105313,22.805011,22.235527,22.524318,30.264252,30.126240,30.172603,33.933817,33.888841,26.717218,24.946347,33.420185,33.478829,24.439355,27.170349,31.554636,37.661038,29.229583,33.930381,31.022676,36.931551,36.813488,32.834759,28.793869,32.211945,31.169225,36.648019,30.490160,35.557842,29.146736,33.264602,30.535628,36.222663,31.159537,35.626520,29.220326,32.429174,30.901976,35.890991,32.468769,36.102673,31.131910,33.843015,31.674191,35.097817,85.130771,88.201296,133.568314,89.636085,135.121693,50.477153,42.153872,158.290805,121.460000,3.833000,398.230000,120.550000,2.935200,272.980000,612145.784786,10.085180,10.358111,20.747202,93.310534,Inf,Inf,32.985523
06/22/2026 08:27:14,0.000000,0.000000,74.892753,74.123113,63.479938,74.570885,74.952421,76.671230,74.738122,74.662485,34.620776,29.358346,29.087166,28.639989,32.241016,28.820679,28.888245,28.841403,32.979460,36.307868,34.626100,33.818132,33.651589,34.236779,33.605152,32.963931,32.857300,33.344882,36.761591,33.279563,32.713220,33.562561,34.275646,32.766136,32.121988,32.823468,34.647893,73.664705,38.734070,30.844204,24.590227,22.768236,23.323770,32.431798,30.413895,30.908382,75.346004,41.534423,31.118357,22.690375,22.158698,22.447062,30.229349,30.070416,30.083790,33.837809,33.814361,26.757547,24.935911,33.411598,33.459136,24.360880,27.171130,31.544278,37.672859,29.236608,33.955210,31.027543,36.920901,36.830373,32.831721,28.784575,32.226501,31.176226,36.670127,30.499504,35.578208,29.148939,33.269018,30.552092,36.244507,31.170383,35.662834,29.221648,32.412253,30.876546,35.903365,32.446055,36.105923,31.109336,33.853464,31.668191,35.086082,79.622725,82.848115,131.643555,84.835224,133.213131,50.435177,41.953523,148.750194,121.790000,3.737600,386.870000,120.630000,2.851300,262.330000,612205.781776,10.295883,10.570036,20.548321,89.076239,Inf,Inf,32.989509
06/22/2026 08:28:14,0.000000,0.000000,74.853494,74.095659,63.581877,74.548503,74.960464,76.700335,74.733371,74.671256,34.652878,29.330857,29.089113,28.663659,32.229915,28.844793,28.863233,28.810591,32.980066,36.352296,34.537089,33.877214,33.678261,34.214167,33.554928,32.951455,32.868792,33.322598,36.729225,33.330152,32.833436,33.607140,34.266928,32.572847,32.093479,32.778087,34.788477,78.134123,38.814879,31.010028,24.675026,22.901135,23.556751,32.405583,30.528924,30.867348,78.596446,42.533039,31.110248,22.822526,22.282068,22.548428,30.314969,30.118083,30.164447,33.883512,33.869780,26.607345,24.937883,33.391785,33.483307,24.353900,26.953511,31.541055,37.654194,29.209296,33.970337,31.034259,36.947030,36.824483,32.858258,28.820125,32.210921,31.194935,36.670702,30.502757,35.586759,29.146521,33.270164,30.568842,36.228007,31.174273,35.655878,29.228918,32.440411,30.908446,35.912037,32.475226,36.112888,31.147092,33.863792,31.689690,35.118561,81.777477,85.230849,134.585475,87.982610,135.905475,50.548612,42.049279,147.094377,121.700000,3.763600,388.360000,120.660000,2.862600,263.080000,612265.778069,10.366587,10.466807,20.643441,88.323022,Inf,Inf,32.998862
06/22/2026 08:29:14,0.000000,0.000000,74.834109,74.098668,63.773292,74.583655,74.960116,76.699145,74.740816,74.687153,34.627419,29.402041,29.118378,28.694571,32.179760,28.885962,28.896167,28.894383,32.972336,36.298560,34.595478,33.924407,33.699262,34.200090,33.510872,32.950043,32.912945,33.370725,36.858108,33.277857,32.778404,33.870158,34.195129,32.736606,32.270068,32.882060,34.542655,77.847493,36.841160,30.790348,24.719636,23.024246,23.585688,32.451671,30.520725,31.064450,77.709428,40.539037,31.126848,22.914076,22.389071,22.670197,30.300974,30.192665,30.235461,33.914282,33.867229,26.783482,25.069932,33.416745,33.491827,24.486016,27.080571,31.565321,37.661914,29.253215,33.948393,31.006441,36.934456,36.798869,32.852968,28.784034,32.232002,31.163020,36.659085,30.470105,35.552528,29.137465,33.265586,30.516558,36.213967,31.161033,35.656651,29.219438,32.439853,30.892713,35.904816,32.441285,36.117001,31.123603,33.868980,31.661483,35.107781,76.526672,81.820777,134.716081,87.763042,135.956155,50.581625,42.283035,132.631964,121.670000,3.737900,383.940000,120.440000,2.814000,254.810000,612325.776339,9.915209,10.251709,20.875139,81.491193,Inf,Inf,32.987019
06/22/2026 08:30:14,0.000000,0.000000,74.847559,74.107901,63.545462,74.592697,74.954370,76.692988,74.741956,74.691673,34.615442,29.398473,29.122839,28.689913,32.248089,28.905840,28.935783,28.916601,32.972336,36.345926,34.557324,33.864712,33.661314,34.222975,33.641381,32.961070,32.850167,33.380853,36.552271,33.411510,32.792686,33.903958,34.150795,32.785127,32.287693,32.771177,34.716381,79.027968,40.217005,30.865190,24.653454,22.871460,23.505494,32.443650,30.530963,31.006388,80.435146,42.704340,31.136895,22.819747,22.257658,22.523577,30.350440,30.124326,30.159544,33.894170,33.884789,26.655509,25.052100,33.415917,33.522540,24.410886,27.273989,31.573379,37.694656,29.238089,33.949649,31.014386,36.927746,36.792552,32.832393,28.788818,32.207950,31.171017,36.670988,30.467832,35.568879,29.125210,33.253821,30.539970,36.231644,31.160555,35.644645,29.226530,32.396658,30.893393,35.901063,32.436625,36.113427,31.141841,33.845823,31.670771,35.097074,85.312062,88.398782,133.998752,89.866048,135.354720,50.456462,42.226611,159.054294,121.550000,3.833600,398.770000,120.390000,2.940200,273.640000,612385.773881,10.045912,10.317617,20.819278,93.641918,Inf,Inf,32.985913
06/22/2026 08:31:14,0.000000,0.000000,74.836055,74.112032,63.204464,74.582065,74.964442,76.681961,74.723468,74.683749,34.627512,29.346386,29.064052,28.616738,32.226728,28.818845,28.883182,28.827864,32.982208,36.309276,34.542332,33.854496,33.710167,34.224747,33.536589,32.964221,32.870478,33.362939,36.979966,33.281180,32.862588,33.577187,34.375465,32.536183,32.175872,32.863077,34.567191,74.975035,39.455624,30.876117,24.620051,22.817832,23.389717,32.435890,30.480398,30.949157,76.553784,41.510452,31.130700,22.739103,22.183007,22.460155,30.319484,30.104520,30.104074,33.866006,33.871511,26.615342,25.022922,33.380717,33.486901,24.404071,27.036213,31.581666,37.683872,29.233896,33.935506,31.022473,36.918522,36.838918,32.818078,28.780700,32.203974,31.175501,36.649000,30.502737,35.573003,29.152888,33.259621,30.547569,36.227115,31.193872,35.666491,29.223991,32.411031,30.883166,35.913044,32.452662,36.119081,31.127033,33.834266,31.695261,35.087751,80.960106,84.179772,131.992884,85.951992,133.640643,50.420899,41.996545,151.532224,121.610000,3.765000,389.900000,120.460000,2.877700,265.450000,612445.769263,10.285045,10.539628,20.591072,90.329262,Inf,Inf,32.990423
06/22/2026 08:32:14,0.000000,0.000000,74.817333,74.117397,63.315266,74.600081,74.944854,76.694874,74.726568,74.676707,34.597841,29.272403,29.024852,28.621627,32.194226,28.862546,28.893168,28.840080,32.945363,36.324380,34.573441,33.887780,33.648856,34.241593,33.537648,33.019513,32.841346,33.394253,36.562964,33.267172,32.692333,33.670066,34.170468,32.598942,32.068242,32.779552,34.736712,78.114460,39.081949,30.967818,24.715586,22.985233,23.581605,32.461851,30.568811,31.031986,78.690429,42.651831,31.150445,22.910920,22.374669,22.652213,30.315187,30.145922,30.178465,33.870389,33.851668,26.567228,24.962399,33.403693,33.460562,24.503303,26.859061,31.557341,37.679188,29.230061,33.941413,31.029293,36.911136,36.825921,32.833026,28.778300,32.220033,31.171086,36.657317,30.475902,35.582661,29.147985,33.266290,30.529745,36.233079,31.173585,35.661970,29.223900,32.414054,30.872028,35.921020,32.445548,36.102020,31.127689,33.843819,31.685244,35.105270,81.997053,85.386476,134.512282,88.110705,135.862391,50.496529,42.388114,147.978450,121.470000,3.763200,389.500000,120.520000,2.872800,263.960000,612505.767396,9.988758,10.171385,20.979060,88.725878,Inf,Inf,32.988197
06/22/2026 08:33:14,0.000000,0.000000,74.873544,74.108538,63.757172,74.590088,74.953451,76.646541,74.750072,74.660492,34.602094,29.343578,29.102281,28.690275,32.232432,28.816088,28.868694,28.803561,32.967851,36.240526,34.638471,33.814006,33.641244,34.202474,33.612781,32.932446,32.837802,33.363609,36.735551,33.136528,32.853918,33.875857,34.147562,32.628025,32.226294,32.798748,34.605484,74.027937,33.639176,30.598526,24.753824,22.938379,23.542043,32.417223,30.486208,30.874320,73.417419,37.556820,31.111407,22.895407,22.367797,22.618444,30.308356,30.115695,30.187915,33.822518,33.841628,26.645590,25.007940,33.387608,33.472911,24.522009,27.040721,31.547848,37.649884,29.210745,33.942199,31.007801,36.898206,36.825139,32.832240,28.768589,32.213832,31.167550,36.658631,30.493718,35.566253,29.157708,33.261757,30.551049,36.237709,31.166214,35.641576,29.193111,32.413596,30.873275,35.886827,32.444124,36.105765,31.107840,33.837847,31.677916,35.098421,72.100922,75.601171,134.287305,81.924522,135.362820,50.506824,41.829799,124.985267,121.570000,3.600300,366.970000,120.650000,2.703700,239.970000,612565.765185,10.173287,10.686168,20.425239,77.678033,Inf,Inf,32.981246
06/22/2026 08:34:14,0.000000,0.000000,74.823113,74.129100,63.489855,74.617682,74.942171,76.652569,74.734850,74.676961,34.619355,29.390366,29.077262,28.693310,32.262600,28.877117,28.884947,28.828737,32.902461,36.305564,34.570555,33.891627,33.645597,34.234343,33.568110,32.977538,32.827472,33.367948,36.684122,33.277301,32.823038,33.800611,34.237465,32.584684,31.998241,32.795434,34.623029,79.978771,40.198425,30.786676,24.717984,23.016767,23.608282,32.443861,30.552568,31.026866,81.206662,43.092024,31.111424,22.917835,22.369538,22.656050,30.394780,30.167548,30.171561,33.944323,33.872729,26.681349,25.024829,33.416378,33.470136,24.521899,27.363359,31.585021,37.682781,29.245730,33.952425,31.007369,36.934051,36.817232,32.859418,28.768645,32.225429,31.147972,36.666888,30.491337,35.574078,29.137369,33.267268,30.534736,36.254281,31.160614,35.656489,29.198311,32.429014,30.879693,35.912250,32.446972,36.109499,31.120956,33.848335,31.689775,35.090271,85.158732,88.962695,134.822588,90.745129,136.066077,50.447449,42.356746,155.140869,121.490000,3.852700,400.820000,120.430000,2.954500,275.010000,612625.762174,9.838623,10.163371,20.948053,91.931894,Inf,Inf,32.989807
06/22/2026 08:35:14,0.000000,0.000000,74.870425,74.135860,63.194335,74.602023,74.950597,76.662242,74.742481,74.665999,34.659252,29.380080,29.128083,28.698856,32.209397,28.850542,28.881978,28.861903,32.956225,36.288271,34.588273,33.869172,33.687094,34.183934,33.478971,32.949684,32.802185,33.344900,36.708957,33.323128,32.783288,33.679191,34.196454,32.835755,32.359403,32.813499,34.664563,76.792030,39.113825,30.824881,24.589390,22.757087,23.356604,32.448830,30.575375,31.021369,78.591660,42.243339,31.093398,22.713233,22.135054,22.417596,30.347161,30.169182,30.177206,33.884232,33.868087,26.708846,24.948569,33.394401,33.469485,24.383392,27.311032,31.561774,37.670769,29.243865,33.931450,30.993002,36.914481,36.805929,32.827607,28.760817,32.218333,31.154679,36.664258,30.473088,35.566127,29.139882,33.258218,30.526551,36.228766,31.163006,35.643666,29.241601,32.404128,30.884433,35.901016,32.450813,36.091950,31.111317,33.833791,31.652909,35.070873,83.460699,86.556058,132.773509,87.892857,134.142289,50.365884,41.939927,156.074957,121.530000,3.802300,394.460000,120.380000,2.909800,269.520000,612685.758060,10.290076,10.558593,20.534805,92.342659,Inf,Inf,32.979637
06/22/2026 08:36:14,0.000000,0.000000,74.845802,74.124324,63.488444,74.577663,74.933428,76.635833,74.745637,74.675494,34.608182,29.357280,29.108848,28.641332,32.211208,28.806407,28.832288,28.758230,32.984176,36.278477,34.576240,33.904281,33.689790,34.221693,33.525447,32.941067,32.832531,33.352121,36.838258,33.239253,32.909651,33.885341,34.224509,32.688221,32.205616,32.711829,34.611042,77.072402,38.720786,30.956017,24.698204,22.917179,23.545617,32.431004,30.556623,30.954533,77.947439,42.911886,31.137381,22.824718,22.339984,22.559702,30.288733,30.096078,30.166960,33.845608,33.886606,26.668059,24.921502,33.365742,33.502581,24.313340,27.366670,31.537535,37.719644,29.204435,33.936767,31.005468,36.925529,36.816759,32.852718,28.758353,32.209208,31.146878,36.677756,30.467964,35.567237,29.121842,33.268240,30.508969,36.232558,31.153009,35.648320,29.212389,32.431488,30.856158,35.920749,32.426148,36.131609,31.117807,33.833372,31.673872,35.089519,81.371505,84.568534,134.458895,87.262842,135.407818,50.460815,42.159505,148.629932,121.660000,3.753200,387.800000,120.410000,2.863300,263.100000,612745.756620,10.203231,10.384595,20.752786,89.021722,Inf,Inf,32.981743
06/22/2026 08:37:14,0.000000,0.000000,74.910154,74.133765,63.699664,74.614640,74.963209,76.663868,74.774164,74.676135,34.633667,29.412335,29.127782,28.672135,32.265509,28.802410,28.866004,28.800870,33.008824,36.233518,34.628344,33.877657,33.694249,34.222598,33.606993,32.958216,32.885663,33.339459,36.842904,33.373227,33.003580,33.787333,34.344911,32.742157,32.300530,32.824913,34.789502,70.280444,35.325599,30.841340,24.666736,22.708600,23.406782,32.462621,30.553983,31.053410,69.733553,41.014147,31.072401,22.705558,22.162417,22.433292,30.305707,30.118318,30.215055,33.807812,33.849384,26.806182,24.992011,33.397114,33.488635,24.511445,27.246493,31.544166,37.677610,29.220440,33.937721,30.998850,36.922056,36.823336,32.838876,28.763202,32.236870,31.135367,36.667239,30.456924,35.552274,29.136610,33.251847,30.520161,36.240075,31.148989,35.659056,29.186177,32.423584,30.868685,35.908397,32.426197,36.123630,31.100864,33.848300,31.672811,35.094670,72.010020,74.740122,133.029675,79.980305,134.078123,50.503992,41.599830,131.435665,121.760000,3.549900,361.740000,120.540000,2.696200,240.240000,612805.753162,10.645417,10.876478,20.195923,80.904379,Inf,Inf,32.979499
06/22/2026 08:38:14,0.000000,0.000000,74.855799,74.151243,63.373104,74.643907,74.958670,76.689692,74.743439,74.693579,34.652539,29.435768,29.089218,28.684085,32.244946,28.878154,28.898327,28.805089,32.961945,36.350187,34.607290,33.847810,33.697706,34.240256,33.580100,32.965532,32.830890,33.331375,36.847685,33.225615,32.849249,33.693559,34.539195,32.524618,32.217219,32.798572,34.559170,80.041831,39.709782,30.943173,24.672495,22.976137,23.560784,32.429607,30.483908,30.913838,81.205137,42.800654,31.099356,22.851014,22.301354,22.598197,30.383171,30.129372,30.142300,33.938268,33.901110,26.755473,24.950380,33.405974,33.481945,24.494859,26.875162,31.552459,37.687604,29.217146,33.948522,30.989637,36.897870,36.795544,32.835844,28.761497,32.219430,31.133944,36.669009,30.448009,35.543412,29.117337,33.250421,30.524079,36.233535,31.151319,35.643106,29.194205,32.419580,30.888200,35.932664,32.426549,36.107790,31.104531,33.846890,31.658922,35.071537,85.323916,88.881316,134.634505,90.586343,136.072081,50.516364,42.381025,156.201207,121.620000,3.847100,399.740000,120.340000,2.946700,274.150000,612865.749095,9.971119,10.127302,20.972054,92.398051,Inf,Inf,32.975686
06/22/2026 08:39:14,0.000000,0.000000,74.880629,74.145228,63.509613,74.646389,74.962841,76.690481,74.761932,74.684607,34.653654,29.363302,29.117994,28.696256,32.190785,28.839021,28.874308,28.781068,32.933276,36.233099,34.559604,33.851487,33.650307,34.220408,33.527752,32.915367,32.916237,33.350465,36.718481,33.300699,32.904667,33.824413,34.452075,32.621420,32.117259,32.746266,34.743429,76.688479,39.370243,30.932438,24.544834,22.739353,23.317535,32.485215,30.505753,30.916628,78.317769,41.860045,31.071518,22.664323,22.106705,22.399120,30.215568,30.088919,30.167827,33.884214,33.887580,26.721310,24.944029,33.369454,33.462756,24.413762,26.689600,31.553183,37.643244,29.219208,33.921560,30.995553,36.897992,36.826672,32.830669,28.765228,32.202192,31.150101,36.672355,30.460295,35.564487,29.121488,33.228337,30.504158,36.227500,31.148810,35.642912,29.198470,32.394474,30.869174,35.888508,32.427575,36.101754,31.105587,33.829888,31.645429,35.080721,83.243684,86.391397,132.570657,87.723871,134.035070,50.460548,41.977317,155.860008,121.650000,3.794100,394.860000,120.550000,2.910200,269.760000,612925.746135,10.360470,10.499550,20.571968,92.248281,Inf,Inf,32.970584
06/22/2026 08:40:14,0.000000,0.000000,74.894747,74.113692,63.329073,74.640019,74.964922,76.687078,74.748501,74.663146,34.593288,29.356579,29.105471,28.664822,32.192363,28.800005,28.839947,28.719937,32.895454,36.279108,34.539606,33.882812,33.681195,34.221981,33.464660,32.930473,32.854576,33.328830,36.645608,33.356823,32.790516,33.848062,34.445976,32.784291,32.115562,32.851728,34.530577,77.059453,38.945966,31.014959,24.682319,22.884684,23.486599,32.476042,30.507259,30.916191,77.675027,42.777503,31.076053,22.820402,22.273274,22.529324,30.312024,30.071541,30.145545,33.890439,33.841478,26.684755,24.998534,33.405369,33.464459,24.339386,26.776287,31.543845,37.672872,29.217888,33.948890,31.010505,36.914161,36.801942,32.828491,28.770627,32.223897,31.160251,36.656124,30.472918,35.570832,29.113873,33.257191,30.511258,36.236147,31.150828,35.656788,29.228942,32.408407,30.878947,35.913280,32.459571,36.094904,31.120528,33.820254,31.678532,35.103910,81.188876,84.417740,134.168237,87.137089,135.465507,50.541645,42.118134,147.910308,121.670000,3.746600,387.620000,120.610000,2.858100,262.420000,612985.743072,10.303195,10.364289,20.711764,88.694885,Inf,Inf,32.980887
06/22/2026 08:41:14,0.000000,0.000000,74.919895,74.129138,63.438506,74.614138,74.980449,76.676014,74.783515,74.669007,34.683649,29.349306,29.122730,28.664374,32.214165,28.813833,28.889901,28.827891,32.980229,36.303321,34.634853,33.815314,33.703845,34.209996,33.587700,32.927350,32.884675,33.319365,36.565378,33.429999,33.006083,33.971000,34.285279,32.657502,32.185417,32.797919,34.771445,71.362177,33.958535,30.883822,24.696808,22.779519,23.495419,32.492362,30.528515,30.886087,70.445832,39.241455,31.073021,22.798974,22.228286,22.490176,30.378748,30.137274,30.113201,33.827139,33.818474,26.766598,24.991290,33.388400,33.478145,24.362575,27.004827,31.537884,37.680659,29.204338,33.944057,30.992286,36.922617,36.786410,32.826665,28.725965,32.221159,31.132555,36.678541,30.437108,35.572011,29.091951,33.248237,30.505843,36.234708,31.135567,35.664612,29.194001,32.422491,30.857935,35.923844,32.419470,36.143501,31.107494,33.839890,31.634524,35.105337,70.612592,73.564673,133.316342,79.445542,134.402834,50.528194,41.569918,126.658240,121.770000,3.531600,359.600000,120.850000,2.666300,235.230000,613045.741562,10.717778,10.906977,20.166044,78.525154,Inf,Inf,32.973055
06/22/2026 08:42:14,0.000000,0.000000,74.942666,74.126983,63.831919,74.642200,74.970904,76.698528,74.787824,74.688106,34.649233,29.403901,29.143433,28.707154,32.231912,28.857502,28.884163,28.835091,32.937737,36.316786,34.612856,33.860113,33.705126,34.212608,33.540232,32.940304,32.882836,33.397950,36.876367,33.367293,32.797968,33.641000,34.232412,32.502673,32.452820,32.797490,34.584709,79.871107,40.009251,30.972352,24.679676,22.916101,23.543033,32.448011,30.545583,30.988365,81.249268,42.838962,31.119688,22.797955,22.292551,22.562048,30.323161,30.101838,30.125466,33.928606,33.925365,26.719120,24.885931,33.431719,33.535230,24.430833,27.310237,31.547169,37.677053,29.211404,33.927408,30.996075,36.910896,36.802952,32.834841,28.748891,32.215837,31.164210,36.675658,30.469417,35.576657,29.113172,33.255604,30.514569,36.231395,31.144263,35.667486,29.186189,32.406692,30.873790,35.914798,32.421951,36.115834,31.125102,33.842146,31.675992,35.097393,85.809303,89.049901,134.597194,90.671642,135.844529,50.560343,42.258757,158.602222,121.640000,3.847300,400.000000,120.500000,2.950200,274.570000,613105.738660,10.121244,10.268580,20.851108,93.445830,Inf,Inf,32.978161
06/22/2026 08:43:14,0.000000,0.000000,74.984531,74.114343,63.758341,74.616321,74.958130,76.697584,74.770651,74.668819,34.640469,29.354060,29.129715,28.654385,32.250923,28.835520,28.844674,28.737156,32.943625,36.292989,34.590339,33.853775,33.620615,34.194732,33.482695,32.895616,32.827926,33.322192,36.500481,33.285310,32.791634,34.028111,34.246949,32.594188,32.230712,32.685325,34.754499,76.158785,39.214952,30.965818,24.539258,22.685352,23.307453,32.454298,30.487700,30.880559,77.854827,41.474854,31.044843,22.639280,22.063416,22.346875,30.250560,30.062643,30.156263,33.878025,33.906735,26.789723,25.006041,33.378613,33.475023,24.326754,26.977095,31.559232,37.670899,29.236860,33.929813,31.020324,36.911522,36.804818,32.834938,28.759697,32.202338,31.149356,36.684178,30.471759,35.564363,29.110048,33.255158,30.520362,36.225166,31.159383,35.659180,29.213956,32.410364,30.892059,35.894423,32.446860,36.120674,31.123289,33.837458,31.670398,35.087835,82.740266,85.872763,132.483563,87.267664,133.863838,50.493356,41.860196,154.756939,121.540000,3.789800,393.080000,120.430000,2.900100,268.550000,613165.736167,10.510321,10.589346,20.455497,91.762580,Inf,Inf,32.980890
06/22/2026 08:44:14,0.000000,0.000000,74.947604,74.169135,63.640006,74.661023,74.956771,76.713933,74.781304,74.675247,34.647058,29.394134,29.099764,28.653749,32.210243,28.783133,28.848262,28.812126,32.922221,36.337192,34.578739,33.883781,33.655071,34.186554,33.587995,32.926311,32.822305,33.324572,36.585168,33.334348,32.786728,33.755907,34.098238,32.743597,32.039171,32.799863,34.674913,77.015960,38.991759,31.091510,24.662609,22.867632,23.496390,32.493327,30.484018,30.893594,77.665044,42.491699,31.101279,22.810366,22.250786,22.550334,30.356536,30.130518,30.136760,33.874584,33.888373,26.708259,24.911899,33.397527,33.450397,24.500224,26.983644,31.570218,37.698149,29.228234,33.921544,30.997765,36.908150,36.800158,32.823141,28.767043,32.205430,31.136411,36.652508,30.455458,35.551260,29.103083,33.250441,30.509390,36.223860,31.142026,35.646965,29.217269,32.406551,30.875742,35.903009,32.432797,36.108298,31.112617,33.818099,31.641621,35.076931,81.016563,84.299453,134.189160,87.069156,135.434261,50.566884,42.235837,147.203146,121.560000,3.743700,386.750000,120.520000,2.856200,262.090000,613225.732594,10.263095,10.272864,20.828415,88.372673,Inf,Inf,32.972806
06/22/2026 08:45:14,0.000000,0.000000,74.945542,74.139164,63.658894,74.663493,74.943188,76.703751,74.755024,74.656570,34.643020,29.390966,29.089905,28.665574,32.189998,28.812803,28.886789,28.809610,32.962629,36.290665,34.639471,33.868020,33.663290,34.227612,33.568610,32.928249,32.825217,33.317262,36.661966,33.306153,32.832421,33.786890,34.184248,32.731486,32.162040,32.799904,34.654992,72.999353,33.048290,30.888291,24.684668,22.809494,23.467345,32.457813,30.550948,30.994240,72.162624,37.602389,31.084748,22.797323,22.240095,22.509157,30.299551,30.119306,30.189743,33.845654,33.851919,26.747083,24.797549,33.395492,33.459025,24.363901,26.965161,31.550893,37.679863,29.215131,33.933996,30.987536,36.934711,36.808294,32.845989,28.742233,32.222305,31.145289,36.688672,30.474949,35.585701,29.124637,33.265248,30.527808,36.236973,31.152997,35.667225,29.201537,32.415327,30.865636,35.908909,32.412922,36.116542,31.107991,33.832561,31.657911,35.106887,70.558878,73.976741,134.170733,80.501779,135.061854,50.610589,41.543697,122.747893,121.740000,3.566500,363.590000,120.600000,2.679900,236.710000,613285.729228,10.748449,10.944906,20.139842,76.533396,Inf,Inf,32.980556
06/22/2026 08:46:14,0.000000,0.000000,74.982539,74.157170,63.218493,74.665882,74.955293,76.712458,74.746869,74.669966,34.603975,29.390068,29.117554,28.689728,32.190505,28.865952,28.891788,28.853423,32.921280,36.282690,34.702899,33.876961,33.709986,34.244539,33.547380,32.939900,32.843885,33.285263,36.584963,33.312369,32.748687,33.824495,34.174343,32.855844,32.125316,32.741421,34.656090,79.768884,40.053591,30.942774,24.619549,22.919524,23.478082,32.452906,30.520625,30.966867,81.149779,42.785283,31.090402,22.808837,22.240529,22.532906,30.263875,30.114658,30.125804,33.916954,33.860661,26.654911,24.938116,33.413344,33.452885,24.361743,26.968176,31.537415,37.648816,29.195840,33.931472,31.004610,36.908310,36.832476,32.840948,28.757697,32.245704,31.152234,36.680570,30.468125,35.592653,29.130742,33.269109,30.511177,36.253186,31.166195,35.670189,29.214779,32.400954,30.885550,35.939774,32.436359,36.121688,31.107822,33.830750,31.660550,35.077591,86.032577,89.200704,134.461144,90.723868,135.791582,50.574506,42.405109,159.796255,121.560000,3.847500,400.470000,120.400000,2.951400,275.210000,613345.726379,9.946919,10.094547,20.995855,93.962938,Inf,Inf,32.982443
06/22/2026 08:47:14,0.000000,0.000000,74.955529,74.153812,63.849661,74.669862,74.951245,76.704202,74.754405,74.674121,34.610351,29.360353,29.106569,28.655320,32.212254,28.844038,28.838064,28.779175,32.896994,36.300120,34.598373,33.883124,33.660632,34.196993,33.539638,32.966383,32.887610,33.318299,36.780693,33.309412,32.872268,33.718330,34.129484,32.552095,32.276135,32.844551,34.576655,76.166119,39.105285,30.920090,24.543358,22.746841,23.322556,32.481748,30.463501,30.865825,77.821543,41.643713,31.071914,22.661583,22.122945,22.407732,30.287430,30.138404,30.163815,33.880218,33.890638,26.773529,24.885571,33.376268,33.464237,24.392875,27.018190,31.548541,37.678856,29.222589,33.912853,30.993499,36.899492,36.835441,32.818140,28.775855,32.214569,31.164278,36.673319,30.471073,35.555705,29.136412,33.244095,30.529323,36.221560,31.149069,35.647865,29.203903,32.404341,30.870269,35.884725,32.434006,36.124595,31.104064,33.819927,31.661720,35.056143,82.536597,85.723207,132.393006,87.199561,133.884596,50.500244,42.054329,154.401174,121.470000,3.789600,392.870000,120.300000,2.902500,268.170000,613405.725120,10.271636,10.423460,20.648454,91.605436,Inf,Inf,32.975208
06/22/2026 08:48:14,0.000000,0.000000,74.980728,74.165081,63.809278,74.670679,74.944035,76.760240,74.771874,74.686099,34.604417,29.369997,29.072055,28.664985,32.223228,28.821582,28.840631,28.727313,32.908830,36.338910,34.548518,33.832797,33.665813,34.219481,33.533310,32.974276,32.873995,33.362900,36.731749,33.119374,32.786960,33.778788,34.196568,32.837203,32.025223,32.763696,34.841093,77.148425,38.780553,31.029733,24.634210,22.850840,23.492034,32.485442,30.534952,30.989491,77.842805,42.675389,31.080399,22.825670,22.263467,22.551802,30.315649,30.120796,30.151557,33.876889,33.858686,26.627011,24.918639,33.399778,33.472195,24.293018,26.985672,31.539273,37.667453,29.205729,33.931046,31.006856,36.911424,36.801341,32.829665,28.761098,32.216246,31.129864,36.681591,30.466479,35.575952,29.107509,33.253517,30.495538,36.213879,31.138665,35.661907,29.204658,32.414436,30.856099,35.908732,32.435431,36.127540,31.089649,33.830823,31.663296,35.071456,81.235340,84.482955,134.373537,87.246243,135.556786,50.604537,42.123669,147.738414,121.410000,3.747300,388.050000,120.420000,2.858000,262.720000,613465.721455,10.312479,10.363145,20.717254,88.616657,Inf,Inf,32.973238
06/22/2026 08:49:14,0.000000,0.000000,74.997079,74.163690,63.412691,74.630643,74.926402,76.702597,74.771453,74.664127,34.614840,29.413923,29.123126,28.688326,32.194445,28.854735,28.888877,28.850957,32.961953,36.368344,34.590884,33.927072,33.679721,34.262672,33.530710,32.980564,32.848551,33.394345,36.806861,33.349913,32.971347,34.085477,34.272346,32.837529,32.099463,32.769838,34.546027,72.743093,33.616087,30.831178,24.704918,22.841432,23.504376,32.459443,30.525393,30.884256,71.922370,37.947583,31.095184,22.773754,22.229629,22.486587,30.362699,30.128310,30.158625,33.823538,33.855214,26.791050,24.985245,33.417496,33.485470,24.435303,27.390944,31.547497,37.684449,29.217976,33.922889,30.998223,36.927184,36.815424,32.828701,28.756115,32.189237,31.154952,36.668849,30.464787,35.569396,29.142555,33.245327,30.499804,36.221995,31.164658,35.642503,29.191814,32.402071,30.864375,35.908985,32.425009,36.139642,31.098709,33.823288,31.668657,35.087432,71.322898,74.454661,133.988924,80.553144,135.004312,50.578167,41.561178,125.557923,121.560000,3.561900,362.440000,120.580000,2.675300,236.820000,613525.717350,10.673866,10.937872,20.157312,77.968836,Inf,Inf,32.975750
06/22/2026 08:50:14,0.000000,0.000000,74.968780,74.139592,63.199828,74.630373,74.954857,76.697690,74.774498,74.643086,34.667331,29.373039,29.151372,28.685832,32.238680,28.862949,28.947207,28.837465,32.944315,36.277296,34.635835,33.839336,33.679904,34.205599,33.608338,32.947115,32.883596,33.346724,36.750595,33.357388,32.804863,33.696744,34.167390,32.759064,32.142218,32.846793,34.723063,79.929412,40.221540,30.886266,24.671468,22.937013,23.542271,32.474389,30.549282,30.861885,81.265699,42.874609,31.133682,22.853270,22.296722,22.566217,30.352714,30.129113,30.191525,33.923359,33.868710,26.728683,24.830734,33.428445,33.489310,24.529131,27.140442,31.540841,37.697292,29.210867,33.926471,31.003155,36.909520,36.796831,32.826022,28.763688,32.197687,31.146481,36.658269,30.450563,35.574753,29.099294,33.255997,30.509169,36.250996,31.137701,35.646088,29.208803,32.416791,30.887108,35.915191,32.430352,36.120383,31.115421,33.819455,31.668374,35.076954,85.810929,89.255035,134.731081,90.833266,136.023642,50.547800,42.315763,158.234155,121.410000,3.848400,400.840000,120.340000,2.951400,275.140000,613585.716496,9.978744,10.226160,20.907522,93.285903,Inf,Inf,32.975351
06/22/2026 08:51:14,0.000000,0.000000,74.956817,74.167786,63.330758,74.645554,74.949757,76.737285,74.767741,74.670556,34.639702,29.334558,29.081663,28.651049,32.227129,28.883934,28.875173,28.812271,32.966862,36.311259,34.585136,33.866885,33.676368,34.209168,33.604130,32.945126,32.839274,33.282877,36.588782,33.313537,32.923123,33.671868,34.001804,32.490441,32.183196,32.840162,34.578930,76.334729,39.219866,30.858927,24.519721,22.698508,23.294279,32.472802,30.441164,30.887887,78.076428,41.568732,31.089315,22.640535,22.068618,22.387951,30.261970,30.077107,30.122134,33.868897,33.910642,26.725304,24.794764,33.399391,33.456260,24.407218,27.047497,31.549260,37.655705,29.227324,33.936846,30.994852,36.913221,36.815045,32.830988,28.759748,32.214904,31.113815,36.673801,30.478243,35.571252,29.130146,33.238296,30.522170,36.227398,31.158064,35.652335,29.206618,32.415501,30.855987,35.928552,32.408184,36.109623,31.097909,33.821219,31.658561,35.065858,82.935076,86.085883,132.246992,87.465038,134.081437,50.446712,41.941093,154.962177,121.510000,3.797800,393.470000,120.340000,2.902600,268.760000,613645.712239,10.322963,10.553351,20.535964,91.853125,Inf,Inf,32.974381
06/22/2026 08:52:14,0.000000,0.000000,74.935715,74.173302,64.005060,74.618438,74.971229,76.731734,74.802732,74.686959,34.667115,29.351860,29.045886,28.636335,32.208895,28.787135,28.833607,28.757319,32.935208,36.336401,34.603678,33.870447,33.652838,34.200301,33.622264,32.962387,32.861939,33.364625,36.613110,33.339299,32.898639,33.874787,34.301393,32.653192,32.072907,32.829565,34.681035,76.866353,39.034561,31.004621,24.693299,22.850413,23.510805,32.484955,30.587950,31.000720,77.497600,42.681626,31.118194,22.813934,22.270600,22.525754,30.291090,30.130247,30.165466,33.852556,33.892796,26.683222,24.965040,33.376102,33.494282,24.388233,26.871008,31.549208,37.688356,29.204970,33.924826,30.973876,36.891072,36.790897,32.810276,28.748781,32.199464,31.148706,36.654126,30.455304,35.555538,29.102293,33.257208,30.523309,36.227276,31.130760,35.644597,29.179203,32.417074,30.862920,35.900895,32.416439,36.119684,31.105806,33.816935,31.654709,35.071335,80.926956,84.165571,134.146687,86.936117,135.406855,50.551642,42.127651,147.238270,121.670000,3.742800,387.070000,120.480000,2.855900,262.100000,613705.709182,10.283418,10.396991,20.721203,88.388701,Inf,Inf,32.967528
06/22/2026 08:53:14,0.000000,0.000000,74.889088,74.170606,63.947553,74.623094,74.958142,76.720781,74.770475,74.685968,34.671517,29.363423,29.096258,28.660088,32.246377,28.818024,28.895933,28.807602,32.967627,36.258897,34.599208,33.887425,33.714679,34.219935,33.550175,32.952922,32.886564,33.299036,37.083542,33.299036,32.787971,33.491087,34.208674,32.615431,32.136133,32.843825,34.547092,72.539756,33.934925,30.811994,24.692794,22.811359,23.509566,32.457481,30.466819,30.798144,71.637341,38.352054,31.120913,22.802325,22.267118,22.504338,30.355829,30.151836,30.181259,33.859850,33.887957,26.768150,24.969575,33.420594,33.481015,24.489446,27.341843,31.547070,37.714960,29.215318,33.921199,31.007668,36.897632,36.805124,32.815237,28.743051,32.189394,31.156000,36.652401,30.462927,35.564003,29.115112,33.243760,30.524530,36.218038,31.162903,35.641098,29.234556,32.383311,30.881966,35.890149,32.443902,36.090077,31.127255,33.803673,31.668580,35.063414,71.166268,74.198375,133.979329,80.237807,134.970620,50.576323,41.454157,125.639824,121.550000,3.555600,361.970000,120.520000,2.672300,236.210000,613765.707963,10.761695,11.070614,20.050299,78.010355,Inf,Inf,32.972810
06/22/2026 08:54:14,0.000000,0.000000,74.918303,74.155028,63.607312,74.610986,74.973919,76.738212,74.761692,74.640420,34.654466,29.439042,29.133083,28.677400,32.251627,28.905819,28.952215,28.832659,32.935424,36.264900,34.618533,33.916643,33.745235,34.226061,33.569794,32.939214,32.876504,33.321863,36.643538,33.410283,32.730480,33.758352,34.252041,32.702465,32.273639,32.789591,34.653131,79.954987,40.373905,30.895579,24.678060,22.930617,23.508639,32.497928,30.523841,30.988066,81.210407,42.649828,31.079569,22.822594,22.249595,22.576493,30.271549,30.117587,30.175096,33.932748,33.871181,26.615456,24.923048,33.404600,33.472130,24.376210,26.965042,31.526715,37.651018,29.202969,33.921639,30.959982,36.893647,36.779183,32.796281,28.730722,32.189465,31.122206,36.639515,30.424094,35.544009,29.087977,33.223392,30.488055,36.221212,31.124211,35.643260,29.184101,32.406389,30.842824,35.893767,32.407055,36.096794,31.090346,33.811867,31.620221,35.039672,85.971889,89.223566,134.578188,90.764110,135.879247,50.551400,42.290999,159.553143,121.380000,3.850500,400.430000,120.120000,2.952100,275.230000,613825.704594,10.012558,10.196548,20.883021,93.857863,Inf,Inf,32.952086
06/22/2026 08:55:14,0.000000,0.000000,74.932233,74.153327,63.894540,74.629886,74.961551,76.730085,74.778352,74.656659,34.622489,29.353824,29.099147,28.628279,32.175942,28.868305,28.881517,28.794078,32.920272,36.294968,34.626482,33.878859,33.695451,34.193618,33.547814,32.942112,32.831671,33.301050,36.518813,33.309048,32.869924,34.129363,34.288706,32.941057,32.193271,32.796874,34.705644,76.352294,39.498870,30.837380,24.537280,22.708027,23.327302,32.438419,30.531515,30.981790,77.970239,41.397067,31.087784,22.659168,22.098092,22.379747,30.266297,30.101055,30.141624,33.843017,33.865157,26.686687,24.960679,33.385101,33.465073,24.328366,27.135789,31.531299,37.692688,29.172768,33.911151,30.969510,36.903989,36.793462,32.832862,28.733076,32.215582,31.115385,36.668468,30.435875,35.581420,29.070633,33.240331,30.501479,36.245568,31.130010,35.654527,29.172696,32.411919,30.840202,35.911535,32.390202,36.111412,31.081885,33.836540,31.628491,35.065193,82.834837,85.988928,132.306243,87.402795,133.920624,50.488158,41.950804,154.812295,121.340000,3.790200,393.060000,120.370000,2.902800,268.360000,613885.700911,10.291762,10.542166,20.545618,91.787009,Inf,Inf,32.961672
06/22/2026 08:56:14,0.000000,0.000000,74.935910,74.178148,63.429476,74.623930,74.965737,76.734262,74.746773,74.673249,34.628088,29.350533,29.056157,28.626318,32.214924,28.820840,28.867049,28.819760,32.957002,36.306752,34.581506,33.828950,33.640201,34.221849,33.565834,32.967704,32.835065,33.373759,36.644332,33.370204,32.767509,33.837964,34.215768,32.589183,32.188613,32.838017,34.563479,77.200618,39.266693,30.918717,24.667872,22.872455,23.486762,32.449069,30.451259,30.815915,77.771023,42.544279,31.122752,22.812244,22.262674,22.559079,30.318872,30.134841,30.158022,33.881109,33.870252,26.636861,24.975756,33.409849,33.478268,24.508609,27.278190,31.538365,37.674065,29.211063,33.905208,30.994293,36.894087,36.804724,32.830398,28.752910,32.198640,31.130057,36.652628,30.438195,35.576636,29.118917,33.229331,30.504263,36.228152,31.143227,35.666579,29.218282,32.409785,30.888442,35.908987,32.422786,36.115690,31.120502,33.807541,31.649740,35.084124,81.251514,84.470385,134.540763,87.222053,135.437860,50.595260,42.139305,147.446096,121.550000,3.750100,387.570000,120.460000,2.856700,262.390000,613945.698714,10.185958,10.389993,20.732759,88.483487,Inf,Inf,32.970587
06/22/2026 08:57:14,0.000000,0.000000,74.934458,74.182191,63.261830,74.615608,74.940521,76.755047,74.736793,74.645099,34.612705,29.382788,29.110720,28.655039,32.247571,28.832159,28.885820,28.834071,32.951811,36.294500,34.618472,33.793589,33.666127,34.241543,33.549877,32.943733,32.847401,33.332768,36.630945,33.293665,33.028876,33.785515,34.412764,32.975977,32.131678,32.812697,34.681063,71.915972,33.873675,30.829845,24.706295,22.768403,23.482816,32.478958,30.577483,30.929292,70.956118,38.169353,31.104946,22.803745,22.260517,22.521054,30.360859,30.175591,30.115853,33.851096,33.847624,26.753930,24.894424,33.403276,33.450815,24.544057,26.930302,31.549983,37.689125,29.220465,33.910643,30.993509,36.919408,36.809552,32.827690,28.743947,32.213164,31.142374,36.673756,30.452346,35.607984,29.114184,33.248613,30.511568,36.245601,31.151432,35.674885,29.222184,32.412343,30.880148,35.940162,32.413618,36.114102,31.124696,33.839861,31.661225,35.073386,70.466492,73.522740,133.759198,79.628272,134.747554,50.612433,41.382874,125.194550,121.530000,3.539400,359.740000,120.550000,2.661400,234.750000,614005.696406,10.850909,11.126010,19.978936,77.784411,Inf,Inf,32.979398
06/22/2026 08:58:14,0.000000,0.000000,74.905203,74.170246,63.650123,74.613040,74.969635,76.724663,74.759406,74.661797,34.638363,29.369783,29.075856,28.646038,32.232810,28.881153,28.955169,28.850781,32.906839,36.292216,34.598881,33.853904,33.664717,34.191754,33.541640,32.960384,32.933921,33.309932,36.670153,33.280604,32.907646,33.579119,34.443068,32.656866,32.465687,32.830803,34.562493,79.898056,40.165299,30.875722,24.679231,22.935376,23.554636,32.475547,30.547323,30.971664,81.278840,42.630588,31.129229,22.826379,22.295199,22.566936,30.373933,30.144868,30.189893,33.916405,33.906012,26.716177,24.807880,33.422634,33.530589,24.514774,27.045074,31.542834,37.682475,29.212861,33.927548,31.018051,36.903958,36.833867,32.816558,28.786760,32.192818,31.145616,36.693709,30.488045,35.569033,29.126905,33.257287,30.536760,36.235646,31.147651,35.643470,29.201708,32.415053,30.897760,35.902746,32.435646,36.112558,31.124925,33.826577,31.669728,35.072094,85.960680,89.220970,134.514435,90.795529,135.869279,50.551702,42.313141,159.058988,121.480000,3.851100,400.310000,120.380000,2.952200,275.040000,614065.693124,9.970794,10.224301,20.904928,93.643953,Inf,Inf,32.980688
06/22/2026 08:59:14,0.000000,0.000000,74.882157,74.171703,63.715814,74.596084,74.952264,76.717445,74.745841,74.664289,34.586469,29.339912,29.079434,28.623125,32.152111,28.860028,28.910177,28.836122,32.917518,36.358185,34.559406,33.895043,33.671222,34.163190,33.503055,32.910212,32.868818,33.389273,36.698279,33.168421,32.999814,34.061522,34.002920,32.729052,32.051180,32.832757,34.811520,76.121232,39.271841,30.881136,24.519410,22.675333,23.324122,32.422362,30.499826,30.955114,77.792645,41.549758,31.110200,22.619853,22.056332,22.350555,30.346046,30.118504,30.092202,33.870610,33.901704,26.609532,24.799186,33.400228,33.485974,24.310034,27.225138,31.537119,37.671061,29.205802,33.910887,30.975037,36.883377,36.793494,32.814665,28.747831,32.197628,31.123696,36.668437,30.443868,35.592024,29.098480,33.239188,30.515487,36.223035,31.143424,35.646964,29.186492,32.419006,30.872034,35.891794,32.419753,36.107030,31.082822,33.808706,31.648681,35.077306,82.634876,85.778439,132.252874,87.166827,133.753785,50.445985,41.861167,154.432736,121.580000,3.786900,393.190000,120.400000,2.899200,268.160000,614125.690560,10.424673,10.653737,20.456463,91.619387,Inf,Inf,32.964838
06/22/2026 09:00:14,0.000000,0.000000,74.869592,74.192107,63.268878,74.585229,74.940146,76.741184,74.738713,74.662231,34.585686,29.330205,29.050545,28.608418,32.195737,28.828817,28.858699,28.794903,32.914956,36.291887,34.557292,33.843107,33.646366,34.235999,33.529090,32.977165,32.853373,33.300967,36.696182,33.210757,32.849377,33.955242,34.259763,32.661285,32.134852,32.782076,34.567999,76.882200,38.885691,30.908631,24.665758,22.861821,23.461925,32.447093,30.464879,30.859432,77.564964,42.620554,31.105317,22.790671,22.241844,22.514044,30.268303,30.084307,30.140033,33.876956,33.858650,26.617145,24.959921,33.409673,33.467874,24.321788,27.014192,31.538762,37.662084,29.207893,33.914703,30.964608,36.919029,36.796235,32.832093,28.737657,32.201282,31.129137,36.693376,30.447149,35.581992,29.109874,33.254984,30.506370,36.231934,31.132774,35.660415,29.200034,32.412493,30.858462,35.921267,32.408430,36.128328,31.102919,33.821237,31.655906,35.078290,80.834952,84.112276,134.329996,86.935900,135.393218,50.538154,42.138237,146.699441,121.650000,3.742400,386.510000,120.540000,2.853500,261.650000,614185.686048,10.176931,10.373617,20.731700,88.142534,Inf,Inf,32.970324
06/22/2026 09:01:14,0.000000,0.000000,74.834408,74.146324,63.188658,74.541346,74.951621,76.707529,74.722628,74.636003,34.589165,29.331918,29.087497,28.677549,32.223299,28.881433,28.903773,28.800720,32.863313,36.310853,34.633971,33.864840,33.652114,34.211118,33.403825,32.927393,32.807236,33.293960,36.717524,33.432589,32.818412,33.793326,34.389063,32.713918,32.136947,32.809958,34.434762,73.521670,33.190521,30.864230,24.698445,22.893666,23.565883,32.496946,30.554503,31.001255,72.663317,37.102689,31.100372,22.879378,22.316774,22.616302,30.376656,30.188290,30.190519,33.877511,33.856387,26.826628,24.933135,33.411952,33.437721,24.409129,27.037544,31.560272,37.686073,29.219169,33.898791,30.987853,36.900523,36.809038,32.815614,28.763059,32.193262,31.150962,36.659895,30.469139,35.581255,29.111421,33.229417,30.513265,36.240902,31.154723,35.643728,29.224715,32.392179,30.862236,35.911731,32.413086,36.118701,31.107935,33.804581,31.653452,35.046141,69.795913,73.421721,134.436515,80.872311,135.337265,50.578498,41.728022,120.934750,121.740000,3.577900,364.180000,120.670000,2.684500,237.060000,614245.684907,10.540393,10.776535,20.323837,75.595709,Inf,Inf,32.970771
06/22/2026 09:02:14,0.000000,0.000000,74.844692,74.168879,63.153678,74.550271,74.959697,76.737087,74.734732,74.680646,34.605029,29.377302,29.109693,28.664750,32.233228,28.831608,28.902326,28.851024,32.934784,36.302336,34.598819,33.795261,33.640706,34.200605,33.501012,32.956181,32.880206,33.329118,36.715365,33.278906,32.742543,33.510116,34.366153,32.755883,32.172716,32.850588,34.739269,79.526346,40.364476,30.702425,24.651813,22.878332,23.465436,32.457697,30.573117,31.048799,80.909383,42.671038,31.104567,22.782296,22.222935,22.511281,30.283833,30.139561,30.171213,33.917781,33.889874,26.686091,24.857432,33.419413,33.505601,24.346820,27.198604,31.553864,37.691649,29.202049,33.886315,30.975332,36.868187,36.796801,32.782417,28.750719,32.172518,31.122168,36.646836,30.455985,35.556658,29.089211,33.208179,30.506226,36.217565,31.119204,35.634640,29.191481,32.380830,30.839155,35.890120,32.399388,36.095802,31.099152,33.800656,31.620557,35.043109,85.873774,89.026157,134.134855,90.446732,135.508010,50.501688,42.265943,159.885925,121.640000,3.845300,400.560000,120.490000,2.948900,275.000000,614305.680515,9.844203,10.246345,20.858222,94.001667,Inf,Inf,32.953226
06/22/2026 09:03:14,0.000000,0.000000,74.813223,74.126814,63.450285,74.519925,74.938659,76.694172,74.707759,74.651981,34.603212,29.303225,29.048541,28.605402,32.186944,28.791896,28.873853,28.808719,32.931629,36.271747,34.543763,33.818346,33.671790,34.172191,33.519747,32.947811,32.862941,33.274536,36.737561,33.310084,32.866225,33.737608,34.154522,32.583409,32.264826,32.744322,34.637247,74.727515,39.081219,30.816008,24.522175,22.678103,23.291201,32.407024,30.521007,30.943317,76.614875,41.609802,31.090152,22.635549,22.062397,22.366036,30.274510,30.094666,30.120523,33.841093,33.851531,26.756968,24.921834,33.410059,33.476256,24.362910,27.220254,31.538038,37.682580,29.204492,33.905412,30.971771,36.908004,36.782851,32.836871,28.741560,32.211048,31.128223,36.680252,30.424568,35.586574,29.065513,33.241451,30.469619,36.254757,31.104502,35.665439,29.184129,32.424211,30.844445,35.944540,32.410897,36.134772,31.084450,33.824296,31.635363,35.069816,81.167950,84.434492,131.671555,85.958914,133.352332,50.461319,41.891564,152.329541,121.790000,3.766800,390.560000,120.590000,2.881700,265.970000,614365.679036,10.329300,10.603444,20.486708,90.685536,Inf,Inf,32.965348
06/22/2026 09:04:14,0.000000,0.000000,74.824710,74.169176,63.172828,74.517561,74.948547,76.729754,74.719886,74.643825,34.584686,29.305117,29.010286,28.604534,32.176289,28.834748,28.876217,28.791007,32.923735,36.290447,34.582468,33.825920,33.653604,34.233911,33.501222,32.938608,32.827256,33.298860,36.557791,33.259311,32.814246,33.839789,34.274846,32.828474,32.170785,32.769514,34.653951,77.111151,38.737540,30.939956,24.662601,22.860004,23.476721,32.454224,30.548689,30.873358,77.603813,42.375537,31.097012,22.763041,22.234233,22.518990,30.252714,30.101805,30.179820,33.854421,33.857479,26.640987,24.790108,33.364555,33.472962,24.307667,27.224472,31.553384,37.684986,29.191310,33.913387,30.965515,36.904005,36.799468,32.820225,28.740917,32.201699,31.123317,36.685566,30.437053,35.587908,29.113449,33.247436,30.497462,36.245491,31.127704,35.658799,29.205543,32.404197,30.849110,35.944747,32.395980,36.135688,31.092056,33.801822,31.622172,35.051368,80.622339,84.055921,134.227234,86.989707,135.461621,50.534350,42.065012,145.354070,121.700000,3.731000,386.410000,120.720000,2.844100,260.940000,614425.675442,10.280898,10.437954,20.659058,87.525254,Inf,Inf,32.966725
06/22/2026 09:05:14,0.000000,0.000000,74.804335,74.152168,63.216852,74.480578,74.938618,76.716053,74.720021,74.635508,34.640661,29.389041,29.114297,28.655913,32.185258,28.882998,28.911462,28.840085,32.943818,36.314430,34.609608,33.844195,33.642568,34.246851,33.558087,32.957728,32.893654,33.322562,36.546878,33.344335,32.849562,34.063753,34.465411,32.622779,32.083969,32.793041,34.829560,76.757723,36.151659,30.814013,24.666588,22.932573,23.534326,32.484737,30.598873,31.113047,76.450387,39.717810,31.091500,22.837285,22.286077,22.570370,30.362192,30.145438,30.236379,33.865466,33.854651,26.688626,24.851005,33.416140,33.479228,24.486750,27.250612,31.527336,37.675499,29.215187,33.894927,30.981301,36.876324,36.818176,32.803901,28.732122,32.172649,31.125418,36.645714,30.433459,35.555091,29.101128,33.212496,30.500750,36.224645,31.137024,35.637504,29.217557,32.377477,30.880919,35.898410,32.406380,36.102883,31.094692,33.793953,31.634771,35.056813,73.675810,78.711500,134.635684,86.191183,135.924426,50.575556,42.087542,127.707409,121.670000,3.687900,378.350000,120.580000,2.771900,248.940000,614485.672722,10.132597,10.410084,20.681416,79.052658,Inf,Inf,32.957817
06/22/2026 09:06:14,0.000000,0.000000,74.778334,74.146866,63.610607,74.472183,74.951350,76.734659,74.722629,74.651217,34.634572,29.364634,29.120218,28.657735,32.199979,28.886157,28.917195,28.865001,32.891480,36.232208,34.633241,33.885972,33.626171,34.198509,33.523815,32.937212,32.806865,33.377125,36.568916,33.317585,32.889879,33.868701,34.223855,32.630642,32.258311,32.808955,34.591268,78.891374,39.812985,30.834495,24.630409,22.851515,23.429887,32.535380,30.563599,31.033471,80.297370,42.572037,31.095161,22.749524,22.173439,22.478838,30.176241,30.069837,30.172373,33.902063,33.920907,26.609644,24.798214,33.406372,33.501890,24.444685,26.948645,31.556250,37.694899,29.206667,33.877338,30.981475,36.868091,36.799883,32.773510,28.725274,32.150955,31.125529,36.649852,30.441193,35.546827,29.085974,33.192066,30.500763,36.201418,31.135481,35.612404,29.194966,32.367401,30.854638,35.891778,32.397939,36.093823,31.108300,33.793590,31.640199,35.026743,85.338095,88.405914,133.918895,89.817531,135.215712,50.472290,42.214375,159.234281,121.490000,3.836300,398.830000,120.520000,2.940600,273.410000,614545.670374,10.027337,10.288003,20.807158,93.719884,Inf,Inf,32.949841
06/22/2026 09:07:14,0.000000,0.000000,74.791375,74.126936,63.182295,74.478486,74.949623,76.722398,74.726799,74.653274,34.591128,29.277696,28.992675,28.558796,32.159599,28.813108,28.857220,28.818408,32.942637,36.236666,34.578263,33.841237,33.615624,34.172878,33.564932,32.914788,32.860197,33.289123,36.695008,33.374437,32.733599,33.911558,34.161057,32.987467,32.163796,32.867462,34.678036,72.837313,38.840539,30.758303,24.532766,22.724575,23.318995,32.474654,30.456838,30.843926,74.911994,41.221372,31.098500,22.665466,22.113100,22.417172,30.287453,30.088412,30.143246,33.816212,33.865622,26.624607,24.762976,33.414479,33.477566,24.396456,27.371634,31.546497,37.702460,29.226787,33.893743,30.968973,36.890186,36.795689,32.813314,28.709891,32.204053,31.091363,36.683276,30.416471,35.576753,29.084451,33.228767,30.486760,36.238155,31.125222,35.647202,29.214831,32.402340,30.858018,35.931898,32.386188,36.119052,31.081107,33.813361,31.631521,35.082397,79.293573,82.511653,131.636135,84.414725,132.846939,50.461297,41.904966,148.745176,121.790000,3.736900,386.000000,120.590000,2.852400,262.220000,614605.667256,10.258263,10.598460,20.500040,89.073965,Inf,Inf,32.961691
06/22/2026 09:08:14,0.000000,0.000000,74.806599,74.149782,63.415307,74.482440,74.959066,76.707371,74.723157,74.668648,34.596976,29.340217,29.077509,28.610404,32.206618,28.820989,28.884809,28.825475,32.904930,36.293414,34.601412,33.843308,33.716298,34.220222,33.585740,32.973843,32.887119,33.344024,36.459380,33.463985,32.950127,33.681082,34.401161,32.744718,32.141288,32.781392,34.525168,77.704110,38.458444,30.922461,24.637827,22.863876,23.491605,32.456993,30.503326,30.893163,78.216924,42.131409,31.106766,22.779129,22.217740,22.503846,30.257718,30.088181,30.141232,33.858169,33.869420,26.564090,24.812578,33.369096,33.458843,24.145265,26.916213,31.535039,37.694630,29.202382,33.898160,30.966275,36.883968,36.781618,32.799617,28.733624,32.184040,31.115882,36.682410,30.419610,35.564809,29.086114,33.219313,30.493325,36.214759,31.147126,35.641904,29.187197,32.394352,30.882853,35.905647,32.414538,36.113365,31.086079,33.803544,31.635928,35.060181,81.110607,84.592374,134.471181,87.473144,135.691827,50.529459,42.095797,145.527259,121.790000,3.745000,386.890000,120.570000,2.852800,261.370000,614665.664564,10.232854,10.417159,20.689607,87.604929,Inf,Inf,32.958276
06/22/2026 09:09:14,0.000000,0.000000,74.744410,74.101500,63.676844,74.466168,74.924639,76.717278,74.727504,74.677643,34.640103,29.345665,29.090541,28.651086,32.188008,28.837574,28.872398,28.813957,32.896579,36.252338,34.524312,33.858928,33.668854,34.234059,33.523185,32.937026,32.848495,33.345414,36.832907,33.252543,32.771956,33.790448,34.321396,32.670569,32.305718,32.852328,34.546261,79.997324,40.165462,30.780962,24.658613,22.877076,23.485672,32.462667,30.511685,30.980381,80.796725,42.551771,31.085718,22.805471,22.234673,22.522119,30.299511,30.145118,30.195047,33.898006,33.875531,26.666745,24.896751,33.402477,33.511767,24.412564,26.887139,31.534109,37.676473,29.220184,33.894112,30.950180,36.896745,36.811622,32.818211,28.726851,32.185485,31.114210,36.685184,30.436668,35.589297,29.087898,33.242422,30.483519,36.248839,31.139540,35.649998,29.196683,32.421607,30.864581,35.926463,32.400303,36.129738,31.091861,33.834639,31.638167,35.087681,83.866696,88.357757,134.905983,90.412000,136.235409,50.514821,42.334895,150.060927,121.670000,3.847900,400.090000,120.500000,2.942700,273.040000,614725.660658,9.854516,10.159272,20.926446,89.668523,Inf,Inf,32.966109
06/22/2026 09:10:14,0.000000,0.000000,74.697076,74.091765,63.783855,74.471781,74.948414,76.673132,74.759472,74.655103,34.631546,29.356685,29.081044,28.636676,32.271528,28.932909,28.927792,28.814480,32.932460,36.276558,34.585852,33.853468,33.637187,34.193538,33.580122,32.891757,32.892617,33.300197,36.491852,33.229096,32.801747,33.790448,34.219763,32.659451,32.195626,32.896152,34.572690,77.469437,39.492990,30.814501,24.534501,22.730348,23.325872,32.439224,30.489087,31.013003,79.043393,41.886979,31.090112,22.678547,22.100698,22.391769,30.265766,30.124703,30.181765,33.886552,33.901668,26.699744,24.781595,33.415638,33.473839,24.461181,26.924594,31.560329,37.670662,29.202723,33.890266,30.955233,36.876104,36.791230,32.788380,28.721010,32.179879,31.116171,36.657322,30.440249,35.563613,29.087886,33.222412,30.504902,36.224413,31.121640,35.635835,29.165030,32.389148,30.855211,35.904749,32.401626,36.108851,31.069950,33.817237,31.635855,35.055231,83.998296,87.170231,132.950229,88.506504,134.569454,50.460831,42.032090,156.783089,121.900000,3.802700,395.890000,120.570000,2.919100,270.690000,614785.657804,10.188126,10.463737,20.626375,92.652964,Inf,Inf,32.953772
06/22/2026 09:11:14,0.000000,0.000000,74.707670,74.098983,63.540285,74.492861,74.953430,76.710177,74.729093,74.666133,34.613750,29.304453,29.045754,28.564166,32.263291,28.870226,28.930392,28.831356,32.907068,36.282705,34.601772,33.816384,33.639624,34.168010,33.588486,32.932136,32.892063,33.377403,36.796185,33.232098,32.862436,33.399778,34.169382,32.761060,32.222817,32.809947,34.566083,77.203547,39.456746,30.911120,24.668018,22.865878,23.458894,32.456094,30.517134,30.880943,77.844666,42.497240,31.126931,22.806137,22.255853,22.523565,30.314767,30.139708,30.204348,33.882404,33.873084,26.617818,24.849320,33.408247,33.469558,24.369589,27.250692,31.532316,37.674694,29.198318,33.884453,30.982822,36.857484,36.817741,32.804352,28.752652,32.169933,31.123590,36.663097,30.441163,35.563635,29.092532,33.205265,30.508652,36.233599,31.153166,35.650478,29.216791,32.375824,30.887928,35.896961,32.412042,36.121138,31.110834,33.811432,31.640278,35.043671,81.596035,84.773790,134.104705,87.385858,135.482643,50.548491,42.254386,149.306664,121.640000,3.753600,388.840000,120.650000,2.868300,263.960000,614845.655235,10.064339,10.280150,20.846781,89.328116,Inf,Inf,32.960895
06/22/2026 09:12:14,0.000000,0.000000,74.747597,74.107649,63.751135,74.529024,74.951133,76.728541,74.756712,74.692486,34.650516,29.369959,29.089414,28.676604,32.211678,28.872458,28.914722,28.861189,32.911015,36.286193,34.601274,33.915851,33.680044,34.199526,33.515578,32.956975,32.862301,33.359655,36.656836,33.333884,32.981157,33.870621,34.137888,32.744184,32.070034,32.807131,34.744707,68.966281,36.346378,30.770260,24.567335,22.640852,23.263225,32.468216,30.534628,31.013039,68.850892,42.217108,31.093282,22.636905,22.055920,22.332205,30.285458,30.151933,30.135439,33.806215,33.812909,26.661373,24.820412,33.411975,33.447518,24.394830,27.161313,31.542058,37.690103,29.208963,33.891795,30.952311,36.890456,36.780824,32.807268,28.718547,32.209847,31.101621,36.674501,30.426352,35.582588,29.075958,33.242525,30.473816,36.248500,31.103997,35.642846,29.176548,32.397966,30.858000,35.930552,32.395958,36.134270,31.063001,33.817230,31.644758,35.060545,72.750673,75.423193,132.523944,80.129486,133.679011,50.574095,41.846697,135.361066,121.780000,3.578600,366.540000,120.820000,2.726500,244.790000,614905.652439,10.328199,10.651221,20.442061,82.816910,Inf,Inf,32.958123
06/22/2026 09:13:14,0.000000,0.000000,74.684158,74.095752,63.267643,74.502847,74.941021,76.685990,74.739001,74.649842,34.631841,29.361443,29.098738,28.663632,32.163587,28.887146,28.880713,28.810672,32.883408,36.293676,34.617202,33.868750,33.666686,34.214583,33.503478,32.947979,32.875037,33.298178,36.435844,33.275071,32.919234,33.564045,34.191911,32.551490,32.108474,32.804630,34.570538,80.004999,39.731068,30.919238,24.645534,22.909245,23.540431,32.450320,30.531406,30.938565,80.933138,42.941377,31.117387,22.798779,22.270662,22.541060,30.320125,30.177735,30.204037,33.932268,33.935506,26.662756,24.881929,33.441518,33.480169,24.402212,26.973745,31.549653,37.691449,29.209876,33.867956,30.958245,36.868919,36.798147,32.788662,28.721293,32.159269,31.120041,36.660804,30.433504,35.554693,29.099454,33.201051,30.472780,36.226378,31.142333,35.625143,29.209574,32.369515,30.855181,35.909149,32.396702,36.110373,31.102229,33.800624,31.637454,35.046181,84.090497,88.267567,134.408716,90.275544,136.254417,50.479980,42.239333,150.477714,121.650000,3.839000,398.700000,120.520000,2.934700,272.270000,614965.648989,10.087362,10.285511,20.831876,89.856134,Inf,Inf,32.952888
06/22/2026 09:14:14,0.000000,0.000000,74.700964,74.106227,63.311662,74.498176,74.957896,76.703674,74.731485,74.664722,34.675901,29.328137,29.064981,28.616221,32.210194,28.862940,28.909408,28.842491,32.930676,36.333217,34.560115,33.835775,33.684780,34.195826,33.500512,32.922338,32.846386,33.283763,36.788780,33.299316,32.866872,33.904780,34.348234,32.700130,32.133145,32.780814,34.683856,76.725309,39.598812,30.818071,24.506695,22.655872,23.306170,32.444128,30.527876,30.958812,78.442584,41.567921,31.108553,22.611471,22.058544,22.323617,30.224320,30.044632,30.144494,33.852536,33.894733,26.611901,24.902720,33.375526,33.472825,24.229639,26.895768,31.511083,37.685010,29.189550,33.913164,30.948357,36.911745,36.794187,32.822920,28.708376,32.206636,31.097069,36.689680,30.403309,35.597787,29.050920,33.258465,30.459494,36.236301,31.110434,35.659816,29.191848,32.405219,30.851257,35.922964,32.377214,36.141552,31.081470,33.824059,31.598594,35.060269,83.372477,86.541131,132.209745,87.763924,133.954855,50.442382,41.909239,156.071396,121.560000,3.804600,394.410000,120.490000,2.910700,269.630000,615025.646563,10.313781,10.604263,20.504290,92.341096,Inf,Inf,32.956958
06/22/2026 09:15:14,0.000000,0.000000,74.692677,74.101317,63.166622,74.480795,74.953621,76.701937,74.730261,74.683781,34.638081,29.323117,29.084493,28.633674,32.224930,28.829534,28.858334,28.786062,32.888328,36.278210,34.583071,33.823837,33.659072,34.214076,33.566485,32.959464,32.823921,33.340406,36.868179,33.414162,32.922889,33.635214,34.192897,32.621860,32.252254,32.774890,34.570589,76.658210,38.987450,30.934756,24.638806,22.815999,23.407075,32.483819,30.491874,30.843428,77.305121,42.647824,31.097332,22.762915,22.211599,22.481116,30.260975,30.096829,30.168158,33.880992,33.844476,26.648456,24.864702,33.387978,33.462174,24.352750,26.991898,31.533454,37.687754,29.199903,33.879357,30.954535,36.871430,36.782022,32.812473,28.721985,32.173232,31.090799,36.679985,30.429203,35.573458,29.081037,33.204034,30.483349,36.235555,31.133300,35.662072,29.207500,32.377233,30.849260,35.921423,32.387677,36.119994,31.077599,33.800411,31.629221,35.058383,80.641568,83.866117,133.982358,86.608029,135.147915,50.483206,41.984697,146.697661,121.650000,3.736800,385.900000,120.570000,2.848200,261.130000,615085.643281,10.355455,10.518031,20.579301,88.141720,Inf,Inf,32.953921
06/22/2026 09:16:14,0.000000,0.000000,74.667385,74.074316,63.063011,74.481422,74.944109,76.683591,74.720818,74.656167,34.621776,29.348647,29.071667,28.631846,32.203528,28.828151,28.870847,28.810621,32.932894,36.264595,34.583180,33.864647,33.668356,34.194947,33.566952,32.911918,32.855374,33.274971,36.603478,33.219423,33.002192,33.607848,34.234792,32.585564,32.208794,32.791042,34.529473,72.309864,33.089714,30.827324,24.642932,22.783375,23.445913,32.451211,30.502881,30.870493,71.374517,37.430139,31.070462,22.793262,22.208322,22.491740,30.345981,30.149760,30.135049,33.833803,33.822141,26.742142,24.895127,33.393311,33.468396,24.451669,27.009446,31.554522,37.682579,29.218318,33.872318,30.964850,36.866629,36.813593,32.819303,28.728838,32.179662,31.118182,36.640297,30.440929,35.551882,29.072556,33.204917,30.487800,36.214788,31.133342,35.652904,29.223694,32.393385,30.871982,35.909458,32.405466,36.115166,31.096803,33.806513,31.622869,35.053391,69.716583,72.900879,133.670118,79.405533,134.938422,50.482539,41.420167,122.121823,121.800000,3.548600,359.980000,120.650000,2.660900,233.940000,615145.639158,10.811045,11.054183,20.016279,76.210650,Inf,Inf,32.957231
06/22/2026 09:17:14,0.000000,0.000000,74.665459,74.074925,63.640091,74.503511,74.939996,76.702673,74.744429,74.660342,34.656199,29.389945,29.088884,28.657333,32.182669,28.875942,28.900168,28.853772,32.900706,36.192252,34.636681,33.870919,33.644426,34.202992,33.513078,32.964699,32.880155,33.336176,36.958189,33.344174,32.781511,33.708949,34.014008,32.798852,32.202045,32.824760,34.645190,79.660427,40.218289,30.851783,24.582812,22.847768,23.438708,32.463184,30.555884,30.882323,80.933052,42.426553,31.093465,22.747818,22.194829,22.483632,30.270163,30.122810,30.177198,33.888664,33.877479,26.636090,24.879383,33.430992,33.497187,24.298057,27.307706,31.520140,37.650242,29.197725,33.865955,30.962029,36.865598,36.801624,32.793490,28.714537,32.150690,31.097636,36.647096,30.422816,35.549385,29.083406,33.190396,30.479476,36.206463,31.130756,35.641546,29.170333,32.379756,30.860985,35.897201,32.385591,36.122780,31.087087,33.793904,31.628485,35.037255,85.822802,88.972231,134.356434,90.462600,135.661348,50.462619,42.268565,159.607366,121.580000,3.847600,400.240000,120.390000,2.950600,274.890000,615205.638487,9.990965,10.232647,20.860818,93.881308,Inf,Inf,32.944479
06/22/2026 09:18:14,0.000000,0.000000,74.686418,74.093362,63.744377,74.479443,74.938752,76.694686,74.739217,74.674989,34.635340,29.345337,29.070586,28.634457,32.194118,28.817825,28.873868,28.850670,32.838453,36.253782,34.567464,33.846376,33.670955,34.172688,33.557521,32.966942,32.855034,33.327954,36.629691,33.349727,32.722532,33.624721,34.259642,32.565989,32.270175,32.749668,34.596443,78.517350,40.108541,30.837029,24.675957,22.846040,23.490728,32.439663,30.513150,30.905336,79.443696,42.524800,31.115866,22.798145,22.263954,22.531216,30.353576,30.154748,30.207351,33.882732,33.906461,26.689824,24.906413,33.381415,33.519140,24.464302,26.839514,31.525817,37.698741,29.189135,33.902905,30.951875,36.902851,36.770900,32.826640,28.717909,32.181543,31.099567,36.686703,30.425717,35.582400,29.070523,33.240666,30.481311,36.231357,31.129075,35.678987,29.193754,32.407564,30.876635,35.901681,32.388313,36.154761,31.100111,33.827341,31.632627,35.073744,84.037484,87.091964,134.362685,89.094748,135.629677,50.590905,42.189028,155.865835,121.640000,3.804200,395.330000,120.450000,2.913600,270.180000,615265.634722,10.054983,10.333820,20.782046,92.250841,Inf,Inf,32.961705
06/22/2026 09:19:14,0.000000,0.000000,74.666161,74.094234,63.138456,74.466033,74.935065,76.690586,74.712763,74.662056,34.618728,29.388398,29.082876,28.633103,32.195882,28.811563,28.894701,28.862582,32.843145,36.259783,34.607194,33.909413,33.657615,34.201967,33.583153,32.945471,32.876064,33.295206,36.719206,33.192108,32.984140,33.693745,34.118673,32.688026,32.329848,32.810194,34.615573,74.855458,39.199804,30.741502,24.620497,22.797212,23.387086,32.484877,30.498729,30.915593,77.011001,41.593436,31.064147,22.733566,22.160638,22.455280,30.261145,30.086546,30.156984,33.884071,33.864250,26.681307,24.900175,33.389438,33.473852,24.433445,27.172045,31.541181,37.677742,29.212991,33.849912,30.969102,36.891641,36.819157,32.791547,28.742480,32.176230,31.133460,36.645415,30.453216,35.564983,29.106520,33.199648,30.501681,36.209398,31.153761,35.646509,29.241341,32.368280,30.897001,35.926352,32.412647,36.115531,31.119896,33.790652,31.667545,35.040658,81.673244,84.936005,132.305760,86.564162,133.831119,50.447312,41.991884,153.318014,121.560000,3.781700,392.510000,120.450000,2.897500,267.370000,615325.632677,10.155060,10.477705,20.586442,91.125500,Inf,Inf,32.962216
06/22/2026 09:20:14,0.000000,0.000000,74.664844,74.063739,63.764045,74.461142,74.939892,76.688658,74.743977,74.668763,34.646337,29.341229,29.056218,28.637767,32.186294,28.834072,28.927714,28.800572,32.934835,36.246605,34.569589,33.865655,33.663590,34.175537,33.570272,32.915686,32.827040,33.266649,36.850048,33.355964,32.868798,33.968420,34.192602,32.603329,32.301797,32.769265,34.575181,70.396435,34.670720,30.914468,24.599670,22.637380,23.337850,32.461792,30.557163,30.912324,69.495669,40.123943,31.119331,22.662663,22.102372,22.382681,30.351680,30.143015,30.125628,33.833745,33.856629,26.680341,24.810751,33.405936,33.476576,24.410230,27.166962,31.553040,37.686412,29.198548,33.880284,30.953682,36.871910,36.805855,32.791518,28.708989,32.163202,31.097243,36.670954,30.425453,35.532953,29.078367,33.221372,30.487366,36.216251,31.119664,35.640180,29.198842,32.372601,30.870211,35.891310,32.418378,36.104230,31.099612,33.798496,31.620618,35.054698,70.384040,73.310964,132.980358,78.837476,134.088989,50.483100,41.503492,126.612110,121.620000,3.523700,358.920000,120.750000,2.667700,236.360000,615385.629783,10.814819,11.019682,20.099649,78.501895,Inf,Inf,32.951075
06/22/2026 09:21:14,0.000000,0.000000,74.660679,74.086211,63.767532,74.472361,74.942657,76.687201,74.740295,74.670152,34.599583,29.348635,29.046229,28.647585,32.235688,28.876901,28.925780,28.800868,32.931993,36.305311,34.611561,33.846563,33.721775,34.191518,33.507487,32.967105,32.827913,33.341285,36.706685,33.363946,32.788929,33.864239,34.321029,32.924533,32.278824,32.784991,34.748791,79.783274,39.968659,30.936651,24.585415,22.836032,23.421851,32.463794,30.542678,30.947011,80.986811,42.202092,31.095607,22.711421,22.186474,22.463173,30.453979,30.161219,30.169244,33.907383,33.887162,26.531007,24.894054,33.407796,33.488210,24.235293,27.394969,31.533246,37.701690,29.215306,33.883164,30.952563,36.869029,36.796179,32.804469,28.715293,32.196545,31.111026,36.670678,30.425175,35.560592,29.085770,33.220304,30.492090,36.228437,31.142177,35.646106,29.191873,32.388339,30.848640,35.904420,32.401295,36.118632,31.104747,33.821525,31.614318,35.050201,85.497053,88.842847,134.291464,90.316423,135.608315,50.439624,42.227874,157.827565,121.450000,3.845100,399.200000,120.430000,2.944500,273.780000,615445.626074,10.116122,10.275078,20.820529,93.108946,Inf,Inf,32.956461
06/22/2026 09:22:14,0.000000,0.000000,74.672499,74.077742,63.698170,74.461694,74.934530,76.702699,74.745267,74.675969,34.603868,29.321278,29.038941,28.640403,32.190703,28.796110,28.856500,28.797612,32.911837,36.305604,34.567489,33.848296,33.648004,34.235416,33.546890,32.975863,32.866298,33.333436,36.863451,33.211677,32.771824,33.723257,34.162816,32.614402,32.170839,32.808696,34.669087,78.078716,39.879203,30.786027,24.623920,22.829328,23.455239,32.466699,30.544697,30.989157,79.046122,42.117966,31.065016,22.781508,22.212277,22.501523,30.301323,30.131608,30.185549,33.875225,33.889093,26.639288,24.883080,33.386679,33.455099,24.460205,27.062572,31.552714,37.697579,29.218293,33.874396,30.961588,36.856755,36.755090,32.800524,28.720704,32.171116,31.106505,36.658609,30.425498,35.548507,29.057454,33.208092,30.485190,36.217301,31.117155,35.626047,29.173909,32.372201,30.866698,35.884276,32.391294,36.114579,31.085963,33.796582,31.646319,35.043476,83.668218,86.776689,133.993336,88.686242,135.267928,50.503058,42.090650,155.255303,121.420000,3.798700,394.160000,120.450000,2.909100,269.360000,615505.623944,10.101527,10.380516,20.684500,91.982305,Inf,Inf,32.947814
06/22/2026 09:23:14,0.000000,0.000000,74.696766,74.077078,63.172481,74.472519,74.939857,76.675976,74.720679,74.653070,34.588317,29.337756,29.070587,28.620082,32.223389,28.852079,28.912285,28.862322,32.858906,36.253783,34.611386,33.840950,33.694842,34.216977,33.557574,32.924317,32.816475,33.280531,36.591314,33.519121,32.935315,33.744450,34.105430,32.796155,32.176956,32.777904,34.512814,74.035451,39.221404,30.693356,24.583299,22.786847,23.335141,32.462661,30.533965,30.949824,76.101038,41.889716,31.090493,22.729587,22.160214,22.457995,30.315553,30.176515,30.198804,33.856013,33.851871,26.544645,24.791462,33.426769,33.477861,24.348412,27.362830,31.547069,37.703470,29.187664,33.868925,30.924011,36.872538,36.782072,32.786734,28.702405,32.164503,31.103002,36.670792,30.418604,35.576215,29.068351,33.194062,30.483153,36.233489,31.123200,35.648436,29.181730,32.374663,30.842379,35.923442,32.363903,36.109515,31.049675,33.780773,31.600610,35.036116,80.633083,83.936374,132.302320,85.841742,133.596977,50.451285,42.023058,151.245248,121.520000,3.771000,389.530000,120.310000,2.880300,265.610000,615565.619595,10.075950,10.473087,20.617406,90.200723,Inf,Inf,32.944050
06/22/2026 09:24:14,0.000000,0.000000,74.663033,74.095332,63.258223,74.449821,74.914638,76.697181,74.711099,74.660392,34.612130,29.347870,29.037880,28.645685,32.182622,28.843328,28.882774,28.856007,32.820526,36.317832,34.600152,33.846449,33.704339,34.218479,33.517969,32.944254,32.852266,33.297639,36.920710,33.334964,32.796951,33.801201,34.104449,32.776053,32.207905,32.816388,34.537017,71.937762,33.583398,30.881719,24.638918,22.717493,23.465584,32.488092,30.576384,30.984535,71.082996,38.155647,31.140461,22.731441,22.187202,22.454933,30.325882,30.139912,30.173793,33.829766,33.847047,26.619768,24.903601,33.398617,33.460817,24.294535,27.241113,31.526325,37.711618,29.188752,33.872664,30.949600,36.882456,36.777521,32.790609,28.724139,32.196426,31.104668,36.684458,30.406963,35.573505,29.077487,33.210719,30.478018,36.242531,31.097543,35.667436,29.174987,32.384399,30.840365,35.924984,32.386361,36.141583,31.062340,33.801209,31.616657,35.060954,70.150465,73.261845,133.584091,79.483956,134.677395,50.452919,41.338881,123.855816,121.650000,3.537200,359.210000,120.530000,2.657200,234.460000,615625.617257,10.946859,11.205601,19.934860,77.101905,Inf,Inf,32.951909
06/22/2026 09:25:14,0.000000,0.000000,74.673562,74.074155,63.397810,74.435833,74.934030,76.684915,74.744331,74.666582,34.573488,29.362542,29.049879,28.672287,32.196693,28.900262,28.866996,28.805431,32.888505,36.234558,34.644469,33.839177,33.663311,34.202777,33.498704,32.937422,32.863847,33.297216,36.963196,33.187896,32.744670,33.986104,34.337656,32.720213,32.097665,32.844074,34.614775,79.678057,40.336770,30.886974,24.586697,22.811767,23.414091,32.489006,30.518466,30.882663,80.910300,42.356152,31.099264,22.684616,22.127124,22.445092,30.307630,30.169959,30.160598,33.917864,33.882369,26.587396,24.752547,33.435668,33.472542,24.269195,27.278313,31.546952,37.684351,29.225459,33.864385,30.939954,36.888806,36.765391,32.817547,28.703876,32.181486,31.088371,36.663458,30.398735,35.604761,29.054489,33.225136,30.460832,36.254378,31.117043,35.657929,29.170323,32.397096,30.826746,35.915879,32.359420,36.162730,31.077384,33.821958,31.622771,35.051520,85.746955,88.997503,134.088596,90.408581,135.592948,50.396107,42.149113,158.983562,121.590000,3.848000,399.710000,120.290000,2.948500,274.510000,615685.614486,10.144490,10.356780,20.742484,93.611263,Inf,Inf,32.951639
06/22/2026 09:26:14,0.000000,0.000000,74.654522,74.061867,63.668826,74.450226,74.947570,76.691260,74.742321,74.640062,34.610367,29.334502,29.070009,28.605647,32.187189,28.825600,28.877059,28.852076,32.847215,36.298808,34.694652,33.915835,33.674698,34.178648,33.480736,32.928334,32.870614,33.328418,36.586343,33.296869,32.649320,33.776779,34.303298,32.754267,32.341285,32.774493,34.605684,78.064074,39.804369,30.801273,24.651121,22.829679,23.442939,32.430908,30.585944,30.986095,79.140762,42.599132,31.097473,22.752298,22.217454,22.489660,30.260108,30.148159,30.157075,33.865069,33.882805,26.644129,24.782352,33.420833,33.465705,24.298117,27.200760,31.537749,37.695109,29.210001,33.871694,30.943724,36.877066,36.767965,32.798791,28.721641,32.200116,31.096333,36.675160,30.392248,35.551344,29.060792,33.203418,30.471588,36.243947,31.103424,35.646164,29.169183,32.398629,30.843294,35.923909,32.389285,36.137243,31.075351,33.814973,31.620219,35.040112,83.567609,86.686893,134.202391,88.705990,135.378346,50.530016,42.054038,154.758558,121.540000,3.796600,394.140000,120.420000,2.905200,268.880000,615745.611666,10.153108,10.449308,20.648165,91.763295,Inf,Inf,32.949349
06/22/2026 09:27:14,0.000000,0.000000,74.675351,74.074254,63.775546,74.457733,74.944934,76.708444,74.733883,74.652330,34.642066,29.417657,29.052815,28.622785,32.206061,28.805708,28.877865,28.811840,32.888320,36.241900,34.624321,33.892929,33.707304,34.180163,33.557060,32.936250,32.873402,33.302322,36.766997,33.332537,32.787355,33.715230,34.233358,32.575231,32.108927,32.816198,34.448089,74.149637,39.254501,30.708525,24.584535,22.772396,23.363748,32.472826,30.528106,30.979306,76.248743,42.053310,31.059701,22.721920,22.136376,22.468242,30.274477,30.100354,30.181044,33.844538,33.837616,26.687124,24.777396,33.400361,33.437682,24.323150,27.096787,31.533826,37.675308,29.197153,33.897906,30.945521,36.900968,36.810403,32.819653,28.705544,32.208038,31.103820,36.686681,30.394047,35.583264,29.073375,33.223509,30.479258,36.242875,31.129973,35.655041,29.186595,32.415105,30.858984,35.916029,32.387598,36.165394,31.081402,33.831627,31.626235,35.070042,80.825469,84.120990,132.461497,86.015945,133.643156,50.469929,42.060739,151.828102,121.590000,3.765600,390.970000,120.490000,2.885100,265.870000,615805.608968,10.053708,10.404884,20.654817,90.461618,Inf,Inf,32.960172
06/22/2026 09:28:14,0.000000,0.000000,74.691702,74.081312,63.588759,74.435788,74.938632,76.719017,74.731691,74.657744,34.618110,29.364140,29.061736,28.610335,32.214113,28.843671,28.889947,28.853366,32.886097,36.296353,34.552895,33.805049,33.622069,34.167777,33.570423,32.946512,32.827767,33.322032,36.831748,33.240713,32.759146,33.732356,34.333463,32.670654,32.243763,32.709487,34.581200,71.308122,33.831357,30.870266,24.605402,22.669572,23.398215,32.503044,30.594041,31.031392,70.335437,38.797201,31.082322,22.698503,22.094631,22.404538,30.292278,30.111893,30.169847,33.820951,33.829074,26.641002,24.829314,33.383937,33.466575,24.313318,27.158305,31.557769,37.677404,29.221124,33.860274,30.948306,36.862150,36.803198,32.799518,28.735755,32.161355,31.107871,36.671009,30.421943,35.563140,29.078415,33.187645,30.487860,36.231074,31.134137,35.630488,29.219415,32.387338,30.880063,35.913947,32.397518,36.122598,31.089577,33.804608,31.623631,35.052376,69.972297,73.010639,133.309617,78.954178,134.521859,50.538506,41.294500,124.596320,121.630000,3.524500,358.120000,120.680000,2.653600,234.190000,615865.605240,10.979898,11.191954,19.890368,77.480020,Inf,Inf,32.954384
06/22/2026 09:29:14,0.000000,0.000000,74.667117,74.059248,63.621649,74.437581,74.934509,76.700992,74.731748,74.636672,34.639791,29.392625,29.073277,28.650078,32.194122,28.863333,28.901779,28.800957,32.865144,36.286114,34.607850,33.846380,33.666518,34.153162,33.486696,32.916959,32.823760,33.315362,37.019740,33.321583,32.768928,33.856254,34.343226,32.574590,32.318663,32.799905,34.591999,79.717734,40.202612,30.937085,24.531560,22.765506,23.359491,32.465930,30.496681,30.949670,80.942752,42.457360,31.090797,22.647406,22.077389,22.364432,30.367417,30.167000,30.197314,33.910476,33.897022,26.567737,24.779925,33.393987,33.475291,24.124681,27.049756,31.530574,37.697272,29.198358,33.885340,30.933801,36.873408,36.783703,32.805269,28.715203,32.175838,31.088062,36.682640,30.414938,35.584091,29.061128,33.236194,30.468358,36.254223,31.108867,35.651438,29.183414,32.395917,30.848086,35.927343,32.387840,36.140437,31.082576,33.809363,31.627956,35.048700,85.687149,88.927718,134.065690,90.326045,135.506488,50.510089,42.157757,158.590892,121.470000,3.845300,399.480000,120.390000,2.946200,274.020000,615925.603401,10.186032,10.339744,20.751053,93.440911,Inf,Inf,32.953345
06/22/2026 09:30:14,0.000000,0.000000,74.686905,74.076089,63.571054,74.441663,74.934365,76.708014,74.724180,74.657839,34.612314,29.363218,29.063045,28.641786,32.193863,28.812216,28.858349,28.815968,32.835828,36.245855,34.608321,33.877648,33.647604,34.240343,33.563835,32.956368,32.784954,33.292132,36.548435,33.390775,32.778835,34.032646,34.058395,32.760160,32.235210,32.793874,34.558918,78.141015,39.802524,30.884972,24.613937,22.804536,23.413323,32.457995,30.527507,30.904615,79.035312,42.082052,31.092850,22.743613,22.211125,22.464949,30.320684,30.097409,30.154026,33.904658,33.892852,26.659153,24.902357,33.412932,33.475575,24.395793,27.258101,31.522332,37.710751,29.206610,33.860832,30.945747,36.867129,36.799049,32.802463,28.703018,32.182114,31.088554,36.678673,30.415400,35.574359,29.057676,33.222534,30.464016,36.258467,31.114029,35.658986,29.192796,32.393264,30.851321,35.929229,32.391515,36.137154,31.093086,33.813999,31.632161,35.045791,83.545363,86.641686,134.061384,88.638020,135.293614,50.543132,42.001595,155.097814,121.590000,3.797100,393.860000,120.460000,2.902600,268.690000,615985.599595,10.288883,10.496761,20.596089,91.912920,Inf,Inf,32.953769
06/22/2026 09:31:14,0.000000,0.000000,74.670918,74.074468,63.658894,74.443521,74.924816,76.703543,74.722306,74.655965,34.618191,29.367342,29.052004,28.629163,32.164809,28.838853,28.877063,28.788285,32.862170,36.221615,34.534785,33.837554,33.637259,34.196273,33.520723,32.971904,32.895784,33.359350,36.525985,33.281589,32.631429,33.652765,34.186469,32.871547,32.123295,32.753187,34.693555,73.051749,39.456537,30.782561,24.569985,22.721959,23.323121,32.450282,30.544293,30.855888,75.400979,42.121458,31.094274,22.664802,22.136070,22.402468,30.322316,30.100823,30.231887,33.815254,33.877397,26.622605,24.825665,33.375871,33.477613,24.249684,26.877820,31.511449,37.722936,29.197499,33.844789,30.942570,36.870612,36.774210,32.805956,28.690908,32.163423,31.079195,36.669781,30.418032,35.542856,29.055718,33.194363,30.467854,36.228670,31.115676,35.624828,29.187847,32.378096,30.848474,35.921528,32.378885,36.108681,31.070670,33.806312,31.594600,35.045210,79.830165,83.085911,131.835963,85.103784,133.302691,50.543048,42.029468,150.028393,121.670000,3.752700,387.980000,120.510000,2.865200,263.720000,616045.597235,10.158790,10.470503,20.623771,89.653864,Inf,Inf,32.942054
06/22/2026 09:32:14,0.000000,0.000000,74.682383,74.060992,63.407178,74.426091,74.925561,76.716934,74.722899,74.647261,34.619348,29.351113,29.063873,28.601826,32.217641,28.853900,28.914706,28.833960,32.860217,36.296260,34.550140,33.825445,33.634918,34.167301,33.487574,32.937844,32.853951,33.292213,36.898499,33.494372,32.812876,33.911243,34.168731,32.739509,32.025905,32.834630,34.607126,73.637420,33.111664,30.925092,24.664749,22.775645,23.482342,32.484715,30.582361,30.950865,72.880122,37.142899,31.110027,22.793168,22.209363,22.509371,30.301547,30.145459,30.194943,33.881917,33.846026,26.607571,24.814005,33.399392,33.468256,24.244285,27.373685,31.547653,37.686814,29.193601,33.850206,30.953354,36.879105,36.772015,32.812198,28.737771,32.148432,31.110971,36.668346,30.410791,35.563575,29.046269,33.211614,30.489168,36.232486,31.115506,35.645987,29.197997,32.372204,30.862208,35.906389,32.397934,36.143935,31.093672,33.800210,31.635257,35.041334,69.894150,73.642600,134.087690,80.829524,135.244821,50.576367,41.696848,120.688725,121.830000,3.575400,364.180000,120.620000,2.686600,236.960000,616105.594516,10.632341,10.817276,20.292751,75.467766,Inf,Inf,32.950900
06/22/2026 09:33:14,0.000000,0.000000,74.649536,74.073792,63.268528,74.448186,74.921453,76.742342,74.708113,74.649376,34.557405,29.370457,29.044414,28.674036,32.158389,28.923869,28.916024,28.813864,32.872833,36.297755,34.534334,33.882213,33.675711,34.209399,33.543528,32.929821,32.764689,33.350530,36.959209,33.300764,32.863057,33.968014,34.358183,32.757679,32.174252,32.792543,34.669828,79.241362,39.916784,30.868149,24.508350,22.751223,23.370985,32.512038,30.528619,31.019142,80.630559,42.299585,31.098039,22.677107,22.092486,22.373246,30.262064,30.064419,30.129507,33.883345,33.889585,26.497699,24.740561,33.431763,33.508621,24.004702,27.213532,31.539352,37.675044,29.201348,33.837331,30.948009,36.849468,36.783748,32.779081,28.715695,32.156343,31.092157,36.649769,30.427291,35.563139,29.090615,33.191356,30.473753,36.210945,31.116997,35.641564,29.193544,32.373546,30.855264,35.909231,32.403458,36.125049,31.076447,33.792666,31.621006,35.044000,85.674800,88.841609,133.655321,90.140049,135.268218,50.490809,42.217871,159.780393,121.550000,3.842100,399.450000,120.410000,2.947200,274.600000,616165.592237,10.057528,10.287418,20.810621,93.956086,Inf,Inf,32.944574
06/22/2026 09:34:14,0.000000,0.000000,74.714509,74.076650,62.990399,74.415368,74.933432,76.697808,74.694140,74.645968,34.595570,29.316504,29.039072,28.609752,32.169479,28.812752,28.868131,28.790506,32.830607,36.238443,34.572057,33.876850,33.660575,34.187171,33.508719,32.956780,32.841332,33.299597,36.929738,33.411567,32.772279,34.016334,33.979484,32.634425,32.148625,32.753151,34.691303,77.662514,39.399271,30.750534,24.586781,22.775093,23.387304,32.457070,30.543964,30.983576,78.614454,42.368652,31.086680,22.741440,22.176106,22.464466,30.342491,30.128254,30.128700,33.865667,33.859172,26.611862,24.789846,33.365628,33.453599,24.199074,26.999606,31.521539,37.695823,29.196449,33.860049,30.945407,36.870773,36.783966,32.793974,28.713685,32.165468,31.093273,36.660418,30.415732,35.594185,29.065799,33.201740,30.485505,36.240830,31.128361,35.647796,29.187776,32.380249,30.850079,35.938181,32.402730,36.124385,31.077562,33.799061,31.632768,35.047281,82.930934,86.079017,134.144938,88.201027,135.326494,50.541313,41.900304,153.418528,121.560000,3.788100,392.370000,120.370000,2.895900,267.390000,616225.588966,10.255131,10.591277,20.495403,91.170132,Inf,Inf,32.950695
06/22/2026 09:35:14,0.000000,0.000000,74.724120,74.053286,63.471745,74.395039,74.935504,76.697347,74.746534,74.647234,34.617442,29.346520,29.087381,28.624908,32.210402,28.816753,28.887039,28.829044,32.867198,36.187218,34.589493,33.932338,33.676550,34.192039,33.550647,32.901380,32.857909,33.288614,36.888724,33.277061,32.868843,33.932501,33.998655,32.727448,32.086181,32.748118,34.621515,70.719781,39.665294,30.714588,24.540647,22.684951,23.257676,32.444468,30.437288,30.869677,74.092384,43.429202,31.100746,22.617066,22.098809,22.370599,30.291082,30.099460,30.137799,33.817004,33.851431,26.690748,24.760746,33.386050,33.466466,24.173988,27.350195,31.530008,37.692291,29.163893,33.822824,30.946375,36.850942,36.783093,32.754856,28.684250,32.127925,31.098458,36.642004,30.417241,35.552705,29.062972,33.175369,30.474211,36.201334,31.134060,35.612079,29.200883,32.347945,30.857504,35.864508,32.379447,36.124292,31.097966,33.784091,31.613740,35.030118,78.381524,81.439041,132.063931,83.989275,133.419478,50.461993,42.151347,148.045784,121.650000,3.716400,384.750000,120.550000,2.843700,260.800000,616285.585873,9.969889,10.356047,20.744699,88.756496,Inf,Inf,32.934246
06/22/2026 09:36:14,0.000000,0.000000,74.711586,74.081337,63.066698,74.384652,74.912029,76.701744,74.700887,74.641728,34.583207,29.345998,29.061881,28.662790,32.164528,28.812696,28.869534,28.814215,32.850673,36.258424,34.542834,33.925192,33.694718,34.203982,33.550541,32.975515,32.828010,33.275173,36.827566,33.288504,32.816603,33.510364,34.283412,32.680980,32.303535,32.759441,34.512583,74.745065,33.543014,30.917855,24.633493,22.780645,23.493391,32.480118,30.587560,30.914661,74.239077,37.850043,31.098955,22.731375,22.197551,22.476489,30.381634,30.161846,30.193498,33.852503,33.876289,26.592001,24.838199,33.363436,33.477174,24.223278,27.415443,31.525606,37.706486,29.169299,33.854816,30.939264,36.874408,36.794303,32.799026,28.701801,32.175101,31.077075,36.683632,30.392759,35.579325,29.078121,33.216239,30.472412,36.245041,31.119676,35.647115,29.206269,32.388462,30.868183,35.953959,32.368754,36.135681,31.066649,33.812201,31.611201,35.036458,71.112040,75.141311,134.395207,82.771686,135.698488,50.463380,41.805714,123.064327,121.530000,3.610700,368.050000,120.600000,2.710700,240.640000,616345.583418,10.516600,10.697700,20.401255,76.696110,Inf,Inf,32.949977
06/22/2026 09:37:14,0.000000,0.000000,74.676220,74.075122,63.487434,74.375767,74.921736,76.702578,74.715540,74.688074,34.621849,29.378156,29.083338,28.670350,32.162723,28.857283,28.890016,28.820422,32.880952,36.320448,34.608097,33.872329,33.628070,34.171999,33.508744,32.939468,32.902564,33.315471,36.401724,33.356350,33.068592,33.790112,34.014787,32.750720,32.151272,32.802039,34.614535,78.985379,40.200132,30.885110,24.506298,22.692235,23.331507,32.483518,30.498258,30.917836,80.355515,42.107398,31.056622,22.610780,22.036362,22.351220,30.311046,30.077199,30.156998,33.877869,33.923799,26.571448,24.785162,33.380526,33.474715,23.898884,27.167010,31.512991,37.674086,29.174064,33.860465,30.943151,36.871188,36.784058,32.789175,28.715116,32.188149,31.103509,36.671388,30.400929,35.552884,29.030422,33.198937,30.469322,36.232601,31.120078,35.633525,29.187237,32.380156,30.842365,35.918557,32.377681,36.120140,31.064823,33.792866,31.615415,35.039322,85.459691,88.558896,133.631966,89.797136,135.035875,50.394429,42.076568,159.520448,121.560000,3.841600,399.030000,120.400000,2.943200,274.190000,616405.583558,10.214583,10.386095,20.670527,93.843724,Inf,Inf,32.942153
06/22/2026 09:38:14,0.000000,0.000000,74.687367,74.041030,63.470040,74.345919,74.936687,76.667753,74.732306,74.641034,34.572870,29.319105,29.041674,28.604771,32.218798,28.797956,28.857803,28.774377,32.834978,36.222430,34.556011,33.898090,33.660946,34.198638,33.541969,32.961603,32.826154,33.287094,36.607143,33.410174,32.870859,33.910982,34.136955,32.688109,32.159648,32.764611,34.675232,77.682215,39.516471,30.865419,24.595062,22.764562,23.381821,32.450292,30.500177,30.907776,78.474336,42.142745,31.057539,22.714366,22.156713,22.458978,30.303604,30.134898,30.154514,33.870509,33.852336,26.595154,24.827245,33.372108,33.450304,24.211871,27.145478,31.539628,37.677085,29.183782,33.831352,30.940673,36.859880,36.792481,32.769183,28.714687,32.136638,31.089359,36.639205,30.418879,35.555662,29.060489,33.182229,30.477971,36.221372,31.122590,35.641620,29.202075,32.360701,30.841208,35.888618,32.375636,36.106253,31.082486,33.778519,31.615724,35.022337,82.724474,85.801057,134.213179,88.044824,135.382405,50.490549,42.006937,152.416783,121.430000,3.776700,391.810000,120.440000,2.890200,267.030000,616465.582984,10.264024,10.456144,20.601395,90.724444,Inf,Inf,32.937611
06/22/2026 09:39:14,0.000000,0.000000,74.638700,74.038845,63.013792,74.335828,74.892385,76.654739,74.702925,74.656443,34.603694,29.335821,29.019138,28.613695,32.182756,28.835432,28.862265,28.806500,32.792952,36.226184,34.591716,33.851023,33.635629,34.205741,33.569511,32.903366,32.798990,33.273721,36.670379,33.196841,32.718930,34.002138,34.032771,32.578398,32.181671,32.789284,34.677667,70.731618,39.659952,30.728352,24.544972,22.697801,23.258593,32.447158,30.503723,30.905621,73.975524,43.638326,31.064284,22.648078,22.080888,22.396180,30.285307,30.146117,30.179551,33.809303,33.838631,26.693953,24.802494,33.369746,33.435058,24.217996,27.127286,31.514797,37.678529,29.192822,33.859626,30.916908,36.886278,36.775146,32.807786,28.700775,32.198283,31.061967,36.670703,30.391324,35.586760,29.036791,33.201283,30.451616,36.257637,31.107846,35.652334,29.193683,32.387475,30.837141,35.937725,32.349332,36.129239,31.066850,33.803132,31.597647,35.052676,78.226628,81.289226,132.128021,83.954030,133.538891,50.448868,42.203401,147.780982,121.600000,3.716000,383.810000,120.520000,2.840100,260.940000,616525.584113,9.932065,10.267997,20.796287,88.636035,Inf,Inf,32.943470
06/22/2026 09:40:14,0.000000,0.000000,74.588305,74.044659,63.047960,74.327465,74.897545,76.679702,74.687495,74.664254,34.592989,29.338439,29.046291,28.616117,32.205196,28.845438,28.910395,28.833217,32.852918,36.273941,34.587222,33.908938,33.681568,34.238332,33.488611,32.960665,32.793681,33.303520,36.740316,33.307075,32.874149,33.848995,34.285379,32.704296,32.262026,32.823339,34.643771,75.028009,33.898648,30.858029,24.628084,22.785088,23.494995,32.494166,30.565534,30.983628,74.441886,38.030187,31.095004,22.791503,22.210819,22.490649,30.352474,30.121618,30.166644,33.864830,33.883009,26.552296,24.675025,33.396461,33.455551,24.223872,27.351898,31.533489,37.684696,29.221347,33.863209,30.938328,36.862419,36.774647,32.801949,28.706071,32.171728,31.093749,36.677459,30.378071,35.596184,29.041729,33.221757,30.457888,36.227881,31.106861,35.628971,29.209413,32.382256,30.858118,35.915168,32.364490,36.126932,31.092602,33.786976,31.606387,35.049403,71.046348,75.276973,134.397281,83.090279,135.758609,50.487459,41.771627,123.464118,121.700000,3.619700,369.440000,120.660000,2.715100,241.020000,616585.584704,10.490731,10.727706,20.367298,76.901295,Inf,Inf,32.946006
06/22/2026 09:41:14,0.000000,0.000000,74.616653,74.021011,63.127251,74.317211,74.908422,76.637437,74.711442,74.631155,34.574357,29.339778,29.061458,28.626879,32.209698,28.867797,28.891716,28.797586,32.829799,36.173441,34.564597,33.862812,33.636317,34.194000,33.501553,32.925603,32.815339,33.283395,36.676029,33.337605,32.822284,33.953494,34.030746,32.649307,32.181618,32.838586,34.666968,78.972163,40.054988,30.873330,24.476533,22.671835,23.295154,32.501693,30.530288,30.982925,80.342108,42.257282,31.086188,22.598833,22.008038,22.320663,30.229853,30.064297,30.114674,33.879672,33.864455,26.642645,24.710689,33.421208,33.471855,24.046002,26.991133,31.517098,37.679043,29.180406,33.842139,30.953280,36.848507,36.791965,32.773111,28.715059,32.149685,31.102869,36.662547,30.424117,35.569288,29.062657,33.187055,30.469885,36.231732,31.120540,35.646826,29.196612,32.372157,30.851396,35.932404,32.381802,36.128569,31.094695,33.778097,31.636240,35.028567,85.458749,88.509695,133.673391,89.762122,135.155084,50.394805,42.080065,159.538252,121.600000,3.831600,399.060000,120.420000,2.940900,273.890000,616645.583368,10.199333,10.412191,20.673997,93.851423,Inf,Inf,32.944278
06/22/2026 09:42:14,0.000000,0.000000,74.596249,74.014971,63.434231,74.307622,74.912357,76.662865,74.720883,74.657077,34.592047,29.324558,29.071661,28.598226,32.171779,28.804797,28.872478,28.793068,32.865757,36.228729,34.643951,33.845842,33.686854,34.216097,33.568575,32.911765,32.866610,33.298200,36.523941,33.503911,32.917931,33.683558,34.064987,32.778768,32.260541,32.838306,34.605471,77.574079,39.468501,30.832980,24.595653,22.763361,23.396662,32.445900,30.465467,30.850481,78.401316,42.100304,31.082860,22.681113,22.151387,22.411056,30.263096,30.068666,30.231828,33.890683,33.871795,26.679963,24.785748,33.366890,33.480628,23.979623,27.413328,31.511466,37.697322,29.178783,33.843704,30.929895,36.852720,36.770350,32.770508,28.718246,32.144055,31.109263,36.638716,30.407689,35.563149,29.066413,33.180575,30.474530,36.217260,31.105974,35.642460,29.190433,32.359320,30.866735,35.886970,32.388217,36.149961,31.079238,33.792225,31.618781,35.024050,82.631479,85.675433,134.177526,87.923685,135.394596,50.468398,42.038014,152.386839,121.490000,3.781100,391.590000,120.530000,2.892500,266.890000,616705.585183,10.200723,10.450603,20.632257,90.711091,Inf,Inf,32.939300
06/22/2026 09:43:14,0.000000,0.000000,74.577396,74.044315,63.044613,74.313487,74.924132,76.687263,74.711246,74.660961,34.556174,29.329081,29.026671,28.614477,32.155947,28.780448,28.860776,28.805903,32.855149,36.265537,34.545082,33.845141,33.659949,34.198530,33.486734,32.944560,32.861061,33.274878,36.900265,33.235328,32.877720,33.746426,34.162004,32.667399,32.218656,32.743537,34.663080,71.959243,39.856900,30.679686,24.510153,22.740029,23.234408,32.465407,30.474316,30.943646,74.821065,43.276921,31.027631,22.686071,22.097944,22.430719,30.246090,30.074042,30.114165,33.842309,33.820312,26.599570,24.772153,33.383159,33.426256,24.077953,27.447950,31.529081,37.657343,29.188389,33.844053,30.925789,36.842450,36.783263,32.767033,28.691560,32.173633,31.088082,36.672260,30.403591,35.567937,29.044947,33.201409,30.456200,36.239293,31.105425,35.636614,29.189454,32.359678,30.841279,35.938293,32.374817,36.130375,31.064429,33.784598,31.631623,35.032397,79.195317,82.303230,132.228966,84.726052,133.515807,50.398084,42.152512,149.236580,121.630000,3.738400,386.670000,120.480000,2.855600,263.200000,616765.585147,9.933832,10.281777,20.745854,89.296428,Inf,Inf,32.938843
06/22/2026 09:44:14,0.000000,0.000000,74.547901,74.013532,63.571511,74.277124,74.913143,76.650158,74.696252,74.637515,34.596597,29.326902,29.015571,28.558642,32.215957,28.836598,28.930358,28.820169,32.855645,36.245666,34.550014,33.837974,33.674988,34.166066,33.443630,32.912541,32.865953,33.289100,36.646754,33.254439,32.808333,33.707761,34.365247,32.761645,32.170924,32.798555,34.686028,74.146929,33.125730,30.792131,24.615010,22.770647,23.421744,32.476143,30.509588,30.959618,73.445098,37.308116,31.065517,22.767668,22.187264,22.500281,30.244813,30.114094,30.207265,33.845791,33.824318,26.570984,24.729971,33.421693,33.451904,24.230941,27.213103,31.521548,37.683900,29.179509,33.823795,30.920610,36.844388,36.777064,32.766583,28.696463,32.121660,31.101097,36.651974,30.400540,35.552498,29.065272,33.164328,30.461801,36.206912,31.096896,35.631367,29.184171,32.336614,30.849998,35.902226,32.374623,36.121457,31.087538,33.774376,31.609340,35.025295,70.617888,74.430579,134.284804,81.802867,135.465003,50.493264,41.601772,122.145130,121.730000,3.591900,366.060000,120.790000,2.698400,238.790000,616825.585807,10.594269,10.867655,20.197862,76.222684,Inf,Inf,32.931128
06/22/2026 09:45:14,0.000000,0.000000,74.560253,74.000942,63.747994,74.321040,74.900842,76.667815,74.714555,74.659623,34.582308,29.370070,29.060531,28.636719,32.174124,28.815179,28.846655,28.779290,32.775964,36.238490,34.453641,33.878821,33.626125,34.132325,33.503770,32.915818,32.826691,33.288519,36.671398,33.192087,32.818257,33.928161,34.026281,32.769347,32.186901,32.774501,34.597707,79.309946,39.945949,30.876696,24.490769,22.737200,23.341851,32.466210,30.476903,30.888748,80.610582,42.332274,31.014395,22.644512,22.051205,22.384893,30.267400,30.067269,30.093127,33.888405,33.878615,26.572448,24.804455,33.397907,33.465883,23.894908,27.361212,31.517387,37.680214,29.197645,33.824791,30.938990,36.837417,36.789178,32.763195,28.701540,32.143766,31.105408,36.654286,30.402869,35.549495,29.041315,33.176458,30.468617,36.219061,31.112243,35.631909,29.183379,32.352285,30.855922,35.897483,32.394773,36.125195,31.091300,33.788233,31.618787,35.030706,85.688992,88.766789,133.755050,90.077793,135.391481,50.444788,42.076666,159.727141,121.700000,3.843600,399.260000,120.510000,2.945600,274.250000,616885.584883,10.206072,10.343771,20.670624,93.933077,Inf,Inf,32.936462
06/22/2026 09:46:14,0.000000,0.000000,74.500762,74.011615,63.165283,74.336097,74.915043,76.676928,74.683271,74.669749,34.602507,29.324370,29.001440,28.593132,32.149788,28.873759,28.863156,28.857802,32.864235,36.279454,34.499134,33.850097,33.639589,34.212361,33.568177,32.940263,32.821617,33.315442,36.714578,33.374538,32.769781,33.911278,34.411085,32.450900,32.110318,32.841598,34.616740,77.955044,39.703415,30.807945,24.622795,22.847475,23.415209,32.511022,30.508435,30.985819,78.799100,42.301880,31.099543,22.744967,22.200008,22.495086,30.287792,30.133618,30.175077,33.907421,33.847124,26.571145,24.757275,33.399932,33.458578,24.167382,27.357939,31.546645,37.676092,29.201066,33.830830,30.937029,36.850955,36.791772,32.792926,28.739402,32.161203,31.107718,36.666905,30.400870,35.557257,29.063497,33.199002,30.471170,36.230474,31.104570,35.633467,29.199667,32.366306,30.876300,35.929252,32.390648,36.124212,31.082289,33.794753,31.622654,35.032782,83.124810,86.257725,134.217558,88.405085,135.424307,50.507600,42.079676,153.918187,121.640000,3.788700,392.970000,120.470000,2.901300,268.310000,616945.585580,10.134334,10.425932,20.673611,91.391709,Inf,Inf,32.946057
06/22/2026 09:47:14,0.000000,0.000000,74.499547,73.991369,63.309257,74.317695,74.927915,76.675862,74.713100,74.645490,34.652241,29.342705,29.060371,28.592048,32.205220,28.865091,28.870191,28.781858,32.835385,36.265779,34.576825,33.825039,33.698026,34.173110,33.529872,32.918377,32.864226,33.278042,36.890586,33.228715,32.850308,34.126646,34.212314,32.711578,32.192894,32.729354,34.505633,72.550466,39.771459,30.655687,24.530109,22.725052,23.288256,32.478832,30.494454,30.913793,75.284416,42.854621,31.066894,22.706293,22.118210,22.408380,30.354938,30.142701,30.158749,33.830324,33.854109,26.588002,24.797607,33.381777,33.439535,24.282492,27.313679,31.522090,37.691950,29.185404,33.799526,30.925223,36.804727,36.790143,32.756162,28.702068,32.122355,31.094218,36.622334,30.407234,35.536996,29.053955,33.181940,30.458070,36.226835,31.113384,35.614095,29.185963,32.358866,30.840474,35.903833,32.364226,36.112159,31.079072,33.767217,31.610178,35.004845,79.854932,83.020459,131.953157,85.190858,133.566553,50.482243,42.089290,150.602021,121.660000,3.754100,388.630000,120.600000,2.872100,264.460000,617005.586746,9.972536,10.383743,20.683151,89.912022,Inf,Inf,32.927851
06/22/2026 09:48:14,0.000000,0.000000,74.507157,73.987987,63.409047,74.320203,74.914790,76.673303,74.699703,74.648996,34.586209,29.329839,29.007356,28.610414,32.176814,28.870071,28.886338,28.819867,32.829672,36.175086,34.586209,33.839765,33.639470,34.172738,33.490421,32.937581,32.818619,33.283118,36.625752,33.289339,32.709310,33.884197,34.000525,32.799577,32.267540,32.758596,34.626645,73.143447,32.983104,30.784612,24.621313,22.763513,23.453611,32.455741,30.539511,30.946532,72.298210,36.786949,31.071064,22.752627,22.225448,22.455503,30.308173,30.100111,30.155390,33.795004,33.843611,26.635075,24.824937,33.376926,33.459564,24.133456,27.443200,31.511866,37.689322,29.179629,33.820463,30.922169,36.839742,36.780765,32.776083,28.692164,32.149393,31.079850,36.666461,30.386160,35.562130,29.066172,33.167002,30.458688,36.208964,31.126144,35.631251,29.179595,32.365860,30.837973,35.910648,32.371517,36.130595,31.062422,33.785545,31.604952,35.014276,68.905969,72.508145,133.963217,80.247577,135.252862,50.496065,41.513494,119.371842,121.690000,3.565300,362.430000,120.690000,2.670400,235.580000,617065.585988,10.674962,10.961414,20.109650,74.780012,Inf,Inf,32.932593
06/22/2026 09:49:14,0.000000,0.000000,74.513313,73.949741,63.375457,74.300220,74.889329,76.659278,74.683904,74.627279,34.563478,29.355601,29.052304,28.630432,32.178089,28.856181,28.860421,28.823393,32.811338,36.203760,34.493377,33.835708,33.647405,34.157587,33.515256,32.908196,32.754080,33.327933,36.610199,33.268389,32.703086,33.612404,33.980103,32.683519,32.157436,32.849103,34.578091,79.265483,40.262833,30.849160,24.504469,22.692645,23.335102,32.452392,30.505401,30.883621,80.629673,41.997611,31.069319,22.628486,22.049382,22.348541,30.256673,30.114301,30.123217,33.882408,33.918246,26.610093,24.730934,33.400879,33.467521,24.055962,27.362941,31.510201,37.704905,29.161013,33.824288,30.945170,36.837359,36.767099,32.766795,28.693552,32.145367,31.091415,36.668968,30.389577,35.575718,29.041553,33.178028,30.470192,36.241043,31.102730,35.628445,29.175877,32.372385,30.832985,35.913664,32.365648,36.148065,31.055941,33.792202,31.606285,35.016046,85.715248,88.852853,133.884056,90.159162,135.256385,50.395634,42.066177,159.767768,121.370000,3.839600,399.820000,120.380000,2.949000,274.350000,617125.585047,10.188946,10.409105,20.660214,93.950631,Inf,Inf,32.934084
06/22/2026 09:50:14,0.000000,0.000000,74.487003,73.971628,63.493544,74.319382,74.878484,76.675436,74.683822,74.653397,34.567447,29.319898,29.027300,28.640904,32.171624,28.824271,28.843977,28.793565,32.809091,36.275015,34.527517,33.908740,33.676485,34.205734,33.502436,32.946047,32.795870,33.275047,36.661079,33.346587,32.822153,34.150473,34.127391,32.609150,32.124713,32.764385,34.631977,77.592893,39.474091,30.815455,24.552775,22.729825,23.348257,32.476573,30.580442,31.057242,78.360072,42.103368,31.048754,22.680872,22.114587,22.407448,30.195317,30.078016,30.129284,33.875574,33.845358,26.677489,24.770944,33.393066,33.452601,24.152406,27.284111,31.538480,37.671969,29.193338,33.803734,30.900479,36.846523,36.755646,32.752172,28.682003,32.122165,31.062389,36.654502,30.400857,35.539076,29.036084,33.172135,30.456258,36.197421,31.082888,35.602439,29.151928,32.344493,30.825293,35.898490,32.365533,36.113294,31.045011,33.751030,31.587256,34.998881,82.761772,85.871967,133.954872,87.993649,135.216477,50.460118,41.989553,153.152270,121.650000,3.782700,391.880000,120.630000,2.893000,266.930000,617185.586462,10.231329,10.464628,20.584126,91.051861,Inf,Inf,32.918392
06/22/2026 09:51:14,0.000000,0.000000,74.522140,73.983949,63.245634,74.336089,74.914613,76.675656,74.698256,74.642054,34.591910,29.286064,28.981863,28.567508,32.211895,28.841893,28.889571,28.794993,32.814489,36.212653,34.506283,33.791733,33.592759,34.180656,33.399454,32.930577,32.806383,33.263335,36.575516,33.388640,32.690387,33.976305,34.159204,32.753532,32.288697,32.745946,34.639311,68.934500,39.230161,30.571170,24.500833,22.628481,23.163956,32.466194,30.416713,30.770609,72.766002,43.597988,31.048031,22.619622,22.028311,22.346311,30.352080,30.100665,30.192500,33.770688,33.813997,26.611089,24.754550,33.383008,33.449207,24.166446,27.352391,31.528634,37.701977,29.183035,33.818680,30.932412,36.827790,36.758988,32.777763,28.705896,32.159611,31.098994,36.663421,30.394241,35.543577,29.054701,33.179573,30.440094,36.240064,31.099963,35.633967,29.191695,32.365918,30.844785,35.917861,32.359187,36.140445,31.075900,33.783530,31.598476,35.028671,76.960678,79.999613,131.779443,82.864719,133.209437,50.400674,41.991010,145.502495,121.740000,3.693400,381.120000,120.660000,2.824400,258.200000,617245.586297,9.985597,10.462458,20.585573,87.593540,Inf,Inf,32.934995
06/22/2026 09:52:14,0.000000,0.000000,74.554304,73.980610,63.652923,74.354157,74.882397,76.669223,74.704324,74.630797,34.554026,29.347437,29.014252,28.598439,32.193795,28.854975,28.883282,28.772198,32.855664,36.221777,34.560681,33.843833,33.631546,34.184794,33.442063,32.925200,32.876814,33.267516,36.469038,33.477234,32.825490,33.746660,34.174667,32.546219,32.175031,32.782650,34.807664,78.121623,37.358262,30.760600,24.610073,22.805596,23.445064,32.451258,30.484653,30.779864,78.077526,40.854889,31.067291,22.744349,22.159929,22.477439,30.243947,30.106803,30.168769,33.906466,33.880704,26.486081,24.823227,33.420991,33.462309,24.062797,27.165452,31.555543,37.680057,29.211758,33.818968,30.939385,36.854621,36.768690,32.781289,28.717464,32.134855,31.103614,36.675482,30.424666,35.585342,29.054282,33.192488,30.475334,36.235946,31.105175,35.637182,29.187349,32.378933,30.859963,35.909472,32.396138,36.147395,31.094035,33.795057,31.636770,35.037963,76.863725,82.278915,134.797337,88.089507,136.126125,50.452103,41.985571,133.343981,121.630000,3.742800,384.100000,120.410000,2.812700,255.070000,617305.585991,10.180431,10.487122,20.580169,81.838796,Inf,Inf,32.946507
06/22/2026 09:53:14,0.000000,0.000000,74.629485,74.016937,63.675142,74.406497,74.919919,76.707510,74.717213,74.676648,34.578525,29.349766,29.021934,28.622036,32.183065,28.845556,28.860997,28.826646,32.781954,36.217005,34.584292,33.879306,33.654148,34.198503,33.468740,32.935445,32.848580,33.313506,36.612205,33.370381,32.828457,33.726530,34.336961,32.519386,32.198609,32.829331,34.629343,78.236576,40.149366,30.670642,24.479024,22.604392,23.245690,32.438797,30.456567,30.787128,79.815400,42.055843,31.062977,22.554406,22.016832,22.294922,30.171724,30.051655,30.157312,33.883510,33.943452,26.587650,24.725757,33.394405,33.450830,24.078988,26.902390,31.522144,37.707912,29.185012,33.816992,30.927599,36.843805,36.798547,32.774835,28.703850,32.155782,31.074663,36.677434,30.397659,35.577106,29.056256,33.172233,30.471958,36.220552,31.114189,35.635592,29.186195,32.349754,30.843218,35.915418,32.370524,36.147497,31.060271,33.784582,31.619134,35.040363,84.854965,87.953521,133.057396,89.194281,134.780010,50.386922,41.936043,158.711315,121.560000,3.826100,397.560000,120.310000,2.933900,272.900000,617365.587163,10.139698,10.532033,20.530944,93.493184,Inf,Inf,32.938369
06/22/2026 09:54:14,0.000000,0.000000,74.592709,73.980135,63.651586,74.420582,74.881189,76.678136,74.686518,74.653558,34.512777,29.312663,28.990623,28.604064,32.128206,28.844093,28.825182,28.794399,32.730733,36.258094,34.579327,33.859200,33.631372,34.202374,33.483275,32.911313,32.779022,33.319976,36.803598,33.168439,32.774960,33.753036,34.177488,32.508125,32.283745,32.776569,34.637922,77.281604,39.264590,30.792255,24.543733,22.730181,23.320818,32.481802,30.492973,30.867115,77.995778,42.247230,31.027932,22.694444,22.103263,22.431104,30.217943,30.111163,30.129441,33.864629,33.857469,26.544469,24.776911,33.402101,33.453194,24.078684,27.157241,31.540224,37.661325,29.207573,33.833298,30.947081,36.848104,36.755736,32.772272,28.691017,32.136730,31.061377,36.664250,30.388390,35.576754,29.017125,33.194133,30.460938,36.243078,31.092747,35.642329,29.173798,32.377873,30.835765,35.902697,32.377766,36.144345,31.077151,33.796416,31.603384,35.031339,81.929703,85.073346,134.160244,87.542986,135.374570,50.483496,42.026554,150.723577,121.670000,3.762600,389.770000,120.450000,2.876400,265.240000,617425.587420,10.171377,10.407054,20.620878,89.966643,Inf,Inf,32.935167
06/22/2026 09:55:14,0.000000,0.000000,74.633587,73.991862,63.729385,74.412741,74.913063,76.673266,74.688346,74.646512,34.534329,29.339233,28.990880,28.631405,32.162149,28.799604,28.869240,28.801875,32.837704,36.153418,34.439821,33.816250,33.624388,34.185187,33.512932,32.930766,32.819349,33.282070,36.572047,33.249186,32.926195,33.949374,34.111860,32.600706,32.166282,32.718324,34.628168,68.705128,37.877528,30.681672,24.506042,22.556136,23.169765,32.455501,30.500940,30.879020,71.349970,44.129628,31.045950,22.556554,21.954723,22.272746,30.316848,30.123518,30.148037,33.820541,33.839011,26.548237,24.725324,33.408193,33.451289,24.205700,27.269819,31.519320,37.677713,29.200026,33.824537,30.922692,36.829643,36.777348,32.762867,28.673549,32.131910,31.079277,36.656768,30.371492,35.569704,29.040264,33.177188,30.443497,36.224966,31.113285,35.639267,29.181866,32.364122,30.855763,35.898654,32.363028,36.128887,31.065605,33.768203,31.592455,35.009820,75.361312,78.119549,132.410478,81.884315,133.617133,50.486558,41.873209,141.163058,121.670000,3.640400,375.280000,120.580000,2.782000,252.270000,617485.586700,10.213226,10.577504,20.468446,85.577623,Inf,Inf,32.928791
06/22/2026 09:56:14,0.000000,0.000000,74.666575,73.988928,63.363748,74.441789,74.919705,76.671885,74.724527,74.640015,34.549196,29.320728,29.045973,28.599978,32.163291,28.794057,28.912829,28.840559,32.843710,36.268756,34.619291,33.883997,33.708585,34.177004,33.479041,32.905298,32.851029,33.251965,36.507988,33.207081,32.849300,33.689613,34.189115,32.580711,32.186739,32.817025,34.677397,78.797308,38.245133,30.840870,24.586554,22.823278,23.444219,32.468656,30.524818,30.918416,79.058421,41.206478,31.053412,22.751456,22.172538,22.464935,30.248009,30.084912,30.127710,33.899760,33.853996,26.538741,24.806037,33.386148,33.486112,24.241685,27.241074,31.526731,37.670037,29.190942,33.822221,30.903879,36.842378,36.771069,32.774343,28.695771,32.139835,31.083202,36.653516,30.390949,35.564232,29.039815,33.173185,30.440820,36.226133,31.099309,35.623606,29.171006,32.372864,30.846847,35.935412,32.367029,36.125626,31.058313,33.778749,31.593234,35.015472,78.629709,84.020663,134.782627,88.813850,136.247609,50.486390,42.153289,137.158185,121.570000,3.770700,389.540000,120.520000,2.843800,258.870000,617545.587238,10.094246,10.306788,20.746624,83.680266,Inf,Inf,32.929884
06/22/2026 09:57:14,0.000000,0.000000,74.615365,73.990965,63.412062,74.468040,74.887644,76.689636,74.694978,74.662864,34.492606,29.325390,28.968558,28.611004,32.154708,28.866200,28.876709,28.832097,32.843466,36.247263,34.587994,33.840352,33.592086,34.189749,33.454176,32.943100,32.805845,33.301012,36.644014,33.236134,32.779753,33.637462,34.193813,32.721947,32.151458,32.816454,34.582779,77.970969,40.077950,30.810098,24.477539,22.626218,23.231560,32.507505,30.453653,30.832123,79.392729,41.643438,31.059835,22.580388,21.994609,22.296027,30.309230,30.125197,30.124751,33.862623,33.901692,26.560819,24.645236,33.439304,33.467293,23.768253,27.443766,31.521788,37.693860,29.184655,33.820949,30.911515,36.841553,36.764786,32.769361,28.677835,32.148083,31.064725,36.650692,30.380527,35.551656,29.025996,33.177194,30.443058,36.230984,31.074781,35.609258,29.166821,32.355789,30.822791,35.922577,32.353692,36.112323,31.045817,33.769757,31.589559,35.001174,84.430434,87.559095,132.983462,88.765496,134.657584,50.439437,41.900401,158.214408,121.530000,3.815400,396.860000,120.460000,2.925500,271.840000,617605.585555,10.314599,10.564336,20.495499,93.277316,Inf,Inf,32.922785
06/22/2026 09:58:14,0.000000,0.000000,74.670410,74.024061,63.674220,74.480365,74.909257,76.705723,74.734754,74.659117,34.535159,29.321782,28.997959,28.585404,32.145640,28.800898,28.852096,28.808822,32.838091,36.186568,34.575088,33.883701,33.661654,34.206892,33.440772,32.957694,32.849576,33.290062,36.686651,33.293173,32.805984,33.955421,34.145428,32.651237,32.183133,32.765401,34.717273,77.220071,39.381437,30.880915,24.543662,22.724730,23.349916,32.462652,30.530836,30.915384,77.872992,41.826283,31.052209,22.674485,22.095165,22.390723,30.228618,30.102386,30.158557,33.857664,33.844804,26.525917,24.706666,33.389667,33.455422,23.916157,27.270324,31.522052,37.693238,29.181798,33.802241,30.915915,36.843266,36.776509,32.764692,28.673149,32.131683,31.060333,36.652189,30.395853,35.552269,29.036287,33.158116,30.461365,36.214015,31.109838,35.631581,29.176805,32.366637,30.841094,35.898249,32.382196,36.122805,31.075527,33.774606,31.609125,35.013109,81.771259,84.893714,134.348015,87.380519,135.440053,50.543188,42.018882,149.867344,121.530000,3.762400,389.060000,120.600000,2.870900,264.600000,617665.586900,10.267656,10.438950,20.613259,89.581266,Inf,Inf,32.927885
06/22/2026 09:59:14,0.000000,0.000000,74.671183,74.000306,63.461347,74.484921,74.916768,76.682866,74.726802,74.662574,34.548810,29.275295,28.949233,28.549851,32.174262,28.847884,28.887197,28.828310,32.824205,36.204176,34.560789,33.803470,33.651581,34.176851,33.549027,32.921099,32.859101,33.268031,36.689493,33.301359,33.011500,33.953767,34.065645,32.719397,32.099831,32.743081,34.567246,69.627677,37.246388,30.654069,24.512430,22.596610,23.234978,32.458411,30.500289,30.976546,70.844504,43.480455,31.083158,22.607888,22.033920,22.305279,30.443682,30.133257,30.143065,33.785835,33.825467,26.515396,24.785013,33.389264,33.444800,24.133353,27.326476,31.531738,37.711242,29.179452,33.801448,30.941857,36.835397,36.768817,32.768077,28.696177,32.137538,31.092933,36.665769,30.387245,35.559221,29.048368,33.180818,30.462739,36.230137,31.095763,35.628342,29.181573,32.362050,30.857175,35.907587,32.375115,36.121217,31.077493,33.781117,31.613875,35.016063,74.924655,77.600491,132.927881,81.720484,133.919471,50.537548,41.949056,139.361893,121.650000,3.624000,371.880000,120.490000,2.764000,250.060000,617725.587007,10.110189,10.539278,20.543880,84.728779,Inf,Inf,32.933878
06/22/2026 10:00:14,0.000000,0.000000,74.714861,74.038521,63.206674,74.522139,74.919327,76.701861,74.706645,74.664389,34.541667,29.318065,28.993350,28.619453,32.166249,28.831375,28.888822,28.817443,32.773916,36.226711,34.562519,33.832775,33.592946,34.191052,33.468461,32.924941,32.862099,33.319019,36.856176,33.325684,32.821484,33.920283,34.093429,32.645393,32.108980,32.827812,34.611858,79.157097,38.320973,30.697249,24.590704,22.831917,23.491363,32.436735,30.516011,30.955659,79.482743,41.501475,31.078868,22.760926,22.198211,22.497326,30.260152,30.127074,30.177449,33.898683,33.872702,26.543712,24.846455,33.396517,33.455607,24.271827,27.180241,31.508814,37.680549,29.156502,33.823272,30.906271,36.822632,36.767020,32.772496,28.680534,32.144185,31.081319,36.673299,30.378338,35.570750,29.027086,33.176947,30.449050,36.245632,31.077048,35.622590,29.177566,32.358498,30.838140,35.936503,32.346771,36.134501,31.056995,33.791914,31.590848,35.020193,79.752280,85.028394,134.706458,89.345071,136.259573,50.528711,42.138237,138.900757,121.450000,3.791700,391.450000,120.390000,2.861400,261.160000,617785.587255,9.965549,10.347168,20.731700,84.510287,Inf,Inf,32.927209
06/22/2026 10:01:14,0.000000,0.000000,74.734280,74.036812,63.518010,74.534598,74.923332,76.742110,74.725177,74.671512,34.544994,29.371807,29.030597,28.634082,32.201753,28.856262,28.865215,28.831756,32.800817,36.159191,34.560522,33.809145,33.655036,34.177641,33.424959,32.935647,32.816750,33.298580,36.678761,33.367453,32.710598,33.587482,34.285899,32.718603,32.056437,32.789989,34.482279,77.646204,40.089677,30.829536,24.416581,22.599230,23.194730,32.430019,30.473623,30.922752,79.267642,41.839268,31.019051,22.531282,21.930818,22.282485,30.186554,30.075429,30.096828,33.858345,33.909452,26.562819,24.662771,33.411396,33.439831,23.788041,27.059427,31.518390,37.694025,29.192850,33.816300,30.898383,36.837807,36.781512,32.767496,28.694702,32.136684,31.065342,36.665236,30.377348,35.560018,29.031987,33.177831,30.457068,36.242469,31.100601,35.636227,29.167655,32.362849,30.835016,35.926754,32.375238,36.141079,31.056040,33.796812,31.595317,35.024196,84.284998,87.403307,132.791687,88.614913,134.500940,50.437828,41.863498,157.677198,121.660000,3.819000,396.300000,120.300000,2.922200,271.720000,617845.585861,10.370753,10.560268,20.458783,93.043426,Inf,Inf,32.931108
06/22/2026 10:02:14,0.000000,0.000000,74.746844,74.034586,63.257943,74.521589,74.914976,76.720704,74.719550,74.667576,34.483936,29.279658,28.960734,28.569458,32.192036,28.781831,28.857218,28.767100,32.853453,36.255879,34.522537,33.774578,33.619130,34.170167,33.463643,32.924566,32.893343,33.222712,36.689943,33.246709,32.740399,33.765593,34.102593,32.782197,32.271553,32.848865,34.493112,76.982880,39.168005,30.832377,24.550146,22.712398,23.363866,32.422232,30.536691,30.997837,77.754277,42.104551,31.046085,22.685808,22.127971,22.410067,30.228679,30.085903,30.172835,33.843910,33.842254,26.430409,24.727381,33.393796,33.475544,24.208653,27.209827,31.485311,37.681543,29.175792,33.819029,30.937664,36.838313,36.789148,32.778728,28.706864,32.156056,31.087414,36.662131,30.390713,35.571530,29.031613,33.165903,30.471403,36.238416,31.111226,35.641536,29.197531,32.377077,30.862272,35.932140,32.375754,36.118871,31.088946,33.796104,31.620892,35.020386,81.506114,84.657572,134.092338,87.195445,135.429608,50.505636,42.062778,149.220070,121.650000,3.753400,388.770000,120.450000,2.864400,264.020000,617905.586800,10.175536,10.389244,20.656841,89.288962,Inf,Inf,32.937677
06/22/2026 10:03:14,0.000000,0.000000,74.795099,74.026216,63.291441,74.544696,74.939762,76.697802,74.724832,74.649616,34.583123,29.329413,28.997563,28.577136,32.169434,28.848843,28.926569,28.824856,32.856369,36.218052,34.554730,33.835953,33.664084,34.161382,33.497611,32.965224,32.810439,33.327821,36.683985,33.192729,32.757713,33.956949,34.280997,32.878207,32.322135,32.822938,34.438841,69.880570,36.349169,30.628223,24.520434,22.546791,23.208682,32.420293,30.496862,30.857340,69.729735,41.908826,31.064905,22.551414,21.968115,22.228279,30.355117,30.150869,30.205256,33.764743,33.810830,26.615497,24.708767,33.400195,33.444179,24.187345,27.360170,31.512783,37.721607,29.175640,33.831140,30.928873,36.837106,36.790815,32.784850,28.720145,32.150202,31.075313,36.660365,30.388488,35.561343,29.053267,33.177700,30.490366,36.226439,31.122788,35.639768,29.185938,32.363290,30.862515,35.939468,32.382225,36.132131,31.069315,33.785597,31.614360,35.022309,73.264573,75.945945,132.893765,80.639302,134.096646,50.551544,41.597985,134.978431,121.670000,3.579700,367.070000,120.510000,2.727600,244.850000,617965.586871,10.434143,10.870825,20.194080,82.632110,Inf,Inf,32.940205
06/22/2026 10:04:14,0.000000,0.000000,74.719921,74.055849,63.811278,74.578706,74.909547,76.723718,74.739906,74.668073,34.503894,29.358144,28.982138,28.630445,32.172762,28.875824,28.890020,28.887790,32.884122,36.165552,34.558466,33.863697,33.619879,34.186895,33.458103,32.942584,32.840363,33.321734,36.677924,33.363502,32.893861,33.769211,34.443952,32.729792,32.228855,32.833765,34.589849,79.761638,39.449154,30.761284,24.554324,22.780237,23.413925,32.463486,30.511169,30.919418,80.698628,42.586998,31.082335,22.696276,22.139964,22.421160,30.282947,30.088589,30.142086,33.897206,33.907683,26.517252,24.703031,33.393167,33.464252,23.941177,27.326093,31.518436,37.708654,29.175947,33.804582,30.929405,36.827460,36.784264,32.764037,28.676062,32.131015,31.074815,36.661977,30.391003,35.568274,29.039687,33.180613,30.462087,36.227359,31.105444,35.643154,29.186671,32.371584,30.856969,35.914026,32.378023,36.134822,31.069350,33.782398,31.614269,35.032418,82.775014,87.596394,134.745976,90.117429,136.156545,50.536555,42.057145,145.958937,121.470000,3.836100,398.570000,120.400000,2.920700,269.790000,618025.586006,10.110034,10.431085,20.651250,87.803247,Inf,Inf,32.933827
06/22/2026 10:05:14,0.000000,0.000000,74.795420,74.057408,63.761489,74.571464,74.920473,76.732934,74.722953,74.660837,34.525387,29.336042,28.994825,28.627216,32.181111,28.886424,28.888335,28.825433,32.805177,36.200724,34.570197,33.875136,33.621995,34.151724,33.467976,32.928901,32.863038,33.288852,36.705358,33.178198,32.743528,33.922361,34.084409,32.827566,32.071227,32.798097,34.733477,77.242220,39.182775,30.774657,24.408648,22.530755,23.175664,32.463137,30.501014,30.898877,78.896196,41.785376,31.029997,22.488042,21.886604,22.194333,30.266550,30.083198,30.118417,33.822121,33.855974,26.563965,24.672406,33.375643,33.464501,24.016652,27.195921,31.511981,37.703577,29.175284,33.823789,30.900551,36.821378,36.764262,32.778173,28.697830,32.146682,31.073125,36.652782,30.383969,35.545773,29.026865,33.178505,30.439023,36.232407,31.077996,35.637492,29.164021,32.357445,30.829453,35.900409,32.358118,36.119946,31.062400,33.781535,31.593801,35.014707,83.824226,86.964307,133.052249,88.277604,134.426167,50.474656,41.835723,156.577852,121.490000,3.808200,395.360000,120.500000,2.914300,270.390000,618085.586509,10.343521,10.598861,20.431136,92.563125,Inf,Inf,32.925109
06/22/2026 10:06:14,0.000000,0.000000,74.790329,74.065422,63.326866,74.573845,74.900041,76.695683,74.693941,74.671545,34.507087,29.314971,28.954123,28.600161,32.106067,28.774610,28.818407,28.775579,32.784170,36.224967,34.539920,33.862421,33.609719,34.200267,33.456093,32.922789,32.810203,33.325364,36.456726,33.339139,32.738547,33.661150,34.212601,32.624258,32.120805,32.787160,34.715470,77.341034,38.793434,30.872508,24.541381,22.730067,23.349019,32.459092,30.451050,30.838292,77.937404,42.454317,31.036505,22.653306,22.064662,22.380408,30.218810,30.121561,30.198684,33.890528,33.854910,26.542341,24.689292,33.396409,33.455055,23.924295,27.151876,31.525516,37.685184,29.189279,33.817896,30.916028,36.846917,36.786100,32.768105,28.708251,32.125227,31.075704,36.638750,30.401928,35.564069,29.045263,33.187946,30.468551,36.216165,31.103090,35.628316,29.199833,32.349566,30.848279,35.920005,32.373352,36.132040,31.069224,33.770746,31.618619,35.016350,81.705590,84.869833,134.548022,87.480363,135.582566,50.561270,42.043355,149.182357,121.650000,3.758100,388.630000,120.520000,2.868600,263.740000,618145.586388,10.234948,10.398945,20.637560,89.271905,Inf,Inf,32.933210
06/22/2026 10:07:14,0.000000,0.000000,74.828382,74.078136,63.376147,74.590661,74.932058,76.741122,74.722279,74.687207,34.533544,29.329970,28.991874,28.627533,32.182317,28.812686,28.843733,28.813843,32.849366,36.204880,34.589444,33.892769,33.623643,34.210186,33.408452,32.926243,32.796755,33.311924,36.604434,33.362134,32.917333,33.715827,34.131865,32.794177,32.169946,32.838483,34.617625,70.115539,35.872275,30.734294,24.487421,22.540620,23.180047,32.475940,30.431828,30.828221,70.108638,42.319173,31.037892,22.555620,21.953353,22.222043,30.205826,30.074930,30.141801,33.789461,33.831870,26.587966,24.652457,33.392269,33.452693,23.982363,27.484033,31.518304,37.713384,29.171801,33.811856,30.889912,36.840457,36.749388,32.767671,28.683277,32.133896,31.049181,36.659275,30.351730,35.577532,29.004953,33.177117,30.434957,36.223336,31.073322,35.634689,29.157631,32.363529,30.800430,35.927815,32.342937,36.147182,31.047477,33.782374,31.576822,35.010224,73.877133,76.514903,133.157865,81.137636,134.224366,50.559601,41.665965,136.478054,121.760000,3.593100,368.510000,120.760000,2.739000,246.460000,618205.584835,10.472352,10.775950,20.261942,83.354410,Inf,Inf,32.920749
06/22/2026 10:08:14,0.000000,0.000000,74.853705,74.077687,63.804276,74.588696,74.940233,76.710919,74.752527,74.672244,34.597680,29.377050,29.027812,28.647873,32.175459,28.780826,28.884357,28.792902,32.774474,36.247190,34.569287,33.846406,33.638562,34.210003,33.492891,32.921380,32.844697,33.294072,36.587098,33.169641,32.789324,33.744733,34.198041,32.784878,32.227625,32.872550,34.601487,79.032281,38.023776,30.907196,24.515346,22.762265,23.403269,32.442674,30.532213,30.909543,79.488002,41.866244,31.032219,22.694722,22.112251,22.427982,30.337426,30.109026,30.175004,33.902908,33.891491,26.542512,24.685906,33.380606,33.443252,24.070008,27.303844,31.515842,37.665866,29.184947,33.790407,30.901811,36.795642,36.740508,32.743628,28.677892,32.109522,31.052402,36.627936,30.364736,35.523552,29.006285,33.142889,30.442082,36.200343,31.082710,35.607741,29.156373,32.330241,30.833848,35.887947,32.349159,36.106918,31.035921,33.766866,31.579530,35.003164,79.931878,85.011177,135.165608,89.294286,136.256716,50.550127,42.012084,139.189028,121.810000,3.793200,391.230000,120.590000,2.860300,261.100000,618265.585875,10.300689,10.425712,20.606507,84.646930,Inf,Inf,32.907557
06/22/2026 10:09:14,0.000000,0.000000,74.805784,74.078352,63.868726,74.617350,74.924097,76.701562,74.722737,74.677946,34.543664,29.373592,29.013648,28.641864,32.134756,28.807832,28.837410,28.795920,32.800818,36.235345,34.530798,33.888382,33.634357,34.160083,33.445694,32.890155,32.849162,33.314087,36.415396,33.320752,32.991996,33.848145,34.332459,32.766143,32.057107,32.849350,34.468306,77.695070,39.481430,30.951663,24.406650,22.535928,23.161566,32.444693,30.409432,30.787932,79.259857,41.879045,31.011719,22.478170,21.893575,22.203993,30.290861,30.078763,30.059147,33.882979,33.887049,26.584063,24.706254,33.381260,33.423469,23.773340,27.479203,31.524623,37.682530,29.191062,33.796375,30.929190,36.836979,36.790466,32.756041,28.709085,32.122091,31.087269,36.669757,30.383685,35.543275,29.035387,33.159440,30.470716,36.220705,31.121919,35.628348,29.192729,32.361166,30.883422,35.890711,32.384856,36.134367,31.088053,33.772617,31.631187,35.016888,84.262649,87.339164,133.189275,88.626950,134.700576,50.499264,41.790758,157.653729,121.660000,3.810700,395.480000,120.510000,2.919500,271.450000,618325.585541,10.565305,10.625361,20.386358,93.033196,Inf,Inf,32.933831
06/22/2026 10:10:14,0.000000,0.000000,74.871306,74.093613,63.284750,74.609411,74.940240,76.717249,74.747104,74.649494,34.535709,29.325902,29.032859,28.619300,32.173662,28.755379,28.842508,28.747482,32.813298,36.232276,34.595602,33.810863,33.679407,34.164711,33.533403,32.915687,32.826283,33.249895,36.759484,33.385421,32.905593,33.861307,34.060658,32.431088,32.248249,32.809127,34.650442,77.210975,38.617009,30.986268,24.505582,22.700484,23.310255,32.453522,30.467755,30.872398,77.962043,42.571401,31.014128,22.645589,22.069811,22.377035,30.202083,30.084796,30.172173,33.879663,33.852595,26.526607,24.748932,33.398756,33.454292,23.931138,26.988436,31.523318,37.693168,29.190201,33.829310,30.904754,36.842362,36.760159,32.770492,28.677184,32.136080,31.054042,36.668592,30.366465,35.581988,29.011336,33.167478,30.458719,36.235116,31.074484,35.630283,29.168361,32.362219,30.819732,35.932824,32.343075,36.139481,31.043737,33.773101,31.587568,35.026239,81.810069,84.956431,134.416112,87.493849,135.546385,50.561117,41.942161,150.092004,121.750000,3.758700,388.730000,120.480000,2.872800,263.850000,618385.583028,10.449242,10.477102,20.537026,89.682524,Inf,Inf,32.925729
06/22/2026 10:11:14,0.000000,0.000000,74.850571,74.072858,63.948336,74.615719,74.923311,76.710052,74.744832,74.669619,34.521485,29.394557,29.072533,28.653643,32.123364,28.766520,28.815905,28.781999,32.746130,36.198602,34.588477,33.870354,33.665625,34.149606,33.525125,32.909626,32.835551,33.284043,36.717383,33.340032,32.771477,33.792190,34.209963,32.617612,32.319720,32.826750,34.632980,69.545205,37.375490,30.851946,24.482547,22.534392,23.158309,32.473042,30.526539,30.888257,72.066062,44.231213,31.007250,22.522995,21.935627,22.220467,30.329077,30.110022,30.128300,33.801324,33.837303,26.708254,24.629316,33.364406,33.454598,23.905028,27.196225,31.509612,37.684876,29.206364,33.787326,30.901393,36.810711,36.775763,32.762608,28.670612,32.141581,31.057322,36.648766,30.370117,35.566122,29.032444,33.176063,30.428551,36.240626,31.097408,35.638344,29.180491,32.360526,30.843493,35.921007,32.351225,36.148976,31.063988,33.774629,31.592219,35.021557,76.290318,79.020265,132.964807,82.711611,134.016887,50.577174,41.853398,142.679352,121.790000,3.648100,377.050000,120.780000,2.789000,254.040000,618445.584032,10.403215,10.558519,20.448731,86.286654,Inf,Inf,32.925491
06/22/2026 10:12:14,0.000000,0.000000,74.856872,74.115953,63.286820,74.649592,74.927602,76.709696,74.737892,74.666058,34.555274,29.375897,29.038703,28.666628,32.151001,28.778166,28.856238,28.766121,32.792445,36.230992,34.574351,33.875285,33.681217,34.206912,33.472442,32.925368,32.768796,33.285317,36.597408,33.079549,32.777079,33.982501,34.301657,32.608539,32.278500,32.743758,34.616722,77.145527,35.638847,30.941999,24.583753,22.816886,23.420467,32.531365,30.541747,30.999630,77.068134,39.910633,31.022645,22.720057,22.135750,22.463581,30.312637,30.137181,30.113554,33.891877,33.877511,26.502082,24.737641,33.410204,33.445303,24.027302,27.340826,31.534471,37.696277,29.189771,33.787340,30.914331,36.824882,36.750864,32.746476,28.682534,32.135055,31.064156,36.669839,30.349445,35.539370,29.017072,33.161637,30.424334,36.225023,31.078585,35.635077,29.199949,32.342563,30.821006,35.925232,32.354134,36.144884,31.044273,33.757878,31.580761,35.005719,75.463379,80.415746,134.888369,86.814388,136.123484,50.619479,41.886320,130.509347,121.660000,3.699100,379.110000,120.550000,2.779600,250.470000,618505.582463,10.460508,10.541154,20.481491,80.447570,Inf,Inf,32.920098
06/22/2026 10:13:14,0.000000,0.000000,74.883711,74.106452,63.672439,74.662903,74.917252,76.710329,74.731892,74.660481,34.526524,29.371080,29.055296,28.657813,32.127078,28.767566,28.819518,28.766875,32.722722,36.250118,34.565567,33.846085,33.657340,34.166627,33.467861,32.868324,32.791426,33.257274,36.778334,33.199502,32.750763,33.935801,34.254976,32.652042,32.157413,32.723691,34.530597,78.534013,39.079358,30.976787,24.398431,22.607053,23.197249,32.509029,30.474346,30.918642,80.049370,42.310340,30.989457,22.505541,21.907768,22.238812,30.232301,30.061064,30.123923,33.909309,33.899501,26.533593,24.658946,33.403156,33.450694,23.836609,27.307494,31.522156,37.678316,29.182794,33.785126,30.913892,36.825773,36.754342,32.752640,28.696304,32.124396,31.072198,36.657551,30.382978,35.565171,29.006678,33.158392,30.449607,36.213491,31.083466,35.606821,29.153217,32.318640,30.845828,35.889666,32.341098,36.126710,31.056284,33.760940,31.597198,35.007002,85.076993,88.171740,133.743611,89.480729,135.266284,50.558588,41.857574,158.938079,121.590000,3.824700,397.980000,120.510000,2.932800,272.590000,618565.583110,10.523900,10.536570,20.452887,93.591545,Inf,Inf,32.917623
06/22/2026 10:14:14,0.000000,0.000000,74.940732,74.134350,63.520864,74.672961,74.943360,76.730901,74.739007,74.649426,34.587114,29.377132,29.047521,28.640350,32.131466,28.747874,28.820095,28.716591,32.730979,36.114886,34.564044,33.808722,33.698140,34.170117,33.480431,32.911134,32.798990,33.244836,36.630555,33.439455,32.980284,33.774275,34.147670,32.763766,32.093031,32.770082,34.398960,77.821937,38.873724,31.075242,24.542628,22.724143,23.355869,32.541954,30.567067,30.999672,78.863475,42.713531,31.008137,22.658390,22.048643,22.399372,30.256830,30.137668,30.144355,33.885258,33.871047,26.585833,24.751601,33.402739,33.468937,24.112010,27.261570,31.528912,37.690321,29.182421,33.809366,30.911924,36.825590,36.778610,32.767248,28.689545,32.136756,31.058730,36.654400,30.373564,35.557142,29.022808,33.156685,30.450124,36.232963,31.099054,35.632909,29.177249,32.363076,30.841442,35.915425,32.356295,36.142198,31.048254,33.777795,31.586039,35.004322,82.918844,86.100299,134.287733,88.399443,135.854555,50.688580,41.764246,152.511794,121.530000,3.779500,391.840000,120.500000,2.890100,266.760000,618625.583351,10.715299,10.648194,20.359943,90.766799,Inf,Inf,32.925706
06/22/2026 10:15:14,0.000000,0.000000,74.950976,74.154751,63.621589,74.684984,74.949887,76.746689,74.758911,74.681586,34.580360,29.447495,29.097825,28.703948,32.147283,28.754809,28.813816,28.741988,32.798022,36.205997,34.554628,33.919087,33.642863,34.197434,33.508385,32.936886,32.816161,33.252665,36.465755,33.316654,32.834082,33.701060,34.153504,32.735371,32.208102,32.785016,34.554073,71.621417,39.531680,30.905747,24.451461,22.612201,23.161929,32.475302,30.477099,30.789531,75.140061,43.317813,31.005636,22.553205,21.944186,22.284637,30.253332,30.052276,30.054951,33.846828,33.848573,26.678490,24.669148,33.379518,33.424836,23.990557,27.267143,31.542937,37.693626,29.189772,33.791420,30.899262,36.809038,36.767064,32.742748,28.696640,32.120081,31.075007,36.649667,30.370579,35.557720,29.025439,33.162862,30.456319,36.226797,31.103096,35.620195,29.193888,32.339188,30.849865,35.916709,32.338900,36.122305,31.057644,33.761294,31.595325,34.995827,79.773304,82.899203,132.197842,85.104974,133.677470,50.617943,41.934489,151.136965,121.660000,3.751600,387.740000,120.370000,2.871000,264.390000,618685.582229,10.376348,10.476237,20.529399,90.152179,Inf,Inf,32.922374
06/22/2026 10:16:14,0.000000,0.000000,74.916729,74.128506,63.795366,74.651949,74.948545,76.731017,74.729197,74.682716,34.602017,29.392113,29.054030,28.656240,32.179799,28.755733,28.838192,28.727997,32.816171,36.251960,34.584272,33.906242,33.687310,34.134435,33.497120,32.953175,32.829010,33.268174,36.675918,33.538308,32.988432,34.119406,34.062141,32.513530,32.185462,32.781512,34.704069,72.555140,32.779373,31.004651,24.547459,22.608836,23.361929,32.512388,30.604741,31.036827,71.814417,37.053521,31.030982,22.637887,22.037665,22.332342,30.243692,30.073641,30.128922,33.857452,33.873829,26.524293,24.773818,33.371039,33.466117,23.913056,27.288304,31.533752,37.701309,29.187713,33.799346,30.917912,36.839497,36.790292,32.759423,28.670094,32.117121,31.050208,36.659217,30.379753,35.565510,29.013663,33.169795,30.463718,36.222316,31.091456,35.612477,29.167831,32.360801,30.853252,35.907674,32.360521,36.149704,31.059818,33.773836,31.619491,35.009680,68.999834,72.619410,134.181834,79.834650,135.214402,50.607944,41.276630,119.332186,121.560000,3.550500,361.140000,120.640000,2.664700,234.190000,618745.582886,11.132204,11.158535,19.872447,74.759225,Inf,Inf,32.926906
06/22/2026 10:17:14,0.000000,0.000000,74.888829,74.151744,63.790211,74.677626,74.933660,76.739770,74.742028,74.693858,34.540269,29.400060,29.048150,28.709927,32.174162,28.828600,28.823769,28.768448,32.796971,36.205836,34.552692,33.954785,33.654589,34.211372,33.471650,32.935245,32.789577,33.294086,36.827814,33.275867,32.783896,33.975989,33.982204,32.563766,32.236548,32.788985,34.473734,79.144229,39.536330,30.975510,24.361649,22.540619,23.167053,32.499515,30.484871,30.947674,80.591794,42.296344,30.982382,22.463448,21.859587,22.203206,30.220538,30.066034,30.095458,33.930688,33.938629,26.487179,24.666068,33.410226,33.450656,23.724611,27.243014,31.531340,37.669748,29.193772,33.810894,30.886718,36.841268,36.757153,32.767027,28.667907,32.141803,31.042395,36.679382,30.364853,35.564878,29.012387,33.189857,30.423219,36.224893,31.063304,35.630454,29.150246,32.357497,30.831923,35.925895,32.337894,36.146526,31.030328,33.773903,31.590154,35.010190,85.574981,88.796403,133.933986,90.032230,135.408956,50.524846,41.977220,159.192845,121.370000,3.844800,399.250000,120.220000,2.945000,274.170000,618805.582225,10.403638,10.410510,20.571872,93.701941,Inf,Inf,32.920594
06/22/2026 10:18:14,0.000000,0.000000,74.931459,74.123800,63.202677,74.619070,74.939335,76.713816,74.727310,74.669420,34.563432,29.339945,29.062517,28.604641,32.129672,28.725553,28.808076,28.721525,32.728586,36.238690,34.561213,33.899738,33.690575,34.176317,33.452913,32.896934,32.848382,33.238654,36.574393,33.359519,32.867615,33.785183,34.161237,32.792919,32.241513,32.680556,34.600694,77.419387,39.399140,30.993279,24.467721,22.605175,23.245416,32.472776,30.559701,30.971890,78.319034,41.997644,30.980913,22.548956,21.979772,22.276709,30.279776,30.087139,30.146431,33.892653,33.875447,26.611260,24.715718,33.350669,33.447971,23.914469,27.353564,31.508865,37.701812,29.163244,33.809377,30.937337,36.818080,36.783853,32.749839,28.681447,32.140300,31.069408,36.653593,30.387460,35.559878,29.025524,33.162503,30.448827,36.233216,31.091733,35.622353,29.219700,32.354257,30.860200,35.944254,32.355446,36.147764,31.059649,33.774359,31.608432,35.000004,82.612124,85.725854,134.080957,87.840402,135.489344,50.599187,41.784543,152.636588,121.370000,3.777600,391.440000,120.270000,2.887100,266.290000,618865.581468,10.613112,10.600746,20.380167,90.822405,Inf,Inf,32.929090
06/22/2026 10:19:14,0.000000,0.000000,74.863273,74.141810,63.686832,74.624258,74.927200,76.748921,74.743419,74.666515,34.548417,29.364990,29.023333,28.622869,32.120706,28.726380,28.814202,28.749959,32.734436,36.230790,34.593669,33.879692,33.632326,34.142073,33.424360,32.899927,32.804560,33.243293,36.695834,33.405035,32.892193,33.624977,34.392589,32.639184,32.211720,32.749501,34.517749,71.492427,39.562042,30.861122,24.453051,22.578822,23.182536,32.457503,30.477094,30.829152,74.530375,43.149235,30.995024,22.516523,21.934759,22.248304,30.208748,30.048220,30.138720,33.805043,33.854428,26.550792,24.624753,33.335881,33.415858,23.934941,27.687533,31.511082,37.687218,29.175721,33.777733,30.893995,36.808675,36.760023,32.761907,28.685078,32.145790,31.055299,36.652548,30.384180,35.551300,29.022776,33.169542,30.471932,36.228124,31.096411,35.628397,29.168246,32.351427,30.845867,35.915393,32.341582,36.128503,31.046949,33.764365,31.601080,35.003772,78.789784,81.916854,132.385376,84.375019,133.728992,50.589148,41.978676,148.582670,121.520000,3.732500,385.660000,120.420000,2.849800,261.810000,618925.581669,10.287804,10.421706,20.573318,89.000289,Inf,Inf,32.921164
06/22/2026 10:20:14,0.000000,0.000000,74.883394,74.156452,63.386517,74.636422,74.951188,76.748409,74.748430,74.680822,34.611190,29.367440,29.042734,28.608002,32.142814,28.798511,28.886148,28.805847,32.806690,36.223925,34.660431,33.910631,33.736557,34.138823,33.615057,32.943615,32.838062,33.297662,36.742447,33.357204,32.813806,33.702568,34.147910,32.579007,32.293076,32.806793,34.554063,76.054630,34.589684,30.943582,24.542906,22.735629,23.411801,32.542776,30.586610,31.010135,75.666136,38.968987,31.038458,22.679031,22.096572,22.371501,30.224666,30.068336,30.164630,33.885027,33.899928,26.517937,24.682049,33.385218,33.462080,23.900478,27.367528,31.517452,37.704584,29.167379,33.805388,30.915954,36.820742,36.754276,32.778808,28.695344,32.157741,31.053007,36.660195,30.366920,35.571363,29.017386,33.188171,30.442032,36.243213,31.088427,35.635167,29.187551,32.373796,30.861428,35.944589,32.343325,36.143151,31.062136,33.779231,31.597727,35.005756,73.582669,78.247863,134.809186,85.246669,136.025454,50.621690,41.793769,126.818642,121.520000,3.652300,373.660000,120.450000,2.741800,245.700000,618985.580943,10.554225,10.649101,20.389357,78.605987,Inf,Inf,32.929408
06/22/2026 10:21:14,0.000000,0.000000,74.850337,74.111104,63.292188,74.608540,74.928808,76.729870,74.732202,74.668819,34.509277,29.347945,29.037064,28.649091,32.169109,28.832457,28.866934,28.807600,32.757462,36.223167,34.653905,33.872041,33.650878,34.152180,33.367134,32.910686,32.827719,33.294879,36.895403,33.292657,32.832693,33.829349,34.122821,32.761996,32.185585,32.766961,34.614141,78.888530,39.829837,30.848416,24.439953,22.605605,23.242591,32.508225,30.559119,30.943529,80.391890,42.070766,31.010610,22.509787,21.958101,22.254147,30.264483,30.061887,30.119843,33.883932,33.896157,26.624056,24.671330,33.371465,33.430557,23.756301,27.482410,31.495299,37.706033,29.177316,33.784342,30.918898,36.808623,36.788238,32.752468,28.694346,32.129289,31.058828,36.643955,30.373294,35.551556,29.048980,33.150317,30.460676,36.224449,31.093158,35.601626,29.190806,32.345901,30.863134,35.908637,32.365937,36.111544,31.068204,33.754352,31.602172,34.972490,85.480253,88.532670,133.789041,89.809978,135.266603,50.503107,42.010433,159.527246,121.510000,3.837700,399.020000,120.320000,2.943400,273.970000,619045.580411,10.243549,10.405743,20.604867,93.846664,Inf,Inf,32.921496
06/22/2026 10:22:14,0.000000,0.000000,74.817323,74.133031,63.646691,74.603519,74.936885,76.730342,74.755908,74.676470,34.537356,29.333356,29.049236,28.616290,32.154194,28.761738,28.815987,28.751743,32.766038,36.236576,34.603016,33.917990,33.639989,34.154614,33.456792,32.916376,32.847731,33.275776,36.828166,33.352204,33.011742,33.767510,34.159107,32.632477,32.092262,32.779095,34.508679,77.831250,39.349771,30.830199,24.539164,22.746673,23.360018,32.512270,30.479823,30.838765,78.643076,42.068531,30.998630,22.695002,22.079263,22.429533,30.240453,30.108659,30.128275,33.898103,33.904201,26.591046,24.658447,33.404881,33.439980,23.892085,27.098980,31.529331,37.688526,29.174812,33.775467,30.917122,36.800224,36.762162,32.751162,28.699282,32.095722,31.077352,36.622125,30.388748,35.535015,29.030081,33.139043,30.460511,36.202320,31.098959,35.604581,29.181738,32.350203,30.861632,35.891200,32.363104,36.111552,31.063756,33.762991,31.603265,34.987767,82.894848,85.927164,134.624169,88.244652,135.668108,50.575571,41.900984,152.942825,121.560000,3.776300,391.890000,120.450000,2.893900,266.890000,619105.580384,10.334120,10.502551,20.496079,90.958730,Inf,Inf,32.917658
06/22/2026 10:23:14,0.000000,0.000000,74.846524,74.153377,63.364130,74.590097,74.951771,76.729600,74.772844,74.666786,34.574214,29.390476,29.067113,28.624294,32.166183,28.784018,28.869600,28.781267,32.794975,36.275127,34.601276,33.888214,33.636854,34.148374,33.461313,32.905785,32.765069,33.307809,36.363549,33.333137,32.885529,33.833273,34.203090,32.552017,32.242445,32.722844,34.540400,72.992845,39.776992,30.709415,24.499580,22.652780,23.236218,32.446296,30.461852,30.796821,75.353464,42.526777,31.030339,22.575818,22.025292,22.326700,30.283106,30.022565,30.078739,33.837218,33.859867,26.623731,24.654581,33.365498,33.442362,24.068664,27.550354,31.500276,37.701247,29.175608,33.785604,30.907686,36.810765,36.769654,32.748464,28.685421,32.128850,31.065963,36.654604,30.391600,35.568424,29.034946,33.161223,30.465819,36.244779,31.107827,35.626468,29.203771,32.354829,30.835743,35.935007,32.354165,36.123463,31.067722,33.753626,31.612136,35.005021,79.969754,83.111132,132.360106,85.283391,133.820490,50.481688,41.877482,150.838821,121.550000,3.756900,389.220000,120.430000,2.872200,264.980000,619165.579276,10.236717,10.557641,20.472698,90.018401,Inf,Inf,32.926024
06/22/2026 10:24:14,0.000000,0.000000,74.815773,74.108647,63.433171,74.552870,74.937794,76.722818,74.743988,74.659055,34.583368,29.318510,28.989780,28.574354,32.135065,28.824649,28.879720,28.786480,32.719665,36.188190,34.526580,33.895351,33.691517,34.161722,33.521147,32.897198,32.851384,33.256318,36.944603,33.366962,32.909972,34.104539,34.321582,32.650298,32.296666,32.781479,34.681413,72.359636,33.955731,30.790094,24.574498,22.610817,23.319457,32.492016,30.511231,30.828534,71.533092,38.183444,31.049605,22.619861,22.068258,22.341401,30.309310,30.094858,30.135873,33.795546,33.864856,26.585859,24.723406,33.377409,33.457825,24.063204,27.715454,31.496621,37.696738,29.183100,33.783743,30.910275,36.818644,36.765959,32.742082,28.675895,32.120163,31.046125,36.658857,30.362452,35.541222,29.011336,33.146145,30.439553,36.245459,31.096480,35.615662,29.185310,32.339529,30.858058,35.911122,32.352418,36.129900,31.080884,33.758857,31.593772,34.994724,70.915921,74.141720,133.806827,80.111852,134.939795,50.520026,41.319652,124.291216,121.580000,3.547100,361.210000,120.480000,2.668800,235.830000,619225.578047,10.874508,11.134019,19.915586,77.324408,Inf,Inf,32.918703
06/22/2026 10:25:14,0.000000,0.000000,74.776037,74.111164,63.413879,74.528050,74.940866,76.712816,74.730868,74.644244,34.583644,29.337964,29.024405,28.584875,32.152234,28.753972,28.849970,28.795543,32.741730,36.159686,34.509552,33.815236,33.653578,34.124693,33.460424,32.871106,32.776372,33.257783,36.744773,33.320438,32.778514,33.823198,34.096696,32.492109,32.310794,32.836504,34.498968,79.591528,40.494460,30.807664,24.502384,22.689660,23.338453,32.463281,30.516312,30.846135,80.888919,42.141725,31.027744,22.596072,22.054083,22.325436,30.283633,30.051835,30.117815,33.912106,33.892360,26.481278,24.544596,33.399368,33.462901,23.768752,27.517466,31.509784,37.712888,29.177991,33.787663,30.921339,36.810162,36.784621,32.752390,28.703637,32.132716,31.056466,36.640886,30.353265,35.554244,29.023490,33.153365,30.464177,36.234351,31.103124,35.623366,29.197526,32.360167,30.854156,35.924961,32.354751,36.130303,31.081735,33.769142,31.590279,34.997012,85.751989,88.878369,134.250119,90.275529,135.579270,50.496970,42.060156,159.029044,121.300000,3.843500,399.390000,120.370000,2.943900,274.110000,619285.578146,10.153426,10.373506,20.654238,93.630976,Inf,Inf,32.925332
06/22/2026 10:26:14,0.000000,0.000000,74.815594,74.122421,63.786637,74.546340,74.949854,76.701129,74.750016,74.653252,34.556369,29.318573,29.011255,28.579419,32.174381,28.791346,28.865010,28.808799,32.781536,36.203307,34.553263,33.857764,33.663248,34.159215,33.442526,32.902545,32.830841,33.248230,36.863120,33.330881,32.768072,33.787013,34.192805,32.520806,32.212070,32.779643,34.609935,78.201005,39.830093,30.717203,24.505982,22.695057,23.312249,32.428811,30.481328,30.821711,79.020164,42.019624,31.007376,22.681833,22.057901,22.388448,30.197826,30.072875,30.154012,33.885996,33.852971,26.578368,24.631054,33.384793,33.455435,23.959604,27.593230,31.516774,37.688886,29.180528,33.810858,30.929910,36.835482,36.789941,32.771966,28.686248,32.140321,31.068093,36.677717,30.389475,35.567198,29.024226,33.158098,30.456444,36.242759,31.096436,35.627014,29.168638,32.357157,30.852663,35.926577,32.358154,36.159965,31.056777,33.777826,31.610573,35.020758,83.577792,86.626346,134.423742,88.670945,135.584812,50.585418,41.859322,154.743505,121.530000,3.800100,393.450000,120.280000,2.904500,268.790000,619345.577257,10.262576,10.552749,20.454627,91.756651,Inf,Inf,32.931582
06/22/2026 10:27:14,0.000000,0.000000,74.825237,74.168013,63.363965,74.568236,74.950619,76.758379,74.750225,74.658954,34.584722,29.320762,29.011214,28.607753,32.140341,28.802723,28.875080,28.867497,32.815733,36.271004,34.550117,33.854435,33.649702,34.149229,33.460107,32.969039,32.819286,33.313557,36.496749,33.413529,32.869430,33.985923,34.362769,32.687569,32.300481,32.794184,34.472266,75.264157,39.434708,30.568406,24.531108,22.702742,23.285501,32.475652,30.472547,30.774418,77.117281,41.586935,31.047324,22.653432,22.061624,22.379614,30.227827,30.110717,30.148165,33.842427,33.839937,26.637187,24.618426,33.402468,33.456226,23.932640,27.712625,31.507163,37.701008,29.170907,33.804350,30.907336,36.816168,36.756672,32.761652,28.670991,32.122278,31.053590,36.666216,30.348469,35.584482,29.003630,33.167800,30.445224,36.247745,31.089423,35.651829,29.210123,32.359385,30.845011,35.950861,32.357634,36.155211,31.054220,33.768404,31.597112,35.005143,81.723078,84.972553,132.750921,86.823572,134.240766,50.545524,41.927497,153.121193,121.460000,3.786600,392.040000,120.310000,2.895900,267.270000,619405.576057,10.045960,10.524878,20.522446,91.038048,Inf,Inf,32.926001
06/22/2026 10:28:14,0.000000,0.000000,74.801108,74.135831,63.927761,74.556113,74.932164,76.735748,74.733861,74.670479,34.541498,29.339303,28.990950,28.613456,32.143358,28.848576,28.873858,28.818539,32.748401,36.209718,34.510441,33.910286,33.619845,34.179315,33.470440,32.964264,32.870182,33.263554,36.652733,33.478604,32.740503,33.959744,34.000146,32.675134,32.127083,32.777426,34.563359,70.580328,36.404201,30.662685,24.485186,22.512824,23.203324,32.503494,30.473258,30.908312,70.375703,41.849202,31.043454,22.521760,21.932244,22.193763,30.253502,30.091299,30.199183,33.789335,33.794781,26.533223,24.722990,33.384993,33.421426,23.834425,27.558010,31.507024,37.681867,29.161847,33.746563,30.905052,36.799744,36.772117,32.744269,28.675412,32.092520,31.062115,36.636762,30.381204,35.535935,28.987679,33.138129,30.439091,36.208678,31.098228,35.609488,29.167499,32.329327,30.862944,35.896490,32.340835,36.121896,31.064808,33.760938,31.583831,34.979066,73.248690,76.171524,133.153826,80.861133,134.336211,50.630546,41.586137,133.278752,121.570000,3.588200,366.840000,120.420000,2.723100,243.990000,619465.577005,10.480438,10.861207,20.182247,81.807002,Inf,Inf,32.909712
06/22/2026 10:29:14,0.000000,0.000000,74.839514,74.165810,63.657619,74.554630,74.926036,76.759562,74.733199,74.669817,34.584711,29.363566,29.027708,28.638793,32.198887,28.921643,28.919164,28.850018,32.750804,36.228934,34.520380,33.868008,33.655728,34.213842,33.480019,32.964514,32.873796,33.284941,36.484623,33.338263,32.777682,33.608743,33.979996,32.571783,32.234349,32.864153,34.638358,80.050711,40.356263,30.792163,24.491165,22.705320,23.347058,32.488727,30.551170,30.907311,81.138186,42.286864,31.036839,22.628537,22.037129,22.344363,30.250292,30.079152,30.186591,33.880703,33.906751,26.459567,24.635149,33.392413,33.464832,23.907282,27.621778,31.525658,37.689303,29.176934,33.779842,30.921067,36.816971,36.766876,32.742559,28.683065,32.106986,31.055656,36.670018,30.360323,35.552841,29.016145,33.142047,30.462633,36.208015,31.105581,35.626394,29.201466,32.355644,30.860634,35.922540,32.361662,36.143371,31.070379,33.763164,31.596310,34.995477,85.667110,89.011682,134.711855,90.626442,136.023391,50.601249,42.067634,157.795193,121.360000,3.841800,399.720000,120.220000,2.945700,273.530000,619525.574955,10.130503,10.375179,20.661660,93.094844,Inf,Inf,32.922652
06/22/2026 10:30:14,0.000000,0.000000,74.854971,74.166481,63.562822,74.550290,74.936482,76.795698,74.727695,74.679524,34.532083,29.332515,28.988176,28.602320,32.158507,28.839673,28.910576,28.868642,32.768313,36.163132,34.555154,33.840147,33.585661,34.201971,33.607399,32.930171,32.863608,33.277869,36.571846,33.367182,32.762741,33.864729,34.148866,32.809428,32.384528,32.878179,34.756594,76.495681,39.122677,30.612768,24.438652,22.563502,23.182973,32.488185,30.462374,30.908585,78.064410,41.659962,31.010618,22.520107,21.915458,22.262197,30.214979,30.044316,30.118321,33.868207,33.876627,26.568661,24.627299,33.399281,33.454816,23.841212,27.607938,31.514075,37.699026,29.168014,33.785928,30.885284,36.823476,36.762537,32.757764,28.678690,32.110067,31.040917,36.649061,30.354368,35.556227,29.024434,33.147194,30.442388,36.228497,31.084310,35.624019,29.171422,32.336354,30.852425,35.921026,32.344125,36.144373,31.052226,33.770479,31.581373,35.027168,82.931620,86.074768,132.510653,87.469762,134.100956,50.541067,41.698110,155.056864,121.300000,3.794400,393.480000,120.140000,2.905600,268.580000,619585.574072,10.318758,10.716608,20.294010,91.894871,Inf,Inf,32.917908
06/22/2026 10:31:14,0.000000,0.000000,74.887163,74.163607,63.535504,74.545836,74.952307,76.762171,74.752706,74.673690,34.529078,29.298720,28.972217,28.598692,32.165123,28.810616,28.901061,28.806931,32.776862,36.226545,34.532183,33.846749,33.648677,34.193923,33.437111,32.963811,32.858928,33.249639,36.553912,33.297187,32.888396,33.915175,34.299600,32.701202,32.153187,32.778609,34.618663,77.531335,39.223519,30.752094,24.535431,22.711555,23.363122,32.437063,30.482910,30.782440,78.093848,42.220863,31.057626,22.654829,22.106144,22.379277,30.275637,30.121862,30.160201,33.859745,33.896826,26.493816,24.667763,33.378142,33.459003,23.938573,27.659714,31.513170,37.680893,29.154172,33.768418,30.899354,36.808686,36.771436,32.739583,28.681418,32.132722,31.048452,36.645057,30.365044,35.567283,29.008963,33.146891,30.442530,36.228155,31.091096,35.608490,29.157573,32.352349,30.845883,35.917181,32.335814,36.116579,31.045198,33.765166,31.600101,34.993486,81.632006,84.873920,134.608825,87.630140,135.811528,50.658451,41.897779,148.267045,121.240000,3.757500,388.020000,120.260000,2.863800,263.070000,619645.573922,10.259203,10.564735,20.492891,88.857039,Inf,Inf,32.914371
06/22/2026 10:32:14,0.000000,0.000000,74.861088,74.194590,63.514642,74.556950,74.935535,76.773678,74.722572,74.673556,34.567868,29.365812,28.993376,28.598237,32.167339,28.856111,28.872191,28.859699,32.800620,36.262154,34.537699,33.863170,33.652665,34.185037,33.467448,32.973272,32.834383,33.313092,36.594976,33.472153,32.780187,33.742712,34.031332,32.565393,32.187143,32.737836,34.763408,70.685971,34.953620,30.595750,24.525326,22.540932,23.259340,32.492382,30.519175,30.925832,69.918299,39.976028,31.022475,22.595255,22.001339,22.292888,30.380997,30.161876,30.193527,33.812123,33.856915,26.622995,24.766789,33.412932,33.443588,23.842881,27.329691,31.524699,37.699399,29.184448,33.778363,30.896855,36.803109,36.764323,32.768451,28.681829,32.129226,31.042723,36.659961,30.372034,35.548531,29.013079,33.155437,30.442631,36.232071,31.081668,35.607020,29.163676,32.345978,30.841528,35.911967,32.349262,36.135107,31.047356,33.771103,31.596256,35.019367,71.491086,74.165376,133.370266,79.650671,134.358234,50.595708,41.332277,129.777098,121.350000,3.539200,360.540000,120.360000,2.683800,238.590000,619705.572313,10.667509,11.094234,19.928241,80.084950,Inf,Inf,32.918915
06/22/2026 10:33:14,0.000000,0.000000,74.919777,74.175107,63.221244,74.546897,74.939850,76.775454,74.746434,74.673756,34.600462,29.340154,28.995816,28.618595,32.182748,28.901448,28.965538,28.885686,32.835510,36.222959,34.549443,33.888759,33.649390,34.194636,33.485774,33.004057,32.885334,33.305360,36.589489,33.427549,32.655407,34.003983,34.170009,32.780808,32.321056,32.836088,34.572646,80.045246,39.986625,30.724861,24.524732,22.748804,23.392619,32.454341,30.515377,30.868411,81.174970,42.550778,31.072148,22.657335,22.093962,22.411044,30.263530,30.082590,30.191365,33.921868,33.917513,26.546357,24.677096,33.414067,33.502033,23.856116,27.505224,31.507816,37.722867,29.172452,33.787799,30.896075,36.807201,36.760811,32.749804,28.681858,32.133717,31.048111,36.652955,30.366759,35.561012,29.032694,33.166535,30.448859,36.234759,31.091504,35.622158,29.184713,32.359844,30.837504,35.930556,32.335013,36.167019,31.047389,33.757852,31.602565,34.995938,85.105400,88.859905,134.846184,90.601066,136.267656,50.547964,42.072295,154.699641,121.150000,3.848900,399.200000,120.070000,2.942800,273.440000,619765.573407,10.058575,10.405862,20.666286,91.737288,Inf,Inf,32.922138
06/22/2026 10:34:14,0.000000,0.000000,74.845856,74.172158,63.365594,74.558021,74.927735,76.750298,74.725623,74.675762,34.551848,29.289498,28.971023,28.591664,32.200388,28.895489,28.915545,28.837476,32.749881,36.158061,34.470654,33.912577,33.643902,34.199360,33.492852,32.965353,32.848959,33.308109,36.872742,33.272115,32.739572,33.878892,34.204303,32.735570,32.293080,32.805463,34.789171,76.883456,39.420321,30.719218,24.401934,22.528514,23.151593,32.494399,30.410210,30.736312,78.391144,41.166605,31.059549,22.467111,21.869233,22.180555,30.263555,30.092215,30.193858,33.868847,33.894302,26.514064,24.677187,33.401273,33.476357,23.723648,27.540374,31.526405,37.699766,29.161624,33.768555,30.899937,36.788914,36.752347,32.724844,28.680907,32.106942,31.053829,36.646150,30.382637,35.549323,29.020255,33.135031,30.458271,36.231956,31.081998,35.612242,29.197033,32.333427,30.850479,35.917763,32.350190,36.136321,31.048578,33.765273,31.587289,34.989602,83.320867,86.436910,132.653136,87.735602,134.257439,50.476759,41.678396,155.652343,121.300000,3.802200,393.470000,120.050000,2.908200,269.200000,619825.572233,10.444873,10.785204,20.274345,92.157019,Inf,Inf,32.915263
06/22/2026 10:35:14,0.000000,0.000000,74.862913,74.166396,63.560167,74.541171,74.917652,76.775644,74.746882,74.675472,34.561144,29.268069,28.934422,28.564341,32.196722,28.844527,28.911977,28.860675,32.819669,36.227109,34.547390,33.866292,33.681549,34.180612,33.527504,32.932012,32.830385,33.278436,36.688791,33.286879,32.909934,33.818572,34.309118,32.574209,32.246387,32.824162,34.610434,77.206958,39.151590,30.802424,24.481710,22.673883,23.302520,32.466750,30.490816,30.914293,77.733446,42.054677,31.050008,22.632371,22.046815,22.363015,30.297808,30.097283,30.138743,33.876115,33.854157,26.479475,24.635824,33.397082,33.476608,23.986766,27.665103,31.538152,37.671644,29.170262,33.775051,30.910466,36.821930,36.767309,32.745663,28.659410,32.117640,31.056966,36.665478,30.370459,35.567792,29.010996,33.161806,30.449465,36.237675,31.083744,35.648432,29.191092,32.348856,30.839001,35.919200,32.356972,36.134956,31.069485,33.752705,31.604530,34.981931,81.294084,84.506317,134.663723,87.199569,135.672868,50.631999,41.903412,147.828893,121.210000,3.748500,387.450000,119.930000,2.858000,262.790000,619885.572095,10.303930,10.551514,20.498494,88.657841,Inf,Inf,32.920969
06/22/2026 10:36:14,0.000000,0.000000,74.853689,74.174924,63.316573,74.560094,74.939101,76.771334,74.730550,74.677732,34.547958,29.341338,28.996107,28.639037,32.182221,28.865678,28.925289,28.882909,32.822017,36.183402,34.571916,33.874468,33.655527,34.201657,33.538539,32.945278,32.908070,33.259208,36.629821,33.408950,33.069692,33.803201,34.111331,32.611740,32.327008,32.892276,34.733843,71.652756,34.764458,30.639192,24.489683,22.564407,23.268161,32.459327,30.474018,30.877012,70.927973,39.323331,31.085736,22.550853,21.998508,22.284676,30.327814,30.142908,30.165198,33.810103,33.849795,26.552386,24.686469,33.430926,33.493568,23.904006,27.593085,31.514847,37.713049,29.161650,33.769729,30.907799,36.802029,36.741900,32.735245,28.666803,32.102891,31.050665,36.642585,30.337146,35.558604,29.001118,33.151519,30.433799,36.234557,31.078377,35.630826,29.179613,32.350308,30.825567,35.924893,32.340002,36.140250,31.036935,33.746332,31.594127,34.998182,72.136916,74.934238,133.829459,80.369706,134.746197,50.630973,41.284691,130.062940,121.170000,3.548900,361.930000,120.150000,2.685900,239.550000,619945.569891,10.758660,11.205204,19.880532,80.226663,Inf,Inf,32.912378
06/22/2026 10:37:14,0.000000,0.000000,74.841270,74.176024,63.758716,74.559754,74.927777,76.762564,74.749065,74.671739,34.542985,29.353732,28.981740,28.609966,32.158122,28.895497,28.924962,28.895073,32.797914,36.232454,34.528344,33.893048,33.629696,34.200256,33.526663,33.008076,32.848259,33.310075,36.533998,33.536662,33.009296,33.535434,34.102510,32.722529,32.340614,32.885421,34.553995,80.001157,40.143049,30.678959,24.526213,22.731460,23.396372,32.481198,30.503957,30.894778,81.026990,41.975648,31.072124,22.654621,22.086506,22.400900,30.276180,30.098267,30.196343,33.922830,33.913049,26.498970,24.646507,33.421906,33.518755,23.758329,27.950113,31.496917,37.709847,29.166001,33.770479,30.892509,36.805431,36.776692,32.739085,28.669318,32.095628,31.017546,36.651647,30.352515,35.551726,29.001625,33.149802,30.450799,36.221396,31.086966,35.623950,29.174028,32.346962,30.845237,35.903251,32.331610,36.153212,31.064240,33.755616,31.587402,34.995479,84.109159,88.486156,134.694014,90.440939,136.146105,50.619836,42.058893,150.571915,121.090000,3.846100,399.690000,119.940000,2.942400,272.230000,620005.570554,10.025974,10.419139,20.652985,89.898489,Inf,Inf,32.912897
06/22/2026 10:38:14,0.000000,0.000000,74.840504,74.173144,63.740389,74.568214,74.912577,76.764258,74.732508,74.650110,34.531953,29.281540,28.957265,28.560650,32.174797,28.901061,28.929415,28.900865,32.834433,36.173185,34.541714,33.861731,33.629906,34.182267,33.450244,32.920938,32.814096,33.294151,36.580096,33.312814,32.896542,33.637317,34.348560,32.713798,32.320180,32.781413,34.606821,77.024019,39.670109,30.680681,24.383266,22.492327,23.127716,32.482707,30.469811,30.835111,78.552558,41.300663,31.034484,22.459377,21.833211,22.207787,30.322269,30.111246,30.102776,33.865157,33.874211,26.546571,24.625385,33.405379,33.477352,23.592524,27.344385,31.522429,37.685216,29.165672,33.771377,30.880487,36.787744,36.755604,32.738346,28.660099,32.107859,31.035587,36.658144,30.350144,35.560005,28.992059,33.143383,30.431879,36.226980,31.068077,35.615390,29.177455,32.335253,30.838354,35.898182,32.329633,36.138871,31.050253,33.743094,31.585087,34.990515,83.486115,86.605636,132.800429,87.943607,134.340027,50.497764,41.715494,156.032064,121.010000,3.802800,393.830000,120.070000,2.912600,269.390000,620065.569726,10.369335,10.723138,20.311346,92.323833,Inf,Inf,32.908106
06/22/2026 10:39:14,0.000000,0.000000,74.836784,74.157159,63.760164,74.563935,74.942939,76.769685,74.756179,74.647161,34.553688,29.253883,28.969304,28.515513,32.163157,28.796153,28.923813,28.822546,32.803304,36.138644,34.508433,33.819031,33.643605,34.120497,33.472209,32.916688,32.822848,33.266014,36.621995,33.211799,32.846270,33.636841,34.368941,32.759122,32.178103,32.843521,34.747300,77.244882,39.486339,30.768561,24.491664,22.673094,23.278408,32.466830,30.481537,30.866506,77.834395,42.133248,31.077142,22.635909,22.060803,22.375205,30.288528,30.131507,30.215316,33.863579,33.889187,26.470042,24.617890,33.427704,33.482350,24.021208,27.363670,31.521176,37.693253,29.168432,33.743002,30.867610,36.793100,36.761374,32.743254,28.663686,32.104566,31.031843,36.648152,30.355680,35.543795,29.010336,33.144259,30.439445,36.229974,31.086241,35.594751,29.169613,32.336774,30.855722,35.911015,32.322502,36.128582,31.046582,33.764965,31.592325,34.984416,81.491810,84.715785,134.398212,87.360089,135.637513,50.620435,41.912055,148.611966,121.130000,3.758700,387.680000,120.100000,2.861900,263.160000,620125.568486,10.261471,10.570052,20.507090,89.013575,Inf,Inf,32.908547
06/22/2026 10:40:14,0.000000,0.000000,74.875107,74.163379,63.633322,74.546002,74.950784,76.775405,74.768281,74.654616,34.547932,29.295374,28.985375,28.576951,32.190164,28.867395,28.972753,28.892009,32.826882,36.212154,34.542164,33.859748,33.672338,34.196707,33.472968,32.971239,32.862976,33.249241,36.836256,33.203468,32.760509,33.918004,34.070730,32.745835,32.240152,32.874398,34.724877,70.544750,36.286545,30.585228,24.464333,22.481171,23.176028,32.463054,30.501821,30.886876,70.151808,41.246617,31.070074,22.522540,21.919720,22.203219,30.274490,30.127811,30.158571,33.806166,33.820422,26.567065,24.671202,33.430430,33.456198,23.885594,27.770457,31.518544,37.695503,29.159106,33.768134,30.862971,36.806191,36.721565,32.745490,28.661467,32.126292,31.022851,36.646262,30.332826,35.568046,28.993356,33.153119,30.432729,36.235354,31.048878,35.620773,29.144514,32.329536,30.828062,35.938888,32.335375,36.134848,31.052443,33.761589,31.594730,34.977498,73.468960,76.132472,133.407768,80.928430,134.301181,50.621474,41.546514,134.938290,121.320000,3.587800,366.510000,120.160000,2.724200,244.620000,620185.567092,10.442570,10.927416,20.142658,82.612703,Inf,Inf,32.907231
06/22/2026 10:41:14,0.000000,0.000000,74.822003,74.170695,63.540542,74.557465,74.910704,76.774613,74.707330,74.663806,34.486337,29.300357,28.964041,28.573898,32.136390,28.866573,28.928878,28.852594,32.760708,36.229941,34.496986,33.829622,33.631990,34.171921,33.459483,32.981306,32.784283,33.335008,36.751317,33.477628,32.889409,33.850914,34.155031,32.860955,32.178809,32.805100,34.622912,79.771812,39.621648,30.727956,24.529882,22.747686,23.352592,32.472426,30.454605,30.813897,80.449442,41.848825,31.066773,22.656859,22.086631,22.394747,30.280762,30.141293,30.205041,33.899080,33.933026,26.448921,24.621552,33.446890,33.498424,24.026215,27.862302,31.510409,37.709530,29.166127,33.748680,30.900493,36.803623,36.757059,32.729580,28.660673,32.096679,31.037761,36.639824,30.341496,35.550522,29.002207,33.144604,30.423298,36.225727,31.088206,35.606351,29.158542,32.344862,30.831111,35.909144,32.342868,36.119021,31.031613,33.758523,31.582299,34.993947,82.168363,87.151191,134.871186,90.046354,136.390492,50.586302,42.030924,144.121839,121.130000,3.836500,396.910000,119.980000,2.907300,267.930000,620245.565909,10.102739,10.441556,20.625217,86.956537,Inf,Inf,32.907159
06/22/2026 10:42:14,0.000000,0.000000,74.861964,74.165024,63.708195,74.565221,74.923948,76.758322,74.738106,74.656976,34.501508,29.288401,28.939145,28.584859,32.180251,28.871733,28.933082,28.867951,32.785249,36.191064,34.529016,33.858737,33.625134,34.145096,33.422352,32.949488,32.821122,33.311392,36.617622,33.409588,32.931321,33.726248,34.161811,32.601831,32.093482,32.825667,34.622583,77.509380,39.850437,30.686521,24.367410,22.504690,23.154002,32.424729,30.445144,30.770265,78.997278,41.328597,31.072270,22.467805,21.872991,22.184312,30.324347,30.085610,30.153372,33.850723,33.895878,26.549160,24.633058,33.385894,33.493410,23.900264,27.875094,31.508473,37.705401,29.163297,33.777907,30.887039,36.808849,36.750894,32.738947,28.674534,32.121949,31.034990,36.641891,30.351157,35.560125,29.009697,33.139178,30.446383,36.218417,31.094662,35.606206,29.148584,32.345607,30.848399,35.912595,32.347224,36.146690,31.053221,33.773453,31.578565,34.999099,84.029815,87.169597,133.052592,88.483832,134.609575,50.500588,41.756865,157.007911,121.210000,3.814000,395.600000,119.890000,2.919800,270.810000,620305.566423,10.333933,10.719682,20.352588,92.751285,Inf,Inf,32.913114
06/22/2026 10:43:14,0.000000,0.000000,74.829298,74.171653,63.186475,74.589924,74.949909,76.795608,74.735054,74.661108,34.483546,29.257857,28.921086,28.544116,32.168988,28.859995,28.896127,28.879621,32.778809,36.158972,34.510611,33.855934,33.627217,34.211538,33.511275,32.964228,32.798179,33.324900,36.816907,33.405767,32.922279,33.924151,34.015612,32.623918,32.242241,32.841361,34.497604,77.408527,39.244876,30.805315,24.481040,22.669625,23.282390,32.468115,30.540768,30.911959,77.973312,41.766625,31.098624,22.625691,22.063444,22.339279,30.237660,30.102526,30.198819,33.852030,33.881731,26.422323,24.598400,33.422128,33.449674,23.841850,27.686764,31.523234,37.705017,29.173169,33.757665,30.896585,36.821864,36.748274,32.739427,28.646015,32.117402,31.031774,36.665247,30.344373,35.564903,29.001743,33.136141,30.434869,36.245872,31.076843,35.623389,29.164990,32.344620,30.831538,35.950758,32.332617,36.153337,31.044759,33.763247,31.581692,34.985362,81.803285,85.037358,134.431862,87.577454,135.692444,50.589209,41.965274,149.568390,121.010000,3.759300,388.730000,119.880000,2.870400,263.540000,620365.563777,10.245315,10.538624,20.560000,89.446366,Inf,Inf,32.913558
06/22/2026 10:44:14,0.000000,0.000000,74.897764,74.149693,63.573652,74.564099,74.949862,76.742870,74.752965,74.641834,34.491287,29.303549,28.960095,28.538430,32.173997,28.835573,28.938429,28.848762,32.850593,36.139245,34.528557,33.864486,33.631329,34.152618,33.493429,32.934366,32.820875,33.284929,36.633308,33.280041,32.903585,33.868182,34.466526,32.598991,32.323139,32.837281,34.631953,71.084496,39.226217,30.598829,24.453277,22.568737,23.171290,32.459684,30.467690,30.875026,73.907156,43.865241,31.054475,22.538678,21.933819,22.272927,30.346448,30.151175,30.214031,33.802351,33.829744,26.661781,24.634502,33.405989,33.483737,23.840360,27.831280,31.528455,37.689425,29.170367,33.756069,30.892755,36.794172,36.772402,32.735663,28.667223,32.100990,31.042523,36.643776,30.347706,35.567772,29.012929,33.136620,30.439807,36.239109,31.105239,35.637336,29.194194,32.333709,30.847616,35.919347,32.357565,36.130191,31.058450,33.756832,31.594859,34.966984,78.266916,81.015804,133.321982,84.236160,134.463037,50.593790,42.002275,146.398384,121.040000,3.694800,380.720000,119.940000,2.823800,258.280000,620425.563687,10.002065,10.457711,20.596764,88.004733,Inf,Inf,32.914670
06/22/2026 10:45:14,0.000000,0.000000,74.869618,74.145201,63.234209,74.552794,74.939830,76.759416,74.743709,74.637224,34.527502,29.280188,28.953681,28.557727,32.201696,28.916430,28.946177,28.881046,32.849980,36.198408,34.590057,33.865928,33.630106,34.151840,33.541126,32.945200,32.896242,33.289157,36.829100,33.269160,32.937792,33.682082,34.150073,32.768841,32.181485,32.864684,34.819862,74.723008,33.689949,30.595991,24.560791,22.684956,23.362366,32.451882,30.484833,30.852504,74.125986,37.398590,31.095421,22.681197,22.130507,22.405875,30.298065,30.139790,30.174117,33.832753,33.861222,26.521883,24.591646,33.415866,33.461183,23.838225,27.774188,31.495535,37.702731,29.140085,33.735204,30.884742,36.784005,36.742576,32.734145,28.644730,32.112800,31.016916,36.643048,30.333155,35.551978,28.975591,33.139419,30.409629,36.255381,31.078839,35.623758,29.168929,32.337872,30.807194,35.930551,32.305199,36.136281,31.027148,33.744021,31.569533,34.976808,70.747229,74.960116,134.691747,82.987658,135.863944,50.577497,41.542240,123.100097,121.020000,3.611000,367.950000,120.050000,2.706800,240.430000,620485.563331,10.457605,10.957035,20.138386,76.714486,Inf,Inf,32.900260
06/22/2026 10:46:14,0.000000,0.000000,74.842622,74.188794,63.640647,74.570592,74.947482,76.807096,74.771297,74.685100,34.530052,29.334042,28.998624,28.593369,32.202533,28.921730,28.999247,28.880587,32.821858,36.219105,34.571313,33.900509,33.649152,34.143797,33.499354,33.011422,32.914125,33.317250,36.646909,33.292811,32.674435,33.724141,33.975030,32.736247,32.232105,32.894810,34.612165,79.005906,40.220760,30.663090,24.396005,22.567410,23.203403,32.465319,30.481359,30.803721,80.359686,41.785586,31.081530,22.505819,21.912583,22.233759,30.239315,30.066916,30.181488,33.885833,33.882903,26.455675,24.613435,33.425059,33.489478,23.741802,27.494308,31.508062,37.693503,29.160209,33.754092,30.901466,36.799281,36.745691,32.731495,28.681333,32.118875,31.035477,36.650086,30.353617,35.553265,29.009643,33.144902,30.458365,36.222514,31.078734,35.616184,29.177807,32.336049,30.828736,35.892610,32.326260,36.149903,31.028380,33.738466,31.604056,34.987224,85.504551,88.575221,133.858811,89.837520,135.296365,50.493000,41.854272,159.373803,121.020000,3.841400,398.390000,119.940000,2.943200,273.510000,620545.562303,10.213489,10.631929,20.449601,93.780281,Inf,Inf,32.909543
06/22/2026 10:47:14,0.000000,0.000000,74.840296,74.172935,63.710640,74.551170,74.950457,76.778872,74.758300,74.665340,34.489432,29.273586,28.963583,28.548584,32.200588,28.814943,28.903254,28.847490,32.842954,36.174586,34.524927,33.817751,33.632997,34.151178,33.531699,32.916650,32.880062,33.282760,36.791763,33.333861,32.871972,33.573681,34.045732,32.896869,32.189221,32.859965,34.645714,77.602399,39.459351,30.679780,24.501792,22.664410,23.290595,32.484268,30.457557,30.789564,78.487270,42.010775,31.069455,22.622795,22.020969,22.344801,30.278810,30.085745,30.142363,33.850414,33.878419,26.557508,24.634049,33.413536,33.487285,23.807663,27.226453,31.532639,37.682969,29.165635,33.768030,30.886486,36.799452,36.773186,32.741341,28.671136,32.098648,31.017897,36.633369,30.351933,35.548046,29.003723,33.120781,30.435511,36.228501,31.083423,35.601218,29.179245,32.338818,30.847778,35.914635,32.332812,36.135080,31.046437,33.748070,31.565575,34.994153,82.648466,85.718362,134.326592,87.956518,135.590472,50.604673,41.913318,152.500626,120.970000,3.782800,391.300000,119.920000,2.892000,266.810000,620605.561616,10.171434,10.561109,20.508346,90.761822,Inf,Inf,32.908218
06/22/2026 10:48:14,0.000000,0.000000,74.780877,74.152370,63.603337,74.536972,74.926550,76.750802,74.759169,74.689450,34.509370,29.294965,28.923406,28.537849,32.211240,28.890310,28.926648,28.878915,32.850039,36.138693,34.578138,33.874564,33.645407,34.161361,33.480364,32.973305,32.891205,33.269014,36.654187,33.210798,32.898043,33.642814,34.065549,32.731307,32.109416,32.810908,34.533323,72.012495,40.138314,30.553385,24.450604,22.614928,23.140525,32.442044,30.462940,30.916951,74.826175,42.870027,31.048774,22.558050,21.957301,22.292814,30.298013,30.157896,30.181969,33.799277,33.866248,26.485833,24.703108,33.391910,33.459442,23.815423,27.564055,31.509492,37.707737,29.170562,33.751275,30.897303,36.792493,36.751495,32.745777,28.687186,32.113808,31.045109,36.652040,30.366729,35.556108,29.008728,33.150657,30.459679,36.221321,31.107834,35.617698,29.186468,32.339794,30.854115,35.923148,32.337359,36.149152,31.045894,33.757620,31.589412,34.999253,79.224426,82.266113,132.746595,84.730804,133.853123,50.541386,41.916328,149.396172,121.070000,3.742600,386.490000,119.810000,2.855000,262.750000,620665.561069,10.042045,10.537434,20.511340,89.368572,Inf,Inf,32.916508
06/22/2026 10:49:14,0.000000,0.000000,74.782514,74.143015,63.482108,74.543479,74.933477,76.756870,74.759037,74.664809,34.512646,29.276851,28.928485,28.517708,32.185371,28.846530,28.952810,28.853775,32.825312,36.157460,34.483806,33.872727,33.659115,34.146208,33.468212,32.958923,32.845696,33.287517,36.608892,33.259522,32.808389,33.894330,34.380835,32.562915,32.239572,32.857812,34.640016,74.081275,33.843972,30.684159,24.530269,22.666485,23.332504,32.502300,30.452003,30.857376,73.472423,37.241604,31.077859,22.644252,22.063378,22.350873,30.282171,30.155809,30.207075,33.851817,33.849939,26.504721,24.710490,33.425453,33.492538,23.849679,27.547211,31.518525,37.688414,29.168454,33.757964,30.898222,36.789424,36.755730,32.738027,28.659780,32.115265,31.040329,36.674019,30.346524,35.547544,29.003856,33.147580,30.451245,36.235052,31.093581,35.614893,29.177400,32.339648,30.846128,35.910781,32.355634,36.136760,31.064617,33.773117,31.585356,34.994773,71.247815,75.114748,134.451004,82.110520,135.602563,50.550201,41.429781,122.667287,120.990000,3.593300,365.760000,119.990000,2.695200,238.410000,620725.559999,10.658256,11.051956,20.025903,76.491903,Inf,Inf,32.914288
06/22/2026 10:50:14,0.000000,0.000000,74.794589,74.143260,63.630076,74.539050,74.946369,76.757511,74.761495,74.675718,34.496094,29.287418,28.987232,28.568164,32.199645,28.903221,28.954524,28.880026,32.814504,36.218867,34.516503,33.855000,33.620063,34.124048,33.493020,32.958408,32.898475,33.297609,36.784868,33.442013,32.849532,33.825296,34.002459,32.611186,32.344744,32.834418,34.702290,79.315839,40.400178,30.742562,24.382946,22.518012,23.173143,32.465082,30.467751,30.909723,80.648377,42.057642,31.077806,22.503417,21.901129,22.210647,30.345171,30.125255,30.193462,33.878666,33.911607,26.524775,24.578996,33.426856,33.508601,23.754362,27.735945,31.515734,37.714812,29.156293,33.760313,30.898796,36.788224,36.779581,32.736653,28.677139,32.123021,31.051660,36.654209,30.355096,35.553406,29.016033,33.141491,30.448703,36.251696,31.086271,35.614995,29.178395,32.330852,30.865424,35.915785,32.325515,36.129496,31.064881,33.770854,31.572393,34.994731,85.711046,88.775503,134.198124,90.061588,135.385540,50.512370,41.858642,159.603967,121.110000,3.845600,399.350000,119.810000,2.942500,273.760000,620785.558108,10.288612,10.623856,20.453950,93.879838,Inf,Inf,32.915748
06/22/2026 10:51:14,0.000000,0.000000,74.761201,74.130566,63.366294,74.564561,74.935539,76.773260,74.753969,74.685517,34.471997,29.272562,28.962559,28.539091,32.192456,28.872816,28.932156,28.855872,32.813478,36.194822,34.537219,33.819405,33.630210,34.174137,33.533827,32.922780,32.822405,33.343779,36.921524,33.297567,32.970427,33.934943,33.921179,32.685870,32.243843,32.858078,34.595032,78.019370,39.653521,30.745917,24.497987,22.611283,23.263420,32.451061,30.463952,30.839202,78.884882,41.976217,31.069471,22.580667,22.019779,22.318947,30.308832,30.105531,30.184437,33.875449,33.875771,26.585672,24.684390,33.393763,33.477288,23.907299,27.691922,31.497641,37.701727,29.144870,33.750762,30.894114,36.803927,36.740152,32.736601,28.662364,32.130089,31.043142,36.654986,30.365685,35.557286,29.002350,33.158080,30.449294,36.253128,31.085484,35.629509,29.175610,32.356993,30.838830,35.933645,32.333667,36.146869,31.048498,33.769450,31.588805,34.980913,83.220633,86.267872,134.600870,88.441823,135.749485,50.578917,41.848833,153.825118,121.130000,3.786400,392.490000,119.950000,2.897600,267.360000,620845.557097,10.301730,10.625284,20.444187,91.350474,Inf,Inf,32.914482
06/22/2026 10:52:14,0.000000,0.000000,74.749394,74.150885,63.275091,74.561095,74.918135,76.761373,74.738202,74.653692,34.523676,29.279465,28.966787,28.538977,32.154963,28.803553,28.921239,28.878859,32.784788,36.187064,34.555177,33.811299,33.627431,34.170917,33.515404,32.945243,32.869461,33.313935,36.641395,33.409020,33.091092,33.888969,34.062122,32.748329,32.396463,32.896775,34.627878,74.052339,39.647349,30.546246,24.415959,22.595020,23.160963,32.479680,30.486835,30.904765,76.171017,41.669824,31.055412,22.555313,21.971033,22.287257,30.239888,30.077943,30.130994,33.834649,33.825349,26.556831,24.591764,33.391992,33.464411,23.854913,27.693157,31.510457,37.692785,29.147441,33.758674,30.901608,36.805616,36.759683,32.749115,28.686520,32.119201,31.058084,36.639744,30.346765,35.552658,29.017771,33.133445,30.460246,36.223586,31.084269,35.605386,29.199051,32.340778,30.851563,35.937884,32.341485,36.148761,31.060206,33.757926,31.611104,34.985370,80.878345,84.081767,132.522577,85.985148,134.014756,50.535870,41.864469,152.154410,121.100000,3.773900,390.310000,120.060000,2.883800,265.760000,620905.557115,10.086497,10.595663,20.459749,90.607387,Inf,Inf,32.916239
06/22/2026 10:53:14,0.000000,0.000000,74.783554,74.103040,63.766161,74.520534,74.933776,76.766864,74.765836,74.663158,34.485294,29.277900,28.950501,28.552232,32.165957,28.838666,28.920832,28.816888,32.769889,36.169572,34.543417,33.822270,33.642847,34.142822,33.461688,32.921720,32.855168,33.228994,36.647968,33.239660,32.809381,33.806065,34.187879,32.583476,32.207187,32.911260,34.505687,71.624551,34.313465,30.733896,24.467156,22.536909,23.266785,32.457515,30.521678,30.996576,70.755338,39.038949,31.058698,22.567138,21.968418,22.265807,30.232832,30.120305,30.151957,33.792917,33.818854,26.498018,24.690726,33.406718,33.467140,23.821392,27.549907,31.508295,37.677825,29.152414,33.741603,30.896511,36.806306,36.763016,32.747128,28.651510,32.093279,31.019205,36.648035,30.343081,35.545008,28.981060,33.122201,30.435598,36.212736,31.081369,35.613687,29.180646,32.313522,30.861234,35.885489,32.355143,36.148979,31.052404,33.736552,31.590999,34.979992,70.831782,73.928326,133.675602,79.714708,134.679858,50.570345,41.112991,125.539957,121.290000,3.536700,359.980000,120.170000,2.666400,236.050000,620965.555469,11.025765,11.350567,19.708131,77.959726,Inf,Inf,32.904828
06/22/2026 10:54:14,0.000000,0.000000,74.802976,74.144466,63.578207,74.524387,74.934671,76.804429,74.758511,74.681186,34.548561,29.357108,28.994037,28.608680,32.180424,28.896442,28.979045,28.865290,32.773267,36.143712,34.533477,33.837150,33.620865,34.171457,33.478790,32.969952,32.850101,33.311471,36.762833,33.302139,32.924768,33.875574,34.108660,32.968334,32.302424,32.865487,34.605086,79.809942,40.151734,30.816544,24.418609,22.605745,23.236413,32.475848,30.464721,30.860176,80.985614,42.146343,31.048649,22.525642,21.917820,22.247067,30.272156,30.072569,30.077473,33.905671,33.906087,26.462473,24.587578,33.426490,33.494463,23.743245,27.468253,31.528399,37.693789,29.190829,33.758704,30.877128,36.802106,36.762521,32.752857,28.669751,32.121107,31.006073,36.662213,30.347112,35.556547,29.006405,33.143009,30.427939,36.240237,31.066716,35.628327,29.166392,32.340679,30.830849,35.929699,32.314132,36.139289,31.018144,33.760276,31.576038,34.997471,85.732815,88.998681,134.192559,90.433408,135.661997,50.570878,41.952844,158.570336,120.970000,3.845100,399.530000,119.970000,2.946600,273.780000,621025.554000,10.268898,10.501003,20.547646,93.431986,Inf,Inf,32.910491
06/22/2026 10:55:14,0.000000,0.000000,74.802705,74.134892,63.230192,74.486784,74.938907,76.786737,74.712312,74.668366,34.513259,29.256058,28.955421,28.553606,32.122827,28.785166,28.896401,28.812978,32.785020,36.197920,34.518140,33.830742,33.650432,34.161056,33.482673,32.961835,32.820499,33.301438,36.523183,33.269888,32.762344,33.756867,34.298045,32.668071,32.140975,32.797976,34.584307,78.293554,39.681078,30.677954,24.477472,22.631530,23.276031,32.460467,30.506807,30.861737,79.192441,42.064376,31.044876,22.598066,22.028816,22.345022,30.376652,30.135652,30.143230,33.841509,33.896998,26.447071,24.700776,33.409144,33.493556,23.982802,27.573086,31.510930,37.702976,29.145685,33.765652,30.852013,36.802392,36.741106,32.735781,28.641463,32.108728,31.012840,36.659595,30.315054,35.551710,28.985068,33.129751,30.402607,36.240987,31.064797,35.633680,29.179810,32.330929,30.853207,35.916930,32.307533,36.143139,31.041180,33.756471,31.556182,34.968841,83.778052,86.856657,134.449733,88.837951,135.642761,50.606251,41.797848,155.128406,121.150000,3.807000,394.000000,119.980000,2.909500,269.590000,621085.554106,10.284534,10.651456,20.393420,91.926402,Inf,Inf,32.901901
06/22/2026 10:56:14,0.000000,0.000000,74.812194,74.147348,63.203402,74.497933,74.932308,76.783946,74.738964,74.670089,34.513419,29.336499,28.962719,28.576740,32.189954,28.869861,28.917880,28.841149,32.790960,36.216232,34.608805,33.938130,33.641926,34.179187,33.494733,32.965901,32.843713,33.360630,36.758689,33.452599,32.710265,33.878046,34.251393,32.646227,32.217929,32.950444,34.580286,75.453662,39.263076,30.571894,24.432566,22.641693,23.245520,32.456866,30.479129,30.848226,77.273849,41.592922,31.037887,22.610312,21.951164,22.322557,30.271410,30.113220,30.202825,33.862238,33.856287,26.606725,24.573063,33.418300,33.461839,23.878294,27.901036,31.521000,37.670982,29.153982,33.739090,30.866359,36.786549,36.756282,32.727465,28.663459,32.102706,31.023297,36.620412,30.326400,35.557671,28.988313,33.126316,30.432147,36.223845,31.104136,35.599321,29.199637,32.320007,30.855111,35.912179,32.325896,36.133965,31.051554,33.720324,31.556899,34.973988,81.946739,85.192607,132.840878,86.949015,134.215099,50.598214,41.770850,153.306360,121.070000,3.789000,392.760000,119.820000,2.895700,267.720000,621145.551810,10.205370,10.671363,20.366524,91.120324,Inf,Inf,32.901310
06/22/2026 10:57:14,0.000000,0.000000,74.779889,74.124744,63.744470,74.462954,74.912133,76.762550,74.748786,74.662163,34.514094,29.312648,28.950461,28.552915,32.203127,28.867008,28.922313,28.842014,32.806754,36.183699,34.576650,33.854922,33.668844,34.138619,33.500481,32.948091,32.877185,33.291883,36.674747,33.355424,32.972519,33.900624,34.348961,32.569664,32.284656,32.882410,34.604228,70.010970,35.964345,30.604991,24.439430,22.473262,23.133614,32.469435,30.437791,30.855665,69.570859,41.350428,31.036586,22.465976,21.873665,22.161662,30.288018,30.103721,30.124228,33.774620,33.812805,26.458866,24.674281,33.385503,33.457033,23.785229,27.953607,31.489712,37.645249,29.148529,33.739712,30.876342,36.788938,36.725340,32.741279,28.650550,32.091333,31.044439,36.641412,30.337747,35.565848,28.981239,33.124157,30.433102,36.232869,31.055735,35.615031,29.156575,32.337116,30.830663,35.909142,32.323735,36.137233,31.022759,33.738561,31.584549,34.971799,72.240113,75.062112,133.251886,80.053455,134.159685,50.587865,41.536511,131.495876,121.320000,3.570600,364.820000,120.220000,2.705100,242.360000,621205.551706,10.472331,10.903926,20.132660,80.933998,Inf,Inf,32.898023
06/22/2026 10:58:14,0.000000,0.000000,74.720085,74.112676,63.702286,74.467957,74.921780,76.756580,74.754289,74.686682,34.498502,29.372793,28.990545,28.611340,32.205326,28.870997,28.917065,28.789476,32.777345,36.165041,34.555292,33.911732,33.647942,34.171440,33.511247,32.945085,32.843426,33.312799,36.530072,33.201703,32.871022,33.852088,34.268499,32.818558,32.178607,32.805787,34.654207,79.957702,39.958215,30.741588,24.453287,22.636894,23.303230,32.464340,30.579773,31.048682,81.123189,42.265439,31.038544,22.554034,21.996386,22.293766,30.266418,30.110467,30.216566,33.872817,33.906230,26.391568,24.639383,33.399726,33.496134,23.566221,27.695515,31.477613,37.692909,29.144891,33.756635,30.869258,36.796948,36.741348,32.736024,28.655985,32.102961,31.028454,36.641725,30.341182,35.565718,28.976599,33.127979,30.415539,36.243072,31.077145,35.600279,29.137711,32.342770,30.834941,35.905863,32.330674,36.144339,31.040159,33.743162,31.569563,34.991913,85.466401,88.796440,134.755399,90.431098,135.976078,50.543474,41.966537,156.804778,121.180000,3.840800,399.100000,119.910000,2.939400,272.850000,621265.549867,10.180333,10.477289,20.561255,92.662453,Inf,Inf,32.901112
06/22/2026 10:59:14,0.000000,0.000000,74.714617,74.121581,63.634241,74.435152,74.919409,76.755057,74.740491,74.679222,34.521521,29.283096,28.928040,28.567823,32.178836,28.818118,28.875273,28.854305,32.783517,36.166759,34.597386,33.859101,33.650372,34.182745,33.518052,32.916773,32.819972,33.315575,36.649666,33.232922,32.951464,33.541611,34.122887,32.770956,32.160171,32.879402,34.698376,78.718103,39.935932,30.644177,24.524326,22.714328,23.327611,32.488102,30.482348,30.843643,79.690983,42.139268,31.057626,22.657968,22.062068,22.396649,30.260810,30.156782,30.158120,33.880762,33.895494,26.609092,24.725445,33.439857,33.482063,23.843599,27.740873,31.538027,37.680359,29.158094,33.739854,30.882278,36.761649,36.767940,32.742295,28.656476,32.111397,31.021751,36.645933,30.327145,35.546891,28.991360,33.135130,30.435192,36.224675,31.092940,35.603607,29.172729,32.336768,30.847905,35.916533,32.328935,36.154720,31.053281,33.759147,31.597181,35.001665,84.430479,87.496282,134.463501,89.361889,135.831052,50.539895,41.930798,156.647290,121.070000,3.814000,396.160000,119.930000,2.919500,270.980000,621325.548592,10.118448,10.531897,20.525729,92.593529,Inf,Inf,32.907729
06/22/2026 11:00:14,0.000000,0.000000,74.651987,74.088508,63.092385,74.389534,74.896208,76.731484,74.707172,74.662381,34.478068,29.290707,28.915578,28.568882,32.096676,28.795533,28.867939,28.843849,32.789771,36.159704,34.509126,33.834400,33.640766,34.130533,33.565388,32.938362,32.851636,33.237018,36.409449,33.355662,32.835212,34.004142,34.014797,32.640001,32.328120,32.844482,34.758904,75.159770,39.423159,30.546037,24.421750,22.560470,23.194047,32.513857,30.498350,30.835571,77.177204,41.460802,31.044002,22.535314,21.948528,22.285389,30.238923,30.095212,30.133997,33.847853,33.873482,26.583369,24.540215,33.423010,33.477211,23.759890,27.997277,31.521717,37.695115,29.160052,33.736611,30.882143,36.791158,36.753459,32.725962,28.638304,32.097039,31.035893,36.651001,30.333142,35.551522,28.977543,33.125364,30.432529,36.232846,31.085568,35.601149,29.174269,32.333410,30.831873,35.931160,32.324053,36.129241,31.037442,33.747806,31.591151,34.971718,81.887191,85.193369,132.222715,86.703543,133.957119,50.411692,41.745600,153.649177,121.170000,3.784500,392.210000,120.090000,2.892600,267.280000,621385.547533,10.204677,10.702642,20.341360,91.272475,Inf,Inf,32.903341
06/22/2026 11:01:14,0.000000,0.000000,74.642274,74.117268,63.261168,74.393653,74.912153,76.735591,74.727644,74.674825,34.516241,29.324172,28.941467,28.604985,32.157159,28.846352,28.905973,28.847978,32.772890,36.188499,34.561052,33.883206,33.612744,34.178434,33.534851,32.975818,32.877445,33.286366,36.746685,33.289921,32.893612,33.687688,34.147243,32.773120,32.250432,32.830428,34.654393,70.619583,35.166280,30.745784,24.452723,22.467747,23.145162,32.506698,30.455072,30.794919,69.832985,40.186748,31.069382,22.495389,21.887919,22.179949,30.261615,30.133453,30.142815,33.807346,33.803746,26.443494,24.555561,33.402701,33.450684,23.770320,28.056348,31.534345,37.690406,29.152623,33.733385,30.896731,36.784847,36.747218,32.733919,28.627995,32.101800,31.016151,36.637861,30.317231,35.549442,28.962568,33.132666,30.419794,36.241466,31.035423,35.617235,29.168161,32.335325,30.831619,35.908320,32.334476,36.128121,31.028739,33.743228,31.570074,34.991978,70.892494,73.946148,133.115125,79.334930,134.355692,50.520224,41.334608,127.243683,121.280000,3.539100,359.680000,120.180000,2.674600,237.590000,621445.546862,10.815207,11.138805,19.930577,78.819858,Inf,Inf,32.899105
06/22/2026 11:02:14,0.000000,0.000000,74.627110,74.066997,63.555425,74.375391,74.921361,76.766700,74.746915,74.655644,34.562680,29.345433,29.012248,28.607350,32.196897,28.823734,28.897019,28.794858,32.771854,36.206063,34.584419,33.850481,33.603106,34.119975,33.459298,32.939333,32.884403,33.336867,36.759362,33.161334,32.725536,33.940360,34.042918,32.690851,32.242593,32.873724,34.647021,79.972096,40.045146,30.719872,24.439493,22.593935,23.255674,32.470950,30.529791,30.937880,81.015547,42.001460,31.055400,22.540057,21.950564,22.260067,30.350159,30.142723,30.135144,33.866758,33.872407,26.500074,24.582281,33.397683,33.489204,23.673002,27.580467,31.508049,37.706305,29.140570,33.734381,30.893720,36.750887,36.756968,32.709923,28.659244,32.076622,31.019014,36.614191,30.345987,35.503141,28.989269,33.095712,30.458956,36.212337,31.080522,35.595307,29.178647,32.325320,30.855175,35.886997,32.323736,36.120685,31.055568,33.712755,31.596532,34.961997,85.616001,88.958581,134.487384,90.441920,135.850558,50.442137,41.976831,157.818825,121.150000,3.846600,399.470000,119.900000,2.944700,273.650000,621505.544761,10.148387,10.483915,20.571485,93.105139,Inf,Inf,32.895617
06/22/2026 11:03:14,0.000000,0.000000,74.633199,74.100153,63.738838,74.380721,74.910212,76.775809,74.719336,74.674545,34.503148,29.333311,28.968897,28.604418,32.173059,28.808757,28.865401,28.812759,32.830466,36.136026,34.523557,33.853780,33.662371,34.170324,33.474014,32.906935,32.841881,33.353467,36.851100,33.248154,32.786313,33.705307,34.044108,32.684038,32.263783,32.855773,34.587852,78.385679,40.090044,30.690412,24.475475,22.660465,23.271232,32.501074,30.521645,30.851050,79.313077,41.965484,31.033825,22.606675,22.010554,22.340667,30.262220,30.131648,30.173553,33.913007,33.877995,26.717474,24.576708,33.427250,33.477008,23.863581,27.615858,31.508167,37.703330,29.157193,33.722157,30.878780,36.767468,36.753538,32.718481,28.633921,32.100634,31.004289,36.636075,30.347080,35.541007,28.975603,33.133654,30.413653,36.235361,31.060471,35.610573,29.158778,32.340648,30.834837,35.913733,32.302542,36.154780,31.025267,33.735824,31.555964,34.985917,83.919155,87.017872,134.395159,88.927313,135.570088,50.555306,41.957020,155.815659,121.080000,3.808200,395.060000,120.000000,2.914100,270.190000,621565.545189,10.138615,10.482028,20.551797,92.228798,Inf,Inf,32.896991
06/22/2026 11:04:14,0.000000,0.000000,74.641371,74.089724,63.086334,74.355401,74.919127,76.750981,74.695183,74.655462,34.525878,29.307546,28.957402,28.563893,32.154002,28.850325,28.889144,28.842302,32.804336,36.168009,34.491271,33.802790,33.642018,34.116248,33.512318,32.923039,32.829069,33.296673,36.834371,33.190019,32.916387,33.745971,34.305353,32.685621,32.258325,32.826310,34.615682,74.999461,38.798256,30.573425,24.444070,22.602107,23.237129,32.482342,30.507331,30.831259,76.977187,41.357131,31.048197,22.559263,21.973717,22.324472,30.238544,30.081981,30.174708,33.835119,33.880326,26.611255,24.617455,33.368625,33.477920,23.894951,27.390273,31.492473,37.691740,29.144603,33.735026,30.884118,36.793119,36.737850,32.730729,28.658257,32.108736,31.030226,36.653676,30.332271,35.562177,28.972464,33.124303,30.452415,36.219212,31.073628,35.606929,29.167153,32.333431,30.825462,35.919031,32.324771,36.143501,31.038424,33.737234,31.587673,34.964266,81.575044,84.868566,132.225897,86.578537,133.949218,50.518723,41.758613,152.868370,121.180000,3.781900,391.580000,120.060000,2.891700,266.920000,621625.543530,10.219095,10.693867,20.354330,90.925602,Inf,Inf,32.901497
06/22/2026 11:05:14,0.000000,0.000000,74.624068,74.088479,63.132197,74.370321,74.898973,76.753634,74.711930,74.652771,34.536375,29.301596,28.948329,28.563459,32.184718,28.842307,28.916261,28.846222,32.818413,36.183354,34.537706,33.884508,33.638032,34.136235,33.452249,32.952730,32.889918,33.312163,36.645826,33.327271,32.834783,33.936228,34.165745,32.568413,32.426618,32.838883,34.582090,70.696619,34.664482,30.709437,24.459240,22.458582,23.173326,32.509745,30.456343,30.763578,69.844321,39.853918,31.041625,22.518574,21.901760,22.208588,30.286512,30.120381,30.179226,33.799209,33.839142,26.528709,24.630343,33.392084,33.463614,23.869784,27.792521,31.496902,37.682875,29.163756,33.740035,30.888252,36.790144,36.753468,32.725971,28.676683,32.103313,31.027024,36.643859,30.336200,35.546586,28.988940,33.118941,30.436786,36.234094,31.089051,35.613936,29.187587,32.334682,30.835683,35.932732,32.311840,36.144215,31.028003,33.745114,31.574639,34.976125,70.684592,73.669331,133.299463,79.205721,134.299764,50.548777,41.226616,126.615023,121.250000,3.530000,359.590000,120.320000,2.670800,236.710000,621685.542636,10.887173,11.219361,19.822264,78.503364,Inf,Inf,32.904248
06/22/2026 11:06:14,0.000000,0.000000,74.614900,74.086494,63.148606,74.378426,74.923126,76.754972,74.734052,74.648274,34.485800,29.316319,28.989373,28.603890,32.183212,28.873363,28.932280,28.847073,32.787738,36.170962,34.522626,33.846150,33.650742,34.149381,33.434881,32.957134,32.828017,33.292066,36.342555,33.250740,32.905857,33.821161,34.303717,32.887629,32.205924,32.852645,34.643733,79.815887,40.331536,30.756003,24.411239,22.605984,23.230178,32.509692,30.497297,30.836738,81.011790,42.237490,31.023877,22.538829,21.939841,22.261457,30.214243,30.085679,30.193117,33.900967,33.881403,26.484104,24.547130,33.414769,33.493849,23.656187,27.702068,31.498856,37.702048,29.148762,33.725181,30.864434,36.800565,36.761046,32.750930,28.655771,32.107982,31.008082,36.649520,30.320060,35.569093,28.977076,33.127121,30.430726,36.249379,31.068342,35.614287,29.175006,32.344823,30.836309,35.946198,32.287549,36.160387,31.026454,33.744761,31.565820,35.002378,85.575140,88.929298,134.166083,90.416421,135.714544,50.496351,41.903509,157.576684,121.170000,3.845200,398.590000,119.980000,2.942900,273.490000,621745.540393,10.257413,10.525287,20.498590,92.999605,Inf,Inf,32.903965
06/22/2026 11:07:14,0.000000,0.000000,74.612099,74.063816,63.419031,74.360355,74.911827,76.732315,74.709648,74.647531,34.471008,29.341144,28.969149,28.582040,32.148070,28.798427,28.834889,28.808568,32.781807,36.119893,34.548653,33.888790,33.600563,34.148505,33.530702,32.911651,32.848690,33.304284,36.788860,33.199854,32.874787,33.812331,33.882491,32.707602,32.085452,32.831428,34.579531,78.363285,39.847574,30.713933,24.480179,22.642760,23.259846,32.462637,30.533496,30.911731,79.219840,41.798937,31.016353,22.547399,21.974930,22.331963,30.323553,30.112106,30.165602,33.869122,33.859252,26.674045,24.634460,33.398394,33.432160,23.693425,27.498275,31.496427,37.670472,29.155698,33.724070,30.902537,36.772471,36.762948,32.704371,28.670628,32.086146,31.039691,36.634667,30.362601,35.531622,29.009831,33.110867,30.464347,36.226583,31.081938,35.585680,29.189474,32.339233,30.872152,35.914943,32.356255,36.146445,31.044952,33.732567,31.607049,34.976900,83.911491,86.976497,133.995551,88.905149,135.618538,50.575443,41.984018,155.640527,121.250000,3.809900,394.740000,120.070000,2.914000,269.850000,621805.539962,10.135307,10.437727,20.578626,92.151824,Inf,Inf,32.905786
06/22/2026 11:08:14,0.000000,0.000000,74.639530,74.068008,63.666053,74.380322,74.885311,76.764451,74.719748,74.648336,34.424763,29.273254,28.889645,28.537479,32.188623,28.831499,28.862012,28.812939,32.753251,36.197280,34.471798,33.917710,33.632158,34.133028,33.458200,32.924898,32.811576,33.327625,36.708126,33.225419,32.659522,33.937053,34.077790,32.763578,32.323286,32.768510,34.462620,74.665581,39.175370,30.543885,24.415345,22.610546,23.232907,32.471034,30.448307,30.915236,76.627939,41.579451,31.026392,22.591574,21.995959,22.319799,30.283825,30.088418,30.117842,33.800677,33.883021,26.466518,24.640029,33.398147,33.483893,23.874999,27.841789,31.491718,37.688782,29.146077,33.720976,30.889628,36.781334,36.752479,32.717417,28.649362,32.094230,31.035754,36.642739,30.336855,35.549010,28.977789,33.135387,30.434558,36.232416,31.069984,35.624335,29.170402,32.323769,30.838804,35.924319,32.326523,36.138995,31.024977,33.746761,31.596340,34.987525,81.147991,84.448883,132.403127,86.239732,133.958794,50.477002,41.876511,151.953543,121.290000,3.780100,390.560000,120.050000,2.882900,266.100000,621865.539048,10.072153,10.554660,20.471732,90.517680,Inf,Inf,32.901642
06/22/2026 11:09:14,0.000000,0.000000,74.608283,74.063381,63.770104,74.383629,74.917765,76.727281,74.725373,74.661990,34.489442,29.286084,28.932813,28.571209,32.154178,28.831318,28.891415,28.838328,32.766487,36.146702,34.508964,33.839824,33.655074,34.128408,33.486148,32.944863,32.832328,33.288376,36.884063,33.222607,32.972200,34.015298,34.034832,32.880619,32.220263,32.798501,34.637179,70.877126,34.811395,30.695717,24.449218,22.432398,23.145433,32.483392,30.480749,30.857462,70.096153,39.810576,31.042014,22.499686,21.895817,22.187845,30.240934,30.107302,30.174172,33.798171,33.847967,26.433924,24.651316,33.412463,33.441342,23.854947,27.691373,31.488182,37.693671,29.163947,33.707598,30.864617,36.747655,36.726265,32.694183,28.635867,32.081630,31.019572,36.631419,30.333921,35.514189,28.970728,33.100350,30.444886,36.220961,31.062019,35.575338,29.150070,32.299040,30.831303,35.886746,32.311916,36.115583,31.031718,33.732363,31.578778,34.958073,70.808677,73.825046,133.466951,79.373037,134.396295,50.549906,41.171552,126.537169,121.430000,3.528400,359.440000,120.270000,2.670000,236.760000,621925.538118,10.928741,11.275038,19.766976,78.464097,Inf,Inf,32.885753
06/22/2026 11:10:14,0.000000,0.000000,74.610623,74.073757,63.528871,74.433714,74.901497,76.744349,74.741886,74.675123,34.470812,29.377072,29.007315,28.655973,32.143488,28.852722,28.860774,28.819285,32.726917,36.153792,34.590604,33.942828,33.641740,34.172787,33.461854,32.974788,32.847302,33.321115,36.607835,33.429084,32.669225,34.035979,33.849499,32.631423,32.295784,32.818391,34.487105,79.704206,40.136439,30.808649,24.403736,22.595779,23.259708,32.478513,30.560992,31.008416,80.892341,42.129928,31.015495,22.488696,21.910637,22.240335,30.329210,30.041205,30.135717,33.879762,33.898804,26.452016,24.658129,33.410342,33.479649,23.697856,27.793794,31.504855,37.694741,29.161459,33.708933,30.881554,36.768894,36.739556,32.716880,28.644807,32.088629,31.006527,36.623705,30.323922,35.545016,28.985722,33.109956,30.441147,36.235316,31.071566,35.575590,29.157015,32.317534,30.831576,35.918464,32.301511,36.123298,31.029678,33.732113,31.570062,34.978664,85.579947,88.857421,134.531914,90.308564,135.771042,50.482195,41.963915,157.903639,121.170000,3.842800,399.570000,120.110000,2.941600,273.440000,621985.535652,10.249999,10.456845,20.558650,93.142079,Inf,Inf,32.892956
06/22/2026 11:11:14,0.000000,0.000000,74.635430,74.045299,63.822857,74.433035,74.925319,76.746622,74.746985,74.655714,34.481075,29.263401,28.971686,28.580239,32.146719,28.806441,28.872065,28.806931,32.771886,36.110013,34.513908,33.899875,33.607654,34.159586,33.551728,32.894015,32.854463,33.274950,36.699037,33.216290,32.778320,34.212356,34.018370,32.651585,32.279030,32.915911,34.546267,78.222091,39.564324,30.366919,24.470519,22.609323,23.227145,32.489334,30.466199,30.848354,79.217648,42.121060,31.029842,22.570386,21.987498,22.304165,30.249563,30.080358,30.184676,33.864142,33.888678,26.521809,24.656021,33.384701,33.476224,23.830996,27.696025,31.498171,37.681040,29.141832,33.702961,30.877790,36.756752,36.740941,32.714714,28.647096,32.080137,31.021197,36.625659,30.328565,35.530578,29.003635,33.109582,30.430966,36.208609,31.069640,35.595713,29.171027,32.300368,30.836994,35.875571,32.314928,36.140866,31.044240,33.715293,31.579029,34.951672,83.793640,86.815861,134.519751,88.752766,135.633315,50.570832,41.883018,155.175668,121.190000,3.798100,393.670000,120.120000,2.909900,269.040000,622045.534273,9.888713,10.551636,20.478206,91.947226,Inf,Inf,32.889852
06/22/2026 11:12:14,0.000000,0.000000,74.646916,74.061445,63.534816,74.430316,74.909929,76.747705,74.729336,74.662150,34.459518,29.338068,28.949121,28.600504,32.164261,28.840088,28.859345,28.815626,32.766735,36.194324,34.549586,33.857434,33.619389,34.156221,33.463097,32.895566,32.808989,33.282825,36.660418,33.357475,32.834035,34.090424,33.886639,32.727765,32.292490,32.838220,34.726043,74.494047,38.675928,30.361629,24.436455,22.560405,23.195662,32.420268,30.485248,30.813116,76.531746,41.569709,31.036290,22.534279,21.981100,22.275794,30.215566,30.096822,30.183753,33.841020,33.869349,26.559104,24.633894,33.409828,33.488020,23.794969,27.988429,31.488381,37.738501,29.150319,33.729278,30.908208,36.778101,36.758719,32.730804,28.675732,32.113843,31.050045,36.648510,30.360053,35.553902,29.015953,33.137855,30.464223,36.248692,31.097952,35.609732,29.174434,32.332685,30.852865,35.915262,32.338336,36.157043,31.040468,33.754270,31.606100,34.993249,81.142920,84.366437,132.537320,86.190396,133.913560,50.493496,41.819990,152.163798,121.170000,3.776000,390.750000,120.260000,2.884300,265.640000,622105.533981,9.946157,10.620818,20.415472,90.611578,Inf,Inf,32.914117
06/22/2026 11:13:14,0.000000,0.000000,74.682220,74.064213,63.104614,74.431161,74.933163,76.731686,74.747588,74.656317,34.507956,29.295775,28.967487,28.580325,32.182405,28.839541,28.938163,28.794961,32.804605,36.172705,34.605118,33.848896,33.592637,34.132595,33.512267,32.925210,32.866655,33.293357,36.626655,33.258696,32.832054,34.111085,33.843809,32.529656,32.282705,32.812435,34.684794,71.212043,35.137847,30.633856,24.446159,22.451754,23.185224,32.457058,30.483779,30.884793,70.553310,40.194532,31.074454,22.467312,21.878679,22.190895,30.305035,30.118148,30.176993,33.808975,33.829227,26.555818,24.641205,33.396205,33.442411,23.783477,28.026121,31.474322,37.708206,29.152747,33.711639,30.888280,36.748584,36.733948,32.697903,28.635137,32.084014,31.008591,36.620898,30.326889,35.545306,28.981404,33.113210,30.416329,36.235060,31.062842,35.595819,29.178270,32.321385,30.848208,35.919492,32.316336,36.135440,31.028529,33.717102,31.562577,34.967224,71.807192,74.772973,133.440543,80.064606,134.471934,50.496279,41.233900,128.668203,121.390000,3.552000,361.630000,120.350000,2.685600,238.720000,622165.531450,10.804281,11.244879,19.829575,79.533230,Inf,Inf,32.891190
06/22/2026 11:14:14,0.000000,0.000000,74.703728,74.078548,63.200528,74.455436,74.925319,76.709526,74.747043,74.645208,34.480384,29.312213,28.987497,28.645757,32.196933,28.867044,28.910641,28.803127,32.793871,36.169100,34.569120,33.866503,33.620909,34.150195,33.499518,32.913342,32.879910,33.288830,36.794266,33.371033,32.852659,33.944755,33.908791,32.746391,32.200253,32.879435,34.477476,79.829664,40.322197,30.801371,24.397763,22.558411,23.211031,32.479119,30.530399,30.988415,80.982159,42.202492,31.029072,22.465589,21.894199,22.213587,30.242446,30.048390,30.120612,33.904679,33.892795,26.443735,24.431555,33.407556,33.481306,23.677580,27.758836,31.499817,37.712723,29.157307,33.727167,30.894057,36.782634,36.751801,32.724296,28.668310,32.123517,31.037006,36.660082,30.325352,35.571694,28.975259,33.138199,30.440053,36.247238,31.068415,35.620876,29.194128,32.332753,30.850537,35.934207,32.328003,36.154704,31.051482,33.749884,31.595463,34.981331,85.659224,88.914949,134.377860,90.403756,135.840696,50.444292,41.984892,158.231079,121.090000,3.843400,398.670000,120.090000,2.942200,273.680000,622225.530910,10.221876,10.449577,20.579495,93.284565,Inf,Inf,32.909943
06/22/2026 11:15:14,0.000000,0.000000,74.678094,74.069387,63.438804,74.469170,74.917500,76.702988,74.740184,74.669196,34.481991,29.297772,28.952979,28.571304,32.142704,28.831414,28.875556,28.814884,32.762132,36.140152,34.481547,33.868338,33.650284,34.167566,33.463246,32.913943,32.791622,33.315237,36.523208,33.271246,32.842563,33.947993,33.972412,32.699385,32.155573,32.851689,34.453779,78.563217,39.821678,30.601728,24.462212,22.630143,23.266571,32.505343,30.465749,30.848223,79.504558,42.382391,31.025786,22.592758,21.998261,22.315373,30.287004,30.181424,30.128820,33.886213,33.868652,26.545892,24.604673,33.402143,33.472339,23.766175,27.873786,31.493803,37.701455,29.140581,33.705049,30.888353,36.783165,36.755945,32.715564,28.638580,32.079649,31.040315,36.630095,30.330804,35.554516,28.974877,33.098262,30.443238,36.237725,31.064187,35.609902,29.175944,32.327963,30.846591,35.925856,32.326288,36.136334,31.040124,33.741603,31.607204,34.965082,84.065043,87.119750,134.497808,89.063461,135.931640,50.569658,41.879522,155.844631,121.350000,3.807900,394.380000,120.030000,2.915500,270.220000,622285.528778,10.127000,10.551058,20.474728,92.241526,Inf,Inf,32.899302
06/22/2026 11:16:14,0.000000,0.000000,74.711575,74.064411,63.608896,74.497355,74.911875,76.710865,74.748002,74.644899,34.452453,29.298855,28.950494,28.571116,32.183900,28.875391,28.877370,28.826959,32.768103,36.102704,34.579789,33.875699,33.659868,34.135862,33.537910,32.917530,32.831676,33.287280,36.748481,33.273505,32.932717,33.926140,33.989631,32.532065,32.336977,32.927135,34.758863,76.671234,39.179308,30.502401,24.489739,22.620506,23.268388,32.514708,30.545113,31.025191,78.225455,41.495331,31.046363,22.608977,22.017127,22.334233,30.329822,30.138233,30.163198,33.855625,33.922457,26.589310,24.623865,33.414977,33.471400,23.861511,27.855332,31.516818,37.694675,29.169421,33.725874,30.892314,36.782231,36.744252,32.736274,28.649097,32.096745,31.008862,36.649724,30.317146,35.565309,28.974136,33.134858,30.437148,36.243996,31.074064,35.601643,29.158709,32.329012,30.841393,35.910948,32.307308,36.171386,31.039752,33.755783,31.588906,34.988995,82.903541,86.196468,133.315387,87.802292,134.723714,50.516503,41.824749,154.920579,121.280000,3.797800,394.100000,120.110000,2.907500,268.890000,622345.528222,10.082191,10.626153,20.420210,91.834780,Inf,Inf,32.903559
06/22/2026 11:17:14,0.000000,0.000000,74.711552,74.092720,63.694498,74.505194,74.920556,76.737233,74.739946,74.663886,34.486025,29.331709,28.961050,28.579931,32.180231,28.846730,28.887992,28.823751,32.792854,36.090156,34.559675,33.842287,33.670863,34.097134,33.471188,32.905886,32.880662,33.272696,36.455165,33.273140,32.880494,33.789610,34.246886,32.680847,32.362018,32.869910,34.798907,68.585743,38.182538,30.656926,24.374755,22.379321,23.013048,32.493437,30.488585,30.853052,71.278159,43.665541,31.026896,22.412281,21.783461,22.134283,30.260807,30.099770,30.134543,33.760470,33.852884,26.466576,24.593812,33.367810,33.470442,23.663940,27.696105,31.494241,37.692610,29.144589,33.710276,30.861956,36.754747,36.743827,32.715392,28.637068,32.089070,31.010534,36.633849,30.317647,35.556060,28.968662,33.127182,30.418307,36.229810,31.074491,35.606572,29.144492,32.331737,30.857762,35.905070,32.298734,36.144358,31.048645,33.740937,31.582924,34.967077,74.597846,77.582489,132.429620,81.257357,133.503268,50.491940,41.780561,138.501128,121.360000,3.637700,373.950000,120.170000,2.769900,250.540000,622405.526646,10.280726,10.650696,20.376200,84.320549,Inf,Inf,32.893621
06/22/2026 11:18:14,0.000000,0.000000,74.710089,74.068844,63.730259,74.490426,74.913822,76.728405,74.747024,74.651950,34.457916,29.305239,28.958217,28.578303,32.185728,28.829489,28.897147,28.752603,32.795366,36.144465,34.587470,33.905053,33.652365,34.139905,33.487414,32.901673,32.850264,33.245867,36.546172,33.169429,32.784608,33.797311,34.054393,32.580935,32.188770,32.859515,34.520157,79.653549,39.394781,30.816411,24.463865,22.646145,23.304122,32.484353,30.505335,30.911785,80.483712,42.264911,31.025323,22.546561,21.979783,22.308113,30.192860,30.078724,30.167885,33.926010,33.891724,26.608873,24.547995,33.454725,33.486712,23.792307,27.875963,31.510232,37.696539,29.177993,33.710076,30.855517,36.744814,36.722992,32.705568,28.643274,32.085238,31.017392,36.639576,30.342584,35.535208,28.967163,33.103466,30.432410,36.210293,31.063313,35.588380,29.159631,32.341944,30.825069,35.892066,32.310586,36.130595,31.020534,33.714171,31.565429,34.973166,84.245265,87.710060,135.005681,89.746309,136.245776,50.547899,41.863983,152.746490,121.170000,3.809600,395.220000,120.070000,2.910700,268.760000,622465.524282,10.357146,10.566058,20.459265,90.871350,Inf,Inf,32.889507
06/22/2026 11:19:14,0.000000,0.000000,74.759040,74.084428,63.509275,74.535699,74.909225,76.757541,74.732312,74.649491,34.474443,29.360206,28.980185,28.586096,32.118295,28.835942,28.897412,28.838080,32.806591,36.176453,34.501064,33.881282,33.631696,34.125463,33.401044,32.899714,32.868993,33.302358,36.639159,33.309023,32.725483,33.852390,33.918551,32.773951,32.138185,32.972135,34.653836,79.165129,40.146197,30.750333,24.510595,22.653503,23.284983,32.524511,30.580341,30.904045,80.188454,42.186528,31.024319,22.594868,22.008621,22.351292,30.304877,30.106200,30.149443,33.898761,33.892499,26.551569,24.643589,33.402126,33.500754,23.778249,28.102362,31.506763,37.709892,29.160247,33.724962,30.858421,36.776456,36.717045,32.720047,28.606937,32.093971,31.009202,36.640662,30.291078,35.546487,28.934444,33.107312,30.394813,36.246087,31.042303,35.600988,29.163402,32.336363,30.827143,35.939746,32.289966,36.135842,31.002197,33.747815,31.564429,34.988134,85.044615,88.085201,134.527187,89.837453,135.996112,50.651791,41.908268,158.395042,121.220000,3.828400,397.450000,120.190000,2.931100,272.550000,622525.523313,10.247009,10.520995,20.503324,93.355840,Inf,Inf,32.889438
06/22/2026 11:20:14,0.000000,0.000000,74.736728,74.090006,63.713155,74.550964,74.911809,76.738200,74.756807,74.663847,34.532583,29.342384,28.977972,28.640739,32.183918,28.833028,28.908034,28.832641,32.761700,36.155218,34.566745,33.908575,33.660774,34.095041,33.524465,32.950310,32.820140,33.257531,36.733903,33.393056,32.986334,34.169247,34.070701,32.562582,32.151013,32.817343,34.545513,77.066776,39.497046,30.644788,24.436886,22.546489,23.195065,32.438358,30.496242,30.919561,78.590205,41.458808,31.001907,22.497442,21.925321,22.229898,30.211851,30.079816,30.169423,33.812980,33.904358,26.506309,24.550156,33.401778,33.463089,23.798947,27.815690,31.472353,37.684599,29.122229,33.702872,30.879929,36.758432,36.726716,32.707088,28.632306,32.081504,31.020783,36.637488,30.310614,35.553943,28.944571,33.122291,30.420533,36.236548,31.065231,35.587618,29.149051,32.317599,30.822107,35.935628,32.284939,36.139142,31.003290,33.726569,31.582766,34.978893,83.301980,86.523796,133.216100,88.074100,134.711546,50.576719,41.780950,155.185056,121.200000,3.805900,394.480000,120.060000,2.910300,269.350000,622585.522508,10.268201,10.625320,20.376587,91.951362,Inf,Inf,32.886921
06/22/2026 11:21:14,0.000000,0.000000,74.739046,74.078372,63.438483,74.524994,74.899369,76.748971,74.729124,74.640810,34.468653,29.265633,28.910573,28.520544,32.166395,28.833751,28.916471,28.815203,32.808793,36.161378,34.489507,33.843133,33.641063,34.097092,33.491108,32.936045,32.866886,33.300697,36.975066,33.445545,32.773722,33.703390,34.281442,32.735036,32.099935,32.825889,34.693781,69.389180,38.592119,30.669679,24.356161,22.415849,23.026406,32.445755,30.455070,30.794390,71.958552,43.518299,31.046731,22.458696,21.825552,22.170976,30.240215,30.103947,30.192661,33.794829,33.859328,26.426589,24.598166,33.393016,33.422784,23.912816,27.634278,31.503382,37.700350,29.148833,33.689494,30.878984,36.761033,36.732871,32.687926,28.646990,32.066915,31.006621,36.623606,30.333629,35.532067,28.976784,33.099717,30.448263,36.212673,31.091555,35.599418,29.178325,32.329447,30.864984,35.918448,32.320626,36.140946,31.033180,33.727047,31.581018,34.970502,75.397339,78.330814,132.346694,81.821058,133.560159,50.562207,41.727342,139.947660,121.150000,3.650000,374.630000,120.140000,2.780200,252.000000,622645.521236,10.346520,10.723572,20.323159,85.005631,Inf,Inf,32.893521
06/22/2026 11:22:14,0.000000,0.000000,74.753649,74.093409,63.666512,74.570257,74.912929,76.777677,74.750816,74.671377,34.494216,29.328346,28.945196,28.620192,32.178556,28.886985,28.906367,28.821605,32.745481,36.185115,34.576738,33.938746,33.642986,34.139409,33.499705,32.950427,32.830042,33.328749,36.655263,33.347856,32.698791,33.901667,33.992243,32.804621,32.267517,32.896405,34.536562,79.694395,39.533781,30.801806,24.454794,22.621368,23.275231,32.452111,30.440935,30.824764,80.537320,42.129440,31.041707,22.545559,21.945472,22.287267,30.185513,30.071026,30.162416,33.906355,33.879632,26.444340,24.639062,33.441616,33.489596,23.704301,27.796455,31.507511,37.707098,29.144938,33.689734,30.882344,36.768794,36.732044,32.692876,28.628755,32.081908,31.032774,36.643412,30.308113,35.549684,28.966079,33.116163,30.435783,36.230834,31.056360,35.598867,29.153239,32.344021,30.842257,35.904276,32.304165,36.132985,31.022048,33.730067,31.583602,34.966866,84.352984,87.799042,135.010344,89.868714,136.283585,50.541577,41.894283,152.744548,121.160000,3.819400,395.370000,119.970000,2.906600,268.930000,622705.519524,10.312393,10.552294,20.489413,90.870485,Inf,Inf,32.891920
06/22/2026 11:23:14,0.000000,0.000000,74.747719,74.069291,63.234843,74.560014,74.909872,76.751021,74.713581,74.648084,34.508171,29.324535,28.947629,28.598213,32.143286,28.829321,28.867873,28.856274,32.791037,36.144582,34.543665,33.824514,33.572244,34.139738,33.495134,32.939629,32.798835,33.294007,36.668012,33.363768,32.758706,33.913540,34.027644,32.592831,32.159898,32.880907,34.625353,79.503721,40.227109,30.661936,24.504411,22.657619,23.282420,32.527304,30.539906,30.888167,80.454753,42.132636,31.041672,22.620398,22.010092,22.342448,30.319266,30.138464,30.168333,33.874505,33.890698,26.633754,24.656023,33.406473,33.466007,23.825623,27.696808,31.509200,37.696841,29.140384,33.723525,30.901098,36.764849,36.747536,32.710226,28.641700,32.086335,31.028294,36.651179,30.308805,35.549486,28.959320,33.109874,30.422790,36.240203,31.057769,35.601328,29.181586,32.324692,30.859570,35.941413,32.321895,36.146783,31.043955,33.737479,31.587474,34.992890,85.465233,88.462519,134.923334,90.196999,136.154063,50.625567,41.865828,159.102690,121.110000,3.833500,398.220000,119.920000,2.936800,273.240000,622765.519296,10.200835,10.580571,20.461101,93.662888,Inf,Inf,32.899616
06/22/2026 11:24:14,0.000000,0.000000,74.777749,74.093849,63.317969,74.559848,74.929561,76.748326,74.730641,74.645285,34.480017,29.310952,28.963039,28.573939,32.168026,28.870183,28.936064,28.851750,32.794392,36.155893,34.515069,33.802131,33.683997,34.092949,33.380892,32.908892,32.819207,33.238379,36.639170,33.278818,32.825779,34.155868,34.154093,32.536278,32.115259,32.822525,34.641629,77.217872,39.459833,30.579985,24.409982,22.541508,23.196868,32.466838,30.522105,30.941330,78.747023,41.499208,31.035111,22.501259,21.931612,22.224079,30.269813,30.092232,30.141716,33.842221,33.897037,26.502070,24.541937,33.416722,33.450043,23.723545,27.946367,31.478475,37.688020,29.142632,33.711895,30.887645,36.757687,36.710267,32.706565,28.622857,32.080457,31.001910,36.627495,30.288512,35.531529,28.940851,33.105251,30.428851,36.229967,31.060389,35.595779,29.178230,32.332467,30.837109,35.908461,32.303920,36.141416,31.021621,33.737835,31.568673,34.968413,83.580281,86.793534,133.093865,88.184881,134.744471,50.500980,41.738122,155.756256,120.990000,3.807800,394.930000,119.900000,2.912100,270.000000,622825.517606,10.246079,10.701205,20.333906,92.202696,Inf,Inf,32.886506
06/22/2026 11:25:14,0.000000,0.000000,74.746791,74.084432,63.716501,74.552971,74.911281,76.719546,74.747521,74.673998,34.475217,29.269108,28.900220,28.555695,32.148941,28.799300,28.844698,28.783578,32.746005,36.182981,34.520029,33.898984,33.640964,34.089448,33.534250,32.947209,32.851724,33.290431,36.620202,33.241550,32.868852,33.929846,34.166911,32.597601,32.242447,32.836675,34.715631,69.718013,39.099380,30.678370,24.341294,22.428757,23.020053,32.538642,30.479953,30.893755,72.223445,42.957380,31.031284,22.419836,21.797206,22.155199,30.286052,30.137367,30.146729,33.779715,33.842603,26.466508,24.566791,33.390747,33.440063,23.599273,27.735818,31.492439,37.696125,29.151259,33.711096,30.904224,36.765740,36.746698,32.728061,28.663610,32.092757,31.026257,36.631172,30.323420,35.562685,28.972351,33.128636,30.445617,36.242579,31.076649,35.577750,29.155174,32.321483,30.856099,35.912719,32.313536,36.149602,31.040554,33.755707,31.601750,34.988919,75.576983,78.681600,131.964937,81.882602,133.222836,50.497693,41.798333,140.774273,121.120000,3.657500,376.740000,120.050000,2.786000,253.130000,622885.516211,10.284467,10.637381,20.393903,85.395009,Inf,Inf,32.901156
06/22/2026 11:26:14,0.000000,0.000000,74.758851,74.096501,63.257266,74.568657,74.926538,76.757956,74.730933,74.669241,34.474082,29.338436,28.999004,28.627487,32.178267,28.862159,28.888436,28.796536,32.771548,36.218155,34.562375,33.910485,33.680450,34.123585,33.491178,32.973013,32.813081,33.328684,36.702543,33.311799,32.705027,33.815976,34.069944,32.770838,32.250310,32.888993,34.627211,79.493041,39.507654,30.857845,24.447512,22.605555,23.283766,32.506845,30.474832,30.853907,80.165569,42.008743,31.016632,22.515845,21.928446,22.270695,30.219860,30.064960,30.123807,33.889213,33.862194,26.416514,24.616339,33.423499,33.484364,23.694995,27.515419,31.491702,37.671088,29.138032,33.673416,30.898948,36.744132,36.758863,32.681588,28.666062,32.091734,31.039047,36.629016,30.338632,35.531280,28.995144,33.095788,30.464380,36.231084,31.092261,35.563627,29.191806,32.302853,30.867283,35.894601,32.319807,36.134563,31.022745,33.705381,31.597599,34.948427,83.736644,87.250035,134.790689,89.410741,136.236319,50.519404,41.860778,151.085008,121.040000,3.801800,394.090000,120.010000,2.897900,267.610000,622945.514627,10.401769,10.560556,20.456076,90.128879,Inf,Inf,32.892696
06/22/2026 11:27:14,0.000000,0.000000,74.769294,74.106952,63.555634,74.579579,74.931119,76.762948,74.754263,74.687079,34.479707,29.346320,28.943099,28.603312,32.146146,28.828619,28.852272,28.797845,32.781186,36.136986,34.554245,33.895751,33.630179,34.127055,33.464049,32.933418,32.822318,33.276150,36.591819,33.452990,32.929712,33.856090,34.143337,32.748754,32.241493,32.789481,34.704034,79.397434,40.113912,30.580847,24.511075,22.662053,23.297468,32.507549,30.623515,31.005475,80.435546,42.344988,31.005422,22.580339,22.016636,22.323876,30.240626,30.092652,30.152836,33.865286,33.901644,26.600089,24.660998,33.397196,33.467837,23.745961,27.814547,31.479677,37.705121,29.139821,33.681539,30.879469,36.759303,36.742866,32.701086,28.635653,32.081804,31.021975,36.624655,30.308386,35.542865,28.970488,33.096111,30.436623,36.224817,31.070802,35.581858,29.174029,32.309591,30.852901,35.922384,32.305004,36.135379,31.026686,33.715324,31.585297,34.954363,85.384323,88.408324,134.792381,90.081066,136.105386,50.590904,42.030827,158.912829,120.970000,3.832500,398.040000,120.010000,2.937800,272.730000,623005.513525,9.955726,10.380301,20.625121,93.580598,Inf,Inf,32.888863
06/22/2026 11:28:14,0.000000,0.000000,74.785645,74.099214,63.244165,74.537325,74.935351,76.744408,74.725530,74.658767,34.475854,29.310335,28.950378,28.570524,32.144595,28.845801,28.923714,28.828693,32.816009,36.153067,34.532202,33.876886,33.620636,34.112635,33.537859,32.936151,32.809694,33.282197,36.384071,33.491911,32.878724,33.861557,34.143032,32.662178,32.145262,32.902740,34.649800,77.689222,39.582007,30.550163,24.457385,22.581371,23.260445,32.495258,30.540331,30.853768,79.151717,41.889036,31.022495,22.536541,21.967902,22.271122,30.273777,30.119209,30.159777,33.848222,33.904003,26.641780,24.616107,33.403720,33.484134,23.777169,27.775535,31.506235,37.715997,29.133848,33.692547,30.876254,36.749474,36.730944,32.707780,28.628538,32.069048,31.013659,36.611642,30.298397,35.542685,28.957084,33.082756,30.427687,36.229076,31.047907,35.585222,29.162251,32.309855,30.835053,35.917491,32.285406,36.115286,31.010475,33.712267,31.587576,34.962396,83.824656,87.058659,133.198166,88.601776,134.983760,50.561625,41.765703,155.961494,121.140000,3.812300,395.000000,119.960000,2.914200,270.180000,623065.511402,10.188768,10.661100,20.361395,92.292851,Inf,Inf,32.883495
06/22/2026 11:29:14,0.000000,0.000000,74.783017,74.092778,63.806283,74.559790,74.916407,76.763443,74.751559,74.662824,34.481706,29.331827,28.947786,28.578840,32.125744,28.796566,28.863387,28.806284,32.788081,36.155807,34.504778,33.851859,33.608038,34.092498,33.479561,32.934715,32.802320,33.306821,36.753337,33.295268,32.839156,33.648389,34.097312,32.817370,32.234320,32.874795,34.696441,72.262842,39.122434,30.658875,24.413637,22.529028,23.118703,32.505342,30.459509,30.805237,74.171202,42.332542,31.033478,22.507239,21.887449,22.229265,30.266944,30.088049,30.137979,33.838499,33.862995,26.610347,24.589934,33.408391,33.485251,23.748737,27.710363,31.505796,37.699210,29.163294,33.688757,30.876907,36.754990,36.727496,32.706538,28.614353,32.082694,31.008606,36.644216,30.295995,35.535423,28.947257,33.089409,30.420096,36.217295,31.074817,35.594355,29.152711,32.309237,30.848410,35.917921,32.300075,36.136270,30.994606,33.709418,31.575363,34.977733,77.981253,81.178458,132.187418,83.794687,133.593450,50.557511,41.807851,145.320080,121.250000,3.713500,383.390000,120.100000,2.834400,259.180000,623125.510969,10.255492,10.630095,20.403383,87.509610,Inf,Inf,32.885642
06/22/2026 11:30:14,0.000000,0.000000,74.828458,74.085400,63.706351,74.544558,74.929909,76.738556,74.747365,74.631585,34.477401,29.295834,28.949256,28.540683,32.147764,28.819981,28.880253,28.774076,32.789991,36.174977,34.535523,33.869835,33.610918,34.093157,33.451486,32.900397,32.850779,33.251270,36.900651,33.343697,32.762072,33.716625,34.040327,32.804313,32.203758,32.889161,34.551959,76.036494,34.916586,30.730565,24.517649,22.661913,23.313251,32.475624,30.469845,30.760660,75.614723,38.990692,31.040328,22.624425,22.018980,22.346401,30.180992,30.090267,30.187452,33.848257,33.856944,26.503727,24.614217,33.402288,33.469375,23.857678,27.642373,31.502104,37.682290,29.142201,33.704531,30.880702,36.765837,36.755002,32.714617,28.630936,32.088711,31.015522,36.641127,30.306256,35.551383,28.964248,33.110339,30.433063,36.237455,31.059014,35.603225,29.161194,32.329711,30.855580,35.916189,32.297446,36.154218,31.023810,33.734920,31.605400,34.981910,72.765350,77.542064,134.655180,85.131631,136.032722,50.570093,41.729090,126.081375,121.170000,3.650300,373.010000,120.240000,2.735000,244.120000,623185.509378,10.405663,10.715426,20.324902,78.233891,Inf,Inf,32.894965
06/22/2026 11:31:14,0.000000,0.000000,74.794573,74.092503,63.422817,74.565963,74.932716,76.748945,74.748248,74.659513,34.433352,29.317566,28.947350,28.606795,32.150064,28.828978,28.890925,28.824454,32.803654,36.149619,34.564241,33.832610,33.697160,34.106549,33.421685,32.926147,32.781976,33.321150,36.502542,33.242052,32.766584,34.107869,33.787303,32.659859,32.385984,32.919202,34.577058,78.766933,40.038655,30.743167,24.385159,22.530990,23.169199,32.490525,30.507954,30.877076,80.129456,42.082142,31.002328,22.456614,21.830777,22.188759,30.232925,30.082342,30.119790,33.890540,33.858154,26.480816,24.454821,33.434204,33.492848,23.674436,27.797418,31.487531,37.702306,29.149022,33.688448,30.865456,36.749373,36.712434,32.702517,28.602288,32.100380,31.004925,36.631009,30.289824,35.538150,28.942430,33.088600,30.423742,36.225859,31.032192,35.578916,29.158578,32.313310,30.844925,35.910028,32.285473,36.129780,31.021052,33.723287,31.571009,34.961426,85.256163,88.365796,133.762817,89.623829,135.179179,50.505964,41.802606,158.935975,121.060000,3.839200,398.050000,119.950000,2.941200,273.230000,623245.506418,10.345008,10.604169,20.398159,93.590633,Inf,Inf,32.881142
06/22/2026 11:32:14,0.000000,0.000000,74.832854,74.107983,63.399951,74.579951,74.938672,76.774279,74.748480,74.666506,34.456114,29.287371,28.959082,28.574656,32.130471,28.785244,28.886351,28.786866,32.866033,36.203325,34.547070,33.807285,33.637186,34.131838,33.501096,32.896693,32.812055,33.312996,36.789128,33.404527,32.932695,34.219553,33.970073,32.770857,32.236542,32.901911,34.681799,77.690303,39.692031,30.775490,24.469955,22.628933,23.250806,32.491471,30.439814,30.775791,78.420418,42.205078,31.014648,22.579758,22.005355,22.326950,30.341750,30.117440,30.185201,33.869993,33.891744,26.579851,24.608842,33.408059,33.484919,23.793634,27.865156,31.507020,37.684956,29.144447,33.679259,30.882529,36.740219,36.731213,32.704048,28.631486,32.075701,31.006060,36.613480,30.295346,35.518825,28.941798,33.095527,30.430689,36.220851,31.054334,35.588393,29.171686,32.310814,30.865239,35.922245,32.308868,36.125214,31.031607,33.702371,31.582996,34.959167,82.646834,85.719022,134.525328,87.970907,135.588333,50.603936,41.906034,152.042080,121.080000,3.776800,390.910000,120.140000,2.886400,266.140000,623305.506101,10.274388,10.513546,20.501102,90.557231,Inf,Inf,32.884213
06/22/2026 11:33:14,0.000000,0.000000,74.897568,74.112287,63.766961,74.579263,74.943054,76.787925,74.794587,74.662755,34.474915,29.342841,28.924453,28.583653,32.168814,28.799148,28.900045,28.809038,32.874646,36.200834,34.586721,33.829117,33.650584,34.096842,33.449872,32.918343,32.826221,33.283606,36.586853,33.304935,32.771994,34.086635,33.901055,32.642590,32.445028,32.910190,34.659451,70.063319,39.620462,30.620684,24.416606,22.503306,23.099580,32.489475,30.537210,30.883228,73.495278,43.648745,31.052831,22.482770,21.910477,22.251387,30.284474,30.128174,30.176320,33.773665,33.848088,26.572562,24.577443,33.403543,33.478182,23.749225,27.788389,31.499906,37.702648,29.123498,33.699280,30.900389,36.752199,36.732540,32.704937,28.626132,32.074568,31.009382,36.632070,30.297133,35.549848,28.958616,33.114506,30.419857,36.243143,31.046023,35.593271,29.144929,32.308149,30.864214,35.924327,32.308735,36.139096,31.027753,33.713256,31.593470,34.960723,77.818187,80.741830,132.460114,83.551782,133.472376,50.599988,41.864566,146.699603,121.240000,3.711100,382.250000,120.000000,2.830100,259.760000,623365.503204,10.160838,10.592985,20.459846,88.142609,Inf,Inf,32.888820
06/22/2026 11:34:14,0.000000,0.000000,74.890724,74.118968,63.745471,74.610535,74.899542,76.800991,74.759567,74.661958,34.461189,29.288013,28.930281,28.582593,32.139277,28.865006,28.903821,28.809245,32.799535,36.131791,34.615142,33.940846,33.634427,34.130856,33.462518,32.914993,32.876065,33.305872,36.720092,33.283654,32.841491,33.791509,34.300267,32.727662,32.154406,32.921212,34.688193,75.877585,34.469176,30.574293,24.514079,22.728272,23.356189,32.431514,30.422079,30.823083,75.428164,38.819955,31.047562,22.646498,22.063318,22.395208,30.247787,30.117492,30.128637,33.873598,33.873921,26.572641,24.538104,33.435575,33.462232,23.869734,27.786952,31.506492,37.690177,29.143918,33.693614,30.887574,36.760271,36.715853,32.694836,28.641429,32.076978,31.007339,36.640340,30.331764,35.561674,28.970579,33.094868,30.437160,36.233088,31.059520,35.601109,29.149250,32.318243,30.857003,35.908744,32.317107,36.148079,31.019860,33.726165,31.599737,34.974499,72.624853,77.198495,134.883407,84.734280,135.931012,50.579800,41.696557,125.564883,121.340000,3.643900,372.100000,120.190000,2.733800,243.500000,623425.503352,10.281832,10.755101,20.292461,77.972365,Inf,Inf,32.892242
06/22/2026 11:35:14,0.000000,0.000000,74.868886,74.113179,63.235181,74.595620,74.907444,76.793279,74.746963,74.672172,34.493746,29.328320,29.015205,28.641717,32.156414,28.804562,28.872974,28.790442,32.854391,36.164723,34.511494,33.881131,33.667078,34.104893,33.513986,32.902924,32.825046,33.311759,36.530807,33.223773,32.791722,33.945619,34.126750,32.670770,32.308275,32.860218,34.436555,78.647979,39.857604,30.668365,24.359095,22.509365,23.113093,32.494881,30.537725,30.864883,80.086476,42.162411,31.003638,22.420714,21.822159,22.155475,30.222580,30.030912,30.085302,33.877947,33.916295,26.545131,24.581032,33.410661,33.464863,23.704895,27.709424,31.493721,37.714190,29.151205,33.681042,30.882535,36.733589,36.736251,32.689101,28.621397,32.081480,31.013629,36.612247,30.305693,35.529554,28.960712,33.077481,30.431312,36.226397,31.066154,35.567662,29.184270,32.298896,30.862743,35.929508,32.309046,36.140059,31.053231,33.695575,31.587762,34.962137,85.266850,88.322399,133.626946,89.536468,135.164424,50.524230,41.883018,159.257427,121.120000,3.832000,397.940000,120.020000,2.937800,272.850000,623485.500230,10.190159,10.525432,20.478206,93.729906,Inf,Inf,32.886619
06/22/2026 11:36:14,0.000000,0.000000,74.917132,74.122144,63.465682,74.586894,74.931250,76.771088,74.766108,74.652865,34.515147,29.305678,29.015309,28.586082,32.195710,28.822098,28.877413,28.791312,32.791358,36.141359,34.550640,33.907022,33.665882,34.088161,33.543727,32.959805,32.835783,33.274499,36.634426,33.364701,32.756882,33.964999,33.926815,32.828469,32.021498,32.890249,34.466526,77.533113,39.397385,30.675536,24.474214,22.601367,23.223503,32.471928,30.522748,30.927360,78.294661,42.084707,31.003594,22.548909,21.956934,22.297829,30.219638,30.105897,30.148694,33.878922,33.867852,26.593342,24.618674,33.456472,33.467579,23.869302,27.915025,31.507785,37.693228,29.149227,33.687408,30.896499,36.740815,36.731550,32.691491,28.638519,32.069302,31.018369,36.610159,30.313397,35.539871,28.986474,33.103594,30.453042,36.225329,31.082013,35.580193,29.187518,32.327050,30.859958,35.913896,32.315164,36.146076,31.046364,33.731166,31.587824,34.973728,82.420244,85.464625,134.468103,87.840358,135.550130,50.583527,41.779590,151.687933,121.200000,3.772100,390.780000,120.110000,2.884500,265.680000,623545.498922,10.300304,10.628362,20.375232,90.398937,Inf,Inf,32.893567
06/22/2026 11:37:14,0.000000,0.000000,74.900254,74.098908,63.492680,74.541964,74.919712,76.769691,74.763756,74.638258,34.467735,29.332948,28.949353,28.604874,32.158829,28.831965,28.889713,28.789783,32.836329,36.156477,34.617694,33.943039,33.650389,34.116180,33.464906,32.890263,32.859961,33.283111,36.778397,33.483495,32.947056,33.768614,33.976424,32.623799,32.170180,32.872062,34.684843,70.926346,39.789435,30.622162,24.429555,22.548113,23.110130,32.515514,30.481737,30.881542,74.042327,43.851041,31.035966,22.491359,21.889185,22.252527,30.275800,30.108654,30.171958,33.831935,33.861922,26.670923,24.455305,33.444904,33.472005,23.902422,27.307327,31.509515,37.704225,29.166570,33.684328,30.881821,36.751905,36.711587,32.695885,28.627758,32.067193,30.991748,36.632366,30.289408,35.530647,28.943415,33.095360,30.437653,36.219163,31.027680,35.590466,29.131400,32.325797,30.842789,35.914106,32.282451,36.118655,31.011638,33.716154,31.569646,34.973816,78.275924,81.193790,132.749509,84.056610,133.982243,50.560538,41.947211,147.355455,121.090000,3.713900,383.620000,120.100000,2.839900,260.310000,623605.497972,10.080116,10.493920,20.542046,88.442158,Inf,Inf,32.881505
06/22/2026 11:38:14,0.000000,0.000000,74.864021,74.100275,63.759509,74.517592,74.917740,76.767724,74.781861,74.664818,34.474074,29.358497,29.000780,28.629228,32.139953,28.820180,28.882426,28.769110,32.797774,36.109226,34.590759,33.937081,33.663973,34.088916,33.489635,32.886112,32.828317,33.294588,36.717264,33.511851,32.905247,34.236979,33.983952,32.831444,32.153354,32.909046,34.488393,75.396695,34.305736,30.751983,24.526337,22.647304,23.345674,32.532722,30.557816,30.906539,74.869537,38.295192,31.051536,22.598490,22.034398,22.344324,30.269866,30.133215,30.180916,33.860396,33.893866,26.567689,24.578542,33.421518,33.464613,23.733306,27.848801,31.494706,37.690862,29.159774,33.661276,30.879637,36.769204,36.738576,32.694106,28.641143,32.073840,31.001523,36.628646,30.307502,35.545975,28.965978,33.086284,30.445489,36.226802,31.095080,35.596931,29.158873,32.321612,30.864439,35.911705,32.312518,36.127623,31.030467,33.714537,31.597428,34.949586,72.621811,76.987269,134.733091,84.148426,135.938796,50.588452,41.580310,125.112488,121.150000,3.623200,369.790000,120.210000,2.721200,242.660000,623665.497211,10.575557,10.875110,20.176426,77.742713,Inf,Inf,32.889737
06/22/2026 11:39:14,0.000000,0.000000,74.807023,74.105809,63.157465,74.529551,74.911106,76.769113,74.735536,74.680182,34.467343,29.356638,28.980185,28.638193,32.175150,28.888924,28.902761,28.827368,32.825710,36.139703,34.580037,33.927799,33.685334,34.150660,33.373048,32.918382,32.851342,33.276718,36.767165,33.425569,32.754236,34.168341,34.213171,32.584357,32.279273,32.801002,34.541186,78.969346,39.690639,30.715254,24.340716,22.467638,23.123620,32.470190,30.494264,30.811022,80.338438,42.225316,31.014506,22.407885,21.811612,22.153901,30.271835,30.098740,30.133067,33.874014,33.891603,26.513581,24.405857,33.393153,33.492227,23.593636,27.845977,31.499462,37.701766,29.136880,33.688139,30.877178,36.754816,36.741512,32.698835,28.645442,32.083469,30.998241,36.624169,30.286945,35.545038,28.953956,33.074305,30.430356,36.232313,31.044926,35.566307,29.151238,32.304209,30.864907,35.929444,32.285846,36.131364,31.019080,33.708967,31.593177,34.950233,85.464316,88.539138,133.883430,89.778651,135.403906,50.531933,41.819990,159.183295,121.150000,3.842000,398.540000,120.040000,2.942100,273.800000,623725.494626,10.299782,10.599034,20.415472,93.697805,Inf,Inf,32.884084
06/22/2026 11:40:14,0.000000,0.000000,74.783790,74.117231,63.135194,74.503537,74.892708,76.773518,74.710620,74.651884,34.450839,29.317749,28.971622,28.578494,32.178354,28.816297,28.824822,28.768609,32.766487,36.153786,34.558655,33.907019,33.634345,34.110799,33.372733,32.916733,32.830453,33.310497,36.889276,33.351377,32.771766,33.840883,33.977196,32.538290,32.224305,32.834109,34.712627,77.817841,39.444650,30.745144,24.481278,22.647448,23.286389,32.486765,30.545638,30.995224,78.709146,42.319502,31.023532,22.579281,21.959785,22.296642,30.282650,30.139906,30.182702,33.892371,33.875286,26.559717,24.556247,33.411380,33.466915,23.723087,27.700408,31.500762,37.703055,29.156024,33.670042,30.900911,36.750947,36.728761,32.687353,28.624106,32.067378,31.018671,36.612282,30.293247,35.567253,28.947698,33.105850,30.435247,36.222097,31.056479,35.570798,29.176277,32.302490,30.879155,35.921459,32.309859,36.138859,31.011026,33.712277,31.592042,34.989899,82.880956,85.975080,134.485744,88.195521,135.803117,50.594086,41.878453,153.054507,121.330000,3.783900,391.450000,120.140000,2.888800,266.780000,623785.494102,10.271480,10.549868,20.473664,91.008401,Inf,Inf,32.888410
06/22/2026 11:41:14,0.000000,0.000000,74.735373,74.108947,63.561935,74.469617,74.930198,76.726620,74.757660,74.646107,34.527979,29.290034,28.947917,28.566750,32.167977,28.777340,28.854003,28.762100,32.803774,36.187373,34.555043,33.915313,33.639977,34.056942,33.451556,32.894687,32.805334,33.273840,36.629346,33.354712,32.829404,33.864697,34.362758,32.920546,32.198116,32.835062,34.623085,72.800446,39.864543,30.616104,24.444457,22.563488,23.217224,32.527078,30.560183,30.951362,75.429368,42.973303,31.033615,22.516344,21.951096,22.273157,30.319485,30.092014,30.120992,33.853106,33.871569,26.622548,24.638187,33.420310,33.475400,23.772395,28.008382,31.498050,37.725996,29.160891,33.698568,30.880958,36.754587,36.734070,32.694913,28.629460,32.070147,31.009411,36.635387,30.296908,35.541205,28.973848,33.102570,30.448450,36.242102,31.060127,35.589060,29.134445,32.311928,30.848682,35.912433,32.290558,36.153110,31.024032,33.704117,31.603460,34.971110,79.855319,82.966427,132.604662,85.220865,133.938078,50.545977,41.866411,150.419444,121.240000,3.752500,387.900000,120.020000,2.869300,264.130000,623845.492345,10.154422,10.571933,20.461682,89.829926,Inf,Inf,32.890019
06/22/2026 11:42:14,0.000000,0.000000,74.728771,74.104032,63.112825,74.417636,74.919646,76.720305,74.746936,74.649327,34.497353,29.303402,28.940321,28.582413,32.160903,28.785863,28.878975,28.771013,32.817990,36.123602,34.574552,33.878061,33.687991,34.081403,33.355577,32.899123,32.860470,33.246292,36.741296,33.387594,32.715053,33.945877,34.187375,32.647458,32.121798,32.933982,34.521265,72.608500,34.315914,30.677080,24.476753,22.517378,23.242756,32.524847,30.493763,30.820836,71.930717,39.239506,31.013606,22.516388,21.925966,22.239962,30.248600,30.059963,30.129955,33.814075,33.890262,26.591317,24.560467,33.389799,33.450223,23.762690,27.886040,31.485538,37.700328,29.129185,33.682179,30.893926,36.751977,36.740040,32.684904,28.642173,32.086764,31.014018,36.628900,30.317565,35.551990,28.973784,33.098062,30.459529,36.224102,31.062061,35.592755,29.174294,32.317863,30.858422,35.928314,32.301618,36.141749,31.025521,33.716293,31.600080,34.965972,72.124779,75.347032,133.846636,80.856245,135.160147,50.549824,41.152906,127.358117,121.310000,3.561800,362.720000,120.080000,2.685500,238.240000,623905.489226,10.928835,11.265361,19.748245,78.877358,Inf,Inf,32.891664
06/22/2026 11:43:14,0.000000,0.000000,74.673253,74.122050,63.715629,74.417902,74.921179,76.729423,74.752582,74.669763,34.517170,29.369705,28.988348,28.647097,32.113275,28.803696,28.831001,28.746682,32.769375,36.125667,34.588156,33.959303,33.667992,34.083167,33.530828,32.881990,32.842954,33.265225,36.842878,33.336322,32.862089,33.936856,34.109111,32.613518,32.257951,32.898850,34.563847,79.703426,40.395082,30.841246,24.421632,22.586356,23.237474,32.575645,30.585675,30.906631,80.937476,42.396917,30.978061,22.494075,21.891066,22.249475,30.283019,30.067327,30.074906,33.896898,33.953860,26.528422,24.615332,33.414946,33.477589,23.696227,27.681981,31.502868,37.703819,29.167053,33.675630,30.890475,36.763150,36.729536,32.685909,28.644965,32.078089,31.003103,36.630576,30.295628,35.554997,28.971767,33.099163,30.454839,36.231980,31.060187,35.607282,29.163940,32.324442,30.858189,35.922325,32.308059,36.146528,31.011615,33.729010,31.596798,34.977339,85.836098,88.926826,134.561954,90.356276,135.861850,50.506209,41.852135,159.123246,121.050000,3.842100,399.710000,120.040000,2.944700,274.180000,623965.489206,10.393772,10.530587,20.447474,93.671794,Inf,Inf,32.892975
06/22/2026 11:44:14,0.000000,0.000000,74.661642,74.116774,63.273517,74.423962,74.938218,76.735888,74.736600,74.640257,34.459668,29.325731,28.963101,28.581807,32.149618,28.838792,28.875778,28.771385,32.766885,36.216169,34.569701,33.916088,33.659850,34.107879,33.433701,32.887490,32.834257,33.264530,36.770516,33.208981,32.901724,33.621174,34.140695,32.674956,32.187671,32.847745,34.650378,78.600001,39.892392,30.659867,24.516570,22.662177,23.319664,32.524691,30.553779,30.900561,79.391707,42.142661,31.018831,22.617144,22.026747,22.338020,30.319322,30.103607,30.168694,33.891738,33.878151,26.583152,24.616366,33.421305,33.482614,23.888935,27.859838,31.493693,37.703998,29.144486,33.709580,30.902257,36.761575,36.723060,32.704303,28.625050,32.087013,30.999562,36.643709,30.284786,35.570364,28.957915,33.093807,30.440107,36.236938,31.038442,35.599608,29.170487,32.317181,30.854601,35.944447,32.293354,36.161671,31.014824,33.737525,31.589301,34.990718,83.963812,87.004226,134.713533,89.060407,135.950058,50.634758,41.826497,155.367471,121.120000,3.804100,394.630000,119.940000,2.911500,269.820000,624025.487594,10.237916,10.596880,20.421951,92.031694,Inf,Inf,32.893145
06/22/2026 11:45:14,0.000000,0.000000,74.612455,74.120412,63.544001,74.407462,74.911590,76.746834,74.764859,74.681618,34.483392,29.346902,28.955280,28.617838,32.159744,28.840020,28.902280,28.815288,32.811114,36.171216,34.563698,33.905766,33.635312,34.101555,33.532063,32.925905,32.807309,33.287812,37.042739,33.155824,32.785123,33.803154,34.103294,32.823806,32.294984,32.897176,34.602548,76.930045,39.248121,30.536278,24.474658,22.618400,23.257689,32.538781,30.550516,30.926923,78.542050,41.780071,31.002055,22.568881,21.984882,22.332046,30.191240,30.077819,30.160293,33.875822,33.898289,26.728957,24.625024,33.397911,33.475661,23.965661,27.666628,31.503586,37.703204,29.125397,33.675144,30.885085,36.761339,36.739476,32.711019,28.624650,32.073269,30.994712,36.653916,30.288383,35.563747,28.955893,33.106015,30.441207,36.240096,31.049195,35.602296,29.158029,32.318546,30.849016,35.930924,32.286443,36.163058,31.025577,33.717392,31.587372,34.973722,83.248991,86.477623,133.376921,88.076688,134.740094,50.553273,41.769684,155.588894,121.180000,3.804700,394.400000,120.160000,2.915400,269.800000,624085.485619,10.170916,10.636693,20.365362,92.129119,Inf,Inf,32.890257
06/22/2026 11:46:14,0.000000,0.000000,74.610849,74.109503,63.663112,74.382562,74.904447,76.719050,74.752094,74.666317,34.488872,29.344382,28.952314,28.579778,32.134245,28.795720,28.875699,28.798075,32.847728,36.168714,34.588697,33.924725,33.676041,34.084553,33.476273,32.848732,32.814776,33.314826,36.511291,33.266390,32.967918,33.951529,34.080277,32.665571,32.194652,32.903626,34.512710,68.957303,38.474503,30.629378,24.382001,22.422005,23.024627,32.561418,30.540663,30.936953,71.626093,43.419094,31.019539,22.405774,21.790568,22.149910,30.214374,30.084286,30.109698,33.809883,33.831787,26.534713,24.511965,33.404739,33.438505,23.635326,27.818407,31.511153,37.679334,29.149477,33.656006,30.864100,36.731656,36.703258,32.686625,28.623375,32.067466,30.986673,36.622649,30.268029,35.531994,28.927429,33.078543,30.419006,36.213882,31.033951,35.566114,29.132756,32.301345,30.844200,35.888048,32.293203,36.141269,31.011224,33.716352,31.574300,34.967806,74.910363,77.931224,132.165387,81.414704,133.366414,50.522904,41.737636,139.192589,121.230000,3.648800,374.270000,120.230000,2.775100,251.040000,624145.484330,10.295956,10.686117,20.333422,84.648616,Inf,Inf,32.873041
06/22/2026 11:47:14,0.000000,0.000000,74.625787,74.090199,63.551515,74.354428,74.909283,76.728934,74.739155,74.671547,34.521422,29.372195,28.974780,28.593913,32.149232,28.807622,28.877090,28.790542,32.795423,36.175958,34.587083,33.882401,33.624376,34.075088,33.485210,32.891020,32.852972,33.294789,36.593123,33.372993,32.975483,33.998599,34.105145,32.621107,32.169236,32.877788,34.585863,79.467369,39.488211,30.784714,24.418588,22.583755,23.286180,32.528813,30.559692,30.985658,80.368609,42.428698,31.026852,22.513126,21.915610,22.274009,30.142465,30.081298,30.198543,33.887724,33.932765,26.560365,24.533902,33.430515,33.494490,23.802387,27.743409,31.505807,37.685963,29.134757,33.685564,30.879943,36.766410,36.731949,32.690558,28.625090,32.069228,31.000470,36.624724,30.302660,35.543377,28.958193,33.074082,30.445733,36.240938,31.065194,35.584586,29.149121,32.296758,30.866911,35.905305,32.306978,36.146189,31.035337,33.703757,31.591960,34.963655,83.970069,87.483756,134.805834,89.567882,136.254599,50.541320,41.938179,152.141138,121.240000,3.810900,394.460000,119.990000,2.904900,268.750000,624205.481367,10.251647,10.493785,20.533067,90.601463,Inf,Inf,32.886040
06/22/2026 11:48:14,0.000000,0.000000,74.636172,74.077334,63.537203,74.326280,74.882843,76.713511,74.738302,74.666891,34.525910,29.353070,28.973940,28.573495,32.160909,28.857248,28.883847,28.797746,32.822153,36.200804,34.572051,33.871406,33.652465,34.077414,33.506155,32.920427,32.856708,33.332293,36.590203,33.459809,33.015004,33.916862,34.046948,32.870967,32.220250,32.919866,34.542671,79.252013,40.251798,30.645911,24.512759,22.626977,23.299930,32.564257,30.559108,30.825864,80.257546,42.438112,30.988634,22.578692,21.972894,22.329928,30.296568,30.140335,30.211217,33.886582,33.917329,26.617213,24.555717,33.442842,33.481493,23.896761,27.843693,31.501192,37.716297,29.151101,33.661859,30.890918,36.752530,36.728473,32.684396,28.607307,32.096537,30.999295,36.636526,30.299392,35.538357,28.964022,33.090558,30.450667,36.239211,31.065683,35.592858,29.161016,32.299280,30.863822,35.911536,32.308788,36.133835,31.017556,33.730474,31.587575,34.980132,85.115150,88.157912,134.470952,89.822414,136.083662,50.574250,41.875249,158.274296,121.060000,3.830500,397.410000,120.000000,2.935700,272.850000,624265.479483,10.175435,10.518158,20.470476,93.303356,Inf,Inf,32.888706
06/22/2026 11:49:14,0.000000,0.000000,74.662316,74.084043,63.588527,74.315189,74.912315,76.707509,74.759754,74.679471,34.503951,29.397002,28.999593,28.613449,32.167381,28.807526,28.870574,28.783580,32.802815,36.185976,34.574938,33.944023,33.670473,34.086534,33.466726,32.913869,32.851336,33.321148,36.654331,33.388686,32.705245,33.856604,34.182468,32.889325,32.171422,32.904425,34.350216,76.876995,39.475295,30.661132,24.399450,22.575345,23.189306,32.536283,30.575646,31.066215,78.491813,41.582442,30.965348,22.509530,21.877382,22.257772,30.166447,30.061136,30.120874,33.867198,33.899456,26.602355,24.495542,33.414205,33.437308,23.802964,27.914631,31.469522,37.672509,29.132330,33.685020,30.870038,36.765868,36.720217,32.706337,28.613705,32.101871,30.981909,36.651845,30.280055,35.546165,28.938604,33.094566,30.428834,36.231885,31.054745,35.604210,29.138991,32.341822,30.864276,35.926160,32.283881,36.166801,31.015085,33.738466,31.593365,34.978356,83.185168,86.434066,132.966916,87.868018,134.610230,50.469548,41.704326,154.999566,121.160000,3.806000,394.180000,119.790000,2.908200,269.500000,624325.479385,10.360923,10.665139,20.300209,91.869611,Inf,Inf,32.886581
06/22/2026 11:50:14,0.000000,0.000000,74.574405,74.066271,63.362418,74.291375,74.896122,76.695988,74.738059,74.667493,34.463668,29.274894,28.964892,28.579122,32.126470,28.806217,28.849858,28.775355,32.815802,36.138249,34.570151,33.932508,33.668281,34.062148,33.496742,32.890557,32.860781,33.289263,36.670811,33.274155,32.827403,33.801862,34.175244,32.694450,32.375868,32.905536,34.617544,69.958946,38.517701,30.664075,24.362743,22.418856,23.024755,32.529075,30.449416,30.845561,72.266185,43.225090,30.989927,22.435168,21.770055,22.136581,30.194440,30.086481,30.100301,33.822727,33.826702,26.603319,24.470815,33.393212,33.452302,23.646548,27.945123,31.511540,37.655853,29.148526,33.693769,30.912685,36.755558,36.737865,32.720517,28.633733,32.096727,31.027114,36.633776,30.301972,35.568393,28.946905,33.109949,30.435345,36.247697,31.059073,35.594979,29.171626,32.313422,30.864547,35.918014,32.288156,36.156934,31.008273,33.740342,31.591682,35.003730,75.512567,78.589856,132.257821,82.017467,133.625362,50.504020,41.740841,139.970644,121.140000,3.655600,374.880000,119.950000,2.780500,251.850000,624385.477678,10.327458,10.653310,20.336617,85.016478,Inf,Inf,32.894957
06/22/2026 11:51:14,0.000000,0.000000,74.577339,74.036646,63.813243,74.301615,74.902975,76.714630,74.778669,74.649793,34.484090,29.309248,28.969811,28.623337,32.173238,28.820536,28.900500,28.718927,32.820261,36.181210,34.563065,33.894810,33.672766,34.091933,33.579599,32.892566,32.854744,33.300115,36.834701,33.309891,32.846448,33.983396,34.127675,32.536939,32.253118,32.983378,34.788366,79.841489,39.572218,30.807233,24.448389,22.606433,23.278743,32.516982,30.519311,30.831953,80.596967,42.325488,31.000570,22.534209,21.944951,22.287195,30.281729,30.138401,30.144643,33.961025,33.924339,26.517033,24.570321,33.425352,33.487105,23.655658,27.809279,31.479766,37.704325,29.147493,33.677497,30.916858,36.776071,36.746899,32.714922,28.665597,32.100686,31.033306,36.648705,30.318794,35.566062,28.959269,33.107601,30.449483,36.246410,31.061789,35.599736,29.169725,32.339110,30.884921,35.913460,32.312501,36.163617,31.034607,33.734169,31.638060,34.990472,84.443747,87.877973,135.008632,89.903867,136.316605,50.500153,41.948959,153.246148,121.010000,3.821900,396.150000,120.020000,2.915500,269.690000,624445.475426,10.263449,10.456786,20.543784,91.093577,Inf,Inf,32.903397
06/22/2026 11:52:14,0.000000,0.000000,74.558843,74.055351,63.955440,74.330437,74.912767,76.722293,74.738186,74.671846,34.486945,29.358501,28.974465,28.612137,32.114897,28.838335,28.876177,28.819521,32.821343,36.205310,34.557046,33.975573,33.687377,34.107425,33.531835,32.903893,32.822381,33.309541,36.739231,33.408181,32.801511,33.948735,34.112997,32.630753,32.261223,32.972805,34.484586,79.393633,40.265882,30.620048,24.488658,22.648115,23.292733,32.570455,30.594736,30.972085,80.462858,42.424982,30.999470,22.579731,21.966585,22.315997,30.274251,30.083768,30.201459,33.904393,33.926794,26.639247,24.568186,33.429896,33.475212,23.750709,27.773450,31.486780,37.694047,29.139795,33.683225,30.899877,36.749036,36.736080,32.689818,28.627025,32.084515,31.001962,36.626034,30.310221,35.553109,28.941612,33.094453,30.428720,36.240699,31.039998,35.600520,29.154010,32.343011,30.873967,35.917632,32.286882,36.146393,31.025738,33.739108,31.593563,34.972789,85.355757,88.394300,134.854153,90.111898,136.193914,50.582882,42.029953,158.802118,120.990000,3.832900,397.890000,119.970000,2.936500,273.000000,624505.474078,9.995795,10.375217,20.624253,93.532582,Inf,Inf,32.889354
06/22/2026 11:53:14,0.000000,0.000000,74.577261,74.053906,63.851686,74.332334,74.892273,76.728401,74.742643,74.641652,34.491551,29.329235,28.973296,28.610616,32.107150,28.832800,28.851483,28.801072,32.806395,36.176700,34.639287,33.867941,33.614353,34.037103,33.426833,32.877950,32.818826,33.291324,36.737463,33.272660,32.861694,34.020374,33.935574,32.706957,32.126740,32.925582,34.446327,77.572689,39.203756,30.450886,24.434701,22.537126,23.216830,32.508006,30.526362,30.914545,79.125394,41.696625,31.005866,22.496942,21.908530,22.231053,30.198288,30.102439,30.150585,33.836401,33.926063,26.658169,24.592422,33.414860,33.457955,23.666580,27.974335,31.475650,37.667540,29.121962,33.679342,30.885732,36.740744,36.734949,32.676230,28.629008,32.072742,31.008444,36.634842,30.314635,35.547305,28.956277,33.081507,30.444710,36.225724,31.084638,35.592058,29.160211,32.309600,30.868563,35.906946,32.311741,36.140272,31.011557,33.732601,31.607529,34.970726,83.940785,87.136461,133.298252,88.543478,134.971823,50.512525,41.725788,156.310461,121.040000,3.817100,395.830000,120.040000,2.921300,270.830000,624565.472260,10.129276,10.684256,20.321610,92.445962,Inf,Inf,32.886460
06/22/2026 11:54:14,0.000000,0.000000,74.596603,74.060574,63.357076,74.357209,74.899388,76.727913,74.726288,74.638818,34.506171,29.282384,28.922867,28.548178,32.123644,28.785092,28.836994,28.769628,32.832606,36.125317,34.574052,33.874630,33.667237,34.064211,33.439060,32.895076,32.794157,33.297330,36.947386,33.248005,32.909258,34.118032,33.997725,32.669596,32.438551,32.963287,34.535428,70.856981,39.165755,30.577849,24.376398,22.445988,23.055056,32.523122,30.488023,30.891388,73.108138,42.748230,31.010288,22.417541,21.845263,22.167357,30.187136,30.053861,30.165759,33.797339,33.875855,26.560735,24.483482,33.358246,33.459101,23.675797,28.086065,31.490050,37.714084,29.131472,33.679656,30.889166,36.765391,36.736680,32.710877,28.632538,32.100138,31.000227,36.646454,30.283094,35.556718,28.957629,33.100633,30.446507,36.255419,31.054369,35.595267,29.178161,32.326170,30.871250,35.928219,32.287284,36.158016,31.025850,33.745399,31.603883,34.987495,76.686340,79.845624,132.047989,82.711660,133.508850,50.517721,41.666159,143.105365,121.140000,3.685100,379.840000,120.040000,2.806700,256.070000,624625.470703,10.315713,10.748152,20.262136,86.484959,Inf,Inf,32.895270
06/22/2026 11:55:14,0.000000,0.000000,74.632649,74.052242,63.470259,74.381576,74.881072,76.713009,74.755108,74.635948,34.491527,29.349727,28.992900,28.615018,32.139576,28.818017,28.852614,28.759374,32.851722,36.130628,34.601112,33.941589,33.697351,34.090315,33.427515,32.914199,32.843087,33.303128,36.848318,33.333344,32.879680,33.945988,34.104479,32.757408,32.058300,32.844762,34.621228,79.359042,39.212234,30.781693,24.468808,22.615678,23.258304,32.538057,30.529287,30.849207,80.075065,42.314379,30.994806,22.518993,21.932112,22.260009,30.280117,30.060704,30.123117,33.921383,33.922147,26.484444,24.476453,33.413027,33.450792,23.638307,27.955120,31.488103,37.675915,29.135767,33.692229,30.899107,36.762430,36.715081,32.705177,28.612096,32.069234,31.001367,36.641785,30.283294,35.568437,28.947660,33.117813,30.444123,36.260528,31.052827,35.594136,29.160965,32.333487,30.883128,35.911234,32.306706,36.152055,31.021634,33.728834,31.600632,34.989580,83.478123,87.013134,134.873377,89.331062,136.330722,50.600420,41.883212,150.386101,121.130000,3.796500,392.520000,119.850000,2.891200,266.510000,624685.468836,10.303294,10.516407,20.478399,89.814926,Inf,Inf,32.891845
06/22/2026 11:56:14,0.000000,0.000000,74.614799,74.084278,63.688519,74.427915,74.872888,76.762172,74.720873,74.662983,34.454992,29.392390,28.992303,28.669749,32.138538,28.807608,28.845186,28.817973,32.793325,36.231426,34.616932,33.984952,33.675885,34.113251,33.478762,32.902795,32.758569,33.347526,36.727500,33.554557,32.845137,33.998513,34.109054,32.971396,32.244702,32.888725,34.572376,79.752400,40.112968,30.677054,24.464471,22.609093,23.282263,32.500905,30.542870,30.915584,80.758375,42.488776,31.026970,22.575118,21.983916,22.315832,30.274087,30.107490,30.200216,33.905375,33.934214,26.650287,24.592317,33.426308,33.496502,23.864871,27.837016,31.508339,37.707478,29.158257,33.655320,30.916443,36.759289,36.727091,32.687454,28.631346,32.094134,31.013376,36.636376,30.293001,35.554602,28.941803,33.091532,30.452981,36.264832,31.055823,35.588277,29.168894,32.323600,30.883516,35.924465,32.306204,36.166102,31.024630,33.714590,31.604164,34.977576,85.162420,88.712115,134.813172,90.439048,136.138386,50.657388,41.956243,156.548556,121.050000,3.841400,399.140000,119.910000,2.945800,273.600000,624745.466538,10.126030,10.475946,20.551024,92.550295,Inf,Inf,32.894383
06/22/2026 11:57:14,0.000000,0.000000,74.661439,74.061177,63.728062,74.405416,74.889690,76.739313,74.728603,74.652543,34.497860,29.356984,28.972056,28.622952,32.148379,28.854056,28.879473,28.824155,32.818942,36.152888,34.564411,33.954368,33.711911,34.062251,33.460928,32.890284,32.826900,33.307391,36.591069,33.302948,32.836390,34.062143,34.013753,32.678980,32.176587,32.858901,34.471182,78.301200,39.704958,30.645941,24.465944,22.582771,23.236941,32.532417,30.560184,30.868484,79.715239,42.056526,31.009862,22.500515,21.919245,22.241765,30.210272,30.046552,30.139280,33.871322,33.911397,26.628221,24.542978,33.385765,33.479065,23.705329,27.856867,31.465777,37.690892,29.111186,33.668104,30.877129,36.751671,36.692908,32.701570,28.627216,32.074587,31.012966,36.623269,30.281135,35.548567,28.946123,33.090502,30.439467,36.222701,31.053522,35.584015,29.155683,32.313537,30.865549,35.888448,32.289156,36.151861,31.008515,33.717017,31.587441,34.976451,84.521610,87.643708,133.855615,89.193686,135.221268,50.528839,41.830576,157.125259,120.900000,3.823100,396.040000,119.850000,2.922800,271.390000,624805.465363,10.219929,10.583850,20.426012,92.802567,Inf,Inf,32.880566
06/22/2026 11:58:14,0.000000,0.000000,74.654917,74.063954,63.049942,74.426062,74.890891,76.738825,74.710321,74.625807,34.408014,29.293437,28.900019,28.558594,32.100211,28.783908,28.836377,28.788196,32.842736,36.136291,34.582385,33.934282,33.632746,34.059481,33.449109,32.893572,32.814315,33.285037,36.713948,33.198381,32.917965,33.771972,34.219051,32.637836,32.199898,32.864409,34.755275,72.223585,38.882579,30.603769,24.335254,22.420464,23.076463,32.512343,30.469199,30.824137,74.299901,41.719109,31.031402,22.389910,21.814648,22.147069,30.338596,30.093136,30.192995,33.804043,33.870695,26.454115,24.482770,33.385531,33.472166,23.616858,27.697225,31.493132,37.704325,29.144370,33.670538,30.909430,36.755866,36.714510,32.709496,28.635168,32.090372,31.005154,36.626960,30.300455,35.537641,28.950953,33.086425,30.455437,36.247526,31.041968,35.593471,29.166986,32.298116,30.852994,35.932663,32.292639,36.159862,31.015231,33.723448,31.595675,34.990410,78.437248,81.671581,131.632440,83.866268,133.185404,50.516414,41.594488,146.829414,121.120000,3.726800,384.320000,119.930000,2.842800,260.520000,624865.463911,10.413181,10.840814,20.190588,88.201968,Inf,Inf,32.890041
06/22/2026 11:59:14,0.000000,0.000000,74.670233,74.054754,63.684315,74.430603,74.912750,76.742511,74.751498,74.624308,34.446857,29.341844,28.927471,28.582885,32.139569,28.816672,28.850330,28.771365,32.854979,36.236148,34.528054,33.868318,33.683131,34.067668,33.436791,32.919480,32.866817,33.280188,36.582564,33.330400,32.791798,33.898187,34.258209,32.628153,32.270379,32.949945,34.697789,78.439150,38.670518,30.826829,24.451416,22.620226,23.293644,32.550900,30.532797,30.934871,78.925532,42.123319,31.009856,22.549381,21.966600,22.303455,30.207845,30.082204,30.130351,33.895287,33.891853,26.522770,24.526928,33.439142,33.465354,23.783317,27.852687,31.509723,37.694709,29.156520,33.643939,30.884079,36.739546,36.710914,32.679200,28.614141,32.057503,30.993186,36.604899,30.292497,35.522197,28.934958,33.088267,30.452826,36.246575,31.049032,35.562963,29.134937,32.311974,30.863753,35.907924,32.279355,36.148727,31.012937,33.701747,31.592172,34.978943,81.932147,85.507489,134.853046,88.210540,136.193993,50.584161,41.893603,147.067670,120.840000,3.767900,388.470000,119.880000,2.863000,263.090000,624925.460634,10.338092,10.521119,20.488737,88.310827,Inf,Inf,32.879005
06/22/2026 12:00:14,0.000000,0.000000,74.689624,74.082193,63.145963,74.450691,74.934095,76.751164,74.749006,74.633648,34.435373,29.312016,28.990868,28.602018,32.172445,28.851416,28.902322,28.821130,32.874594,36.195469,34.561825,33.879810,33.662203,34.038315,33.430370,32.913054,32.844093,33.286359,36.771897,33.270806,32.921296,33.825481,34.069679,32.706985,32.258978,32.971451,34.557773,79.608460,39.306435,30.481105,24.486457,22.704639,23.281746,32.504840,30.498675,30.861375,80.130618,41.946216,31.011893,22.611508,21.969043,22.361057,30.319487,30.112553,30.140193,33.903757,33.896991,26.689230,24.615503,33.445771,33.479980,23.789104,27.809229,31.510012,37.699415,29.173759,33.683226,30.912357,36.745940,36.725483,32.696955,28.641771,32.088270,31.017754,36.628830,30.280496,35.554136,28.946636,33.083012,30.448894,36.257549,31.059186,35.594457,29.170655,32.318238,30.885669,35.954507,32.296341,36.160588,31.027102,33.728965,31.609673,34.991040,81.956567,86.966343,134.675210,89.787795,136.301389,50.597869,42.005771,144.295837,121.000000,3.834700,396.390000,119.700000,2.900300,266.980000,624985.459072,9.880868,10.411656,20.600237,87.037039,Inf,Inf,32.896364
06/22/2026 12:01:14,0.000000,0.000000,74.664656,74.053402,63.171629,74.446912,74.891452,76.704396,74.711872,74.610455,34.459617,29.302934,28.961265,28.594160,32.110762,28.828837,28.878383,28.801204,32.853093,36.083285,34.550129,33.856004,33.648607,34.068675,33.439849,32.858964,32.808115,33.279286,36.705124,33.358379,32.629133,34.055889,34.304899,32.730080,32.101586,32.947133,34.738009,78.150079,39.715926,30.554074,24.399223,22.513244,23.173336,32.568911,30.497360,30.885046,79.683381,42.145819,31.017887,22.442227,21.862288,22.198282,30.226788,30.069808,30.142474,33.875391,33.904740,26.600970,24.473294,33.408114,33.481420,23.720690,27.928914,31.491352,37.703002,29.135452,33.648948,30.898909,36.741438,36.730224,32.686601,28.629151,32.091189,31.006863,36.635717,30.288771,35.568565,28.948647,33.076572,30.445110,36.262596,31.058919,35.597366,29.153065,32.313595,30.867179,35.939232,32.271207,36.142612,31.001880,33.716367,31.595699,34.982010,84.528936,87.664533,133.687455,89.098958,135.194019,50.512274,41.787165,157.360764,120.920000,3.819700,396.430000,119.770000,2.925300,271.500000,625045.457210,10.171295,10.635108,20.382779,92.905408,Inf,Inf,32.887608
06/22/2026 12:02:14,0.000000,0.000000,74.696980,74.056149,63.767492,74.448398,74.898852,76.724849,74.722392,74.652247,34.430029,29.327607,28.880664,28.555720,32.091114,28.760511,28.835138,28.757512,32.846566,36.121065,34.520989,33.872811,33.661420,34.021550,33.527841,32.886558,32.819296,33.308234,36.592794,33.270908,32.889530,33.775544,34.315822,32.608502,32.067613,32.903415,34.494309,72.713632,38.782269,30.628146,24.356218,22.449986,23.100551,32.530025,30.512770,30.858625,74.417159,41.821287,31.024431,22.402626,21.813191,22.167142,30.237296,30.092417,30.153492,33.811320,33.859309,26.632999,24.530431,33.394192,33.441731,23.779657,27.504875,31.490983,37.688052,29.145341,33.657714,30.867596,36.753267,36.716148,32.689796,28.601124,32.078139,30.974188,36.634137,30.281384,35.535079,28.915572,33.083619,30.445937,36.252395,31.040630,35.582934,29.144782,32.318680,30.871572,35.913037,32.272923,36.140822,31.008100,33.712225,31.571051,34.980536,78.496453,81.695096,132.120557,84.003007,133.518376,50.554897,41.584291,146.490320,120.900000,3.727500,384.070000,119.820000,2.841300,260.110000,625105.455563,10.447743,10.844028,20.180403,88.046834,Inf,Inf,32.878925
06/22/2026 12:03:14,0.000000,0.000000,74.660558,74.050992,63.772117,74.450215,74.899400,76.759962,74.735339,74.638995,34.427549,29.326006,28.911183,28.583428,32.077361,28.814091,28.849688,28.758678,32.841413,36.196961,34.570861,33.899940,33.654357,34.026477,33.394833,32.889943,32.791439,33.323498,36.287987,33.403920,32.855969,34.261905,34.124308,32.889314,32.062324,32.871457,34.593742,79.076920,38.657947,30.751297,24.436179,22.614826,23.291540,32.515007,30.534715,30.998445,79.742809,42.640294,30.989123,22.532107,21.942511,22.289240,30.249884,30.096318,30.150261,33.892916,33.891176,26.534152,24.503192,33.385811,33.463561,23.661034,27.440519,31.480678,37.658385,29.133240,33.674052,30.912065,36.754057,36.726083,32.713567,28.621852,32.103108,30.999190,36.631955,30.288548,35.569672,28.953400,33.108420,30.445401,36.265986,31.063223,35.596701,29.143475,32.329388,30.890198,35.922248,32.293744,36.161942,31.016879,33.753367,31.621677,34.994120,82.934745,86.478007,135.044395,88.963204,136.473071,50.585153,41.890884,149.249205,120.870000,3.780300,391.180000,119.880000,2.883400,265.000000,625165.453361,10.265265,10.503091,20.486032,89.302137,Inf,Inf,32.894221
06/22/2026 12:04:14,0.000000,0.000000,74.728788,74.065568,63.223790,74.479606,74.922017,76.745014,74.743192,74.634172,34.436459,29.342543,28.966088,28.606646,32.175726,28.822138,28.875797,28.803972,32.841893,36.151391,34.588643,33.881308,33.638828,34.083762,33.459488,32.878173,32.839634,33.316118,36.786927,33.293456,32.890780,34.104908,34.091591,32.558160,32.053093,32.854232,34.570343,78.522075,37.944163,30.571953,24.510018,22.667270,23.308043,32.527833,30.513693,30.760348,78.501339,41.179776,31.005699,22.600794,22.007036,22.350605,30.284580,30.108680,30.209430,33.900787,33.927673,26.683468,24.580439,33.401631,33.480712,23.758941,27.836988,31.489600,37.689773,29.127452,33.650628,30.909953,36.724529,36.722193,32.681197,28.631315,32.053535,30.990104,36.634292,30.294468,35.558719,28.958261,33.075928,30.464077,36.239095,31.062892,35.580431,29.161442,32.306823,30.891936,35.928847,32.283466,36.167813,31.022342,33.700754,31.605432,34.954893,78.328237,83.655259,135.027666,88.601818,136.366395,50.638263,41.985766,135.585078,120.930000,3.757200,386.480000,120.090000,2.831100,256.760000,625225.453202,9.991590,10.425336,20.580363,82.924941,Inf,Inf,32.885406
06/22/2026 12:05:14,0.000000,0.000000,74.679778,74.062192,63.155259,74.477285,74.901109,76.751551,74.727622,74.651984,34.471355,29.401700,29.002508,28.653424,32.169425,28.882293,28.908465,28.811212,32.822172,36.192854,34.563641,33.914983,33.631651,34.095677,33.480026,32.919176,32.848426,33.326238,36.473530,33.234253,32.807374,34.169009,33.960805,32.646845,32.286360,32.867218,34.426680,78.908934,39.692984,30.673948,24.415616,22.563741,23.192971,32.516347,30.570823,30.963512,80.262111,42.493411,30.988233,22.486374,21.871630,22.234978,30.265936,30.069396,30.136713,33.915832,33.910714,26.631108,24.519670,33.440822,33.476808,23.720520,27.872140,31.500179,37.701593,29.152317,33.655230,30.886049,36.753890,36.757250,32.683080,28.622942,32.084191,30.997627,36.622575,30.288906,35.565597,28.946691,33.066622,30.442709,36.237790,31.055341,35.562938,29.180408,32.298157,30.888844,35.925774,32.282604,36.135514,31.016126,33.720865,31.602439,34.982510,85.192528,88.302513,133.871964,89.728415,135.572971,50.522954,41.773763,158.493453,120.900000,3.838600,397.570000,119.820000,2.933600,272.880000,625285.450670,10.304521,10.618806,20.369427,93.398595,Inf,Inf,32.887225
06/22/2026 12:06:14,0.000000,0.000000,74.692816,74.058324,63.187324,74.485449,74.923210,76.751683,74.750486,74.646116,34.474675,29.355980,28.925104,28.575547,32.101544,28.794166,28.856396,28.793939,32.853510,36.138607,34.549658,33.911191,33.663391,34.019524,33.434392,32.885069,32.865944,33.322861,36.887429,33.209101,32.838480,33.979435,34.209383,32.758890,32.185963,32.950516,34.711222,74.227791,38.698940,30.683499,24.339796,22.432638,23.084412,32.558485,30.536832,30.879651,75.783125,41.140482,31.000291,22.404342,21.785814,22.155922,30.194495,30.064857,30.158031,33.811401,33.888982,26.575285,24.455920,33.408194,33.481500,23.778096,26.910250,31.470282,37.711269,29.137998,33.633435,30.891366,36.727313,36.724359,32.663807,28.621452,32.079244,30.994902,36.622055,30.283032,35.551340,28.945207,33.064698,30.444347,36.235801,31.077847,35.582357,29.174085,32.299414,30.886470,35.918100,32.290022,36.139723,31.019917,33.716360,31.601038,34.958501,80.129360,83.386438,131.932837,85.234163,133.605238,50.503365,41.643823,149.793050,120.970000,3.754800,387.680000,119.860000,2.864300,263.020000,625345.448011,10.443654,10.760446,20.239845,89.547759,Inf,Inf,32.882191
06/22/2026 12:07:14,0.000000,0.000000,74.694939,74.073135,63.721760,74.491532,74.881131,76.748898,74.746403,74.651752,34.461269,29.331801,28.967387,28.605114,32.118128,28.838005,28.832980,28.761153,32.842299,36.181904,34.564203,33.921521,33.663953,34.063148,33.533243,32.873737,32.767123,33.347631,36.594415,33.343632,33.002618,34.049228,33.876961,32.682052,32.287215,32.948985,34.580161,78.055295,38.752523,30.785738,24.454204,22.573253,23.265062,32.514075,30.594398,30.918816,78.613477,42.476147,31.022353,22.495596,21.916447,22.242555,30.267226,30.107603,30.143713,33.858419,33.922510,26.504470,24.527564,33.394455,33.492641,23.683185,27.509811,31.484324,37.719453,29.131538,33.659128,30.901993,36.755118,36.729974,32.689462,28.641391,32.070736,30.997969,36.645555,30.283080,35.537208,28.922859,33.093547,30.444303,36.234634,31.061522,35.580189,29.142018,32.318592,30.876177,35.903441,32.283750,36.165123,31.011168,33.745033,31.618218,35.002206,81.747962,85.088948,135.081554,87.872368,136.222095,50.569634,41.773860,146.944658,121.030000,3.755600,387.790000,119.800000,2.855800,262.210000,625405.446825,10.416215,10.652830,20.369523,88.254638,Inf,Inf,32.888324
06/22/2026 12:08:14,0.000000,0.000000,74.726114,74.079384,63.702401,74.494195,74.901958,76.763358,74.750870,74.649880,34.464962,29.370746,28.979130,28.644458,32.132449,28.846562,28.869766,28.789018,32.843332,36.163894,34.560798,33.917605,33.689349,34.058789,33.463700,32.881498,32.824319,33.315032,36.837608,33.256820,32.910381,34.271840,34.188842,32.709407,32.352922,32.887941,34.539650,77.359201,36.226654,30.610063,24.499004,22.661169,23.344843,32.534121,30.560554,30.905736,77.097757,39.815126,31.005166,22.600257,22.011584,22.352909,30.329218,30.116362,30.179220,33.870697,33.889400,26.611002,24.652356,33.425936,33.467698,23.763735,28.016444,31.491840,37.690228,29.130588,33.661490,30.889657,36.746410,36.690807,32.679448,28.619743,32.089428,30.999306,36.626992,30.269283,35.547421,28.933851,33.086276,30.443252,36.233149,31.043094,35.574893,29.169695,32.333741,30.887159,35.914355,32.296493,36.144599,30.998087,33.741010,31.595025,34.980009,75.717075,80.741153,135.139869,86.978284,136.294943,50.615668,41.838927,130.367882,120.970000,3.692200,378.740000,119.770000,2.778700,249.790000,625465.445067,10.175737,10.570840,20.434326,80.377620,Inf,Inf,32.883578
06/22/2026 12:09:14,0.000000,0.000000,74.767455,74.078472,63.172180,74.509177,74.897078,76.755116,74.752659,74.631386,34.489275,29.377345,28.983499,28.641791,32.152928,28.884045,28.917854,28.830416,32.801891,36.150963,34.604628,33.925163,33.656936,34.080995,33.501815,32.888076,32.831908,33.315062,36.708448,33.422143,33.068830,34.048766,34.056756,32.847001,32.322184,32.938581,34.769397,79.321150,39.889830,30.601118,24.437837,22.608416,23.252542,32.521217,30.530241,30.892806,80.635385,42.629290,30.991903,22.533559,21.942942,22.269041,30.266806,30.094512,30.126610,33.938182,33.925915,26.557045,24.514713,33.421685,33.476775,23.739297,27.461510,31.508751,37.695954,29.124324,33.643034,30.877823,36.738201,36.736865,32.697277,28.628262,32.082001,30.994098,36.618577,30.275071,35.564252,28.940796,33.070527,30.434145,36.234718,31.056259,35.584191,29.175485,32.327950,30.887857,35.933208,32.262932,36.158565,31.005904,33.714477,31.604050,34.974359,85.582989,88.612104,134.263769,90.132972,135.941971,50.547829,41.935266,159.227321,120.870000,3.840200,398.580000,119.630000,2.940200,273.530000,625525.444047,10.070947,10.461732,20.530171,93.716871,Inf,Inf,32.884997
06/22/2026 12:10:14,0.000000,0.000000,74.765710,74.080108,63.789177,74.511250,74.918582,76.768564,74.756912,74.666065,34.506319,29.373516,29.009111,28.612106,32.145572,28.807968,28.861189,28.770625,32.847427,36.152475,34.575088,33.913827,33.636269,34.022604,33.526238,32.904071,32.833566,33.284281,36.591065,33.373593,32.909546,33.984693,34.046404,32.759265,32.231638,32.930354,34.476825,75.366894,38.846381,30.612670,24.348125,22.428874,23.121943,32.504111,30.546973,30.885757,76.985737,41.380573,30.993982,22.372882,21.794677,22.114097,30.226927,30.024153,30.128028,33.851233,33.901346,26.549301,24.521762,33.383364,33.459782,23.533599,27.774180,31.457657,37.697421,29.116883,33.661934,30.884308,36.749064,36.686769,32.701182,28.603625,32.067662,30.981522,36.619686,30.252117,35.536560,28.926325,33.094778,30.414782,36.239058,31.040129,35.593277,29.123525,32.317943,30.868499,35.920613,32.256062,36.173974,31.008936,33.731800,31.595588,34.981456,81.509133,84.706222,132.316362,86.290619,133.887997,50.498576,41.546319,152.273053,120.740000,3.775900,390.210000,119.680000,2.885500,265.670000,625585.440057,10.470207,10.851519,20.142463,90.660336,Inf,Inf,32.876771
06/22/2026 12:11:14,0.000000,0.000000,74.756892,74.053100,63.279266,74.506581,74.910536,76.751262,74.748810,74.621197,34.470414,29.294163,28.944463,28.576570,32.140835,28.817941,28.870554,28.781776,32.900368,36.137897,34.511678,33.878019,33.661300,34.048066,33.436052,32.866279,32.828006,33.287167,36.898785,33.258283,32.917875,33.859364,33.976140,32.728910,32.236965,32.918339,34.523401,77.618707,38.976241,30.838316,24.434440,22.606807,23.278890,32.558937,30.572943,30.970202,78.056105,42.428398,31.025133,22.541885,21.950481,22.280615,30.235515,30.114874,30.223202,33.915837,33.923060,26.524683,24.523692,33.436374,33.475470,23.785453,27.640829,31.507691,37.710370,29.138428,33.638484,30.896877,36.731014,36.720511,32.655937,28.630510,32.066286,31.007773,36.631741,30.278079,35.535781,28.941504,33.067232,30.468283,36.244785,31.059707,35.583193,29.160208,32.304258,30.868511,35.929483,32.293448,36.154464,31.014700,33.688089,31.612330,34.954664,81.290943,84.600520,134.774611,87.397161,136.076193,50.596298,41.836694,146.855311,120.870000,3.750100,386.660000,119.800000,2.855700,261.830000,625645.439165,10.406213,10.593030,20.432103,88.213806,Inf,Inf,32.883145
06/22/2026 12:12:14,0.000000,0.000000,74.768949,74.089270,63.204536,74.515450,74.905038,76.777390,74.738720,74.623361,34.467320,29.399874,28.960534,28.638752,32.111627,28.862270,28.898242,28.771543,32.863034,36.120197,34.560493,33.916367,33.697882,34.078416,33.471178,32.880979,32.786147,33.313321,36.500498,33.600764,32.966234,33.994690,34.134529,32.638983,32.149132,32.915499,34.487290,73.827281,33.226244,30.661621,24.474257,22.565991,23.285340,32.513301,30.562422,30.863463,73.106588,37.183969,30.979889,22.590070,21.983857,22.299180,30.232125,30.087002,30.180175,33.851666,33.889523,26.637486,24.543666,33.399779,33.472197,23.808127,27.408198,31.474270,37.708154,29.129501,33.654387,30.877182,36.764997,36.710651,32.690052,28.618337,32.066974,30.990637,36.607966,30.245213,35.568249,28.920057,33.072976,30.414314,36.239236,31.048776,35.597936,29.148732,32.310608,30.864911,35.939635,32.265828,36.163084,31.004214,33.692472,31.576630,34.971899,70.571428,74.533036,134.206262,81.710421,135.638160,50.653582,41.370055,121.896353,120.980000,3.582700,364.560000,120.030000,2.685500,237.240000,625705.438337,10.695525,11.013793,19.966096,76.094152,Inf,Inf,32.877929
06/22/2026 12:13:14,0.000000,0.000000,74.775581,74.070959,63.715704,74.524721,74.894450,76.785372,74.760945,74.640940,34.449488,29.398007,28.990784,28.636898,32.094647,28.829188,28.886601,28.751871,32.886514,36.218408,34.588803,33.901201,33.698701,34.038392,33.436927,32.867599,32.833410,33.305899,36.646225,33.430752,32.807775,34.069532,33.965646,32.697944,32.083934,32.886820,34.574912,79.565595,40.015299,30.644670,24.390376,22.574774,23.233214,32.503809,30.524831,30.984202,80.897233,42.462847,30.981994,22.492651,21.885454,22.262252,30.264961,30.104806,30.137796,33.866291,33.932470,26.553813,24.523803,33.429820,33.491130,23.782430,27.507692,31.480428,37.672722,29.168227,33.658579,30.867573,36.756784,36.701370,32.702959,28.582653,32.081596,30.953140,36.656564,30.254050,35.558423,28.904522,33.087722,30.408597,36.241549,31.035952,35.590325,29.122784,32.303411,30.875239,35.917124,32.249443,36.168053,30.983369,33.711473,31.552030,34.973576,85.816707,88.974047,134.377539,90.437859,135.869594,50.560310,42.029370,159.390313,120.850000,3.846000,398.860000,119.770000,2.945500,274.000000,625765.435624,10.020996,10.358320,20.623674,93.787426,Inf,Inf,32.874008
06/22/2026 12:14:14,0.000000,0.000000,74.752819,74.085390,63.163766,74.530321,74.904694,76.785056,74.739323,74.622696,34.398654,29.312127,28.909791,28.564949,32.112779,28.846473,28.849399,28.766865,32.862257,36.162373,34.544633,33.856684,33.680822,34.040943,33.445194,32.894101,32.866928,33.280742,36.670734,33.319846,32.841587,33.773397,34.110393,32.551647,32.286371,32.941919,34.623683,75.447550,39.256691,30.620709,24.302960,22.378247,23.052510,32.532159,30.410162,30.742348,76.944946,41.179164,30.975108,22.344471,21.743103,22.095285,30.177917,30.047875,30.123217,33.857987,33.894085,26.569249,24.505320,33.398142,33.447458,23.694963,27.040820,31.498938,37.686663,29.126097,33.672064,30.904722,36.772871,36.735634,32.685812,28.623452,32.093300,31.008531,36.639182,30.281563,35.565831,28.944690,33.086407,30.446058,36.253554,31.045808,35.606595,29.177075,32.328201,30.877041,35.948589,32.292176,36.172975,31.016397,33.721112,31.606250,34.974775,81.642402,84.859372,131.854446,86.356370,133.742672,50.470254,41.480281,152.769636,120.760000,3.780900,390.780000,119.680000,2.884700,266.200000,625825.433947,10.544274,10.898673,20.076435,90.881655,Inf,Inf,32.893079
06/22/2026 12:15:14,0.000000,0.000000,74.715160,74.073496,63.486644,74.500430,74.904811,76.780114,74.751730,74.630456,34.444934,29.285054,28.917061,28.550857,32.101395,28.780187,28.853778,28.764106,32.889954,36.166489,34.516813,33.905270,33.662798,34.064214,33.430007,32.890462,32.818116,33.347046,36.663306,33.258174,32.849752,33.939188,33.873917,32.588279,32.035118,32.896740,34.551093,77.253831,38.806231,30.739254,24.415652,22.559742,23.190059,32.571722,30.537172,30.896453,77.701431,42.378974,31.006127,22.516933,21.901466,22.250452,30.219353,30.122233,30.169042,33.908070,33.915667,26.553435,24.424698,33.409635,33.462060,23.958669,26.668653,31.507790,37.708259,29.142988,33.638036,30.871026,36.731011,36.727439,32.672684,28.633035,32.079700,31.000706,36.627462,30.280009,35.551436,28.925454,33.088131,30.444667,36.257372,31.054552,35.578465,29.135377,32.307519,30.882335,35.921076,32.273435,36.156426,30.993057,33.721664,31.605913,34.963353,80.874296,84.168086,134.726388,87.007774,135.714142,50.537381,41.758419,145.782996,120.880000,3.747100,385.710000,119.780000,2.848100,260.690000,625885.432131,10.385117,10.651990,20.354137,87.722465,Inf,Inf,32.882679
06/22/2026 12:16:14,0.000000,0.000000,74.745383,74.097823,63.472311,74.504341,74.899426,76.767575,74.739014,74.672252,34.482504,29.425840,29.006579,28.655162,32.104853,28.812206,28.854892,28.802696,32.866245,36.164131,34.540627,33.864761,33.679574,34.064556,33.480431,32.890239,32.844570,33.301055,36.706447,33.387700,32.899583,34.155425,34.062204,32.807550,32.199665,32.920638,34.455148,75.241774,34.077192,30.659327,24.473574,22.581448,23.287794,32.555323,30.581800,30.961261,74.624806,38.109170,30.989167,22.576987,21.944592,22.311054,30.280036,30.090326,30.165221,33.871850,33.919193,26.628917,24.588508,33.400312,33.456292,23.807321,27.381796,31.494707,37.670092,29.126321,33.661646,30.882682,36.754087,36.717895,32.698667,28.619841,32.100547,31.008658,36.631290,30.286986,35.565017,28.932239,33.082447,30.438075,36.253025,31.060426,35.580969,29.158415,32.357637,30.887776,35.945971,32.269524,36.172889,30.995366,33.737248,31.601052,34.987781,71.957425,76.297826,134.891460,83.744891,135.879044,50.575187,41.567296,124.374088,121.050000,3.620000,369.360000,119.850000,2.713400,241.710000,625945.429066,10.495903,10.825743,20.163424,77.366700,Inf,Inf,32.889309
06/22/2026 12:17:14,0.000000,0.000000,74.733149,74.091076,63.557969,74.490643,74.907279,76.791429,74.740758,74.660896,34.483645,29.384173,28.980516,28.645953,32.115249,28.848503,28.887208,28.820737,32.906068,36.186965,34.577260,33.875134,33.661524,34.066492,33.406876,32.940670,32.843866,33.366559,36.805296,33.452752,33.003450,34.390045,34.045176,32.651310,32.346556,32.827337,34.532858,79.355623,40.054212,30.690268,24.426799,22.561492,23.205792,32.590008,30.593382,30.993179,80.679544,42.293318,30.980769,22.454651,21.870111,22.222696,30.293402,30.111111,30.104870,33.896993,33.934802,26.558393,24.465650,33.408523,33.450285,23.725133,27.323756,31.489818,37.679826,29.136592,33.637196,30.899596,36.739023,36.729910,32.686285,28.634188,32.069544,31.009253,36.620965,30.284609,35.540056,28.950810,33.069392,30.433007,36.244804,31.072204,35.572403,29.159159,32.311220,30.897415,35.909490,32.285377,36.157141,31.004471,33.709769,31.599328,34.986508,85.675777,88.793857,134.328302,90.218544,135.885977,50.506212,41.926234,159.343860,120.940000,3.837700,398.600000,119.870000,2.941400,273.240000,626005.428634,10.169077,10.459578,20.521191,93.767323,Inf,Inf,32.883979
06/22/2026 12:18:14,0.000000,0.000000,74.696292,74.032201,63.564295,74.464040,74.889983,76.761104,74.740818,74.638559,34.397812,29.295225,28.892885,28.578781,32.098094,28.785354,28.836720,28.771585,32.872084,36.087144,34.597917,33.924622,33.667943,34.043163,33.472108,32.870795,32.827813,33.281642,36.636672,33.453594,32.921972,33.713355,34.199083,32.661412,32.213887,32.946406,34.547418,75.439016,39.058534,30.667411,24.349962,22.422643,23.106717,32.577509,30.545646,30.890492,76.992743,41.382168,30.998471,22.387713,21.790649,22.123526,30.232286,30.046278,30.068123,33.880818,33.910259,26.656563,24.608997,33.417543,33.494846,23.672867,27.867864,31.495021,37.716363,29.144031,33.662337,30.883376,36.747696,36.689409,32.688715,28.610748,32.077329,30.991202,36.628831,30.259100,35.557238,28.897804,33.095696,30.422389,36.263268,31.041326,35.595787,29.155045,32.319573,30.865409,35.936586,32.267660,36.168522,31.010578,33.732106,31.609705,34.993733,81.480915,84.699560,132.501834,86.349836,134.026881,50.446068,41.560984,152.304615,120.950000,3.773600,390.460000,119.860000,2.883000,265.620000,626065.425859,10.510293,10.841353,20.157118,90.674417,Inf,Inf,32.884219
06/22/2026 12:19:14,0.000000,0.000000,74.717041,74.092716,63.734306,74.498971,74.915181,76.772336,74.760254,74.662646,34.478109,29.310372,28.960228,28.603128,32.138398,28.804791,28.857359,28.759211,32.826716,36.228814,34.558858,33.872478,33.685516,34.053182,33.462007,32.916704,32.797235,33.330622,36.753586,33.366613,32.887614,34.109293,34.315240,32.730659,32.372175,32.858720,34.869350,77.952782,38.799062,30.813571,24.410538,22.554171,23.238465,32.565510,30.484592,30.781533,78.483896,42.523129,31.003119,22.492384,21.901480,22.249121,30.214018,30.084399,30.138787,33.903245,33.884252,26.521376,24.385715,33.437582,33.464683,23.722180,27.216261,31.488611,37.691003,29.143859,33.633890,30.897170,36.737942,36.705836,32.673207,28.610805,32.056874,31.007707,36.604596,30.260987,35.563545,28.928826,33.070601,30.452940,36.232445,31.034365,35.588358,29.131954,32.301436,30.888378,35.906709,32.272350,36.160277,31.004508,33.708999,31.603901,34.973323,81.793584,85.061174,135.164325,87.787668,136.166233,50.574142,41.847668,147.759132,120.930000,3.759500,388.040000,119.960000,2.863000,262.800000,626125.424754,10.370544,10.560092,20.443027,88.626089,Inf,Inf,32.877847
06/22/2026 12:20:14,0.000000,0.000000,74.671347,74.075744,63.256799,74.501490,74.902491,76.743234,74.748694,74.652775,34.483751,29.336113,29.004264,28.621616,32.117231,28.813462,28.875058,28.788956,32.879943,36.153863,34.568049,33.873116,33.673273,34.085338,33.505843,32.871211,32.800031,33.250321,36.832907,33.371629,32.848978,34.055623,33.960171,32.720475,32.299225,32.897412,34.642709,73.750769,32.991620,30.569415,24.465662,22.538102,23.303969,32.509555,30.531035,30.770317,73.046468,37.459411,30.995508,22.538980,21.945535,22.267598,30.270720,30.084324,30.157436,33.825907,33.915298,26.682185,24.629904,33.410309,33.466288,23.734995,27.706620,31.487804,37.700367,29.119857,33.648031,30.895315,36.725924,36.687527,32.670370,28.624021,32.065751,30.990750,36.616551,30.257874,35.547158,28.938483,33.069111,30.441194,36.249323,31.043332,35.563553,29.160955,32.313011,30.906492,35.931797,32.284650,36.147491,31.009019,33.710120,31.611263,34.973999,71.534214,74.945573,134.688416,81.462419,135.678579,50.589361,41.295956,123.696062,121.010000,3.581100,364.330000,120.050000,2.686600,237.740000,626185.422217,10.677586,11.103679,19.891829,77.020137,Inf,Inf,32.879703
06/22/2026 12:21:14,0.000000,0.000000,74.717584,74.081842,63.193585,74.474026,74.886023,76.739027,74.727765,74.636491,34.487871,29.395556,29.003499,28.641888,32.099624,28.823024,28.854299,28.746335,32.876513,36.115467,34.524697,33.867981,33.657921,34.076653,33.491835,32.893648,32.800315,33.276823,36.771252,33.331034,32.781575,33.978999,34.214717,32.674408,32.309608,32.952689,34.705850,79.946964,39.879520,30.711920,24.478686,22.633195,23.313000,32.558106,30.564087,30.904129,81.225355,42.612339,30.994074,22.531708,21.967139,22.277983,30.264549,30.083994,30.159781,33.910834,33.938734,26.506945,24.522096,33.419240,33.479661,23.752507,27.548197,31.499905,37.711485,29.130633,33.625073,30.906150,36.744645,36.715913,32.676219,28.617843,32.088945,30.969857,36.638264,30.268157,35.535223,28.930109,33.066990,30.434610,36.245271,31.077576,35.561367,29.160092,32.310371,30.887877,35.932785,32.298100,36.154951,31.020983,33.711904,31.602805,34.975337,85.524242,89.113022,134.550103,90.692338,136.335943,50.611924,41.952941,157.002570,120.950000,3.852400,399.780000,119.820000,2.950300,274.410000,626245.421296,10.164178,10.446332,20.547742,92.748950,Inf,Inf,32.883315
06/22/2026 12:22:14,0.000000,0.000000,74.710341,74.066982,63.667155,74.484635,74.889445,76.752979,74.754061,74.665326,34.452323,29.379003,28.956609,28.621585,32.074922,28.832168,28.846691,28.802525,32.917363,36.183603,34.563688,33.894398,33.635933,34.026264,33.411842,32.893625,32.872346,33.347922,36.682763,33.187947,32.880986,34.378297,33.980591,32.634199,32.275182,32.945409,34.640031,77.147299,39.025596,30.732633,24.345797,22.435062,23.130896,32.502322,30.505958,30.820926,78.552629,41.779257,31.026385,22.375445,21.768643,22.123507,30.219785,30.098393,30.145203,33.871893,33.920756,26.577322,24.514246,33.397673,33.480754,23.711957,27.903337,31.466714,37.705079,29.127735,33.650529,30.888463,36.752304,36.708562,32.687509,28.627385,32.074703,31.005061,36.624752,30.279063,35.565118,28.932076,33.079618,30.450839,36.240414,31.050852,35.587273,29.123725,32.301235,30.880929,35.917022,32.252900,36.186400,30.993813,33.730942,31.592054,34.987693,83.355042,86.519115,132.991093,87.957088,134.753356,50.537469,41.671015,155.398386,121.020000,3.808100,393.680000,119.840000,2.910300,269.370000,626305.418526,10.465652,10.759404,20.266981,92.045302,Inf,Inf,32.882359
06/22/2026 12:23:14,0.000000,0.000000,74.690097,74.082667,63.226547,74.461686,74.891432,76.752011,74.751152,74.644669,34.446457,29.308439,28.962310,28.558270,32.094547,28.797859,28.840950,28.719155,32.860803,36.107791,34.519224,33.967259,33.596444,34.004553,33.383909,32.859894,32.729996,33.302977,36.645970,33.377625,32.950603,34.103827,34.187278,32.817670,32.258142,32.912379,34.622154,70.503460,39.032670,30.770975,24.320038,22.398495,23.000352,32.556451,30.528554,30.833178,72.972819,43.363863,30.986586,22.336738,21.741584,22.093766,30.242830,30.151664,30.194906,33.830815,33.865114,26.536523,24.403800,33.395554,33.459532,23.596057,27.800594,31.503622,37.708985,29.130786,33.630542,30.920995,36.748322,36.692847,32.672158,28.613322,32.071472,30.987566,36.629392,30.264569,35.540962,28.920335,33.053696,30.444011,36.243081,31.034821,35.561345,29.146244,32.322362,30.872765,35.924410,32.289242,36.149218,31.003628,33.711408,31.610773,34.953113,76.449159,79.530524,132.484711,82.619529,133.612914,50.517595,41.701607,142.336535,121.110000,3.676000,378.900000,119.990000,2.802000,255.260000,626365.417078,10.473477,10.689088,20.297498,86.126790,Inf,Inf,32.878533
06/22/2026 12:24:14,0.000000,0.000000,74.696347,74.077504,63.594750,74.452204,74.894630,76.720214,74.755233,74.639876,34.468215,29.357960,28.991767,28.628579,32.091244,28.775811,28.855226,28.744586,32.919504,36.125961,34.573810,33.960412,33.687311,33.983943,33.508751,32.881680,32.841678,33.319494,36.897348,33.394141,32.791248,34.174661,34.072564,32.513743,32.222332,32.897049,34.509253,79.671185,39.202477,30.838238,24.332650,22.526815,23.193048,32.521316,30.557529,30.912954,80.332447,42.385138,30.947065,22.430153,21.803060,22.192448,30.154567,30.073653,30.070978,33.930284,33.881238,26.542918,24.329080,33.428462,33.458228,23.619826,27.489868,31.502295,37.656847,29.132133,33.621890,30.891370,36.739705,36.714137,32.661093,28.590173,32.054277,30.971685,36.612530,30.249365,35.534712,28.908620,33.055358,30.433197,36.239665,31.052326,35.566616,29.155563,32.284943,30.894040,35.890190,32.273553,36.154214,31.006873,33.714414,31.582602,34.960549,84.030259,87.447855,135.319459,89.632574,136.482208,50.537251,41.881852,152.042727,120.990000,3.807400,393.850000,119.890000,2.902000,267.740000,626425.414312,10.361192,10.470019,20.477046,90.557520,Inf,Inf,32.870165
06/22/2026 12:25:14,0.000000,0.000000,74.663542,74.080619,63.008987,74.460932,74.875048,76.736506,74.729433,74.630976,34.408027,29.360349,28.963377,28.648376,32.093634,28.803636,28.825681,28.791775,32.835635,36.142059,34.570419,33.870441,33.663492,34.095982,33.334488,32.891804,32.777362,33.290766,36.903253,33.461828,32.880308,34.175241,34.201429,32.564140,32.093901,32.921673,34.801760,79.719499,40.140142,30.707217,24.417992,22.572398,23.240447,32.555469,30.525341,30.839162,80.620541,42.407727,30.983117,22.484366,21.899876,22.234511,30.304253,30.063584,30.161216,33.920700,33.901621,26.551811,24.545413,33.418840,33.477484,23.638344,27.281717,31.491984,37.689929,29.142329,33.611423,30.911172,36.730164,36.731589,32.666626,28.598848,32.052734,30.981281,36.609326,30.254162,35.551000,28.909580,33.043868,30.445745,36.250399,31.052881,35.558976,29.151888,32.306192,30.894553,35.899558,32.278515,36.144139,30.990940,33.677210,31.606319,34.949567,85.561330,88.641465,135.111581,90.370197,136.371666,50.623001,41.906034,159.031957,120.990000,3.839000,399.030000,119.800000,2.939800,273.520000,626485.412491,10.206115,10.482015,20.501102,93.632238,Inf,Inf,32.872763
06/22/2026 12:26:14,0.000000,0.000000,74.645580,74.084633,63.437543,74.465333,74.881559,76.759443,74.745530,74.657216,34.449997,29.374436,28.976575,28.635427,32.116320,28.847346,28.863852,28.822809,32.845232,36.175526,34.582658,33.909506,33.656375,34.040480,33.416048,32.890276,32.847441,33.287484,36.814162,33.427891,32.763684,34.186649,34.080559,32.612042,32.213246,33.012002,34.609334,77.619890,39.020719,30.593999,24.357355,22.426462,23.149642,32.523154,30.539758,30.887848,79.189747,41.918259,31.000715,22.370689,21.795491,22.127021,30.204108,30.019112,30.166675,33.868414,33.956895,26.705724,24.476935,33.405064,33.492586,23.649538,27.574965,31.500776,37.713675,29.136858,33.619380,30.901329,36.743841,36.690888,32.678195,28.588146,32.062566,30.963051,36.608613,30.235613,35.554718,28.897183,33.057296,30.434249,36.246890,31.010135,35.593710,29.148939,32.308145,30.874147,35.915596,32.267930,36.164540,30.992756,33.691911,31.597453,34.963801,84.035414,87.255571,133.414245,88.664891,134.995932,50.526456,41.583514,156.501131,120.970000,3.814600,395.600000,119.980000,2.917100,270.300000,626545.410924,10.414372,10.821088,20.179627,92.529522,Inf,Inf,32.872078
06/22/2026 12:27:14,0.000000,0.000000,74.666120,74.048947,63.229228,74.449267,74.898031,76.736254,74.733175,74.646551,34.414885,29.366350,28.915402,28.590169,32.089426,28.784249,28.820709,28.757804,32.880297,36.123221,34.589698,33.915085,33.646411,33.987456,33.381967,32.878402,32.796513,33.307239,36.690481,33.379221,32.844559,34.030346,34.087170,32.740069,32.230166,32.900876,34.493549,71.131037,38.990062,30.762252,24.310355,22.385207,23.027807,32.563239,30.534465,30.904417,73.153112,42.607352,31.010450,22.313666,21.734971,22.072801,30.231356,30.070016,30.114151,33.848512,33.873352,26.574748,24.484797,33.394208,33.471069,23.583502,27.706659,31.495417,37.714546,29.147104,33.631523,30.900589,36.716116,36.715902,32.663312,28.591061,32.072461,30.980089,36.626520,30.253206,35.545176,28.912855,33.072023,30.419153,36.253088,31.044448,35.568661,29.160744,32.298119,30.882673,35.929384,32.276887,36.154799,30.984735,33.694876,31.607109,34.964987,76.800679,79.975456,132.000074,82.724275,133.474467,50.524227,41.540104,143.285514,121.160000,3.692900,379.670000,119.880000,2.813000,256.240000,626605.408959,10.626001,10.874199,20.136251,86.568699,Inf,Inf,32.875919
06/22/2026 12:28:14,0.000000,0.000000,74.648917,74.092624,63.759469,74.441288,74.892591,76.769185,74.744448,74.638386,34.443307,29.345412,28.954682,28.634947,32.079349,28.815192,28.850593,28.729691,32.861203,36.166194,34.561772,33.959201,33.659895,34.043998,33.385071,32.867281,32.845888,33.333032,36.823677,33.613805,32.853868,34.163936,34.053403,32.648878,32.267761,32.872641,34.620210,79.192113,38.625737,30.895703,24.394040,22.528228,23.212450,32.583718,30.534040,30.919557,79.805386,42.350787,30.990755,22.439588,21.823386,22.170156,30.208196,30.064654,30.181010,33.917770,33.943864,26.508980,24.486364,33.394430,33.465516,23.638371,27.440371,31.473847,37.675474,29.133538,33.636883,30.896608,36.744905,36.719172,32.683941,28.603282,32.077420,30.985054,36.625124,30.262944,35.538461,28.900229,33.062998,30.443088,36.244119,31.055473,35.596950,29.153984,32.315401,30.903037,35.938551,32.273638,36.149814,31.003781,33.712581,31.611059,34.965371,83.088814,86.666183,134.728015,89.044878,136.381729,50.614197,41.707336,149.675055,120.950000,3.789100,391.920000,119.910000,2.884700,265.620000,626665.405260,10.592492,10.687544,20.303211,89.494518,Inf,Inf,32.879558
06/22/2026 12:29:14,0.000000,0.000000,74.649959,74.062798,63.163156,74.426311,74.882269,76.724742,74.728801,74.611750,34.448500,29.335022,28.996481,28.610075,32.106165,28.770247,28.816720,28.738201,32.868629,36.116914,34.617539,33.883832,33.672889,34.028130,33.372663,32.880652,32.754362,33.297999,36.671988,33.454398,33.007683,34.302853,33.866479,32.740482,32.147758,32.965695,34.631883,79.717524,39.926564,30.757265,24.433427,22.552439,23.244944,32.544365,30.576614,30.878344,80.682612,42.469637,30.973507,22.457657,21.894059,22.237218,30.250331,30.035908,30.127300,33.907788,33.950211,26.715974,24.503767,33.412595,33.502338,23.717146,27.016747,31.487846,37.701292,29.132388,33.655517,30.908620,36.751964,36.739582,32.686222,28.615832,32.091996,31.009899,36.628624,30.270036,35.577857,28.940928,33.079993,30.464141,36.258368,31.060456,35.587605,29.190965,32.322925,30.916511,35.937326,32.290204,36.170263,31.041295,33.704575,31.614165,34.997728,85.524033,88.769915,134.685506,90.409603,136.156557,50.676012,41.883018,158.261509,120.920000,3.843900,398.760000,119.650000,2.942700,273.850000,626725.403205,10.279059,10.495301,20.478206,93.297797,Inf,Inf,32.894504
06/22/2026 12:30:14,0.000000,0.000000,74.674451,74.064895,63.463803,74.450044,74.894583,76.745038,74.763105,74.643523,34.491833,29.416485,29.003467,28.658907,32.130394,28.811935,28.854247,28.788666,32.862699,36.135361,34.581454,33.939976,33.653100,34.043866,33.420699,32.880703,32.818011,33.320725,36.710990,33.435803,32.980767,34.197422,33.961254,32.600153,32.258527,32.993228,34.609673,77.713228,39.335079,30.712847,24.369203,22.441470,23.133252,32.602511,30.562679,30.886002,79.234662,41.902370,30.965563,22.390473,21.772349,22.136182,30.243080,30.048473,30.129165,33.910534,33.973375,26.584700,24.497751,33.422174,33.498588,23.670817,27.522074,31.511709,37.708168,29.157169,33.647571,30.898418,36.759091,36.709264,32.664200,28.623185,32.068640,30.984730,36.626011,30.259380,35.561504,28.937235,33.085647,30.451536,36.260749,31.058843,35.580114,29.163799,32.317628,30.898115,35.928787,32.259824,36.176629,31.005815,33.701981,31.572358,34.995582,84.090449,87.230833,133.573598,88.647676,134.910802,50.560025,41.584971,156.461314,120.800000,3.811500,395.180000,119.760000,2.918300,270.170000,626785.402357,10.531765,10.784481,20.181082,92.512078,Inf,Inf,32.885789
06/22/2026 12:31:14,0.000000,0.000000,74.643546,74.049192,63.648716,74.438937,74.883904,76.713305,74.754327,74.657986,34.516705,29.358534,28.981636,28.591630,32.088658,28.733958,28.799367,28.728877,32.864948,36.129631,34.567727,33.940516,33.618994,34.001341,33.457124,32.868248,32.780858,33.306703,36.773571,33.221826,32.906523,34.138384,33.846694,32.746904,32.194656,32.931194,34.673312,71.958356,38.934753,30.766552,24.309636,22.419463,23.037567,32.582265,30.551303,30.890117,73.706598,42.335821,30.969171,22.344775,21.723204,22.098269,30.173305,30.048577,30.147101,33.838260,33.895717,26.495381,24.438432,33.412605,33.437485,23.586371,27.437537,31.495969,37.693440,29.135168,33.613517,30.888762,36.732691,36.699202,32.656310,28.608130,32.064606,30.988712,36.613638,30.262963,35.534935,28.931469,33.066567,30.469844,36.233801,31.051326,35.573485,29.138838,32.306523,30.889235,35.904903,32.274095,36.166061,30.995624,33.704380,31.609515,34.965608,77.539860,80.659682,132.378968,83.355709,133.584080,50.601714,41.641686,144.470159,120.840000,3.704100,381.220000,119.890000,2.822100,257.390000,626845.399892,10.528840,10.731459,20.237712,87.117626,Inf,Inf,32.875644
06/22/2026 12:32:14,0.000000,0.000000,74.632436,74.065561,63.128256,74.443903,74.904920,76.725845,74.760795,74.629804,34.454808,29.387299,28.988549,28.652870,32.061624,28.817499,28.831654,28.758489,32.851387,36.182984,34.570166,33.866921,33.660415,34.034751,33.419970,32.901314,32.802102,33.315046,36.649581,33.293272,32.801094,33.903029,34.152531,32.695708,32.241233,32.889704,34.738374,76.807084,35.710136,30.815395,24.406627,22.535456,23.237292,32.540772,30.544488,30.881986,76.510890,39.471573,30.968289,22.409807,21.819097,22.190987,30.296657,30.073879,30.079675,33.888327,33.918815,26.626303,24.442537,33.354476,33.433118,23.603021,27.366632,31.473786,37.675414,29.135707,33.622327,30.929687,36.754298,36.716062,32.673700,28.626916,32.088014,31.006803,36.618544,30.264339,35.542063,28.939488,33.067445,30.460473,36.263595,31.060817,35.582386,29.181697,32.321688,30.918191,35.946082,32.282539,36.165307,31.015809,33.705215,31.635301,34.981518,74.191022,79.124193,134.886497,86.042113,136.211609,50.641465,41.596916,127.820386,121.000000,3.674800,375.850000,119.900000,2.757200,247.040000,626905.398314,10.622382,10.775276,20.193013,79.109290,Inf,Inf,32.888507
06/22/2026 12:33:14,0.000000,0.000000,74.671774,74.061371,63.028046,74.455246,74.898093,76.754442,74.747873,74.643925,34.478117,29.344276,28.978973,28.624324,32.093230,28.854535,28.862961,28.772397,32.837396,36.158425,34.567297,33.910445,33.634218,34.032540,33.393390,32.867158,32.782796,33.313971,36.482556,33.438823,32.903951,33.917835,34.028387,32.614478,32.273749,32.874178,34.725989,78.552463,39.441849,30.790000,24.270999,22.383898,23.058469,32.576324,30.481166,30.867401,79.935992,42.071720,30.953199,22.302242,21.668746,22.026337,30.248038,30.045468,30.087375,33.937290,33.920208,26.564707,24.339175,33.401162,33.469581,23.533177,27.051197,31.485231,37.676160,29.134676,33.612848,30.893439,36.748838,36.685772,32.673498,28.587895,32.057450,30.966395,36.621207,30.246071,35.556251,28.915225,33.070828,30.427761,36.239539,31.045070,35.569987,29.162972,32.296782,30.889051,35.946353,32.246771,36.154974,30.990704,33.689621,31.581790,34.961958,85.033747,88.081675,133.577202,89.314775,135.026244,50.503991,41.625662,158.452017,120.890000,3.832600,397.780000,119.670000,2.933100,272.490000,626965.395570,10.568283,10.731482,20.221717,93.380595,Inf,Inf,32.871171
06/22/2026 12:34:14,0.000000,0.000000,74.679310,74.087518,63.299135,74.465159,74.882653,76.735663,74.726426,74.648675,34.494273,29.322160,28.920272,28.595465,32.057770,28.748499,28.809981,28.719415,32.871814,36.143553,34.565705,33.883501,33.655236,34.026023,33.433929,32.849482,32.814752,33.298806,36.579421,33.444542,33.013004,34.108432,33.714589,32.606611,32.202644,32.828916,34.763335,77.414023,39.286357,30.754976,24.382510,22.479014,23.183956,32.539867,30.487866,30.837705,78.196117,42.308750,30.962879,22.455482,21.870679,22.206221,30.226209,30.085308,30.139251,33.867740,33.917865,26.584243,24.457594,33.372978,33.476497,23.640932,26.979132,31.486415,37.718875,29.139876,33.627839,30.902686,36.735896,36.704735,32.670321,28.610587,32.070467,30.992798,36.620567,30.265486,35.551622,28.932557,33.054317,30.441513,36.243818,31.041801,35.568903,29.150283,32.315269,30.894779,35.900669,32.272067,36.156153,30.994119,33.692258,31.607157,34.963704,82.191316,85.305209,134.335239,87.611448,135.676909,50.609388,41.624011,150.889968,121.020000,3.769300,390.040000,119.740000,2.876200,264.990000,627025.395198,10.534908,10.742811,20.220068,90.041363,Inf,Inf,32.877585
06/22/2026 12:35:14,0.000000,0.000000,74.635010,74.068983,63.302205,74.439418,74.876780,76.742450,74.729746,74.645657,34.426269,29.355493,28.926847,28.607620,32.064553,28.803036,28.823758,28.732300,32.856137,36.122183,34.584222,33.951543,33.675774,34.075408,33.452536,32.864546,32.782845,33.306910,36.702985,33.335793,32.927037,33.907590,34.140222,32.662476,32.326919,32.965985,34.696494,68.755779,38.254325,30.617949,24.309943,22.333672,23.006937,32.576329,30.650986,31.067523,71.963176,44.307167,30.956431,22.309083,21.722151,22.075686,30.232440,30.103460,30.189053,33.831202,33.866593,26.701535,24.464879,33.405536,33.448187,23.675543,27.208867,31.492372,37.715062,29.138703,33.607888,30.912082,36.739031,36.696967,32.643390,28.596506,32.054578,30.996050,36.610699,30.261786,35.542627,28.911361,33.046976,30.451090,36.234594,31.040984,35.577633,29.160855,32.290221,30.900789,35.917271,32.272728,36.136745,31.005334,33.688806,31.629088,34.969570,75.982694,78.749181,132.554153,82.256579,133.813254,50.552004,41.581572,142.503088,120.950000,3.662900,376.620000,119.790000,2.792400,254.070000,627085.391833,10.440262,10.778744,20.177687,86.204490,Inf,Inf,32.874726
06/22/2026 12:36:14,0.000000,0.000000,74.657089,74.058938,63.606351,74.450766,74.868267,76.720887,74.730509,74.634588,34.463998,29.362641,28.964331,28.627362,32.081129,28.832590,28.861289,28.779648,32.866374,36.160717,34.549185,33.923680,33.606594,34.040446,33.509013,32.869493,32.832688,33.310509,36.606122,33.298067,32.932729,34.004738,34.131258,32.673062,32.122862,32.915929,34.693567,77.951600,36.733785,30.803407,24.361129,22.559377,23.233507,32.539238,30.487236,30.859177,77.929770,40.742178,30.973645,22.456450,21.852098,22.221733,30.217554,30.081823,30.160730,33.907784,33.925483,26.459651,24.372839,33.415916,33.456790,23.703475,26.325554,31.498943,37.679596,29.121195,33.606581,30.925922,36.712509,36.723929,32.682052,28.628603,32.063826,31.001300,36.604380,30.274589,35.547821,28.931135,33.074680,30.466391,36.252768,31.066406,35.573964,29.160730,32.300775,30.912075,35.906343,32.292005,36.162005,31.024518,33.695199,31.626144,34.961762,76.524428,81.659806,135.182791,87.815025,136.386747,50.586054,41.657905,132.251595,120.800000,3.718000,381.560000,119.620000,2.798400,252.420000,627145.390664,10.549508,10.719746,20.253899,81.304993,Inf,Inf,32.882605
06/22/2026 12:37:14,0.000000,0.000000,74.686874,74.062527,63.711021,74.476671,74.872191,76.720587,74.757365,74.625528,34.458045,29.374051,28.967268,28.610158,32.077766,28.788621,28.823552,28.755740,32.892865,36.138394,34.495759,33.881695,33.660979,34.002463,33.318593,32.837664,32.806742,33.274803,36.599328,33.356563,32.781250,34.144706,33.964911,32.576242,32.144806,32.951188,34.626722,78.351029,39.866028,30.816379,24.250977,22.377294,23.023538,32.591469,30.577019,31.054594,79.674756,41.827775,30.924923,22.282756,21.638254,22.056865,30.166036,30.071354,30.110140,33.916894,33.905799,26.532782,24.336339,33.404567,33.433001,23.542881,27.716277,31.495214,37.660871,29.139318,33.634896,30.913777,36.755314,36.723970,32.671420,28.605443,32.096904,30.976935,36.617076,30.265981,35.560533,28.920552,33.089915,30.454033,36.264305,31.063314,35.577371,29.136506,32.325996,30.921557,35.904251,32.266322,36.178415,31.013850,33.711845,31.607202,34.992572,84.813714,87.824948,133.748170,89.090409,135.091453,50.566843,41.585068,157.945237,120.610000,3.822900,396.620000,119.620000,2.928000,271.590000,627205.388278,10.635200,10.743744,20.181179,93.160191,Inf,Inf,32.884855
06/22/2026 12:38:14,0.000000,0.000000,74.679094,74.035712,63.797315,74.455679,74.901059,76.731267,74.775054,74.628851,34.514354,29.315140,28.952061,28.570439,32.111135,28.771660,28.853405,28.722242,32.883489,36.146324,34.640350,33.886571,33.656974,34.013110,33.378097,32.836738,32.827140,33.278747,37.022660,33.310741,32.839145,34.049357,34.197175,32.489601,32.312282,32.885564,34.540828,77.602232,39.609968,30.829794,24.375513,22.495769,23.183181,32.586244,30.556628,30.986466,78.184257,41.898608,30.963606,22.452178,21.835804,22.187953,30.217860,30.091468,30.151206,33.890305,33.899940,26.530014,24.384576,33.432897,33.460887,23.695512,27.618665,31.474435,37.684896,29.134126,33.629617,30.927198,36.738553,36.719609,32.672374,28.620677,32.069618,31.012446,36.609438,30.269431,35.558202,28.924411,33.059979,30.459226,36.268715,31.055275,35.573268,29.155569,32.332109,30.915162,35.907196,32.267056,36.176626,31.004920,33.711845,31.630368,34.993015,82.286438,85.424923,134.547917,87.786614,135.830459,50.613827,41.754437,151.191188,120.750000,3.776900,390.050000,119.640000,2.879400,265.140000,627265.387038,10.479626,10.613438,20.350168,90.176490,Inf,Inf,32.885179
06/22/2026 12:39:14,0.000000,0.000000,74.688575,74.057040,63.471265,74.458306,74.875803,76.780256,74.751269,74.620276,34.441814,29.299758,28.943367,28.566968,32.085866,28.775773,28.873710,28.775117,32.883271,36.101386,34.543863,33.900433,33.648632,33.997225,33.391655,32.877426,32.870809,33.295731,36.671057,33.321504,32.928580,33.791457,33.926448,32.573293,32.225509,32.978022,34.594054,72.926623,40.188399,30.572409,24.363428,22.481422,23.100098,32.534913,30.516331,30.837663,75.481660,42.997390,30.984333,22.425503,21.830236,22.205261,30.219906,30.093737,30.152583,33.857486,33.895283,26.567328,24.462845,33.402184,33.459941,23.764424,27.335762,31.498678,37.673147,29.142340,33.628448,30.916221,36.733849,36.705548,32.686702,28.606944,32.079131,30.974736,36.621892,30.251218,35.555608,28.890873,33.080790,30.429728,36.250679,31.029545,35.582637,29.155633,32.341071,30.903049,35.934134,32.273205,36.155045,30.988102,33.699690,31.614611,34.973341,79.886412,82.849590,133.081483,85.355192,134.312998,50.581841,41.914192,150.209190,120.650000,3.752000,387.110000,119.590000,2.864300,263.220000,627325.384524,10.063193,10.475117,20.509216,89.735302,Inf,Inf,32.879220
06/22/2026 12:40:14,0.000000,0.000000,74.695119,74.070778,63.848646,74.498426,74.874080,76.750716,74.749453,74.643392,34.449834,29.364014,28.925111,28.594450,32.091026,28.822435,28.849640,28.794766,32.827729,36.162081,34.560312,33.926894,33.710632,34.041884,33.498745,32.891228,32.865453,33.317928,36.443565,33.560060,32.866252,33.860646,34.065768,32.714629,32.296167,33.034833,34.767411,72.655975,33.223473,30.670430,24.426819,22.453453,23.254146,32.540156,30.560362,30.927267,71.736036,37.103117,30.995412,22.490907,21.896543,22.248222,30.257257,30.130768,30.149492,33.863287,33.886785,26.584691,24.522835,33.415531,33.461292,23.661881,27.583365,31.488663,37.704754,29.148371,33.601038,30.882481,36.724243,36.696417,32.647730,28.594168,32.043944,30.965349,36.613987,30.243701,35.554339,28.895206,33.063327,30.442080,36.242370,31.043909,35.567632,29.128486,32.298421,30.890889,35.912304,32.272187,36.166218,30.984196,33.691800,31.608925,34.984531,70.262460,73.498195,134.139788,79.994958,135.330042,50.599083,41.107941,122.536343,120.850000,3.555300,360.290000,119.620000,2.659300,234.590000,627385.381328,10.967375,11.292357,19.703055,76.424460,Inf,Inf,32.870056
06/22/2026 12:41:14,0.000000,0.000000,74.726117,74.072199,63.826971,74.497513,74.874013,76.760344,74.754063,74.644622,34.434090,29.363799,28.936940,28.617752,32.096022,28.856441,28.894016,28.838698,32.926214,36.160539,34.546345,33.947862,33.638780,34.024226,33.493181,32.894996,32.841242,33.327501,36.527898,33.497666,32.827722,33.866125,34.017973,32.743684,32.313698,32.996339,34.762267,79.517645,39.995856,30.625005,24.299874,22.454974,23.147256,32.531460,30.483899,30.837408,80.918041,41.906310,30.984035,22.354351,21.746436,22.129118,30.229373,30.033743,30.112652,33.905188,33.941608,26.413320,24.418026,33.414564,33.491423,23.660907,27.346436,31.476358,37.670894,29.140958,33.616218,30.932917,36.747329,36.727619,32.687985,28.626078,32.075895,31.011601,36.649379,30.256173,35.560090,28.912585,33.065975,30.450976,36.255360,31.045397,35.578700,29.166835,32.307754,30.920282,35.914500,32.280177,36.180537,30.999499,33.729045,31.607972,34.995111,85.724754,88.908983,134.312864,90.262935,135.934130,50.526446,41.743366,159.175850,120.790000,3.850500,399.380000,119.460000,2.945700,274.050000,627445.379045,10.285871,10.644901,20.339134,93.694580,Inf,Inf,32.886340
06/22/2026 12:42:14,0.000000,0.000000,74.698406,74.068147,63.745392,74.494429,74.880647,76.761484,74.751527,74.634902,34.383175,29.330912,28.933933,28.569599,32.081370,28.836847,28.838404,28.796022,32.895209,36.081837,34.581509,33.929693,33.642813,34.048678,33.396924,32.873362,32.877785,33.347582,36.674459,33.561721,32.866199,33.887679,33.877467,32.785278,32.122376,32.970568,34.504538,78.108199,39.904787,30.651900,24.358741,22.458342,23.127148,32.531517,30.546356,30.887344,79.004304,41.818844,30.982742,22.430628,21.821426,22.184793,30.264646,30.060516,30.154581,33.878126,33.884817,26.510328,24.492940,33.426283,33.481817,23.651222,27.025399,31.488011,37.677592,29.113819,33.615878,30.907620,36.741680,36.705502,32.675983,28.619391,32.056145,30.985142,36.626273,30.273463,35.540055,28.919270,33.063301,30.472364,36.257936,31.056903,35.548917,29.150683,32.321451,30.911808,35.905192,32.289514,36.158762,31.015015,33.707013,31.614829,34.984200,83.545821,86.558560,134.650038,88.623275,135.802148,50.587767,41.612552,154.155795,120.700000,3.801500,393.080000,119.470000,2.905400,268.640000,627505.378210,10.443273,10.774115,20.208627,91.496909,Inf,Inf,32.880124
06/22/2026 12:43:14,0.000000,0.000000,74.703253,74.070884,63.850038,74.489831,74.887457,76.753946,74.783984,74.628063,34.424950,29.371114,28.937565,28.599959,32.080499,28.819467,28.871553,28.796158,32.905942,36.104483,34.615288,33.884865,33.601967,33.988762,33.501464,32.849045,32.798316,33.302820,36.524117,33.306375,32.864419,34.162485,34.056835,32.649648,32.331460,32.928290,34.626941,74.413516,39.328677,30.581139,24.293547,22.430251,23.076024,32.579959,30.511107,30.956482,76.375599,41.453024,30.977568,22.372957,21.763955,22.138556,30.228500,30.079750,30.146175,33.861760,33.901864,26.629352,24.458838,33.396429,33.463072,23.795347,27.034368,31.491167,37.690444,29.120100,33.601380,30.938084,36.739627,36.722700,32.666141,28.621563,32.067912,31.000935,36.617570,30.266032,35.550836,28.943161,33.051103,30.462806,36.239624,31.077239,35.567674,29.155290,32.304692,30.933001,35.893480,32.289316,36.146647,31.025994,33.689147,31.608491,34.965032,81.016410,84.242895,132.637295,86.076287,134.182693,50.551937,41.665285,151.900453,120.840000,3.777600,390.690000,119.550000,2.885500,266.130000,627565.376634,10.319875,10.716304,20.261264,90.493957,Inf,Inf,32.881573
06/22/2026 12:44:14,0.000000,0.000000,74.717439,74.050405,63.836586,74.497802,74.891623,76.746300,74.755861,74.615149,34.402450,29.295873,28.914946,28.558095,32.093927,28.832928,28.914184,28.808455,32.956309,36.058118,34.565731,33.951989,33.639355,33.979960,33.507934,32.892421,32.845326,33.341803,36.898765,33.381347,33.011849,33.902611,33.985639,32.799786,32.172627,32.991872,34.522695,71.230590,34.568717,30.670275,24.312831,22.314590,23.068271,32.545579,30.526127,30.906999,70.491665,39.376380,31.006883,22.347747,21.718948,22.067998,30.188246,30.091323,30.135458,33.819557,33.851148,26.504597,24.406685,33.407749,33.442848,23.662994,27.322951,31.485451,37.681239,29.132666,33.577812,30.910874,36.715267,36.716551,32.633723,28.626518,32.041862,30.995796,36.605479,30.273913,35.533412,28.925329,33.049782,30.450783,36.232627,31.070642,35.562657,29.180571,32.292536,30.952621,35.878876,32.285324,36.133449,31.038558,33.688728,31.635246,34.950423,71.114575,74.179375,133.707132,79.641475,134.666684,50.607146,41.107747,126.536360,120.760000,3.537500,360.460000,119.810000,2.670900,236.960000,627625.372985,10.967415,11.304023,19.702860,78.463689,Inf,Inf,32.875290
06/22/2026 12:45:14,0.000000,0.000000,74.698890,74.040299,63.435042,74.485239,74.890049,76.720701,74.742650,74.624756,34.418909,29.314200,28.947552,28.591343,32.117298,28.839404,28.898779,28.807325,32.921230,36.099784,34.552906,33.909593,33.652021,34.009491,33.439281,32.855728,32.879728,33.316642,36.494069,33.353078,32.932465,33.716732,34.123448,32.606089,32.117182,33.010721,34.582325,79.719919,39.882802,30.783872,24.264460,22.456717,23.088091,32.544790,30.530685,30.926255,80.944202,41.713016,30.965143,22.318747,21.693023,22.094565,30.226684,30.073584,30.060210,33.914675,33.915236,26.427443,24.330648,33.443791,33.485108,23.521508,27.059040,31.491718,37.695852,29.128235,33.614418,30.916404,36.726509,36.699139,32.664252,28.600928,32.072738,30.969671,36.626827,30.241925,35.568082,28.926685,33.080469,30.439657,36.279706,31.044948,35.579159,29.140536,32.315779,30.903173,35.937800,32.259090,36.173892,30.994148,33.710399,31.623572,34.985364,85.622967,88.890928,134.471659,90.343675,135.925666,50.614695,41.763372,158.250988,120.640000,3.842700,398.910000,119.540000,2.940200,272.950000,627685.371871,10.424800,10.606071,20.359072,93.293222,Inf,Inf,32.880369
06/22/2026 12:46:14,0.000000,0.000000,74.703447,74.081649,63.748359,74.495400,74.885419,76.750648,74.753650,74.642942,34.413659,29.328101,28.875359,28.551983,32.072255,28.820572,28.836642,28.823704,32.913302,36.184429,34.532572,33.907278,33.663474,34.032038,33.411164,32.876052,32.838339,33.375253,36.748474,33.208173,32.806718,34.034737,33.923742,32.618616,32.173374,32.962389,34.652983,78.357276,39.518590,30.590796,24.365115,22.444550,23.172796,32.535907,30.564572,30.940567,79.331516,42.054659,31.005572,22.398446,21.832585,22.169933,30.330562,30.084782,30.152990,33.880537,33.892469,26.591751,24.474374,33.426957,33.486934,23.634882,27.541756,31.485459,37.719694,29.124199,33.613823,30.902438,36.744942,36.682813,32.672747,28.613021,32.074478,30.987456,36.625246,30.272428,35.555864,28.939655,33.080946,30.456183,36.249096,31.054243,35.572702,29.139834,32.331985,30.933064,35.912145,32.291158,36.158776,31.003888,33.701460,31.614160,34.984864,83.810302,86.880981,134.369215,88.824393,135.802450,50.648972,41.757448,155.286866,120.760000,3.804000,393.660000,119.700000,2.907900,269.160000,627745.369786,10.237627,10.652403,20.353169,91.996205,Inf,Inf,32.883292
06/22/2026 12:47:14,0.000000,0.000000,74.723332,74.047846,63.280796,74.506844,74.918403,76.738034,74.772670,74.620973,34.448794,29.345575,28.947262,28.575154,32.123848,28.844631,28.926479,28.815398,32.966730,36.175654,34.556167,33.884158,33.643012,33.987167,33.399337,32.902007,32.882131,33.331930,36.936711,33.280830,32.830523,33.834287,34.034977,32.870983,32.137561,32.971067,34.778744,74.836538,39.139907,30.535687,24.317195,22.448111,23.091616,32.575419,30.498088,30.883161,76.715637,41.397366,30.980923,22.380816,21.757131,22.149228,30.250697,30.091104,30.143710,33.839322,33.901654,26.640310,24.342612,33.405906,33.479212,23.577826,27.799899,31.496691,37.681340,29.137674,33.607475,30.913005,36.704993,36.714917,32.660098,28.620408,32.074541,30.989747,36.615218,30.250290,35.552470,28.917605,33.029195,30.445294,36.233647,31.054736,35.554685,29.175668,32.301883,30.911037,35.945172,32.266942,36.162365,31.016859,33.685925,31.607041,34.968024,81.311123,84.579340,132.528452,86.382426,134.229474,50.594661,41.492906,152.263988,120.670000,3.780600,391.070000,119.680000,2.884700,266.340000,627805.366868,10.446624,10.891860,20.089063,90.656291,Inf,Inf,32.876498
06/22/2026 12:48:14,0.000000,0.000000,74.734912,74.078463,63.827748,74.498863,74.876207,76.737241,74.754511,74.637886,34.413750,29.296081,28.912031,28.545850,32.073259,28.849683,28.849548,28.824566,32.929398,36.100835,34.569044,33.898067,33.619615,34.014837,33.443122,32.890248,32.828844,33.318666,36.431022,33.497273,32.849963,34.109877,33.903434,32.640970,32.276790,32.950127,34.560449,71.085164,35.190152,30.718084,24.313930,22.326903,23.071843,32.583370,30.508731,30.759813,70.342059,40.104461,31.008158,22.342303,21.713101,22.056770,30.255100,30.101457,30.158520,33.834980,33.859079,26.562620,24.387229,33.435087,33.476848,23.647556,27.106039,31.517661,37.680486,29.136812,33.593051,30.901207,36.720712,36.702999,32.641448,28.580726,32.062808,30.984683,36.604421,30.262594,35.523934,28.897076,33.033187,30.447515,36.250684,31.051832,35.558939,29.144714,32.286578,30.923061,35.889358,32.250916,36.146638,30.993010,33.696236,31.614711,34.964571,71.736390,74.766370,133.596637,80.024030,134.683207,50.654920,41.220789,128.785227,120.930000,3.554400,362.160000,119.820000,2.686800,239.530000,627865.364459,10.901669,11.191743,19.816415,79.591602,Inf,Inf,32.868752
06/22/2026 12:49:14,0.000000,0.000000,74.806392,74.070503,63.612495,74.517990,74.893635,76.752945,74.767393,74.619499,34.448638,29.342296,28.947105,28.580414,32.118413,28.840968,28.905094,28.823901,32.947902,36.145833,34.536489,33.920474,33.664237,34.029249,33.378926,32.888697,32.822508,33.334550,36.605284,33.384759,32.915292,33.849680,34.117842,32.581348,32.093325,32.892201,34.697838,79.924423,40.156391,30.756633,24.291567,22.439926,23.138336,32.525275,30.504889,30.820308,81.002199,41.697742,30.997008,22.349020,21.701157,22.103593,30.177703,30.056760,30.123632,33.929444,33.949650,26.498270,24.350139,33.401381,33.469800,23.476060,27.689356,31.472803,37.685929,29.106622,33.599133,30.909091,36.725000,36.711031,32.644630,28.607566,32.065079,30.990522,36.582329,30.243906,35.548339,28.883773,33.047491,30.441354,36.234139,31.027602,35.560303,29.152777,32.303519,30.920913,35.901839,32.270573,36.161528,31.003093,33.700903,31.615828,34.960806,85.661608,88.990229,134.477163,90.451525,136.052755,50.584910,41.716368,157.922900,120.860000,3.850400,398.670000,119.630000,2.940400,273.440000,627925.363073,10.444415,10.684790,20.312218,93.150466,Inf,Inf,32.869281
06/22/2026 12:50:14,0.000000,0.000000,74.797669,74.081647,63.195530,74.537747,74.896063,76.754946,74.749082,74.627808,34.379864,29.295027,28.885103,28.577980,32.085724,28.876454,28.869759,28.834070,32.935461,36.151152,34.610584,33.882530,33.653820,34.029935,33.505897,32.887271,32.831087,33.342679,36.756301,33.278693,32.853857,34.111546,33.905991,32.758261,32.241762,32.994703,34.623568,78.602274,39.675268,30.668961,24.344721,22.507969,23.179884,32.600762,30.553348,30.938058,79.459422,41.707953,30.999952,22.447498,21.815004,22.179271,30.232411,30.147359,30.186143,33.904678,33.909959,26.580755,24.404617,33.436352,33.471893,23.668539,27.769039,31.513564,37.684818,29.147876,33.610471,30.910217,36.716384,36.703813,32.656498,28.581993,32.062882,30.977628,36.602328,30.259594,35.557730,28.910000,33.045619,30.445718,36.261105,31.037366,35.570580,29.157323,32.284474,30.902102,35.926992,32.240224,36.152190,30.987011,33.698206,31.607332,34.945697,84.096928,87.167058,134.623374,89.087808,136.030175,50.630402,41.563897,156.103120,120.820000,3.812100,394.930000,119.660000,2.914400,269.930000,627985.360727,10.508933,10.839924,20.160028,92.355018,Inf,Inf,32.871925
06/22/2026 12:51:14,0.000000,0.000000,74.794090,74.091174,63.236878,74.546191,74.889295,76.779386,74.762640,74.635030,34.371064,29.298224,28.898115,28.573466,32.063420,28.842944,28.897861,28.839867,32.950206,36.118903,34.619532,33.917112,33.664872,34.046310,33.385940,32.894827,32.856898,33.372028,36.848346,33.290714,32.784292,34.242728,34.078937,32.572612,32.276538,32.990773,34.603675,76.184386,39.130123,30.515549,24.326563,22.453460,23.119036,32.595518,30.530710,30.852275,77.884521,41.068564,31.047738,22.409488,21.774716,22.184298,30.276191,30.127970,30.158730,33.881814,33.894078,26.616156,24.359112,33.433390,33.513802,23.545961,27.821543,31.504481,37.707628,29.132984,33.624307,30.906718,36.736360,36.679775,32.672807,28.591218,32.069078,30.956648,36.601756,30.225139,35.558486,28.881812,33.062428,30.433155,36.240144,31.032310,35.570450,29.154963,32.311039,30.896672,35.931339,32.254379,36.167533,30.975716,33.706488,31.595591,34.992101,82.511711,85.804727,132.994129,87.395035,134.578883,50.555433,41.608376,154.319111,120.690000,3.800100,393.080000,119.580000,2.905600,268.290000,628045.358754,10.311092,10.843281,20.204457,91.569154,Inf,Inf,32.872450
06/22/2026 12:52:14,0.000000,0.000000,74.787107,74.080802,63.305183,74.563037,74.890082,76.765839,74.738782,74.619197,34.375709,29.281930,28.889402,28.549890,32.121346,28.831417,28.888342,28.818302,32.923296,36.113354,34.608649,33.896759,33.672939,34.016193,33.344913,32.888897,32.805311,33.304478,36.794362,33.540396,32.933512,34.235016,34.091200,32.462582,32.141476,32.985202,34.532011,69.030402,36.927712,30.595431,24.269452,22.233905,22.937987,32.541261,30.548098,30.891267,70.347991,42.894776,31.038650,22.263564,21.610032,21.964504,30.271292,30.120612,30.168312,33.788337,33.855716,26.552088,24.447529,33.418080,33.499382,23.580246,27.492344,31.506994,37.699514,29.125687,33.627090,30.929118,36.751078,36.703381,32.687193,28.615914,32.092393,30.990244,36.613086,30.250371,35.597745,28.905206,33.084403,30.464998,36.271429,31.049095,35.585782,29.159246,32.345119,30.921378,35.950135,32.277712,36.183325,31.005870,33.718408,31.602202,34.998237,73.566609,76.538011,132.846120,80.748275,133.989325,50.577132,41.419293,135.085582,120.820000,3.608300,369.480000,119.770000,2.740000,246.610000,628105.357162,10.580027,11.023246,20.015404,82.683895,Inf,Inf,32.890412
06/22/2026 12:53:14,0.000000,0.000000,74.826688,74.098006,63.475066,74.607088,74.900320,76.743176,74.776842,74.630640,34.402069,29.333400,28.917240,28.602296,32.108641,28.875784,28.927163,28.820989,32.945258,36.126373,34.567569,33.895627,33.666477,34.002187,33.459997,32.913803,32.845524,33.416200,36.656953,33.336668,32.787390,33.969266,33.878243,32.857196,32.085931,32.946609,34.600416,79.906177,39.430688,30.773371,24.343409,22.466748,23.146042,32.503567,30.583869,30.943534,80.832518,41.536130,31.002424,22.373305,21.773938,22.122071,30.236189,30.072592,30.151945,33.909690,33.928850,26.495211,24.395825,33.449395,33.489823,23.550003,27.525699,31.495277,37.702476,29.126000,33.597084,30.921742,36.737561,36.692899,32.665540,28.592850,32.078545,30.969693,36.619328,30.242840,35.543292,28.891728,33.064751,30.458663,36.244028,31.045577,35.560573,29.148142,32.315803,30.915936,35.927453,32.273168,36.165662,31.003244,33.689530,31.607539,34.977387,84.940972,88.397971,134.941826,90.182801,136.354080,50.622762,41.729090,154.725377,120.600000,3.828800,396.800000,119.660000,2.924700,270.400000,628165.353417,10.448469,10.677522,20.324902,91.748649,Inf,Inf,32.875810
06/22/2026 12:54:14,0.000000,0.000000,74.828640,74.114759,63.325014,74.608391,74.895286,76.777355,74.759848,74.617446,34.359947,29.323177,28.893185,28.570673,32.081106,28.832567,28.876697,28.847700,32.917730,36.147662,34.539209,33.856164,33.624338,33.995583,33.389743,32.884404,32.786424,33.334926,36.429514,33.306044,32.838193,33.853492,33.853936,32.760382,32.201852,32.992173,34.547841,78.982577,39.784296,30.640588,24.371495,22.489054,23.173873,32.537421,30.550044,30.958518,80.004220,41.908844,31.001602,22.420011,21.804947,22.185364,30.324055,30.140633,30.186105,33.896647,33.928031,26.559622,24.461254,33.425040,33.509451,23.675051,27.166961,31.483982,37.680224,29.131196,33.608376,30.909452,36.729783,36.701173,32.637389,28.598963,32.070025,30.973194,36.612948,30.251124,35.559501,28.919489,33.046185,30.449851,36.261526,31.057397,35.571908,29.141265,32.303159,30.927625,35.918698,32.250579,36.166780,30.987435,33.695353,31.617389,34.953491,84.766885,87.781662,134.769739,89.583533,136.102117,50.638425,41.810473,157.520519,120.670000,3.827600,396.110000,119.500000,2.929300,271.630000,628225.352755,10.234594,10.595608,20.405994,92.975111,Inf,Inf,32.873849
06/22/2026 12:55:14,0.000000,0.000000,74.851817,74.099899,63.345083,74.595406,74.889488,76.781264,74.745357,74.622392,34.382550,29.323594,28.887357,28.560023,32.054907,28.833964,28.894497,28.830703,32.911033,36.094941,34.501912,33.823363,33.665704,33.980103,33.474556,32.910146,32.848549,33.318807,36.797568,33.233932,32.940288,33.963893,34.029600,32.717977,32.099839,33.056519,34.688362,76.130037,39.191509,30.509826,24.296657,22.418121,23.085366,32.534080,30.543576,30.948420,77.829685,41.112458,31.007281,22.373260,21.749527,22.119649,30.268552,30.117603,30.203642,33.871044,33.924809,26.601060,24.331851,33.408553,33.467198,23.662462,27.263083,31.499680,37.691818,29.125948,33.594801,30.894495,36.687500,36.696483,32.650909,28.578618,32.043935,30.959101,36.580338,30.236106,35.529064,28.882758,33.043812,30.430534,36.234222,31.049076,35.551663,29.140958,32.293954,30.928365,35.905703,32.241084,36.131945,30.982679,33.687842,31.592480,34.964172,82.511300,85.753514,132.695571,87.258134,134.391947,50.544764,41.521846,154.456367,120.740000,3.799100,392.830000,119.690000,2.899400,267.630000,628285.351134,10.391826,10.889281,20.118000,91.629831,Inf,Inf,32.861001
06/22/2026 12:56:14,0.000000,0.000000,74.882401,74.128397,63.298568,74.615103,74.877493,76.768032,74.747600,74.646610,34.370616,29.253619,28.865099,28.555294,32.084014,28.828344,28.877731,28.842934,32.923973,36.049378,34.574277,33.923450,33.622354,33.977173,33.437868,32.936117,32.818866,33.298473,36.492348,33.511292,32.880836,34.000864,33.989765,33.075543,32.306525,33.007398,34.579451,69.319735,37.370500,30.620514,24.219890,22.221924,22.902997,32.552350,30.534250,30.898203,71.037703,43.006103,31.038247,22.238043,21.588011,21.985559,30.252539,30.081186,30.166781,33.800134,33.861975,26.528003,24.416912,33.414791,33.476989,23.604252,27.114707,31.504477,37.684202,29.144577,33.595652,30.910946,36.725957,36.713975,32.669379,28.607857,32.065580,30.999937,36.620380,30.250141,35.568716,28.907276,33.061130,30.451020,36.273527,31.059673,35.554980,29.164814,32.310632,30.934141,35.922960,32.263759,36.159300,31.014666,33.719144,31.636799,34.982123,74.038529,77.093088,132.598097,81.062436,133.911741,50.577133,41.336259,135.900218,120.870000,3.622300,370.750000,119.710000,2.747000,247.700000,628345.347589,10.688282,11.106015,19.932232,83.076718,Inf,Inf,32.882591
06/22/2026 12:57:14,0.000000,0.000000,74.861093,74.104955,63.349776,74.565353,74.898311,76.746229,74.773529,74.626904,34.371228,29.284116,28.889804,28.551364,32.105906,28.856535,28.898837,28.824782,32.946814,36.019875,34.585536,33.893786,33.704608,34.033642,33.355810,32.869123,32.897250,33.267946,36.764625,33.387918,32.961022,33.986821,34.110680,32.777403,32.000864,32.982113,34.652702,79.838721,39.415866,30.702237,24.272698,22.500839,23.129546,32.538344,30.543392,30.926788,80.723610,41.925460,30.972068,22.376838,21.719278,22.154002,30.246526,30.091058,30.112011,33.905882,33.902599,26.473709,24.388378,33.453110,33.482431,23.574801,27.382445,31.503375,37.668967,29.128755,33.600266,30.909782,36.752234,36.689000,32.669627,28.597843,32.077284,30.968431,36.628878,30.232847,35.577668,28.900677,33.058111,30.458244,36.287361,31.043741,35.598050,29.139481,32.328074,30.911506,35.952725,32.262516,36.176235,30.987148,33.715771,31.610694,34.980084,84.787755,88.214777,135.063766,90.050625,136.341278,50.552389,41.704423,154.362651,120.780000,3.827000,396.310000,119.670000,2.919500,269.860000,628405.345355,10.401931,10.671762,20.300306,91.588406,Inf,Inf,32.880513
06/22/2026 12:58:14,0.000000,0.000000,74.882512,74.112017,63.187315,74.552333,74.891633,76.778346,74.767570,74.645031,34.360306,29.245040,28.893545,28.529406,32.060418,28.840827,28.896949,28.867952,32.934538,36.096213,34.575504,33.930990,33.641445,34.018010,33.463671,32.888582,32.813018,33.319290,36.646728,33.430813,32.777176,34.128653,34.205000,32.585509,32.141048,33.000778,34.625193,79.009825,39.993994,30.476481,24.356439,22.537194,23.162167,32.571168,30.506308,30.866066,79.992688,42.345500,30.980963,22.459778,21.832710,22.233299,30.319988,30.148452,30.165393,33.907099,33.903470,26.656434,24.418300,33.454377,33.485031,23.716270,27.127932,31.511877,37.684029,29.136374,33.589864,30.918509,36.729042,36.705303,32.654882,28.612052,32.056818,30.994728,36.601618,30.254421,35.561007,28.909071,33.046473,30.461283,36.262703,31.063483,35.553031,29.169097,32.274416,30.941282,35.923413,32.249977,36.152460,31.005107,33.681217,31.611674,34.967313,84.768627,87.821904,134.664071,89.643626,136.014361,50.602738,41.669073,157.479245,120.670000,3.821200,395.880000,119.630000,2.924500,271.100000,628465.344534,10.211438,10.715920,20.265043,92.957107,Inf,Inf,32.876084
06/22/2026 12:59:14,0.000000,0.000000,74.839968,74.113835,63.580586,74.529104,74.893761,76.784685,74.770839,74.630129,34.363810,29.316801,28.908667,28.579646,32.062018,28.833508,28.886720,28.814895,32.874474,36.048343,34.508464,33.873087,33.648372,33.946794,33.387284,32.893059,32.828117,33.298387,36.614407,33.269948,32.836538,34.046754,33.964177,32.797411,32.333892,32.956505,34.638238,76.516530,39.060671,30.435125,24.311768,22.361958,23.133760,32.526960,30.581012,30.898419,78.285427,41.088606,31.029981,22.323904,21.771511,22.090041,30.263200,30.018096,30.155406,33.820332,33.954531,26.681453,24.441571,33.396616,33.521011,23.589065,27.521517,31.472838,37.708059,29.112456,33.588519,30.918497,36.715756,36.710405,32.647113,28.607381,32.067095,30.997888,36.599440,30.264709,35.560155,28.906956,33.045698,30.481010,36.275150,31.063981,35.561484,29.178944,32.309600,30.947190,35.920870,32.258100,36.150740,31.001594,33.702101,31.627722,34.969097,82.965115,86.174399,132.926968,87.629176,134.560466,50.520398,41.553991,154.905526,120.740000,3.802300,393.450000,119.650000,2.904700,268.690000,628525.341032,10.284995,10.879851,20.150130,91.828140,Inf,Inf,32.879018
06/22/2026 13:00:14,0.000000,0.000000,74.875866,74.115514,63.477380,74.510310,74.903280,76.784488,74.754459,74.609943,34.363926,29.204523,28.849897,28.509352,32.076020,28.795347,28.882056,28.796848,32.891929,36.054215,34.554278,33.887945,33.640137,34.002052,33.353315,32.907084,32.841826,33.309866,36.715221,33.489809,32.901793,34.212670,34.135436,32.870672,32.367120,32.920801,34.648747,69.654242,37.945814,30.580749,24.258911,22.281200,22.941019,32.554054,30.530610,30.882933,71.736679,43.401884,30.968983,22.270140,21.639994,22.035277,30.182030,30.068585,30.127878,33.800460,33.830699,26.580533,24.384848,33.451383,33.480261,23.658611,27.526255,31.492713,37.671207,29.151980,33.601721,30.906340,36.732888,36.670864,32.685197,28.583570,32.069401,30.961873,36.631984,30.220373,35.572359,28.861880,33.070571,30.434635,36.271334,31.023599,35.555079,29.103806,32.328527,30.914195,35.919523,32.251852,36.191643,30.973244,33.720952,31.605199,34.999447,74.902909,77.983737,132.746185,81.722694,133.969032,50.524990,41.556905,137.974439,120.770000,3.644800,373.460000,119.790000,2.765400,250.460000,628585.339193,10.427707,10.815941,20.153042,84.069929,Inf,Inf,32.872599
06/22/2026 13:01:14,0.000000,0.000000,74.810724,74.112473,63.738040,74.502966,74.862565,76.788123,74.743283,74.623699,34.355303,29.295764,28.869334,28.570835,32.096844,28.867972,28.863339,28.785714,32.886403,36.091222,34.588249,33.949126,33.597404,33.998408,33.367552,32.893322,32.811958,33.337338,36.619565,33.367996,32.835220,34.097821,34.202134,32.823216,32.225793,32.931628,34.649791,79.937537,39.651437,30.605201,24.328226,22.464542,23.124962,32.514669,30.496935,30.838721,80.895784,42.090024,30.976357,22.356939,21.770778,22.144928,30.200508,30.030598,30.151413,33.896283,33.933070,26.465499,24.365770,33.429337,33.482205,23.510518,27.248475,31.477087,37.689294,29.101098,33.587378,30.926711,36.722141,36.700193,32.646189,28.602884,32.057974,30.987864,36.605889,30.235097,35.537810,28.901003,33.056658,30.446090,36.247585,31.045592,35.564840,29.147531,32.305850,30.939907,35.910531,32.261062,36.163463,30.988553,33.697281,31.620214,34.977587,84.830504,88.294489,135.156482,90.192012,136.349027,50.574093,41.754729,154.448113,120.800000,3.827400,396.540000,119.710000,2.921000,270.530000,628645.337296,10.254742,10.625898,20.350459,91.626183,Inf,Inf,32.871712
06/22/2026 13:02:14,0.000000,0.000000,74.809051,74.085428,63.489734,74.487436,74.866897,76.750293,74.744239,74.613667,34.380868,29.287115,28.885665,28.562165,32.100658,28.806216,28.882461,28.826697,32.954248,36.126029,34.529512,33.907643,33.637189,34.018196,33.445688,32.896373,32.848800,33.311504,36.756230,33.481228,32.734906,33.953712,34.296845,32.819389,32.475127,32.998062,34.604294,79.264894,40.249440,30.611881,24.373927,22.486558,23.154935,32.531076,30.578006,30.921862,80.295081,42.224752,30.989289,22.413002,21.825469,22.174033,30.247711,30.120012,30.165929,33.894757,33.901554,26.640209,24.438852,33.450341,33.492991,23.718920,27.195687,31.489025,37.675062,29.128216,33.598123,30.912088,36.742135,36.704054,32.660298,28.585360,32.069956,31.000753,36.610877,30.248591,35.575151,28.900313,33.063082,30.468578,36.254072,31.060143,35.574708,29.161925,32.301522,30.944565,35.904973,32.263043,36.169951,31.011125,33.720567,31.620406,34.997289,85.171377,88.256887,134.861512,90.024155,136.311377,50.673316,41.761138,158.397794,120.770000,3.831500,397.290000,119.560000,2.929900,272.480000,628705.335701,10.255035,10.632443,20.356846,93.357036,Inf,Inf,32.880532
06/22/2026 13:03:14,0.000000,0.000000,74.835783,74.105417,63.119369,74.480517,74.908564,76.758146,74.746426,74.616278,34.382810,29.336342,28.905462,28.591440,32.094254,28.819426,28.917907,28.843853,32.970419,36.110255,34.569165,33.884381,33.641902,34.006036,33.482321,32.896131,32.870784,33.328587,36.678996,33.410786,32.862797,34.125799,34.058323,32.737410,32.237879,32.992602,34.769627,77.898375,39.647597,30.501479,24.309560,22.429253,23.130389,32.548522,30.545568,30.950470,79.415238,41.504710,30.977135,22.338439,21.757366,22.114477,30.225076,30.066602,30.167354,33.890848,33.904540,26.640980,24.390090,33.417045,33.473024,23.667439,26.700238,31.498300,37.661281,29.127242,33.592997,30.926999,36.720658,36.710679,32.643386,28.606318,32.063765,30.989653,36.602387,30.261437,35.551585,28.905445,33.029079,30.475488,36.255311,31.057825,35.542723,29.172548,32.284533,30.927855,35.911840,32.237015,36.139311,30.999895,33.670088,31.624123,34.968619,84.190415,87.406846,133.796674,88.879936,135.290424,50.584598,41.568656,156.507929,120.800000,3.815200,395.560000,119.590000,2.921600,270.610000,628765.332981,10.336696,10.812352,20.164783,92.532500,Inf,Inf,32.871946
06/22/2026 13:04:14,0.000000,0.000000,74.812431,74.074856,63.398949,74.455222,74.874410,76.777180,74.753246,74.598166,34.380066,29.274714,28.890659,28.537704,32.090501,28.813879,28.900478,28.823747,32.949889,36.096005,34.612561,33.872199,33.594182,34.000516,33.465853,32.884097,32.832255,33.346513,36.784894,33.403386,32.873873,33.989916,34.102233,32.774723,32.101204,32.943195,34.640483,71.634379,39.162359,30.506669,24.219136,22.300999,22.952387,32.507960,30.487984,30.763772,73.757572,41.772994,30.995405,22.254126,21.643300,22.012564,30.193338,30.006445,30.171842,33.810060,33.840598,26.573962,24.327362,33.420537,33.472962,23.577348,27.367796,31.488759,37.665959,29.136424,33.598099,30.917413,36.732820,36.690492,32.661787,28.604701,32.069915,30.978877,36.620732,30.231327,35.563751,28.885485,33.044751,30.437716,36.258779,31.042601,35.564194,29.151788,32.302533,30.938666,35.908411,32.248699,36.163590,31.001604,33.681677,31.610799,34.978859,77.657724,80.906839,131.964802,83.364949,133.458645,50.554711,41.445514,145.136694,120.830000,3.713700,382.290000,119.760000,2.829800,258.180000,628825.331277,10.465019,10.953755,20.041650,87.425161,Inf,Inf,32.872707
06/22/2026 13:05:14,0.000000,0.000000,74.768774,74.083175,63.324718,74.439334,74.877119,76.747846,74.760252,74.592072,34.369647,29.286095,28.889107,28.562263,32.112771,28.854048,28.929399,28.795565,32.958122,36.065681,34.536928,33.907296,33.645281,33.989879,33.445785,32.899138,32.844583,33.295292,36.887852,33.403264,32.765231,34.224146,34.065234,32.598912,32.308670,33.039768,34.742174,78.788371,38.768612,30.730678,24.303233,22.456993,23.127870,32.560699,30.562228,30.910514,79.349823,41.736180,30.984693,22.358601,21.740036,22.103881,30.257786,30.126046,30.149228,33.869685,33.883209,26.481453,24.277188,33.456484,33.496912,23.565661,26.720185,31.484777,37.675709,29.131099,33.569128,30.921324,36.731837,36.679602,32.660181,28.575873,32.055627,30.982841,36.606146,30.221092,35.561996,28.870508,33.045831,30.412945,36.257497,31.027941,35.551805,29.141546,32.310558,30.913901,35.900628,32.243995,36.159208,30.979368,33.688425,31.605094,34.976727,82.534041,86.096617,135.026285,88.616165,136.311345,50.564482,41.724332,148.002244,120.770000,3.777000,389.120000,119.620000,2.871200,263.490000,628885.327580,10.410520,10.664535,20.320158,88.736699,Inf,Inf,32.864774
06/22/2026 13:06:14,0.000000,0.000000,74.745247,74.087961,63.590353,74.419907,74.872910,76.755871,74.745666,74.604530,34.402738,29.285012,28.862149,28.555291,32.062203,28.831910,28.884022,28.826473,32.929480,36.102244,34.551822,33.863503,33.654331,34.004253,33.453018,32.872143,32.837846,33.320108,36.747542,33.375205,33.183407,33.917255,33.923915,32.741972,32.219787,32.945187,34.720100,79.968546,40.171838,30.562341,24.339140,22.514932,23.189899,32.562668,30.580247,30.944967,80.919448,42.186013,30.988826,22.422849,21.803047,22.191986,30.253519,30.087846,30.127077,33.903126,33.928177,26.620086,24.426992,33.443901,33.513649,23.567308,27.238300,31.486094,37.684528,29.118590,33.580850,30.945562,36.716523,36.686159,32.645869,28.599886,32.038652,31.003276,36.599362,30.249474,35.545898,28.894180,33.034302,30.448633,36.263638,31.055067,35.565395,29.154334,32.296619,30.942004,35.890912,32.276059,36.172434,31.002038,33.682882,31.639630,34.955673,85.355091,88.917145,135.142861,90.600531,136.372124,50.631064,41.841161,156.991078,120.660000,3.847500,399.070000,119.680000,2.947200,274.360000,628945.326323,10.125791,10.552276,20.436550,92.743927,Inf,Inf,32.872484
06/22/2026 13:07:14,0.000000,0.000000,74.754656,74.102874,63.060242,74.408819,74.870278,76.777694,74.738275,74.608548,34.364938,29.290283,28.905787,28.554098,32.050777,28.834732,28.898337,28.862648,32.984079,36.093751,34.561502,33.858319,33.616721,33.977315,33.427734,32.886409,32.855727,33.363749,36.708259,33.403737,32.649821,34.212814,33.763512,32.571101,32.087693,32.936367,34.677586,77.942068,39.132429,30.398423,24.287479,22.393680,23.087536,32.511770,30.527014,30.979205,79.506625,41.759107,31.017844,22.309447,21.743623,22.093562,30.206964,30.089553,30.153749,33.875077,33.955758,26.625500,24.367259,33.406823,33.486348,23.558146,27.057899,31.495481,37.720354,29.109700,33.583739,30.902560,36.738427,36.693307,32.661504,28.597724,32.074395,30.970439,36.623400,30.229557,35.553130,28.896985,33.029984,30.454555,36.266886,31.065911,35.566866,29.136189,32.285639,30.922078,35.928687,32.243706,36.184538,30.981244,33.703408,31.593838,34.994347,84.254779,87.490766,133.402710,88.941270,135.196615,50.565638,41.626245,156.743920,120.910000,3.824200,395.320000,119.600000,2.918700,270.690000,629005.324718,10.176124,10.795545,20.222299,92.635825,Inf,Inf,32.873619
06/22/2026 13:08:14,0.000000,0.000000,74.717417,74.112966,63.135586,74.438698,74.890846,76.789786,74.736900,74.632105,34.356369,29.278549,28.850777,28.505338,32.101834,28.785980,28.884724,28.814684,32.979496,36.135236,34.507237,33.875514,33.622817,34.002054,33.452384,32.889292,32.872266,33.334956,36.537979,33.411823,32.797142,33.935047,34.252447,32.976311,32.254361,32.967283,34.661415,72.374497,38.784672,30.475020,24.223175,22.337783,22.971221,32.505745,30.478188,30.821332,74.249468,41.698752,31.013641,22.324501,21.686839,22.059227,30.233914,30.094342,30.123765,33.799916,33.836567,26.560969,24.342234,33.419748,33.473950,23.615521,26.783531,31.459290,37.690645,29.125210,33.595577,30.898839,36.730308,36.689837,32.656236,28.584855,32.068025,30.970300,36.597171,30.206701,35.548578,28.881661,33.025384,30.452616,36.261218,31.039707,35.541932,29.152126,32.296641,30.942867,35.906386,32.236876,36.163815,30.967962,33.705219,31.613029,34.987730,78.183085,81.438720,132.115555,83.809613,133.610745,50.529473,41.460955,145.886424,120.980000,3.719800,383.560000,119.770000,2.835600,259.370000,629065.321771,10.417919,10.956540,20.057101,87.769961,Inf,Inf,32.866558
06/22/2026 13:09:14,0.000000,0.000000,74.718491,74.054841,63.294306,74.411876,74.904595,76.748284,74.739910,74.625396,34.367112,29.264369,28.879866,28.540432,32.095447,28.782700,28.891564,28.806802,32.985366,36.050309,34.568555,33.878466,33.677293,34.002342,33.382779,32.899666,32.872923,33.337391,36.523144,33.314729,32.903687,34.197251,34.084947,32.723168,32.241179,32.968338,34.599475,78.994556,38.359548,30.654178,24.342817,22.473777,23.156250,32.529712,30.542765,30.846041,79.607540,42.122295,30.986860,22.402037,21.776083,22.149334,30.246790,30.060211,30.138674,33.882707,33.886257,26.490328,24.372042,33.451556,33.520859,23.592943,27.253768,31.467665,37.693648,29.134931,33.554780,30.936788,36.702501,36.702479,32.649820,28.593141,32.047426,30.995128,36.606069,30.223243,35.542422,28.903312,33.038956,30.461322,36.255490,31.045974,35.549512,29.141914,32.281561,30.933746,35.895549,32.259805,36.150560,30.976903,33.684330,31.614351,34.962883,82.900659,86.384582,135.128907,88.885009,136.508137,50.594027,41.669559,149.073911,120.970000,3.779900,390.460000,119.760000,2.875800,264.420000,629125.319210,10.388650,10.721332,20.265528,89.222841,Inf,Inf,32.866874
06/22/2026 13:10:14,0.000000,0.000000,74.684780,74.064660,63.744430,74.442302,74.885577,76.770618,74.753787,74.624907,34.383657,29.358156,28.942448,28.570609,32.081487,28.817781,28.840631,28.810295,32.926368,36.083647,34.550491,33.928477,33.669134,34.031480,33.411138,32.892476,32.810763,33.331256,36.715281,33.466324,33.013312,33.753979,34.200623,32.732327,32.391644,32.912855,34.719333,79.587446,39.354499,30.568013,24.359009,22.466682,23.177036,32.540560,30.557201,30.967255,80.258080,41.997028,30.976016,22.369601,21.788372,22.150405,30.270144,30.093647,30.157843,33.868054,33.944275,26.607243,24.425130,33.435387,33.499806,23.681899,26.468288,31.482197,37.681547,29.118258,33.582165,30.906774,36.734204,36.673074,32.645170,28.575983,32.063661,30.972615,36.608320,30.217486,35.546892,28.858311,33.031455,30.441767,36.260017,31.034488,35.548221,29.117867,32.297172,30.914640,35.881875,32.256747,36.168812,30.974775,33.678741,31.609636,34.995881,82.477596,87.151416,135.258662,89.693668,136.556431,50.672515,41.769199,145.486147,120.980000,3.822600,395.710000,119.730000,2.899800,266.100000,629185.316848,10.203134,10.611137,20.364879,87.586021,Inf,Inf,32.862625
06/22/2026 13:11:14,0.000000,0.000000,74.675803,74.074283,63.850910,74.452436,74.861487,76.760913,74.762242,74.631250,34.341885,29.420534,28.910270,28.615669,32.059675,28.830714,28.863741,28.856157,32.948093,36.162848,34.539342,33.913820,33.608279,34.019489,33.383060,32.886609,32.835400,33.393199,36.478710,33.510043,32.856823,34.036376,33.896521,32.481044,32.245236,32.961722,34.511682,79.363753,39.677540,30.637831,24.365785,22.477057,23.156175,32.529638,30.571662,30.950291,80.571597,42.036559,30.999372,22.381445,21.771521,22.138046,30.197234,30.046807,30.069544,33.915535,33.937353,26.694102,24.259813,33.436130,33.512098,23.625765,27.467167,31.502366,37.676804,29.148708,33.606966,30.933438,36.738555,36.677717,32.659621,28.597174,32.070216,30.969819,36.596131,30.248449,35.563489,28.913154,33.047429,30.468482,36.285290,31.054134,35.577225,29.131452,32.307163,30.951154,35.923038,32.257163,36.178592,30.988628,33.700578,31.641788,34.982210,85.351687,88.433701,134.824011,90.047452,136.251830,50.648189,41.744920,158.440849,120.810000,3.828700,398.290000,119.940000,2.936800,272.720000,629245.315131,10.297148,10.658689,20.340683,93.375743,Inf,Inf,32.879898
06/22/2026 13:12:14,0.000000,0.000000,74.687478,74.109223,63.399066,74.502957,74.893396,76.777998,74.767605,74.633656,34.376343,29.387376,28.928404,28.622286,32.020434,28.827961,28.854112,28.842959,32.973276,36.109116,34.505023,33.916409,33.640628,34.000767,33.414790,32.901021,32.846390,33.346420,36.886552,33.473044,32.759826,34.110001,34.050515,32.802957,32.221770,32.995623,34.566813,75.879216,38.828182,30.633066,24.249797,22.280590,23.009948,32.571311,30.539880,30.918065,77.566468,41.211412,30.970870,22.224499,21.599066,21.993468,30.238110,30.054246,30.116660,33.860780,33.942699,26.619955,24.399489,33.398828,33.503677,23.514698,27.052132,31.482154,37.681062,29.120444,33.581185,30.921389,36.733671,36.703433,32.637437,28.600796,32.054500,30.979039,36.602344,30.227514,35.555973,28.893909,33.042922,30.455048,36.255715,31.034169,35.552872,29.141728,32.301842,30.934603,35.922532,32.241973,36.155655,30.995400,33.687980,31.624250,34.970962,82.245503,85.431467,132.712262,86.906234,134.401095,50.570752,41.399093,153.597706,120.960000,3.787500,391.400000,119.920000,2.892900,266.880000,629305.311930,10.637887,10.975691,19.995179,91.249645,Inf,Inf,32.869750
06/22/2026 13:13:14,0.000000,0.000000,74.706518,74.087682,63.786999,74.469951,74.876881,76.776273,74.764188,74.609532,34.405015,29.343050,28.926000,28.566822,32.075039,28.771611,28.846892,28.787558,32.950432,36.129755,34.523042,33.918936,33.642268,33.993527,33.358281,32.869373,32.888192,33.335322,36.760921,33.431293,32.946750,34.201629,34.075120,32.744897,32.524925,32.934027,34.703198,77.578097,38.585477,30.817623,24.374685,22.443823,23.143344,32.568497,30.550432,30.877894,78.149060,42.298285,30.999888,22.355506,21.756429,22.119371,30.277192,30.102776,30.182129,33.898904,33.940975,26.381850,24.371172,33.428923,33.493786,23.537873,26.690952,31.493494,37.692752,29.124661,33.579241,30.924786,36.707841,36.706513,32.634751,28.585608,32.028976,30.977991,36.598868,30.245410,35.535655,28.881464,33.040744,30.450190,36.250614,31.052206,35.543188,29.139563,32.288114,30.963169,35.893346,32.273609,36.178890,30.990711,33.690590,31.632214,34.964699,81.479877,84.683341,135.229590,87.451406,136.215248,50.677458,41.648290,147.253161,120.900000,3.752700,386.980000,119.930000,2.855700,261.680000,629365.311065,10.573319,10.755584,20.244304,88.395495,Inf,Inf,32.868995
06/22/2026 13:14:14,0.000000,0.000000,74.728323,74.080749,63.747448,74.473090,74.874948,76.781089,74.777771,74.617623,34.350438,29.379180,28.921099,28.596034,32.055222,28.799482,28.869714,28.801458,32.942435,36.078839,34.572294,33.943122,33.634039,34.004836,33.401893,32.912123,32.836093,33.335241,36.874981,33.457425,32.834745,34.156829,34.065828,32.617297,32.294415,32.964626,34.737277,72.220397,33.567326,30.643650,24.342509,22.364055,23.125221,32.590093,30.601044,30.975212,71.333362,38.330563,31.004772,22.342932,21.725717,22.119172,30.268970,30.077980,30.131477,33.853780,33.862366,26.693708,24.459277,33.433741,33.482610,23.589763,27.422288,31.505258,37.684093,29.129748,33.572000,30.935793,36.734255,36.707024,32.649941,28.600402,32.061355,31.001054,36.598520,30.269577,35.560563,28.909181,33.046581,30.485907,36.274320,31.074285,35.572527,29.133414,32.301112,30.953869,35.901376,32.270998,36.172048,30.994519,33.694962,31.647291,34.983697,71.326734,74.315501,134.254258,80.119846,135.324279,50.661278,40.902640,126.398780,121.140000,3.548700,359.630000,119.970000,2.668700,236.340000,629425.308278,11.147273,11.508395,19.496377,78.394259,Inf,Inf,32.880856
06/22/2026 13:15:14,0.000000,0.000000,74.721969,74.078619,63.765410,74.500280,74.871287,76.788816,74.772317,74.620621,34.339309,29.397877,28.935339,28.645502,32.052494,28.836006,28.889573,28.832470,32.957071,36.111129,34.547858,33.943952,33.648194,34.003890,33.388793,32.879453,32.838442,33.352696,36.766717,33.384687,32.837204,34.152626,33.887140,32.623760,32.277912,32.964585,34.535392,79.928115,39.567920,30.689242,24.327254,22.479711,23.153310,32.567714,30.578172,30.903811,81.198218,42.511875,30.992269,22.359498,21.764613,22.123067,30.219347,30.083230,30.126919,33.917178,33.934272,26.613709,24.360265,33.440755,33.504729,23.638042,26.202299,31.488341,37.677476,29.141358,33.573232,30.913410,36.709820,36.689308,32.640585,28.620463,32.051622,30.996210,36.585085,30.262285,35.543566,28.901650,33.043078,30.486852,36.263894,31.076267,35.548440,29.155109,32.299617,30.963280,35.892571,32.283954,36.157193,30.994720,33.698222,31.642543,34.980301,85.130755,88.928808,134.969405,90.591429,136.436075,50.655331,41.775803,155.086970,121.160000,3.845700,399.270000,119.870000,2.940500,273.470000,629485.305100,10.317783,10.620810,20.371459,91.908141,Inf,Inf,32.876015
06/22/2026 13:16:14,0.000000,0.000000,74.769836,74.100729,63.694472,74.495357,74.876928,76.790230,74.779889,74.623545,34.376868,29.348210,28.946329,28.596694,32.066117,28.828694,28.860310,28.792946,32.909785,36.121152,34.553020,33.901598,33.641802,33.984626,33.435180,32.880078,32.867149,33.312513,36.581124,33.387160,32.909143,33.827108,33.978075,32.686379,32.321681,32.968309,34.686393,76.608229,38.733028,30.696082,24.163273,22.222162,22.931318,32.560439,30.496448,30.877592,78.286381,41.280127,30.966274,22.187580,21.542767,21.957828,30.168815,30.029360,30.128331,33.882173,33.940784,26.531349,24.275598,33.436691,33.453129,23.404148,27.458227,31.496564,37.674143,29.129073,33.591201,30.934110,36.737894,36.692062,32.646465,28.615654,32.046501,30.991528,36.614460,30.219659,35.545063,28.890285,33.045533,30.470593,36.258193,31.050922,35.557914,29.147696,32.300675,30.974654,35.910962,32.252596,36.165217,31.007252,33.682603,31.634449,34.992199,83.107435,86.221443,132.817586,87.558340,134.450875,50.582355,41.359567,155.004260,121.030000,3.800900,393.420000,119.810000,2.905800,268.640000,629545.304313,10.740494,11.010686,19.955588,91.871681,Inf,Inf,32.875871
06/22/2026 13:17:14,0.000000,0.000000,74.794518,74.097099,63.710917,74.529965,74.888707,76.811256,74.781420,74.623809,34.400801,29.321422,28.947192,28.590458,32.037643,28.771153,28.815099,28.762009,32.908867,36.071972,34.568076,33.927361,33.671571,34.036579,33.401705,32.871033,32.849193,33.332781,36.624763,33.505611,33.020957,33.861977,34.054225,32.684389,32.228458,32.964964,34.638695,76.959463,38.733583,30.797810,24.285614,22.338896,23.072318,32.522462,30.527923,30.912594,77.627834,41.843755,30.963382,22.302623,21.705050,22.052311,30.179343,30.028710,30.159779,33.836678,33.915702,26.477511,24.341328,33.399744,33.482380,23.509350,26.821903,31.468154,37.707391,29.099738,33.554818,30.954652,36.712716,36.719058,32.622456,28.601382,32.029629,31.004937,36.587608,30.269283,35.540774,28.897679,33.013340,30.475306,36.235912,31.072166,35.540331,29.144716,32.271008,30.960205,35.883313,32.280438,36.127879,31.012454,33.657566,31.638294,34.978732,81.087250,84.317491,134.222055,87.020908,135.873482,50.710230,41.542920,147.229691,120.960000,3.739900,386.590000,119.950000,2.855300,261.730000,629605.301450,10.658744,10.824316,20.139066,88.384786,Inf,Inf,32.868731
06/22/2026 13:18:14,0.000000,0.000000,74.821025,74.102909,63.599066,74.555389,74.873142,76.798677,74.742070,74.606427,34.392566,29.364434,28.950065,28.605215,32.053698,28.790816,28.842646,28.744943,32.889502,36.085009,34.527455,33.936717,33.641845,34.030841,33.473122,32.868698,32.811980,33.325362,36.823561,33.419558,32.919820,33.818234,34.061103,32.603668,32.168450,32.925462,34.663157,71.701739,34.044046,30.663933,24.295918,22.248761,23.062486,32.580310,30.586784,30.919580,70.840756,38.551833,30.964107,22.271512,21.667832,22.019592,30.255153,30.069136,30.074932,33.820992,33.882234,26.560453,24.286169,33.420081,33.448515,23.482372,27.381988,31.488217,37.688844,29.112240,33.586263,30.928265,36.728994,36.696429,32.659749,28.581686,32.063684,30.987789,36.628212,30.258922,35.553960,28.886507,33.030657,30.460579,36.276149,31.048053,35.568139,29.145500,32.283358,30.962414,35.924928,32.235925,36.176092,30.989231,33.683848,31.629461,34.960629,71.337755,74.219584,133.858328,79.962426,135.094375,50.678286,40.909923,127.818768,121.010000,3.539400,359.560000,120.060000,2.672000,237.150000,629665.299006,11.160214,11.460388,19.503719,79.108479,Inf,Inf,32.874157
06/22/2026 13:19:14,0.000000,0.000000,74.815415,74.110825,63.845525,74.586630,74.882827,76.802438,74.773415,74.623832,34.366817,29.395195,28.954069,28.652935,32.072814,28.797041,28.853592,28.786227,32.963734,36.133706,34.534542,33.938029,33.668918,34.009510,33.434709,32.869380,32.846426,33.335792,37.023269,33.396219,32.914645,33.888109,34.092337,32.822613,32.194358,32.916670,34.814509,79.927981,39.633029,30.771996,24.316386,22.431159,23.123125,32.558213,30.580685,30.968589,81.163561,42.364419,30.985628,22.321872,21.712400,22.080292,30.150980,30.011613,30.157394,33.917338,33.937423,26.531541,24.209734,33.418861,33.473507,23.408122,26.938590,31.463352,37.658876,29.110541,33.551806,30.932914,36.703965,36.692429,32.654840,28.624502,32.061714,31.012553,36.597799,30.247007,35.546991,28.891748,33.037657,30.492112,36.257363,31.055880,35.555853,29.123319,32.294602,30.955617,35.895141,32.258505,36.157303,30.990374,33.683626,31.635921,34.975040,85.876480,89.149632,134.752556,90.714779,136.434639,50.652923,41.675288,158.761653,120.790000,3.846400,399.380000,119.860000,2.942500,273.660000,629725.297454,10.500752,10.714384,20.271244,93.515027,Inf,Inf,32.870645
06/22/2026 13:20:14,0.000000,0.000000,74.855133,74.113367,63.734664,74.589888,74.923259,76.789249,74.805205,74.615904,34.406773,29.346601,28.957210,28.573949,32.060341,28.797476,28.903028,28.801760,32.966863,36.088558,34.542990,33.923365,33.675125,33.989520,33.415523,32.890195,32.827263,33.349522,36.603821,33.398841,33.072812,34.138862,34.019447,32.738045,32.333498,32.962334,34.519391,76.607630,39.066436,30.707037,24.186404,22.255650,22.945879,32.577558,30.460116,30.759604,78.219158,41.515580,30.951743,22.213322,21.567221,21.961188,30.149417,30.059787,30.136912,33.891165,33.947618,26.694154,24.377926,33.410303,33.468503,23.481920,26.575445,31.480782,37.679260,29.127546,33.572967,30.925622,36.731679,36.686980,32.635577,28.595360,32.045478,30.982482,36.617454,30.244519,35.551607,28.893745,33.029423,30.453101,36.262494,31.060153,35.548948,29.131088,32.314809,30.958058,35.902439,32.250708,36.175275,30.966573,33.676897,31.626943,34.974973,83.024645,86.159569,132.909713,87.545684,134.601360,50.655494,41.398510,155.095710,121.010000,3.796800,393.090000,119.990000,2.900400,268.530000,629785.294561,10.712442,10.957148,19.994595,91.911993,Inf,Inf,32.870098
06/22/2026 13:21:14,0.000000,0.000000,74.853962,74.102047,63.218336,74.547471,74.908741,76.795838,74.774614,74.595449,34.364219,29.281086,28.905509,28.544096,32.080855,28.763165,28.816310,28.773035,32.951795,36.116944,34.584740,33.868792,33.654291,34.034402,33.428236,32.888690,32.818481,33.309198,36.703051,33.211879,32.768850,34.270809,33.796671,32.718157,32.151233,32.962942,34.775073,77.456201,38.564099,30.799160,24.327783,22.452440,23.118905,32.554025,30.487345,30.869846,77.975207,42.104019,30.980001,22.369575,21.749457,22.121373,30.230145,30.111666,30.158475,33.919746,33.903400,26.507579,24.370730,33.421820,33.477354,23.601036,26.526722,31.501256,37.696474,29.139568,33.560213,30.935554,36.723400,36.727130,32.637240,28.598813,32.022618,31.001482,36.593434,30.239490,35.558572,28.902295,33.027274,30.493290,36.254736,31.081310,35.551926,29.165308,32.278646,30.977739,35.901626,32.279258,36.169287,31.022934,33.678942,31.630776,34.973467,81.482297,84.675228,134.938981,87.401683,136.191398,50.725876,41.604394,148.170415,121.160000,3.753400,387.010000,119.890000,2.856800,262.570000,629845.292824,10.598679,10.779520,20.200481,88.813141,Inf,Inf,32.877469
06/22/2026 13:22:14,0.000000,0.000000,74.823995,74.119413,63.542990,74.556031,74.886036,76.787936,74.795496,74.594783,34.395969,29.362056,28.915122,28.570693,32.065994,28.802696,28.872732,28.772800,32.948038,36.122057,34.592969,33.861069,33.641236,33.968964,33.403121,32.839994,32.877911,33.267280,36.764847,33.323713,32.834844,33.978468,34.083684,32.792604,32.156968,32.946444,34.594040,71.771148,36.478776,30.632150,24.334184,22.336880,23.074760,32.584042,30.602112,31.005714,71.668628,41.421123,30.980394,22.296872,21.681469,22.039953,30.216098,30.129893,30.227076,33.841101,33.880258,26.699200,24.363945,33.416418,33.491500,23.537808,26.402497,31.480757,37.700890,29.131536,33.562513,30.941426,36.731885,36.700466,32.654023,28.599589,32.067771,30.984305,36.597580,30.240992,35.553419,28.875712,33.033680,30.489462,36.258654,31.067874,35.542341,29.140049,32.305505,30.970347,35.914653,32.261644,36.170548,30.989000,33.706094,31.633955,34.991707,75.469036,77.978735,134.194949,82.398907,135.098298,50.737811,41.403171,138.502099,121.120000,3.618300,371.130000,120.030000,2.756700,249.060000,629905.289500,10.632887,10.981131,19.999263,84.321010,Inf,Inf,32.876613
06/22/2026 13:23:14,0.000000,0.000000,74.805339,74.100741,63.768971,74.575845,74.877959,76.813178,74.794814,74.604243,34.387561,29.343794,28.915592,28.589510,32.042928,28.830433,28.883313,28.810149,32.915164,36.100827,34.570366,33.884679,33.651528,34.029421,33.404329,32.878994,32.862782,33.301483,36.781204,33.393460,32.930323,34.293967,33.796307,32.587045,32.213608,33.004362,34.684220,78.198695,37.256189,30.609128,24.347008,22.495015,23.204780,32.610796,30.557610,30.849916,78.301064,39.993941,30.984431,22.403629,21.785643,22.172346,30.199674,30.069883,30.149683,33.918093,33.940670,26.574575,24.394905,33.425379,33.493797,23.587604,26.498582,31.495028,37.692506,29.130657,33.557214,30.958392,36.718200,36.687554,32.661502,28.601292,32.056738,30.988409,36.593146,30.236972,35.576451,28.892108,33.049128,30.469740,36.271494,31.046487,35.556069,29.136918,32.300158,30.961770,35.900813,32.257974,36.178963,30.996132,33.677365,31.641223,34.982535,78.251377,83.146884,135.427753,88.026850,136.627852,50.662807,41.606919,135.025856,121.030000,3.731900,383.060000,119.650000,2.808200,254.300000,629965.286166,10.406126,10.781429,20.203002,82.655033,Inf,Inf,32.875765
06/22/2026 13:24:14,0.000000,0.000000,74.795193,74.097776,63.660658,74.551515,74.892083,76.812517,74.795406,74.594270,34.412070,29.334086,28.955398,28.587087,32.066770,28.869500,28.900361,28.835675,32.971281,36.038935,34.575793,33.910242,33.688203,33.959971,33.517713,32.862195,32.882248,33.353375,36.723591,33.343155,32.824030,34.045807,33.865102,32.478038,32.334676,33.034191,34.684711,78.642671,39.827802,30.648924,24.230142,22.318303,23.001311,32.578752,30.533519,30.979382,80.058734,41.600096,30.969140,22.242492,21.621383,21.998730,30.186278,30.086164,30.110683,33.889462,33.928543,26.587392,24.187258,33.423212,33.504957,23.500759,26.280950,31.484326,37.693381,29.121281,33.573625,30.940988,36.722600,36.706367,32.618595,28.615356,32.049131,30.992379,36.618693,30.246212,35.546643,28.884054,33.045993,30.475956,36.249009,31.087130,35.562152,29.135905,32.309380,30.987147,35.904333,32.261954,36.187911,30.985085,33.689396,31.624334,34.971046,85.021429,88.052777,134.291137,89.414702,135.740285,50.589581,41.608862,158.473220,120.850000,3.824700,397.360000,119.840000,2.933200,272.130000,630025.284237,10.443981,10.764197,20.204943,93.389806,Inf,Inf,32.876345
06/22/2026 13:25:14,0.000000,0.000000,74.802576,74.097975,63.759321,74.552702,74.897916,76.811171,74.801024,74.611299,34.375637,29.307726,28.879515,28.535721,32.059595,28.793605,28.860973,28.768179,32.993017,35.997704,34.620111,33.894648,33.647286,33.950593,33.475824,32.883850,32.857416,33.256127,36.723656,33.320115,32.877079,33.718251,34.005992,32.711673,32.246426,32.976692,34.761292,73.881190,38.691598,30.573574,24.177370,22.221933,22.919779,32.555661,30.471155,30.842264,75.578046,40.937208,30.991072,22.187871,21.574298,21.944933,30.224206,30.043950,30.094773,33.832763,33.878464,26.528063,24.252944,33.380884,33.469741,23.527068,26.372228,31.453696,37.688189,29.109796,33.578499,30.954790,36.748250,36.689800,32.653976,28.582587,32.080192,30.993624,36.620570,30.247657,35.587072,28.878596,33.055668,30.470949,36.313753,31.045354,35.584414,29.115049,32.323725,30.954957,35.917517,32.248502,36.196876,30.982967,33.719945,31.624237,35.007753,79.790902,83.014732,132.677726,85.103326,134.107562,50.569181,41.310426,148.841320,120.950000,3.742900,386.560000,119.850000,2.854100,262.240000,630085.282486,10.667237,11.084735,19.906337,89.117529,Inf,Inf,32.880965
06/22/2026 13:26:14,0.000000,0.000000,74.787438,74.102699,63.785078,74.539357,74.861764,76.791960,74.772250,74.603649,34.371890,29.291472,28.860580,28.548130,32.039039,28.821627,28.821545,28.782732,32.894129,36.064377,34.569783,33.964717,33.596122,33.940297,33.368137,32.865453,32.831416,33.319014,36.430483,33.318125,33.086128,33.907098,33.976806,32.662873,32.400663,32.995663,34.600570,74.053307,33.591202,30.691228,24.293832,22.310804,23.053456,32.525537,30.585380,30.917028,73.348790,36.812518,30.976829,22.281624,21.662380,22.034328,30.243942,30.071933,30.102248,33.825554,33.886918,26.481164,24.291272,33.379383,33.477571,23.471800,27.044204,31.479592,37.682057,29.119218,33.567969,30.956258,36.735107,36.709148,32.640513,28.624852,32.047982,31.021085,36.616922,30.259140,35.562595,28.922656,33.033783,30.488673,36.262413,31.080570,35.547973,29.150624,32.306266,30.999861,35.890395,32.284437,36.175637,31.018630,33.680133,31.664047,34.976873,72.156813,75.827971,134.607745,81.962809,135.890997,50.623940,40.990335,124.422646,121.190000,3.581800,364.550000,120.140000,2.690500,238.110000,630145.280593,11.106498,11.392099,19.584730,77.391472,Inf,Inf,32.883514
06/22/2026 13:27:14,0.000000,0.000000,74.823459,74.144669,63.504337,74.544901,74.872375,76.798332,74.765701,74.600057,34.327051,29.286102,28.893574,28.569311,32.029011,28.831651,28.884618,28.816808,32.940346,36.049303,34.540040,33.906761,33.608768,33.985349,33.407406,32.875404,32.776670,33.355838,36.802142,33.422484,32.906014,34.213334,34.148085,32.730387,32.381799,32.948362,34.636324,79.612909,39.838409,30.595025,24.202695,22.310091,23.019763,32.522342,30.491253,30.852914,81.027434,42.369441,30.970940,22.216496,21.606650,21.992078,30.248318,29.991742,30.072882,33.909980,33.940105,26.445768,24.219237,33.415852,33.500263,23.435103,26.448911,31.470897,37.699063,29.112297,33.563980,30.942453,36.717418,36.680002,32.632121,28.590554,32.034064,30.987987,36.597890,30.210545,35.559489,28.870937,33.028478,30.451707,36.266681,31.047434,35.532459,29.149727,32.269333,30.986967,35.909469,32.257326,36.157766,30.969005,33.689171,31.640147,34.960179,86.004720,89.097516,134.470109,90.449517,136.069004,50.632708,41.699956,159.901140,121.060000,3.843500,399.770000,119.990000,2.944000,274.320000,630205.277531,10.299174,10.675089,20.295851,94.008238,Inf,Inf,32.866185
06/22/2026 13:28:14,0.000000,0.000000,74.823181,74.106336,63.722837,74.546031,74.900119,76.802831,74.791187,74.619210,34.339958,29.270975,28.844093,28.550129,32.050824,28.772766,28.834482,28.772916,32.939494,36.139229,34.563591,33.914314,33.590560,33.952054,33.431228,32.849447,32.813689,33.320405,36.724830,33.319072,32.873076,33.950936,34.146270,32.754804,32.242729,32.912094,34.606787,76.194069,38.619550,30.542272,24.185000,22.251553,22.949375,32.556565,30.544714,30.902017,77.515503,41.316118,30.944324,22.189709,21.554117,21.954369,30.158245,30.017237,30.019466,33.832355,33.914474,26.596915,24.287997,33.398348,33.494311,23.479721,26.356959,31.466096,37.688115,29.108383,33.566776,30.929215,36.746750,36.696414,32.655731,28.601749,32.063825,30.986147,36.610942,30.251332,35.565026,28.880570,33.053634,30.478716,36.291394,31.057159,35.578762,29.152179,32.317160,30.979656,35.903532,32.265599,36.169643,30.994327,33.714892,31.635652,35.002265,82.098305,85.222096,133.278709,86.904710,134.549113,50.641926,41.366850,152.882451,121.150000,3.778200,390.410000,119.970000,2.882500,266.140000,630265.275470,10.579387,10.981439,19.962885,90.931868,Inf,Inf,32.880388
06/22/2026 13:29:14,0.000000,0.000000,74.832594,74.127173,63.803861,74.562603,74.893450,76.780581,74.791157,74.625941,34.382490,29.276257,28.856960,28.519745,32.066804,28.796816,28.820919,28.745968,32.925643,36.093995,34.591471,33.909832,33.616726,33.938248,33.413277,32.847489,32.759728,33.308249,36.615820,33.518400,33.073318,33.841017,33.956464,32.788798,31.984010,32.982630,34.612849,71.264765,37.799754,30.617928,24.183142,22.173894,22.887456,32.531146,30.515676,30.875840,72.758432,43.094701,30.950502,22.149729,21.533404,21.903158,30.221034,30.081106,30.119445,33.832027,33.860241,26.437786,24.253137,33.434391,33.456161,23.501728,26.459152,31.475316,37.682234,29.123858,33.590553,30.953514,36.748311,36.699522,32.666861,28.594622,32.073610,31.000402,36.618586,30.246550,35.581098,28.895216,33.054892,30.485326,36.260791,31.070917,35.566919,29.122416,32.315057,30.987156,35.917629,32.259294,36.189511,30.995162,33.698977,31.646864,35.005442,76.066610,79.017364,133.563858,82.734257,134.585232,50.667388,41.377242,139.277079,121.080000,3.652400,374.600000,120.050000,2.778300,251.520000,630325.273979,10.644633,10.977207,19.973295,84.688629,Inf,Inf,32.884220
06/22/2026 13:30:14,0.000000,0.000000,74.846226,74.112909,63.244759,74.562073,74.889118,76.777945,74.775239,74.624388,34.383168,29.288535,28.896900,28.507655,32.076107,28.818187,28.888842,28.799173,32.945438,36.087587,34.555770,33.863610,33.655326,33.923998,33.460040,32.880059,32.780339,33.338621,36.846052,33.342175,32.794029,33.990546,34.018072,32.557890,32.134757,32.972711,34.684575,79.736386,38.750321,30.570032,24.259780,22.433644,23.108828,32.551584,30.511197,30.841016,80.245790,41.547985,30.969926,22.347329,21.684621,22.098277,30.228145,30.101996,30.082826,33.922103,33.900022,26.467540,24.300280,33.467407,33.494063,23.517995,26.532920,31.503872,37.691114,29.153338,33.568257,30.952091,36.734509,36.689857,32.633131,28.596030,32.063265,31.002520,36.608605,30.247195,35.565344,28.889000,33.043364,30.477778,36.290632,31.052827,35.575093,29.154284,32.297459,30.975153,35.930503,32.255319,36.168438,30.992223,33.689858,31.647072,34.977271,81.873581,86.690458,135.346568,89.765303,136.649741,50.623517,41.692866,143.105041,121.030000,3.810400,393.430000,119.820000,2.876800,263.920000,630385.271438,10.281253,10.681147,20.288779,86.484808,Inf,Inf,32.880847
06/22/2026 13:31:14,0.000000,0.000000,74.857320,74.132469,63.664531,74.562636,74.867713,76.821501,74.762708,74.641436,34.317518,29.321568,28.854549,28.578962,32.029291,28.823902,28.850491,28.823277,32.964583,36.058390,34.503002,33.954549,33.608159,33.966981,33.453834,32.876071,32.838694,33.322288,36.799707,33.374275,33.049753,33.955568,33.947576,32.739878,32.203771,32.954081,34.698811,78.002054,39.371710,30.550196,24.207143,22.261178,22.965169,32.574907,30.545267,30.892318,79.416292,41.587618,30.940786,22.203191,21.556468,21.958514,30.189111,30.014221,30.122109,33.887077,33.910948,26.576389,24.293808,33.421887,33.460984,23.425061,27.531786,31.481302,37.674030,29.136541,33.553741,30.964712,36.716953,36.709986,32.631127,28.607404,32.051861,31.001351,36.589001,30.259097,35.536410,28.900429,33.013857,30.496329,36.257701,31.079392,35.549260,29.145229,32.296436,31.000384,35.902874,32.251590,36.157641,30.996508,33.685027,31.650245,34.964466,84.484000,87.434939,134.062728,88.832330,135.391349,50.556478,41.443863,157.599344,121.080000,3.813800,395.620000,119.910000,2.919100,271.030000,630445.268456,10.510198,10.900788,20.039998,93.009486,Inf,Inf,32.875363
06/22/2026 13:32:14,0.000000,0.000000,74.826449,74.141742,63.637529,74.576556,74.888809,76.813044,74.789404,74.647008,34.340814,29.232141,28.801680,28.505390,32.045365,28.782909,28.821382,28.742416,32.953244,36.115288,34.578644,33.933732,33.603768,33.970584,33.346203,32.865735,32.803136,33.332965,36.644416,33.256091,32.877049,33.998414,33.699567,32.611582,32.258910,33.005613,34.731600,71.679382,38.786052,30.442983,24.197486,22.291867,22.910542,32.555389,30.478461,30.836728,73.880959,41.987403,30.965156,22.215609,21.618005,22.007017,30.252019,30.113310,30.086115,33.819254,33.861522,26.482864,24.327277,33.398682,33.483983,23.406590,26.502005,31.484629,37.693682,29.125599,33.567075,30.936645,36.761648,36.689902,32.666531,28.611692,32.081963,30.994505,36.629494,30.259322,35.572082,28.907236,33.059313,30.500902,36.297035,31.051697,35.561447,29.123598,32.314012,30.967078,35.910519,32.263719,36.178384,30.984409,33.710260,31.653727,35.002962,77.798085,80.927242,132.406598,83.494880,133.696365,50.542502,41.454157,145.398905,121.210000,3.713400,382.830000,119.970000,2.831400,258.560000,630505.266262,10.392684,10.914857,20.050299,87.545886,Inf,Inf,32.885369
06/22/2026 13:33:14,0.000000,0.000000,74.779647,74.140569,63.176829,74.567699,74.870662,76.782292,74.774108,74.609311,34.342664,29.298225,28.862428,28.543693,32.013694,28.760531,28.795797,28.715491,32.912864,36.086137,34.528585,33.924337,33.657887,33.957194,33.432687,32.850463,32.814446,33.294501,36.576904,33.330937,32.828980,34.010350,34.119113,32.637325,32.138364,32.914966,34.557303,79.170403,38.691660,30.576312,24.294487,22.411014,23.132737,32.524165,30.513138,30.901444,79.863078,42.155837,30.952215,22.312015,21.706768,22.072868,30.168567,30.026026,30.055451,33.878853,33.923224,26.547189,24.291176,33.397060,33.457039,23.449305,26.576209,31.482881,37.680899,29.106006,33.566579,30.931245,36.720449,36.696683,32.639992,28.600236,32.055838,30.983498,36.616859,30.224751,35.574938,28.896038,33.010816,30.462524,36.273486,31.056958,35.547466,29.156358,32.281731,30.998226,35.919774,32.241426,36.152175,30.984767,33.678614,31.619755,34.974470,83.191543,86.623653,135.311680,89.099709,136.591623,50.534019,41.705880,149.579720,121.010000,3.781400,391.260000,119.950000,2.882600,265.290000,630565.264483,10.274553,10.650456,20.301759,89.451482,Inf,Inf,32.871181
06/22/2026 13:34:14,0.000000,0.000000,74.846108,74.138584,63.898021,74.563239,74.895776,76.790489,74.817085,74.640042,34.387761,29.346671,28.953265,28.593203,32.079101,28.768099,28.867516,28.786321,32.970489,36.052759,34.591418,33.878586,33.689849,34.000243,33.442800,32.811675,32.882464,33.285161,36.750353,33.419793,33.067816,33.926103,33.843069,32.717483,32.184596,32.933146,34.728046,79.795295,39.464202,30.484561,24.304685,22.385805,23.104404,32.564094,30.521059,30.842520,80.650559,42.198368,30.956750,22.312094,21.736731,22.101474,30.232213,30.112416,30.187310,33.924489,33.943282,26.656285,24.425022,33.419287,33.496146,23.564441,26.391637,31.466811,37.687056,29.112220,33.564999,30.950160,36.720203,36.686638,32.647241,28.594569,32.079847,30.992833,36.613735,30.239435,35.568266,28.902312,33.058406,30.473250,36.288905,31.072478,35.560733,29.138937,32.311960,30.996918,35.903858,32.256138,36.181322,30.990039,33.692972,31.625693,34.997230,83.369058,87.876586,135.416644,90.088461,136.577698,50.623765,41.734140,148.422429,120.940000,3.844600,397.870000,119.780000,2.920000,269.480000,630625.260905,10.154624,10.626813,20.329937,88.927587,Inf,Inf,32.879172
06/22/2026 13:35:14,0.000000,0.000000,74.868211,74.124765,63.799283,74.579482,74.884130,76.796995,74.800264,74.640544,34.345288,29.377127,28.956516,28.606263,32.065424,28.813724,28.825965,28.789829,32.937276,36.116652,34.556941,33.932432,33.701960,33.955964,33.406307,32.870302,32.814389,33.351320,36.806934,33.495269,32.968765,33.939943,34.026519,32.638401,32.254027,32.953613,34.771088,78.515611,39.125350,30.583378,24.305063,22.349411,23.074068,32.531316,30.597412,30.940406,80.031245,42.130536,30.953377,22.271028,21.679879,22.040606,30.217639,30.054305,30.073921,33.885260,33.979437,26.656924,24.363832,33.419416,33.486945,23.506787,26.333699,31.482560,37.688977,29.115498,33.573385,30.937182,36.737404,36.673462,32.672243,28.598237,32.067179,30.992179,36.614831,30.216021,35.572908,28.871397,33.043605,30.461082,36.285324,31.053723,35.571135,29.111940,32.318400,30.990546,35.908154,32.252445,36.176412,30.989554,33.704556,31.627067,35.004805,84.874510,87.991998,134.142392,89.469500,135.612696,50.607307,41.585360,157.751491,120.990000,3.819100,396.520000,119.920000,2.927100,271.710000,630685.260065,10.401908,10.771907,20.181470,93.075804,Inf,Inf,32.877074
06/22/2026 13:36:14,0.000000,0.000000,74.858162,74.122319,63.386634,74.573003,74.883145,76.798119,74.778863,74.605615,34.337853,29.284024,28.868745,28.555089,32.037524,28.754527,28.826907,28.759541,32.880036,36.083551,34.536199,33.899269,33.690106,33.942782,33.451229,32.857458,32.796353,33.265753,36.834114,33.475027,32.838126,34.253414,33.854314,32.630908,32.204378,33.010699,34.623561,74.059720,38.413547,30.660994,24.241227,22.299361,22.958424,32.544196,30.533656,30.910937,75.694161,40.991826,30.962368,22.224913,21.626008,22.007839,30.218065,30.047560,30.142964,33.849236,33.889827,26.593113,24.338829,33.404817,33.473680,23.503714,26.605389,31.474553,37.693410,29.105252,33.553529,30.949348,36.737980,36.678467,32.648812,28.574728,32.075502,30.993829,36.613379,30.212775,35.579872,28.876890,33.038410,30.479942,36.295409,31.043822,35.563478,29.145268,32.307597,30.972860,35.927781,32.246355,36.175430,30.977424,33.696403,31.626462,35.006863,79.983678,83.180944,132.585903,85.193587,133.879385,50.586084,41.210786,148.949280,121.100000,3.745200,386.780000,119.900000,2.857700,262.220000,630745.256628,10.854620,11.155994,19.806374,89.166424,Inf,Inf,32.875728
06/22/2026 13:37:14,0.000000,0.000000,74.862307,74.158602,63.678576,74.599172,74.876354,76.794715,74.792252,74.643939,34.346691,29.349102,28.914656,28.617195,32.040725,28.755505,28.832919,28.785183,32.926234,36.095027,34.592061,33.971283,33.636449,33.973059,33.489647,32.876343,32.798161,33.359096,36.794326,33.237342,32.864164,34.242124,34.042374,32.808587,32.233133,32.976748,34.593227,78.521595,38.723915,30.820580,24.328244,22.398644,23.124594,32.528981,30.510833,30.854861,79.051016,42.019794,30.978341,22.300188,21.734512,22.076380,30.214853,30.019995,30.126545,33.897712,33.941263,26.507703,24.325127,33.409877,33.500508,23.567048,26.229379,31.484595,37.699392,29.118873,33.540930,30.943839,36.721449,36.682380,32.620280,28.578228,32.035961,30.976519,36.596794,30.233068,35.551302,28.874295,33.009598,30.465760,36.265914,31.052010,35.553961,29.120523,32.297152,30.979626,35.902616,32.245102,36.164970,30.991852,33.678394,31.640474,34.968486,82.365460,85.700554,135.576377,88.375974,136.538006,50.662330,41.606045,148.074271,121.100000,3.765100,389.490000,119.890000,2.865500,263.640000,630805.252930,10.618450,10.776211,20.202130,88.769446,Inf,Inf,32.866478
06/22/2026 13:38:14,0.000000,0.000000,74.890279,74.164188,63.357950,74.606815,74.893288,76.833529,74.803868,74.611609,34.377408,29.379527,28.915645,28.612751,32.062105,28.762660,28.855111,28.847080,32.945892,36.112836,34.548237,33.955761,33.672887,33.997495,33.483758,32.863781,32.817466,33.317070,36.833885,33.397493,32.844519,34.309502,34.265565,32.670657,32.155686,33.015844,34.462765,75.987187,34.600396,30.654857,24.370997,22.493936,23.170243,32.608538,30.557130,30.898106,75.497547,38.489945,30.958795,22.370208,21.757339,22.153922,30.295927,30.220179,30.180504,33.886628,33.902695,26.710606,24.433465,33.430777,33.466319,23.438504,26.262003,31.507762,37.673319,29.123780,33.526875,30.951576,36.704795,36.682811,32.618934,28.599633,32.051440,31.001375,36.598969,30.225451,35.557467,28.881809,33.029087,30.501794,36.258883,31.054736,35.542845,29.135203,32.283321,30.978220,35.914063,32.234354,36.140226,30.985665,33.684254,31.635660,34.967685,73.142161,77.945583,134.852973,85.143474,136.270093,50.712031,41.465034,126.543320,121.170000,3.641200,371.990000,120.150000,2.730200,243.520000,630865.252851,10.593675,10.897613,20.061182,78.467200,Inf,Inf,32.868400
06/22/2026 13:39:14,0.000000,0.000000,74.901939,74.149643,63.517938,74.585023,74.879953,76.828233,74.799388,74.602057,34.351244,29.376423,28.922801,28.604956,32.039198,28.857030,28.903479,28.824071,32.993476,36.057059,34.563783,33.838330,33.650471,33.971980,33.363988,32.884865,32.868333,33.296811,36.646025,33.461651,32.857199,33.890680,34.003899,32.481420,32.042112,33.017086,34.629491,79.357461,39.814640,30.659237,24.308148,22.363714,23.090806,32.571057,30.569489,30.900409,80.783108,42.252815,30.987463,22.264521,21.662086,22.042557,30.341719,30.137782,30.137782,33.914676,33.961452,26.615593,24.300916,33.433386,33.508466,23.604634,26.706164,31.487724,37.705590,29.108179,33.557467,30.959538,36.705179,36.701872,32.628753,28.586283,32.064653,31.000345,36.605311,30.229165,35.556728,28.887365,33.030622,30.466784,36.293943,31.056605,35.561159,29.153193,32.310163,31.014517,35.917807,32.257248,36.172635,31.016054,33.687628,31.643499,34.991008,85.732991,88.790591,134.441852,90.233544,136.036451,50.636582,41.670044,159.237518,121.000000,3.841800,397.870000,119.820000,2.940800,273.320000,630925.248786,10.393225,10.721451,20.266012,93.721286,Inf,Inf,32.878567
06/22/2026 13:40:14,0.000000,0.000000,74.891910,74.143834,63.253385,74.595397,74.878917,76.821298,74.778184,74.602400,34.330679,29.332118,28.941831,28.565132,32.058223,28.798921,28.868321,28.802742,32.943536,36.068864,34.615094,33.871077,33.644140,33.932796,33.441381,32.875613,32.828293,33.286121,37.087052,33.391873,32.812435,33.847750,34.183827,32.564293,32.290434,32.982431,34.711574,75.653933,38.355493,30.713371,24.199176,22.262167,22.961230,32.591457,30.572995,30.912147,77.047354,41.147047,30.951420,22.195953,21.557012,21.945150,30.227097,30.062145,30.085774,33.885965,33.917992,26.600008,24.292596,33.418463,33.470000,23.445351,26.162461,31.482934,37.686697,29.118549,33.573567,30.942713,36.734047,36.686018,32.653288,28.568957,32.072011,30.997909,36.606045,30.214303,35.557021,28.871739,33.046168,30.473904,36.300015,31.044002,35.561452,29.145905,32.299779,30.990442,35.949683,32.255456,36.186678,30.996321,33.708205,31.630726,35.008447,81.603395,84.803871,132.713699,86.438944,134.249482,50.591575,41.289255,152.351392,121.110000,3.775600,390.290000,119.980000,2.883500,265.610000,630985.247119,10.828262,11.066311,19.885109,90.695283,Inf,Inf,32.878766
06/22/2026 13:41:14,0.000000,0.000000,74.872266,74.157576,63.641574,74.592777,74.905025,76.832173,74.814064,74.638711,34.417651,29.294650,28.907031,28.549287,32.084697,28.800923,28.850759,28.783840,32.955090,36.050704,34.591577,33.906815,33.702096,33.962316,33.398121,32.858999,32.835696,33.347730,36.454219,33.403713,32.870073,34.357641,34.037176,32.781593,32.049272,32.977118,34.684981,77.851698,38.694851,30.653966,24.287609,22.372734,23.083576,32.531858,30.543578,30.922103,78.503005,42.309797,30.936531,22.315515,21.710939,22.075692,30.191434,30.022173,30.106433,33.870131,33.915145,26.454162,24.274758,33.404312,33.484727,23.621459,26.099392,31.471301,37.678694,29.106902,33.533114,30.959617,36.731805,36.688851,32.629007,28.597246,32.062058,31.003540,36.593049,30.230632,35.564833,28.878610,33.021454,30.492358,36.277157,31.070011,35.543564,29.118085,32.303174,30.996860,35.906014,32.273432,36.168244,30.990691,33.675988,31.652316,34.998010,81.832001,85.122971,135.054485,87.843862,136.364764,50.698889,41.558264,148.255067,121.130000,3.759100,387.970000,119.980000,2.861900,262.860000,631045.245401,10.499566,10.782131,20.154400,88.851598,Inf,Inf,32.873887
06/22/2026 13:42:14,0.000000,0.000000,74.815686,74.141964,63.215081,74.574210,74.880550,76.803960,74.760577,74.608879,34.311372,29.388533,28.898781,28.612384,32.046162,28.755155,28.825332,28.782950,32.921973,36.085911,34.521703,33.915435,33.614780,33.959391,33.420338,32.881675,32.813369,33.321863,36.638227,33.421834,32.860125,33.900706,34.185718,32.615556,32.199718,33.016268,34.673479,72.708457,33.609079,30.586599,24.321350,22.270654,23.052737,32.619113,30.589122,30.909081,72.065947,38.840243,30.953544,22.286892,21.667943,22.048412,30.283347,30.095635,30.138432,33.859820,33.909451,26.708916,24.385493,33.405373,33.486675,23.381977,27.091128,31.474272,37.703295,29.125489,33.567985,30.962959,36.741318,36.695913,32.655673,28.599460,32.060151,30.994947,36.620624,30.218736,35.573391,28.894617,33.037849,30.494088,36.286875,31.087814,35.568516,29.160153,32.323334,31.015523,35.946709,32.253802,36.172208,31.004484,33.709736,31.650973,34.983814,72.810789,75.688500,134.290825,81.117101,135.495901,50.728989,40.916236,129.801376,121.310000,3.557200,363.130000,120.180000,2.691200,239.910000,631105.242099,11.076517,11.443462,19.510082,80.096994,Inf,Inf,32.886157
06/22/2026 13:43:14,0.000000,0.000000,74.883233,74.141914,63.763565,74.616065,74.898733,76.851185,74.825227,74.635085,34.349033,29.444664,29.003997,28.691800,32.087550,28.812259,28.843197,28.804831,32.959255,36.068581,34.630336,33.904777,33.654310,33.961610,33.476781,32.894144,32.873326,33.318687,36.645685,33.489742,32.870969,34.437523,34.053165,32.666873,32.262648,32.932885,34.558327,79.738361,38.964212,30.783382,24.302182,22.408409,23.092288,32.580534,30.539317,30.875781,80.714186,42.193813,30.940131,22.315999,21.686905,22.083515,30.212137,30.093975,30.119386,33.944307,33.949369,26.640517,24.186119,33.417639,33.498052,23.405545,26.574756,31.483214,37.664436,29.131765,33.536364,30.950845,36.719556,36.669628,32.636371,28.579201,32.060007,30.996585,36.590983,30.229443,35.546813,28.861164,33.029852,30.494538,36.270899,31.079754,35.556118,29.133845,32.294423,30.986117,35.884707,32.232895,36.157115,30.977262,33.685743,31.622897,34.988683,83.227964,87.825960,135.299452,90.131772,136.575861,50.667255,41.651786,147.461473,121.090000,3.831700,397.110000,119.920000,2.909600,267.640000,631165.240602,10.535589,10.692338,20.247793,88.490496,Inf,Inf,32.868374
06/22/2026 13:44:14,0.000000,0.000000,74.856734,74.160636,63.830888,74.609459,74.890017,76.821415,74.804095,74.653249,34.366638,29.399029,28.922663,28.640901,32.043899,28.800623,28.850016,28.812096,32.908873,36.141940,34.601355,33.975337,33.625403,33.954026,33.381831,32.877821,32.822710,33.376074,36.702392,33.503583,32.838295,34.175465,34.057831,32.528783,32.285861,32.925850,34.753145,77.614613,39.042103,30.837995,24.188332,22.244576,22.930747,32.590561,30.601960,30.994733,79.153955,41.729579,30.915255,22.162693,21.522896,21.923161,30.182066,30.052928,30.077002,33.894990,33.919699,26.639703,24.299143,33.417853,33.480051,23.360512,26.858697,31.479902,37.666454,29.123988,33.561359,30.979485,36.732948,36.693252,32.637878,28.599008,32.043437,31.008958,36.596509,30.251058,35.545700,28.886585,33.020511,30.489183,36.264710,31.065949,35.539939,29.142983,32.303094,31.011065,35.878499,32.249796,36.172621,30.975488,33.702476,31.647701,34.982331,84.112648,87.181562,133.690224,88.518234,135.105903,50.679024,41.388798,156.866285,121.170000,3.806500,395.280000,120.100000,2.917200,270.470000,631225.237830,10.853126,10.930386,19.984869,92.689359,Inf,Inf,32.875096
06/22/2026 13:45:14,0.000000,0.000000,74.845508,74.117688,63.205053,74.583076,74.872937,76.819126,74.772556,74.628044,34.359219,29.307281,28.918327,28.564525,32.037145,28.721132,28.789581,28.701244,32.912555,36.038890,34.531826,33.902443,33.633764,33.978367,33.427386,32.857607,32.842424,33.302910,36.558284,33.220255,32.863418,34.161042,34.161042,32.788277,32.365964,32.970770,34.502965,72.707690,38.337719,30.813535,24.169323,22.258720,22.885228,32.600542,30.520146,30.834625,74.356350,41.788376,30.923679,22.174760,21.532968,21.953866,30.230854,30.046562,30.035417,33.875329,33.900119,26.607491,24.255771,33.418790,33.483210,23.410290,26.469317,31.501491,37.674169,29.138019,33.575581,30.951863,36.744017,36.682995,32.660923,28.594911,32.051645,30.987321,36.617275,30.227844,35.582444,28.889499,33.049195,30.478722,36.305506,31.067799,35.570037,29.139828,32.306620,31.004172,35.935870,32.243358,36.193498,30.983577,33.697688,31.637551,35.002381,78.192782,81.359455,132.685367,83.889858,133.885345,50.627852,41.447942,145.204189,121.190000,3.717100,382.840000,120.060000,2.829200,258.270000,631285.235548,10.769455,10.879599,20.044080,87.456251,Inf,Inf,32.883193
06/22/2026 13:46:14,0.000000,0.000000,74.811387,74.121171,63.779379,74.584518,74.881560,76.837845,74.787967,74.607960,34.373249,29.351264,28.901650,28.580705,32.042602,28.787724,28.819766,28.755523,32.935502,36.132596,34.595099,33.875029,33.680517,33.947404,33.353924,32.832113,32.831102,33.330253,36.654105,33.515966,32.913148,34.267058,33.839101,32.535616,32.088469,32.901132,34.812757,79.180835,38.657593,30.779017,24.276412,22.373625,23.084896,32.590098,30.586342,30.895524,79.839858,41.945613,30.969527,22.292215,21.688029,22.054585,30.275662,30.083856,30.119967,33.919133,33.976880,26.548462,24.301148,33.424286,33.484707,23.481684,25.968375,31.481498,37.689692,29.113543,33.547433,30.938331,36.745182,36.677651,32.649326,28.598446,32.059472,30.988027,36.605516,30.222239,35.564466,28.859522,33.043774,30.474177,36.278528,31.052675,35.560478,29.128867,32.308590,31.008540,35.903008,32.244160,36.183341,30.987615,33.684068,31.641264,35.002530,83.369875,86.729579,135.689758,89.122645,136.691907,50.678775,41.656351,150.395489,121.120000,3.789000,391.380000,120.060000,2.886700,265.370000,631345.232564,10.526668,10.717178,20.252349,89.819149,Inf,Inf,32.874732
06/22/2026 13:47:14,0.000000,0.000000,74.793556,74.108399,63.781432,74.560713,74.887758,76.816210,74.790821,74.617153,34.382637,29.349102,28.941868,28.560914,32.008619,28.779981,28.791455,28.761564,32.938683,36.114510,34.575647,33.855334,33.636832,33.956570,33.393709,32.841690,32.856264,33.288747,36.838867,33.392722,33.084437,33.863226,33.922282,32.804811,32.163018,32.956934,34.571679,79.652188,38.916060,30.601486,24.348552,22.439167,23.134450,32.564117,30.560751,30.898887,80.317936,42.117277,30.936953,22.329842,21.772202,22.134690,30.242489,30.029263,30.134030,33.878081,33.951086,26.581928,24.435125,33.401324,33.508394,23.507808,26.737730,31.475988,37.676713,29.094645,33.523877,30.956590,36.724375,36.682064,32.643533,28.605127,32.048860,30.981413,36.619651,30.224443,35.570644,28.880877,33.038826,30.476793,36.297387,31.072549,35.556022,29.137317,32.309454,31.008482,35.908265,32.248107,36.189362,31.001251,33.679798,31.640100,35.000040,82.471474,87.163594,135.406508,89.793428,136.754177,50.729783,41.705880,145.314415,121.110000,3.823800,395.530000,119.850000,2.893900,266.200000,631405.229591,10.299727,10.635194,20.301759,87.507002,Inf,Inf,32.875752
06/22/2026 13:48:14,0.000000,0.000000,74.857312,74.138804,63.149340,74.565338,74.887312,76.819137,74.794950,74.624664,34.418153,29.366067,28.962851,28.644918,32.052357,28.790810,28.834278,28.800819,32.949369,36.066704,34.569452,33.966903,33.640951,34.010413,33.472342,32.847465,32.787165,33.303230,36.565240,33.386764,32.937534,34.179112,33.895874,32.621834,32.248187,32.914881,34.739984,79.139559,39.290658,30.560099,24.285605,22.382834,23.097902,32.557641,30.562284,30.844397,80.497892,42.376862,30.945533,22.288249,21.649895,22.046072,30.163781,30.019781,30.085762,33.940124,33.954751,26.655315,24.264834,33.392686,33.473990,23.351712,26.525711,31.487773,37.697684,29.102429,33.553961,30.941314,36.751684,36.661721,32.644434,28.568105,32.077194,30.994186,36.637274,30.213221,35.583417,28.879243,33.024308,30.468029,36.304718,31.060768,35.573669,29.128318,32.318275,30.989025,35.932774,32.241138,36.178542,30.969862,33.683489,31.638902,34.989980,85.322690,88.479657,134.573186,90.018191,136.086648,50.738536,41.591089,158.535374,121.180000,3.830600,397.800000,119.840000,2.934200,272.350000,631465.228395,10.372906,10.758340,20.187193,93.416803,Inf,Inf,32.876515
06/22/2026 13:49:14,0.000000,0.000000,74.836659,74.117288,63.280463,74.509333,74.888363,76.815970,74.797648,74.599048,34.401890,29.363993,28.941149,28.577249,32.063188,28.752146,28.811091,28.753540,32.949525,36.054903,34.573601,33.873366,33.647318,33.943077,33.431924,32.890602,32.858491,33.338518,36.622954,33.446929,33.016409,34.174864,34.093188,32.618023,32.156861,32.944115,34.606355,75.528535,38.662285,30.663422,24.222567,22.249274,22.964458,32.617788,30.554366,30.973565,77.142508,41.446573,30.926992,22.182580,21.567426,21.937166,30.134463,30.050029,30.105310,33.912084,33.939830,26.669788,24.367844,33.423398,33.476711,23.397464,26.593171,31.472171,37.687954,29.121601,33.542004,30.954275,36.757030,36.692609,32.628782,28.590328,32.050763,30.982427,36.612006,30.223874,35.562989,28.872568,33.027880,30.492115,36.271273,31.070772,35.535960,29.129165,32.303547,31.023800,35.917732,32.256728,36.187154,30.991452,33.671072,31.642040,34.987338,81.661403,84.830885,132.839144,86.469659,134.368793,50.635303,41.288478,152.260104,121.150000,3.769300,390.310000,120.070000,2.882900,265.660000,631525.225741,10.779093,11.042663,19.884329,90.654558,Inf,Inf,32.875314
06/22/2026 13:50:14,0.000000,0.000000,74.806755,74.103427,63.603015,74.539986,74.879714,76.826730,74.788339,74.622278,34.409206,29.356629,28.899879,28.591027,32.014622,28.720416,28.801981,28.710076,32.913287,36.147664,34.630602,33.905282,33.656592,33.924819,33.379311,32.861517,32.783560,33.301849,36.735112,33.415596,32.919481,34.343944,33.906260,32.909256,32.044779,33.030863,34.669857,71.562777,37.228017,30.762126,24.204162,22.162660,22.884874,32.601081,30.610719,30.964221,72.610749,43.147079,30.928557,22.118669,21.483243,21.891600,30.218466,30.042910,30.111566,33.845937,33.897432,26.523021,24.291922,33.398245,33.447561,23.440645,26.398259,31.480096,37.667089,29.115708,33.558283,30.935846,36.725017,36.678571,32.650695,28.591342,32.075004,30.981744,36.624337,30.204645,35.570905,28.873187,33.045833,30.479362,36.293058,31.070866,35.548307,29.123306,32.321284,31.012387,35.916133,32.247557,36.183705,30.974167,33.703667,31.643549,35.021653,75.718728,78.699607,133.672430,82.589128,134.769982,50.627396,41.280224,137.595527,121.230000,3.638100,374.140000,120.120000,2.769200,250.370000,631585.222484,10.886075,11.052506,19.876051,83.889235,Inf,Inf,32.877243
06/22/2026 13:51:14,0.000000,0.000000,74.756466,74.133861,63.814056,74.535765,74.867467,76.819991,74.787669,74.646540,34.331812,29.409966,28.964829,28.642995,32.032635,28.800040,28.792868,28.736208,32.890878,36.050511,34.528384,33.949449,33.627931,33.993403,33.397782,32.850657,32.814296,33.287685,36.875413,33.390327,33.019379,33.903028,34.114798,32.819767,32.227840,32.930561,34.664252,80.074549,39.416549,30.852225,24.257267,22.339199,23.049013,32.603853,30.621074,31.013079,80.957137,41.597288,30.929230,22.239102,21.601834,21.999376,30.245317,30.027145,30.118091,33.935914,33.969143,26.553186,24.218195,33.416595,33.478794,23.374029,26.312114,31.476188,37.668074,29.114025,33.567404,30.940986,36.738526,36.664221,32.635384,28.592935,32.061867,30.981958,36.620039,30.224834,35.565273,28.864815,33.042826,30.474563,36.296824,31.060843,35.548878,29.107377,32.312959,31.004916,35.909150,32.245881,36.183487,30.974838,33.695122,31.632750,35.018000,84.449212,88.471713,135.299557,90.348933,136.617787,50.637079,41.579630,151.558607,121.010000,3.832900,398.540000,120.180000,2.930900,271.100000,631645.220910,10.676478,10.753483,20.175747,90.341071,Inf,Inf,32.874165
06/22/2026 13:52:14,0.000000,0.000000,74.750580,74.134314,63.478006,74.546907,74.894659,76.812557,74.800868,74.639034,34.363899,29.382897,28.921694,28.604363,32.044392,28.786396,28.820938,28.779447,32.933693,36.101570,34.571111,33.899905,33.662317,33.974941,33.443063,32.874629,32.847419,33.288350,36.788037,33.328342,33.042858,33.787495,34.081426,32.642262,32.223119,32.924955,34.557067,77.727484,39.143590,30.767156,24.187082,22.266196,22.922946,32.643305,30.541163,30.966182,79.085405,41.641161,30.901119,22.148466,21.492194,21.935541,30.211754,30.054680,30.085887,33.927816,33.929592,26.633573,24.144512,33.403004,33.468758,23.350468,26.548962,31.506502,37.672511,29.146605,33.551195,30.936757,36.731231,36.673445,32.634870,28.590189,32.059497,30.983150,36.622745,30.210620,35.562665,28.881612,33.026668,30.473962,36.313778,31.053400,35.554689,29.110104,32.310785,30.997630,35.940884,32.231042,36.178748,30.967841,33.706035,31.634786,34.994309,83.936681,87.048674,133.530707,88.438782,135.175423,50.607982,41.373163,156.490772,121.110000,3.809000,394.540000,120.050000,2.910000,269.810000,631705.218870,10.797947,10.931910,19.969209,92.524984,Inf,Inf,32.875275
06/22/2026 13:53:14,0.000000,0.000000,74.779204,74.114333,63.923976,74.550146,74.874661,76.816631,74.782283,74.645801,34.351652,29.326882,28.875032,28.568643,32.031015,28.740864,28.792461,28.734463,32.889859,36.115917,34.564191,33.945613,33.641860,33.936733,33.344503,32.868480,32.820609,33.285995,36.601181,33.456169,32.810308,34.003693,33.997922,32.486106,32.253981,32.972683,34.621111,70.271549,38.283603,30.753125,24.161316,22.221547,22.840316,32.638256,30.582011,31.020297,73.103597,42.958680,30.914742,22.182361,21.513579,21.950636,30.224970,30.078949,30.082961,33.870731,33.874786,26.541340,24.294854,33.414929,33.435810,23.472249,26.510883,31.488136,37.671528,29.122419,33.551540,30.961613,36.744406,36.676760,32.639092,28.588178,32.063606,30.992167,36.598746,30.222998,35.572753,28.853385,33.034992,30.501475,36.303009,31.057265,35.551927,29.131410,32.313796,31.023800,35.900016,32.246494,36.182588,30.996661,33.692960,31.654193,34.985689,76.710759,79.740015,132.723073,82.872636,134.150073,50.668779,41.519418,143.060206,121.180000,3.682000,378.890000,120.050000,2.805400,255.500000,631765.216006,10.637552,10.799169,20.115573,86.463956,Inf,Inf,32.877453
06/22/2026 13:54:14,0.000000,0.000000,74.804650,74.098783,63.295984,74.528027,74.851283,76.786984,74.744964,74.611434,34.308617,29.309054,28.864337,28.587327,32.034075,28.760885,28.802464,28.752497,32.882757,36.139840,34.630304,33.937565,33.639584,33.945113,33.394453,32.862443,32.746185,33.274718,36.798356,33.410240,32.713311,34.089756,34.029381,32.559435,32.255905,32.950599,34.650977,77.355364,35.969336,30.745057,24.291128,22.379847,23.106140,32.637422,30.609254,30.952105,77.272206,39.303266,30.947989,22.267848,21.689558,22.048936,30.191591,30.019197,30.120398,33.921783,33.969185,26.535803,24.232180,33.417590,33.491784,23.438647,26.452641,31.482190,37.700543,29.122265,33.540877,30.945568,36.736882,36.672364,32.635118,28.589099,32.065479,30.996271,36.613492,30.223142,35.583087,28.880221,33.034173,30.493522,36.299733,31.063771,35.540106,29.136015,32.306376,31.000252,35.935074,32.243449,36.171342,30.981331,33.682727,31.636355,34.996314,76.331258,81.090512,135.146116,86.899887,136.607782,50.669284,41.395014,131.399570,121.130000,3.688500,377.050000,119.990000,2.770000,248.670000,631825.213506,10.753962,10.956894,19.991095,80.886619,Inf,Inf,32.876905
06/22/2026 13:55:14,0.000000,0.000000,74.794266,74.089237,63.824956,74.520659,74.875603,76.793545,74.800822,74.624621,34.375710,29.365778,28.879588,28.571711,32.024730,28.791223,28.837049,28.772807,32.914405,36.045161,34.611311,33.869631,33.619153,33.927354,33.353809,32.812879,32.806963,33.267025,36.666809,33.429650,33.018818,33.994374,33.977947,32.443408,32.177673,32.932899,34.765501,78.819661,39.775280,30.705010,24.144409,22.246320,22.937383,32.599815,30.555520,30.879362,80.141687,41.771398,30.903321,22.135432,21.495879,21.905128,30.176630,30.027118,30.094883,33.906582,33.941554,26.488782,24.216611,33.431017,33.448344,23.335258,26.479800,31.467835,37.661114,29.121721,33.545889,30.954607,36.719752,36.676761,32.630197,28.589070,32.066525,30.986623,36.603104,30.233629,35.576230,28.854555,33.023267,30.499524,36.285446,31.069888,35.550088,29.117962,32.314618,31.020067,35.900734,32.244991,36.179633,30.987003,33.687641,31.638166,34.996342,85.212227,88.273606,134.192197,89.632695,135.705470,50.644732,41.593323,159.048629,121.150000,3.830200,397.260000,119.750000,2.933900,272.490000,631885.210669,10.515586,10.713897,20.189424,93.639464,Inf,Inf,32.873433
06/22/2026 13:56:14,0.000000,0.000000,74.788988,74.126239,63.575163,74.527719,74.892799,76.809859,74.806452,74.650536,34.317263,29.344057,28.885966,28.568003,32.024591,28.729963,28.772379,28.756318,32.936765,36.116143,34.550220,33.914784,33.657213,33.939648,33.480007,32.860916,32.841678,33.294610,36.731002,33.333713,32.762048,34.197001,34.079370,32.553921,32.210845,33.000712,34.627346,75.192601,38.695993,30.681414,24.162581,22.209359,22.888324,32.576485,30.562002,30.961209,76.568982,40.908557,30.926031,22.149319,21.521258,21.924216,30.137643,30.057284,30.139759,33.849152,33.914896,26.610743,24.242115,33.370581,33.462105,23.350927,26.485413,31.486353,37.674179,29.110821,33.548162,30.957333,36.729537,36.690851,32.631017,28.591232,32.064867,30.993429,36.605601,30.220542,35.556133,28.857034,33.023960,30.499327,36.290173,31.085341,35.565438,29.124047,32.295773,31.021207,35.905853,32.267486,36.174621,30.977501,33.699326,31.673944,34.984950,80.825507,84.010230,133.036275,85.970906,134.499975,50.644614,41.243417,150.273448,121.060000,3.752000,388.530000,120.000000,2.865800,263.650000,631945.207787,10.842288,11.086905,19.839126,89.764230,Inf,Inf,32.876868
06/22/2026 13:57:14,0.000000,0.000000,74.812712,74.117845,63.132818,74.538003,74.884913,76.795668,74.793009,74.648500,34.343223,29.327331,28.887080,28.551623,32.073231,28.783629,28.848703,28.757692,32.896086,36.085810,34.547778,33.896263,33.683102,33.937557,33.408514,32.862730,32.811249,33.292638,36.328516,33.461033,32.895370,34.189834,34.024256,32.668600,32.276732,32.938955,34.578137,72.922246,35.990280,30.689477,24.210148,22.236383,22.938638,32.590831,30.523339,30.927319,72.351552,39.861595,30.924327,22.184383,21.499381,21.922087,30.188132,30.055478,30.112988,33.873997,33.886113,26.515206,24.196884,33.404331,33.444761,23.375102,26.937609,31.493115,37.670280,29.135879,33.527814,30.928899,36.719004,36.673663,32.626195,28.547575,32.068647,30.964238,36.637281,30.193167,35.571460,28.853877,33.034149,30.466755,36.300992,31.046322,35.551963,29.113605,32.280463,31.006021,35.927964,32.232302,36.176143,30.962991,33.690249,31.644346,34.975444,74.435495,77.396335,134.222981,82.065028,135.383505,50.636430,41.065890,132.916026,121.050000,3.595100,368.040000,120.090000,2.726900,244.150000,632005.206012,11.028709,11.263559,19.660768,81.630018,Inf,Inf,32.867360
06/22/2026 13:58:14,0.000000,0.000000,74.754076,74.122589,63.420312,74.485004,74.887280,76.791707,74.782498,74.642635,34.360854,29.329440,28.926662,28.586007,32.082604,28.801055,28.914643,28.800438,32.963539,36.125099,34.624852,33.906059,33.663143,33.906059,33.402210,32.838193,32.886189,33.278220,36.756715,33.292884,32.949267,33.690437,33.989731,32.810554,31.992758,32.998027,34.651727,80.120838,40.149224,30.664259,24.198991,22.327459,23.004014,32.624575,30.612424,31.029298,81.269335,41.762365,30.941541,22.208436,21.568440,21.991566,30.182280,30.071012,30.112027,33.913890,33.948110,26.595912,24.211611,33.450491,33.457155,23.429264,26.496430,31.496892,37.689494,29.129401,33.545089,30.941773,36.743290,36.646159,32.644804,28.576954,32.062092,30.987085,36.616383,30.197524,35.568701,28.841566,33.036551,30.471392,36.294971,31.044272,35.557181,29.108598,32.298160,31.003973,35.909541,32.229366,36.196687,30.963615,33.693450,31.635528,35.010566,85.869021,89.242056,135.175995,90.748557,136.479795,50.658514,41.617990,157.920796,120.980000,3.847300,399.570000,119.900000,2.944200,274.050000,632065.202781,10.450202,10.727484,20.214057,93.149550,Inf,Inf,32.871369
06/22/2026 13:59:14,0.000000,0.000000,74.717816,74.115057,63.467925,74.492173,74.877547,76.807286,74.799302,74.655639,34.327091,29.322714,28.883354,28.591133,32.047662,28.795473,28.864277,28.822788,32.929272,36.118421,34.504586,33.969324,33.653144,33.970212,33.442240,32.848907,32.830903,33.348272,36.665855,33.545531,33.117248,34.126865,34.042520,32.828741,32.116134,32.998562,34.516062,77.986471,39.439612,30.655372,24.151947,22.189735,22.915241,32.588518,30.549101,30.958420,79.139878,41.301411,30.926931,22.147533,21.503778,21.919754,30.147921,30.024623,30.077676,33.902766,33.937993,26.641133,24.276161,33.413703,33.485675,23.374696,27.154596,31.489914,37.688318,29.110818,33.535926,30.968676,36.736375,36.679754,32.626535,28.596997,32.055150,31.004644,36.617589,30.243317,35.579213,28.882198,33.041031,30.505302,36.297607,31.081684,35.566807,29.119180,32.307825,31.020942,35.913563,32.257878,36.176300,30.991669,33.694972,31.648192,34.975282,83.930031,86.994004,134.181083,88.606675,135.513885,50.655990,41.405405,156.346556,120.980000,3.808800,394.170000,119.730000,2.912400,269.730000,632125.200481,10.653872,10.925431,20.001500,92.461785,Inf,Inf,32.880455
06/22/2026 14:00:14,0.000000,0.000000,74.715551,74.101373,63.336297,74.450252,74.893946,76.800466,74.798602,74.626203,34.325624,29.310982,28.872511,28.523411,32.038416,28.778620,28.875291,28.806142,32.971369,36.073120,34.535064,33.913479,33.640363,33.967204,33.447877,32.863885,32.811785,33.297617,36.717183,33.293618,32.939848,34.096195,33.830690,32.524078,32.274464,32.967808,34.747550,73.616020,39.103364,30.623117,24.136234,22.200905,22.852080,32.579659,30.480051,30.753378,75.328350,41.288610,30.968269,22.141148,21.530745,21.914407,30.188079,30.052222,30.087441,33.860540,33.913023,26.479284,24.255950,33.404306,33.467394,23.434212,26.385233,31.477356,37.691771,29.107166,33.522890,30.992141,36.723391,36.704688,32.637364,28.601169,32.058316,31.018955,36.617811,30.221252,35.561270,28.894156,33.042279,30.506107,36.296391,31.089817,35.560383,29.181404,32.320062,31.061852,35.939165,32.289827,36.183496,31.014063,33.710747,31.675599,35.009212,79.501145,82.715243,132.722275,84.913966,134.282169,50.604506,41.391226,148.140633,121.060000,3.743000,386.620000,119.980000,2.853300,262.080000,632185.199059,10.635816,10.980968,19.987301,88.799608,Inf,Inf,32.890337
06/22/2026 14:01:14,0.000000,0.000000,74.658746,74.086391,63.636287,74.444805,74.850480,76.794190,74.773851,74.624691,34.331721,29.265373,28.842504,28.534690,32.046106,28.844325,28.888232,28.827114,32.929909,36.020307,34.565117,33.923815,33.671577,33.975762,33.336360,32.879895,32.835114,33.337818,36.765175,33.330708,32.894912,34.051768,33.934115,32.773087,32.202974,33.011963,34.425168,74.094280,33.120169,30.655525,24.188320,22.245461,22.996264,32.590199,30.489277,30.783178,73.435400,36.834485,30.976386,22.224221,21.589851,21.977528,30.254366,30.117251,30.141324,33.836501,33.869160,26.488763,24.187575,33.423083,33.487946,23.484502,26.167527,31.495113,37.660329,29.118252,33.513558,30.955597,36.726043,36.671335,32.617629,28.572891,32.037658,30.992923,36.612633,30.197313,35.560959,28.846301,33.025712,30.495735,36.287880,31.053622,35.556971,29.108387,32.292610,31.003801,35.915571,32.238539,36.162587,30.976530,33.677932,31.652485,34.995074,71.203128,74.859834,134.746544,81.776382,136.011055,50.650247,41.056567,122.640256,121.300000,3.579500,364.040000,120.110000,2.683000,237.060000,632245.195985,11.004135,11.324996,19.651390,76.477985,Inf,Inf,32.867399
06/22/2026 14:02:14,0.000000,0.000000,74.681725,74.078095,63.562380,74.416999,74.864512,76.783322,74.794332,74.627426,34.334019,29.318527,28.888980,28.560468,32.055351,28.868314,28.892550,28.829648,32.936213,36.074412,34.571851,33.851337,33.569315,33.928598,33.418416,32.865080,32.824042,33.299647,36.837774,33.231657,33.070077,33.588623,34.072651,32.530288,32.094873,33.050226,34.481111,79.376701,39.830411,30.653791,24.105391,22.231003,22.894400,32.598080,30.520353,30.891632,80.753866,41.544720,30.930635,22.106855,21.439819,21.891714,30.193615,30.059009,30.060792,33.902379,33.941239,26.616699,24.146030,33.467155,33.454271,23.266413,26.333932,31.493484,37.653852,29.146507,33.533660,30.959273,36.734118,36.692109,32.611824,28.593839,32.057957,31.007900,36.627168,30.223545,35.548040,28.861527,33.021769,30.493119,36.298634,31.076479,35.548926,29.139987,32.309003,31.032825,35.914300,32.245716,36.181312,30.984236,33.687704,31.645802,34.987979,85.797303,88.818023,134.529232,90.133516,135.872605,50.612115,41.423760,159.733616,121.040000,3.836200,398.990000,119.930000,2.940900,273.600000,632305.194344,10.633915,10.910759,20.019876,93.935875,Inf,Inf,32.877086
06/22/2026 14:03:14,0.000000,0.000000,74.631591,74.073596,63.762466,74.395084,74.843876,76.787181,74.795050,74.616312,34.325195,29.280668,28.800254,28.517353,32.033709,28.815838,28.845697,28.811346,32.928262,36.097489,34.558593,33.883030,33.657429,33.946080,33.405520,32.881075,32.825317,33.317806,36.914689,33.414224,32.882998,33.872486,33.972832,32.628651,32.203467,32.988897,34.579176,78.195463,39.348135,30.599020,24.239648,22.269526,23.002580,32.557772,30.560187,30.896996,79.064699,41.626098,31.002852,22.230675,21.613229,21.997308,30.329742,30.137488,30.132584,33.879305,33.928388,26.577407,24.271708,33.431941,33.499470,23.303484,27.085111,31.466488,37.675688,29.122157,33.532191,30.932844,36.730443,36.659928,32.607498,28.590837,32.048356,30.987592,36.612779,30.229556,35.563320,28.863521,33.029978,30.496002,36.285880,31.057847,35.550470,29.113440,32.289642,31.009416,35.888819,32.236581,36.175197,30.978973,33.681193,31.645955,34.974828,83.422800,86.505287,134.800325,88.616281,136.205683,50.704421,41.362966,154.013360,121.100000,3.796200,392.390000,120.010000,2.897400,268.120000,632365.191261,10.640026,11.043858,19.958994,91.433860,Inf,Inf,32.867914
06/22/2026 14:04:14,0.000000,0.000000,74.661821,74.085240,63.647966,74.376509,74.869249,76.779618,74.784471,74.621790,34.336629,29.290822,28.844316,28.502359,32.093077,28.841890,28.894498,28.832935,32.925046,36.088529,34.475964,33.876101,33.610079,33.929828,33.463007,32.875025,32.834889,33.298489,36.715396,33.308265,32.832848,34.075920,33.896554,32.915098,32.125217,33.090311,34.694140,76.975168,38.766801,30.347317,24.247361,22.366496,23.017075,32.607738,30.583517,30.998749,78.442003,41.416447,30.974236,22.284844,21.629539,22.063853,30.227813,30.089935,30.108659,33.873681,33.898099,26.659072,24.208406,33.471745,33.513060,23.509378,26.103661,31.492042,37.659051,29.129005,33.507541,30.951343,36.731112,36.655911,32.613689,28.581432,32.015143,31.002465,36.591945,30.205448,35.553093,28.844808,33.003776,30.483992,36.272136,31.042231,35.513656,29.110728,32.282933,31.023700,35.896815,32.254848,36.170750,30.977171,33.671653,31.649305,34.962643,83.025982,86.269103,133.865205,87.991720,135.372278,50.642288,41.479504,154.889826,121.070000,3.803300,393.970000,119.950000,2.906600,268.970000,632425.187678,10.271659,10.898578,20.075658,91.821215,Inf,Inf,32.861679
06/22/2026 14:05:14,0.000000,0.000000,74.585447,74.079857,63.293518,74.358697,74.854404,76.789254,74.754322,74.611919,34.336513,29.288476,28.810294,28.534253,32.045670,28.808198,28.870879,28.821806,32.951159,36.091513,34.569021,33.882975,33.642716,33.982432,33.407496,32.903948,32.825755,33.388449,36.792584,33.367122,32.721412,33.981086,34.183070,32.468349,32.175338,32.955460,34.704623,73.241895,38.954209,30.385514,24.231945,22.267638,22.912773,32.571391,30.580075,31.082251,74.946974,42.525680,30.981854,22.189358,21.566385,21.970221,30.200744,30.083421,30.191750,33.839661,33.899474,26.672965,24.259614,33.445707,33.494132,23.448631,26.054524,31.480042,37.687364,29.105840,33.498510,30.961001,36.695570,36.689856,32.602888,28.583982,32.028274,31.001798,36.594497,30.226296,35.558750,28.852845,33.006895,30.494696,36.259559,31.081708,35.540583,29.137833,32.286388,31.024598,35.893279,32.264198,36.177652,30.971640,33.665193,31.661536,34.972600,78.611754,81.744250,133.329274,84.461964,134.790945,50.606394,41.417447,145.784615,121.140000,3.716600,382.880000,120.110000,2.831900,258.910000,632485.187022,10.371958,10.968298,20.013556,87.723208,Inf,Inf,32.866862
06/22/2026 14:06:14,0.000000,0.000000,74.597186,74.089912,63.148214,74.354669,74.860518,76.789032,74.768051,74.660725,34.355365,29.326600,28.871627,28.576627,32.057227,28.813984,28.905888,28.847002,32.970043,36.091283,34.542171,33.876300,33.640481,33.942014,33.416150,32.916164,32.883914,33.324825,36.324282,33.461671,32.996003,33.924080,33.893886,32.767483,32.320775,32.947398,34.722306,75.210793,33.532148,30.553088,24.279577,22.314013,23.081300,32.617218,30.613965,30.943029,74.768089,37.738983,31.006782,22.259746,21.671415,22.035734,30.197640,30.067628,30.184429,33.844802,33.945181,26.473218,24.310619,33.396366,33.509655,23.488474,26.234318,31.471697,37.675993,29.092579,33.522961,30.985528,36.737178,36.682300,32.609080,28.590640,32.058011,30.987902,36.616252,30.215670,35.545972,28.875141,33.037556,30.492458,36.292602,31.081101,35.566798,29.124078,32.298474,31.034392,35.921173,32.235712,36.163767,30.987967,33.687880,31.657117,34.975740,72.194720,76.376274,134.902530,83.703500,136.263930,50.634549,41.214962,124.364377,121.260000,3.612900,368.760000,120.100000,2.710300,240.630000,632545.183260,10.742522,11.196216,19.810566,77.361745,Inf,Inf,32.874124
06/22/2026 14:07:14,0.000000,0.000000,74.600378,74.074500,63.632382,74.347656,74.858579,76.779510,74.788962,74.641917,34.371784,29.366293,28.936758,28.622567,32.067446,28.879545,28.901716,28.863796,32.958485,36.110766,34.518656,33.931785,33.623585,33.902924,33.399554,32.882663,32.922129,33.331916,36.677001,33.406117,32.949513,34.033930,33.965559,32.596904,32.281127,33.018029,34.589175,79.177325,39.476688,30.667888,24.186776,22.289211,22.958408,32.587323,30.506897,30.876331,80.397854,41.919207,30.947968,22.183060,21.507958,21.940531,30.226074,30.065101,30.116815,33.924431,33.951849,26.491993,24.246326,33.418301,33.503601,23.438916,26.048690,31.490711,37.682921,29.124996,33.518472,30.979242,36.728283,36.676479,32.607232,28.588786,32.049635,31.015611,36.590293,30.218941,35.562517,28.874742,33.026046,30.520585,36.306182,31.080066,35.540362,29.119769,32.314196,31.052264,35.891988,32.266905,36.171594,31.000747,33.701250,31.661173,35.016580,85.505053,88.522385,134.435885,89.860328,135.784127,50.534247,41.554671,159.119037,121.010000,3.833300,398.100000,119.930000,2.941400,273.160000,632605.180925,10.517079,10.797159,20.150809,93.669970,Inf,Inf,32.879286
06/22/2026 14:08:14,0.000000,0.000000,74.608283,74.059998,63.531639,74.316415,74.867493,76.750466,74.748694,74.617278,34.346201,29.361543,28.881152,28.544660,32.024450,28.786928,28.833002,28.790174,32.962642,36.032543,34.546319,33.868464,33.624648,33.925744,33.495949,32.853751,32.823040,33.324418,36.594308,33.455489,33.026042,34.362898,34.090823,32.672578,32.273098,32.978446,34.545677,78.221367,39.606773,30.620661,24.278806,22.315034,23.071640,32.543585,30.499169,30.752597,79.015085,42.029259,30.982701,22.227885,21.652766,22.022924,30.299921,30.129011,30.196327,33.920593,33.937171,26.567032,24.344360,33.415638,33.488943,23.451462,26.297090,31.472793,37.692990,29.101260,33.532520,30.969716,36.736523,36.671877,32.631070,28.586823,32.068021,30.981882,36.626614,30.200698,35.578060,28.859269,33.022631,30.498886,36.321683,31.068487,35.576287,29.124263,32.326243,31.055969,35.935089,32.251028,36.196394,30.981146,33.692242,31.645454,35.012908,83.321520,86.376779,134.961464,88.544637,136.219772,50.642599,41.387827,153.632506,121.030000,3.787100,392.490000,119.920000,2.895000,267.180000,632665.178697,10.636764,10.998804,19.983897,91.265081,Inf,Inf,32.880628
06/22/2026 14:09:14,0.000000,0.000000,74.587835,74.077595,63.135308,74.327209,74.835609,76.751111,74.746591,74.626162,34.301586,29.369780,28.841656,28.574674,32.025014,28.781247,28.849007,28.829824,32.926396,36.145666,34.574033,33.895669,33.610998,33.953390,33.425256,32.868368,32.819876,33.291040,36.733641,33.397680,32.790145,34.228597,33.894315,32.712773,32.195894,32.894197,34.596469,76.860899,39.210602,30.528674,24.326356,22.370295,23.087111,32.573617,30.588990,30.875117,78.329908,41.389426,30.983933,22.284289,21.698773,22.081473,30.297479,30.106240,30.175339,33.910789,33.929074,26.691132,24.365165,33.413185,33.503372,23.390751,26.337506,31.480117,37.690532,29.102348,33.540993,30.973759,36.720627,36.696397,32.636147,28.582993,32.032526,31.006055,36.619659,30.210185,35.586603,28.861217,33.019682,30.507518,36.309579,31.073236,35.550269,29.140893,32.307237,31.050340,35.931266,32.252971,36.192701,31.002383,33.683389,31.676669,35.005399,83.040387,86.225517,133.700380,87.953213,135.225888,50.617516,41.492712,155.199785,121.000000,3.801300,393.840000,119.990000,2.911000,268.890000,632725.176991,10.439805,10.895064,20.088869,91.957851,Inf,Inf,32.881456
06/22/2026 14:10:14,0.000000,0.000000,74.646860,74.040244,63.800191,74.324995,74.892965,76.752276,74.811583,74.618058,34.384786,29.311569,28.867299,28.537961,32.083192,28.842242,28.924297,28.830614,33.012851,36.090530,34.576021,33.930623,33.681940,33.930179,33.462917,32.873157,32.926429,33.289556,36.505153,33.502378,32.829002,34.289576,34.001049,32.688935,32.232720,32.939882,34.689966,70.164780,38.621645,30.499816,24.192129,22.180656,22.862234,32.555487,30.561017,30.974458,72.541265,43.095270,30.965557,22.129447,21.505455,21.915597,30.283767,30.075888,30.152122,33.790860,33.864142,26.561907,24.234718,33.408558,33.470312,23.395044,26.416756,31.466460,37.646933,29.093135,33.505316,30.959806,36.708985,36.677986,32.621644,28.582274,32.051218,30.994023,36.636345,30.225212,35.567421,28.853488,33.021760,30.500687,36.299229,31.063263,35.538619,29.113108,32.310667,31.040836,35.908533,32.258610,36.190762,30.986617,33.695585,31.664400,34.995848,76.029215,79.001022,132.992620,82.461335,134.191420,50.671590,41.498830,140.893240,121.210000,3.663100,376.640000,120.200000,2.792400,253.730000,632785.173294,10.404829,10.870570,20.094987,85.450924,Inf,Inf,32.872626
06/22/2026 14:11:14,0.000000,0.000000,74.584023,74.035722,63.247958,74.319939,74.856649,76.764095,74.745480,74.610682,34.308816,29.336460,28.897103,28.583531,32.044086,28.825348,28.922224,28.848617,32.977648,36.074061,34.603442,33.898711,33.647354,33.970640,33.417758,32.891098,32.904610,33.329514,36.831676,33.350398,32.934784,33.960616,34.181692,32.890771,32.242202,32.960025,34.711839,78.484304,37.708309,30.613497,24.274646,22.375892,23.086518,32.586371,30.553636,30.862180,78.648772,40.536440,31.002736,22.245807,21.646124,22.034677,30.204168,30.085719,30.153481,33.893903,33.941149,26.576844,24.181432,33.408988,33.497399,23.326037,26.425525,31.448471,37.682122,29.096536,33.502352,30.980006,36.710457,36.707028,32.610364,28.603975,32.039427,30.991575,36.579535,30.242429,35.561050,28.868002,33.011774,30.508502,36.310985,31.094704,35.560164,29.149515,32.292702,31.045085,35.915857,32.264632,36.176840,31.021623,33.665063,31.656951,34.968480,78.693228,83.730193,135.231639,88.371109,136.694753,50.630292,41.533694,135.309918,121.290000,3.735400,383.950000,120.190000,2.813300,254.480000,632845.171719,10.483653,10.872892,20.129844,82.792227,Inf,Inf,32.875540
06/22/2026 14:12:14,0.000000,0.000000,74.650126,74.031249,63.681925,74.359219,74.851547,76.777551,74.778033,74.610702,34.337275,29.308865,28.927941,28.604209,32.054030,28.849592,28.879361,28.837872,33.003043,36.063933,34.589302,33.966353,33.640400,33.921509,33.472367,32.885281,32.865892,33.364577,36.597132,33.441441,32.883807,33.971865,34.108600,32.665484,32.262535,33.042572,34.588826,78.477768,39.903597,30.632869,24.193135,22.257909,22.978945,32.576125,30.548270,30.934849,79.753012,41.644103,30.989909,22.175936,21.561287,21.942695,30.234910,30.083074,30.151282,33.926346,33.947461,26.618045,24.176030,33.432506,33.521803,23.366329,26.237880,31.489951,37.684819,29.108179,33.517163,30.973918,36.735828,36.682738,32.629090,28.580820,32.063043,30.987593,36.608063,30.229709,35.594488,28.871107,33.036648,30.514724,36.315688,31.068245,35.559041,29.129651,32.312040,31.064228,35.901665,32.269508,36.208109,30.989817,33.702353,31.652477,35.010586,84.751750,87.797029,133.948344,89.159768,135.533100,50.589262,41.458624,158.067440,121.250000,3.825900,396.360000,120.090000,2.927500,272.030000,632905.168500,10.578100,10.935140,20.054769,93.213382,Inf,Inf,32.883043
06/22/2026 14:13:14,0.000000,0.000000,74.638891,74.074134,63.295002,74.378490,74.858132,76.787915,74.768688,74.627978,34.337511,29.280558,28.826911,28.539725,32.037776,28.784671,28.840150,28.791076,32.925929,36.006599,34.539405,33.844459,33.655270,33.967453,33.487963,32.906223,32.885778,33.309803,36.673565,33.410220,33.065884,34.173224,33.950370,32.601703,32.381954,32.958297,34.689710,73.834613,38.505263,30.535635,24.143327,22.231332,22.902167,32.554195,30.478156,30.796987,75.301263,41.102422,30.975265,22.173307,21.523450,21.948838,30.265532,30.086483,30.096291,33.859585,33.921326,26.583704,24.216311,33.418280,33.502247,23.445614,26.087595,31.474690,37.690010,29.108065,33.534505,30.987750,36.737615,36.686342,32.627819,28.600516,32.078267,31.015314,36.619435,30.250526,35.606318,28.891901,33.044921,30.524358,36.304982,31.081531,35.551375,29.153157,32.308347,31.065838,35.936483,32.277790,36.195630,30.992408,33.683615,31.679568,35.002520,79.497745,82.685975,132.734985,84.876421,134.121225,50.544627,41.368113,147.795873,121.300000,3.735500,385.440000,120.140000,2.851400,261.330000,632965.166451,10.571485,11.011115,19.964150,88.642813,Inf,Inf,32.890387
06/22/2026 14:14:14,0.000000,0.000000,74.699353,74.067404,63.315597,74.403968,74.850221,76.799834,74.767587,74.605748,34.324404,29.307972,28.833811,28.577968,32.047883,28.841200,28.872583,28.831094,32.977260,36.129910,34.601280,33.936245,33.640039,33.951785,33.372760,32.909647,32.867322,33.337124,36.507831,33.446424,33.068660,34.031281,33.821709,32.574682,32.352078,33.055578,34.619995,79.038677,38.950109,30.555653,24.286000,22.411481,23.123767,32.576641,30.530959,30.912572,79.662698,42.451540,30.967882,22.326436,21.686118,22.124445,30.232307,30.097344,30.149949,33.928570,33.926401,26.540110,24.263761,33.438272,33.482698,23.448301,26.030175,31.474484,37.680083,29.119010,33.536479,30.974579,36.724095,36.678279,32.641063,28.574985,32.085237,30.996002,36.621686,30.196180,35.578443,28.852609,33.036441,30.511397,36.329161,31.077351,35.544324,29.119296,32.317729,31.039067,35.946635,32.247054,36.202103,30.972631,33.705449,31.655583,35.003479,83.104271,86.531642,135.299124,89.042453,136.744384,50.684440,41.602258,149.498144,121.220000,3.778400,390.540000,119.990000,2.879900,264.660000,633025.162835,10.357305,10.769534,20.198348,89.414642,Inf,Inf,32.881364
06/22/2026 14:15:14,0.000000,0.000000,74.689471,74.063857,63.466606,74.419053,74.862340,76.792536,74.790308,74.639460,34.343971,29.327191,28.884709,28.607807,32.088327,28.838467,28.907989,28.864270,32.987525,36.056887,34.655442,33.917985,33.656862,33.979257,33.380032,32.887581,32.846543,33.335465,36.777433,33.519844,32.979842,34.267957,34.035805,32.685950,32.148835,33.002334,34.674656,76.039607,34.431462,30.480694,24.351992,22.440371,23.139879,32.600638,30.580859,30.923875,75.551929,38.632454,30.985261,22.374420,21.754754,22.148646,30.269287,30.151003,30.165714,33.909196,33.897984,26.670572,24.271187,33.464746,33.505617,23.577574,26.487874,31.486133,37.684125,29.132457,33.508880,30.968729,36.712535,36.665499,32.624660,28.562991,32.030704,30.995764,36.602607,30.204152,35.566871,28.830592,33.012726,30.496978,36.289244,31.028704,35.522559,29.114784,32.292317,31.029553,35.894660,32.235330,36.166607,30.971664,33.686008,31.628954,34.989834,73.773931,78.329408,134.854164,85.082113,136.420456,50.703755,41.357722,127.016271,121.350000,3.637500,371.940000,120.240000,2.734100,243.960000,633085.161826,10.526954,11.031521,19.953740,78.705488,Inf,Inf,32.864554
06/22/2026 14:16:14,0.000000,0.000000,74.696021,74.050960,63.618396,74.458263,74.863508,76.790750,74.777615,74.633103,34.310468,29.391638,28.941143,28.640320,32.042429,28.850008,28.905883,28.859042,32.969079,36.006628,34.535441,33.907271,33.677679,33.941459,33.374825,32.875257,32.862138,33.375044,36.833211,33.369712,33.118971,34.492499,34.103728,32.641480,32.307825,32.949129,34.789677,79.873014,40.113916,30.488588,24.328524,22.415964,23.128651,32.633524,30.575040,30.925664,81.118971,42.980913,30.981137,22.314662,21.702677,22.101075,30.257226,30.094838,30.143876,33.921190,33.965360,26.672246,24.202894,33.456946,33.518697,23.440700,26.425549,31.496613,37.675517,29.140718,33.508880,30.954469,36.724039,36.690824,32.614980,28.582727,32.029444,30.978906,36.606920,30.212510,35.556567,28.854196,33.029132,30.484010,36.292986,31.077477,35.520232,29.119578,32.282417,31.058477,35.899492,32.249972,36.177434,30.978105,33.686041,31.664183,34.992971,85.786565,89.054928,134.958522,90.670023,136.528195,50.648136,41.701315,158.416084,121.180000,3.840200,399.180000,120.210000,2.945000,274.110000,633145.159480,10.191382,10.683931,20.297206,93.364983,Inf,Inf,32.871327
06/22/2026 14:17:14,0.000000,0.000000,74.660261,74.059152,63.827462,74.479670,74.873921,76.788494,74.786149,74.639948,34.334168,29.383790,28.928832,28.630402,32.076596,28.814662,28.883393,28.828521,32.983928,36.197211,34.545380,33.919157,33.654481,33.955565,33.390191,32.863068,32.811918,33.349295,36.791646,33.445264,32.962587,34.003923,33.999927,32.511690,32.233942,33.029121,34.632186,77.453046,39.326336,30.609080,24.282102,22.298155,23.022792,32.626754,30.600791,30.992341,78.801470,41.964189,30.960900,22.215362,21.586796,22.013055,30.214332,30.074163,30.105369,33.913919,33.973613,26.706909,24.339506,33.433923,33.493455,23.400461,26.200509,31.493685,37.676591,29.126636,33.525803,30.956739,36.744434,36.670792,32.637540,28.580375,32.058610,31.013456,36.611165,30.207870,35.575440,28.838078,33.022852,30.505348,36.306612,31.063566,35.552399,29.104230,32.308041,31.036138,35.908736,32.242351,36.189734,30.973105,33.686939,31.661073,34.999632,83.575849,86.660172,133.784185,88.198587,135.146383,50.549336,41.365102,155.574003,121.310000,3.797800,393.650000,120.170000,2.905300,269.290000,633205.155337,10.647946,10.999766,19.961134,92.122570,Inf,Inf,32.875932
06/22/2026 14:18:14,0.000000,0.000000,74.711588,74.078802,63.258183,74.497081,74.865554,76.791106,74.773604,74.649375,34.339533,29.349936,28.907906,28.594994,32.044839,28.788627,28.855659,28.801232,33.000416,36.098512,34.523681,33.938979,33.655211,33.958515,33.449207,32.917233,32.877233,33.394128,36.763288,33.444333,32.985117,34.045513,33.968707,32.593832,32.321541,33.029958,34.388107,73.187136,39.141108,30.594842,24.235029,22.288218,22.962758,32.596532,30.650729,31.127175,74.773683,42.097628,30.955622,22.190764,21.599382,22.011280,30.210786,30.057481,30.136836,33.847573,33.912855,26.630582,24.256832,33.377634,33.480709,23.343255,26.408189,31.479750,37.650835,29.111793,33.512610,30.956428,36.729523,36.654937,32.626497,28.576435,32.078331,30.971261,36.604535,30.203421,35.578550,28.854029,33.025411,30.496325,36.315723,31.066053,35.544874,29.108253,32.309384,31.025335,35.941845,32.244022,36.186892,30.959549,33.699586,31.665741,35.002947,78.581233,81.780803,132.867255,84.335462,134.305508,50.590452,41.543794,145.898240,121.320000,3.719800,384.020000,120.290000,2.836300,259.820000,633265.153887,10.454903,10.815683,20.139939,87.775386,Inf,Inf,32.872696
06/22/2026 14:19:14,0.000000,0.000000,74.695652,74.092877,63.629582,74.484103,74.870748,76.795866,74.774417,74.635821,34.294468,29.363072,28.849223,28.593453,32.070450,28.884787,28.914585,28.833393,32.979280,36.115982,34.538523,33.952098,33.649680,33.957426,33.427921,32.940390,32.857306,33.347998,36.732838,33.388876,32.994809,33.920668,34.131989,32.816533,32.237034,33.019318,34.687169,76.353139,35.045923,30.659558,24.346674,22.436837,23.153150,32.646720,30.589602,30.928278,75.963355,39.011922,30.978629,22.307205,21.698043,22.104517,30.229442,30.103249,30.153179,33.916691,33.956202,26.549099,24.233335,33.456945,33.509367,23.388732,26.766609,31.506125,37.704397,29.135522,33.507965,30.963800,36.723127,36.680946,32.623731,28.591060,32.052466,30.994381,36.593227,30.233041,35.559252,28.856196,33.012456,30.526570,36.296446,31.071602,35.524246,29.110683,32.278883,31.070278,35.897934,32.261756,36.180009,30.974903,33.679749,31.676583,34.973830,74.807950,79.244188,135.074008,85.329339,136.490408,50.601429,41.371609,128.110113,121.370000,3.647800,372.310000,120.270000,2.739000,244.900000,633325.151865,10.691906,11.010977,19.967652,79.254372,Inf,Inf,32.875372
06/22/2026 14:20:14,0.000000,0.000000,74.656935,74.080773,63.284594,74.510059,74.839237,76.795197,74.753942,74.626753,34.337216,29.359203,28.921191,28.637340,32.038122,28.873349,28.881070,28.881070,32.945195,36.068746,34.540442,33.884324,33.650285,34.005536,33.411869,32.903433,32.820622,33.379320,36.609160,33.324223,32.955036,33.952871,33.774365,32.789646,32.190762,33.075330,34.795845,79.274061,39.837364,30.638984,24.234070,22.318203,23.009233,32.592840,30.609146,31.049378,80.460109,42.151428,30.978568,22.209822,21.610916,21.999931,30.258796,30.102247,30.190515,33.942334,33.951701,26.458332,24.166804,33.446897,33.510426,23.401448,26.468369,31.496982,37.682070,29.118339,33.523693,30.984034,36.729944,36.679154,32.636605,28.600853,32.078741,31.011332,36.626897,30.224610,35.594294,28.855827,33.036536,30.521744,36.304471,31.069431,35.554859,29.129455,32.310956,31.065453,35.928571,32.236916,36.176523,30.969612,33.685571,31.674402,35.006690,85.554998,88.609056,134.355388,89.948942,135.982899,50.630305,41.620127,159.531616,121.310000,3.837500,398.120000,120.020000,2.938600,273.300000,633385.148836,10.422793,10.762377,20.216191,93.848553,Inf,Inf,32.883819
06/22/2026 14:21:14,0.000000,0.000000,74.691247,74.091006,63.722300,74.496219,74.863003,76.825653,74.790728,74.627202,34.360154,29.349253,28.895178,28.567285,32.068381,28.791258,28.842746,28.792780,32.961949,36.067722,34.574465,33.909185,33.680483,33.922505,33.433682,32.895918,32.877043,33.335732,36.739206,33.360614,33.004216,34.187546,34.214177,32.735679,32.351094,33.067930,34.749429,75.933506,39.093652,30.632025,24.198845,22.278878,22.983740,32.664939,30.628809,31.053098,77.136389,41.472295,30.955404,22.201309,21.566987,21.995946,30.222294,30.107752,30.129597,33.914072,33.934394,26.618746,24.244583,33.405020,33.500094,23.425076,26.206787,31.495488,37.671750,29.110600,33.507793,30.965410,36.713664,36.690354,32.634076,28.569760,32.053483,31.003866,36.605674,30.208133,35.593869,28.860898,33.012251,30.504524,36.292911,31.068490,35.553990,29.121890,32.302520,31.079876,35.910575,32.258881,36.207466,31.000756,33.678466,31.668167,35.006692,81.562335,84.729871,132.987316,86.514723,134.550336,50.622494,41.310426,151.550353,121.300000,3.766400,389.980000,120.160000,2.877900,265.280000,633445.146553,10.725688,11.049067,19.906337,90.337377,Inf,Inf,32.878409
06/22/2026 14:22:14,0.000000,0.000000,74.744975,74.099951,63.265899,74.505037,74.883223,76.794403,74.791789,74.626150,34.303425,29.340854,28.919789,28.605629,32.114191,28.788107,28.875907,28.775083,32.941575,36.084181,34.595391,33.902053,33.671127,34.000176,33.455599,32.880505,32.845461,33.277506,36.800247,33.297947,32.894482,34.214692,33.955886,32.681053,32.289835,33.010282,34.793477,72.218274,37.228971,30.696236,24.249070,22.265959,22.964959,32.634295,30.590075,30.899861,72.866380,42.863726,30.965759,22.177643,21.545487,21.943949,30.217433,30.080170,30.171560,33.849745,33.885656,26.575066,24.197368,33.432357,33.456348,23.400674,26.170882,31.477517,37.670718,29.106881,33.509629,30.984632,36.732307,36.656053,32.620059,28.576668,32.053049,31.000313,36.617630,30.190756,35.583243,28.832603,33.016063,30.501660,36.297533,31.066903,35.547352,29.128589,32.290961,31.049831,35.905071,32.236890,36.183752,30.976888,33.673747,31.653633,34.986905,75.899613,78.837655,133.749699,82.835386,135.147509,50.637020,41.335385,137.518806,121.420000,3.633300,373.460000,120.150000,2.766500,249.870000,633505.144238,10.764880,11.034403,19.931356,83.852608,Inf,Inf,32.870928
06/22/2026 14:23:14,0.000000,0.000000,74.723928,74.089036,63.171316,74.511211,74.869116,76.772319,74.767672,74.614284,34.312318,29.358711,28.940773,28.643046,32.055385,28.836227,28.903951,28.895475,32.985158,36.043016,34.583874,33.897995,33.659518,33.957492,33.447542,32.912455,32.859163,33.321861,36.598842,33.282758,32.909925,33.887836,34.176403,32.590656,32.379825,32.993067,34.742591,80.123886,39.477180,30.648329,24.296197,22.408243,23.090743,32.635483,30.662132,31.087503,80.947915,42.166616,30.948510,22.248639,21.627917,22.059092,30.236901,30.086446,30.167137,33.931037,33.955053,26.618983,24.239241,33.450811,33.511230,23.376275,26.109356,31.476778,37.694291,29.094990,33.497018,30.978220,36.732577,36.669627,32.623917,28.565815,32.054720,30.997529,36.627542,30.193609,35.593167,28.850957,33.023683,30.497713,36.322248,31.059252,35.533349,29.129659,32.310269,31.041874,35.924180,32.261426,36.185891,30.983942,33.695035,31.667412,35.001507,83.690943,88.094988,134.979611,90.234516,136.614744,50.667327,41.663246,148.478918,121.260000,3.831000,396.790000,120.230000,2.914100,268.380000,633565.140669,10.389100,10.689281,20.259229,88.953222,Inf,Inf,32.876273
06/22/2026 14:24:14,0.000000,0.000000,74.708583,74.071566,63.228153,74.520766,74.869373,76.802082,74.777080,74.612283,34.300255,29.347481,28.855932,28.606550,32.052360,28.850148,28.895688,28.881413,32.973964,36.041607,34.609968,33.897197,33.634291,34.004200,33.360227,32.877989,32.870507,33.354082,37.009187,33.391849,32.949797,34.000916,34.015567,32.618091,32.043339,33.015645,34.681729,78.379932,39.640209,30.496683,24.238696,22.290098,23.007174,32.616147,30.521968,30.842222,79.626207,42.187528,30.965252,22.197765,21.586864,21.980374,30.250507,30.081803,30.137975,33.918864,33.972177,26.623705,24.341286,33.434357,33.501441,23.444802,26.528510,31.472297,37.668633,29.097194,33.493852,30.960784,36.731194,36.662036,32.618066,28.562622,32.056338,31.006725,36.602860,30.191479,35.585291,28.821774,33.031500,30.485938,36.317970,31.068314,35.541867,29.107010,32.296131,31.044362,35.910709,32.219860,36.176299,30.967604,33.680977,31.644401,34.971065,84.485204,87.557568,134.069277,89.018350,135.448846,50.620238,41.437356,157.273684,121.360000,3.812400,395.330000,120.130000,2.920700,270.510000,633625.139273,10.463198,10.931767,20.033485,92.867394,Inf,Inf,32.866505
06/22/2026 14:25:14,0.000000,0.000000,74.766269,74.070096,63.145275,74.521951,74.864221,76.794833,74.775078,74.599294,34.276405,29.327081,28.882814,28.569287,32.018751,28.818690,28.859373,28.788885,32.966966,36.144896,34.612745,33.930270,33.648276,33.945810,33.404479,32.890703,32.891017,33.313706,36.706212,33.370581,32.947758,34.216395,33.904309,32.502190,32.230456,32.995411,34.549298,75.204386,38.403710,30.549891,24.234825,22.326582,22.970900,32.636188,30.572806,30.963384,76.450447,41.634003,30.960263,22.253740,21.623242,22.033336,30.232703,30.078630,30.134802,33.877962,33.902381,26.725927,24.297482,33.439751,33.500615,23.408130,26.283170,31.483866,37.660221,29.122604,33.513455,30.993371,36.736117,36.675339,32.620318,28.590314,32.057165,31.012455,36.616685,30.210310,35.584069,28.857700,33.030846,30.528964,36.312221,31.071885,35.547292,29.137896,32.311366,31.054402,35.925116,32.252133,36.190474,30.986327,33.696660,31.686862,35.000025,80.623685,83.796389,133.138229,85.923558,134.565795,50.611227,41.407347,149.380796,121.350000,3.751400,387.580000,120.220000,2.863400,262.970000,633685.136665,10.546447,10.956819,20.003444,89.361624,Inf,Inf,32.882215
06/22/2026 14:26:14,0.000000,0.000000,74.772495,74.075058,63.246253,74.556733,74.864769,76.821935,74.798608,74.610151,34.349020,29.374187,28.923688,28.608983,32.083714,28.841873,28.916819,28.858379,32.972133,36.033584,34.588178,34.015944,33.657144,33.965331,33.409264,32.901716,32.925723,33.345283,36.758451,33.211528,32.831533,34.019114,34.095471,32.593626,32.175153,32.937938,34.670726,73.592257,36.000441,30.678309,24.262580,22.248549,23.075579,32.650231,30.598469,30.911188,73.062598,40.783873,30.958393,22.236609,21.605102,21.986044,30.254358,30.103984,30.171746,33.860588,33.910287,26.554723,24.207508,33.450417,33.458859,23.355269,26.520228,31.486315,37.676351,29.110783,33.491486,30.965096,36.725741,36.664489,32.625424,28.563757,32.054685,30.987245,36.605979,30.205766,35.575564,28.848464,33.021199,30.519291,36.319973,31.068994,35.523278,29.118629,32.297488,31.042948,35.901774,32.225568,36.189372,30.966947,33.670589,31.660712,34.996168,75.174335,78.154758,134.396337,82.702974,135.636035,50.663626,41.188158,133.868242,121.430000,3.609600,369.440000,120.410000,2.737100,245.830000,633745.133361,10.894655,11.174739,19.783654,82.093954,Inf,Inf,32.870336
06/22/2026 14:27:14,0.000000,0.000000,74.816462,74.058593,63.749419,74.528626,74.878075,76.810764,74.807153,74.606020,34.357297,29.354855,28.963681,28.590902,32.090157,28.822903,28.902079,28.820440,32.974201,36.048486,34.576045,33.949115,33.672902,33.982414,33.448343,32.883469,32.828193,33.344231,36.622448,33.429983,33.052066,34.097724,34.093728,32.599885,32.321264,33.025680,34.848756,80.275536,40.024736,30.605188,24.308267,22.426164,23.117045,32.636682,30.628568,31.030172,81.210613,42.319250,30.935997,22.294349,21.686567,22.074206,30.300956,30.123156,30.150795,33.961381,33.995864,26.702494,24.261826,33.473225,33.535419,23.472346,26.097596,31.484214,37.673383,29.112248,33.500141,30.962191,36.722857,36.648489,32.620906,28.559671,32.047588,30.972563,36.599603,30.194440,35.592664,28.829701,33.018951,30.488956,36.304989,31.068615,35.533732,29.081871,32.289298,31.034010,35.898205,32.221982,36.178369,30.964341,33.672643,31.649852,34.997775,85.549946,89.141826,134.981488,90.758005,136.472210,50.694111,41.612358,156.177090,121.310000,3.851300,400.050000,120.140000,2.946600,273.760000,633805.131261,10.396755,10.727564,20.208433,92.387472,Inf,Inf,32.864142
06/22/2026 14:28:14,0.000000,0.000000,74.793260,74.082309,63.782416,74.546434,74.872640,76.780472,74.802002,74.620307,34.324274,29.347535,28.905058,28.589633,32.068419,28.851970,28.893766,28.869676,32.948679,36.073544,34.614902,33.982039,33.649430,33.981595,33.414296,32.851176,32.929850,33.345410,36.607691,33.440047,32.884506,34.366723,33.933936,32.669296,32.222717,33.042354,34.678219,78.095309,39.222444,30.588777,24.235866,22.285918,22.996784,32.669433,30.586514,30.920921,79.221363,42.020337,30.956365,22.208106,21.575113,21.974908,30.222342,30.081623,30.105251,33.900036,33.971315,26.668855,24.254712,33.452393,33.497263,23.347405,26.348489,31.466118,37.662062,29.088778,33.505854,30.987975,36.712618,36.673136,32.605207,28.583631,32.050218,30.997477,36.614224,30.206494,35.586922,28.840087,32.998627,30.520727,36.296886,31.062242,35.531977,29.093933,32.295989,31.066219,35.889914,32.256813,36.170708,30.975346,33.687536,31.679493,34.983822,84.071005,87.142539,133.953866,88.688833,135.539798,50.662800,41.375494,156.453868,121.340000,3.806200,394.740000,120.160000,2.912500,269.730000,633865.128407,10.617233,10.984821,19.971544,92.508816,Inf,Inf,32.869701
06/22/2026 14:29:14,0.000000,0.000000,74.778311,74.076651,63.800231,74.553544,74.863271,76.795994,74.800740,74.629609,34.340349,29.297237,28.860547,28.548433,32.055363,28.804977,28.873365,28.802878,32.955890,36.020946,34.605685,33.947703,33.648837,33.925503,33.382869,32.865967,32.864609,33.371737,36.850268,33.517015,33.024818,34.227203,34.049646,32.692699,32.269323,33.027573,34.558772,75.492653,38.957963,30.523026,24.250458,22.334619,23.031078,32.614964,30.574713,30.850481,76.631182,41.566561,30.988415,22.257855,21.625162,22.050507,30.215888,30.125283,30.222912,33.876474,33.939756,26.569187,24.218847,33.443899,33.496767,23.470550,26.317471,31.473063,37.655693,29.125171,33.511044,30.954411,36.724424,36.657258,32.621269,28.560481,32.038351,30.981585,36.595338,30.195046,35.589279,28.826598,33.009191,30.507696,36.304161,31.080705,35.541425,29.094968,32.288123,31.075026,35.905311,32.236241,36.193038,30.960388,33.673659,31.664682,34.997016,80.733712,83.931127,133.227432,86.124685,134.899151,50.669852,41.529324,149.408959,121.400000,3.748100,388.230000,120.310000,2.864500,263.150000,633925.125084,10.397550,10.862939,20.125476,89.374350,Inf,Inf,32.868021
06/22/2026 14:30:14,0.000000,0.000000,74.743972,74.074844,63.174502,74.543848,74.886109,76.763983,74.794974,74.614546,34.278620,29.341349,28.878796,28.584533,32.078018,28.818319,28.924773,28.847151,32.963851,36.069616,34.574589,33.852196,33.629696,33.950769,33.440290,32.893194,32.917027,33.305043,36.790943,33.357031,32.956724,34.207593,33.989631,32.719299,32.368688,32.977493,34.758987,73.526355,36.775619,30.534458,24.276493,22.280875,23.009385,32.614784,30.589686,31.018289,73.574436,42.179218,30.976750,22.232211,21.599849,21.993354,30.254936,30.117509,30.211571,33.857185,33.920586,26.589214,24.193903,33.455131,33.502667,23.467093,26.396483,31.453375,37.667984,29.100553,33.518369,30.982258,36.737472,36.664165,32.635327,28.598233,32.071239,30.997136,36.622276,30.194545,35.593212,28.846106,33.033074,30.502672,36.337807,31.083381,35.549788,29.110970,32.305419,31.050842,35.949480,32.232560,36.202338,30.986682,33.696598,31.666307,34.991538,76.537563,79.465970,134.291557,83.453264,135.526256,50.649019,41.333540,137.819864,121.610000,3.641900,373.410000,120.420000,2.768900,250.210000,633985.123637,10.604951,11.047243,19.929507,83.996256,Inf,Inf,32.879390
06/22/2026 14:31:14,0.000000,0.000000,74.819339,74.062318,63.200794,74.558671,74.880225,76.756004,74.814034,74.588392,34.367942,29.372242,28.958768,28.595132,32.063223,28.831147,28.955719,28.837502,32.994644,35.997996,34.615967,33.863633,33.662455,33.936452,33.399135,32.893803,32.880023,33.350707,36.855873,33.458671,32.906973,34.229381,33.856468,32.563686,32.270058,33.052310,34.644682,79.868990,39.480718,30.517747,24.290607,22.415648,23.095650,32.630125,30.605061,30.989497,80.531300,42.157855,30.962097,22.306264,21.660655,22.096301,30.271204,30.141310,30.139973,33.963478,33.927742,26.602224,24.238798,33.473918,33.514789,23.356568,26.558958,31.491965,37.658975,29.128483,33.488405,30.971363,36.719574,36.651126,32.612438,28.570807,32.040120,30.997617,36.616115,30.219543,35.570205,28.864982,33.013654,30.521085,36.289658,31.081257,35.544505,29.115018,32.294331,31.049644,35.898685,32.237148,36.166579,30.976983,33.667948,31.676328,34.977568,82.813649,87.337822,135.307501,89.774484,136.688052,50.646061,41.568462,145.601553,121.310000,3.818900,395.440000,120.260000,2.892200,266.140000,634045.120573,10.353158,10.797508,20.164589,87.639089,Inf,Inf,32.870404
06/22/2026 14:32:14,0.000000,0.000000,74.780739,74.065549,63.693959,74.531341,74.874029,76.757831,74.806603,74.611387,34.351828,29.342668,28.865394,28.572517,32.023753,28.877684,28.950363,28.880772,32.988727,36.047457,34.564366,33.896631,33.674143,33.952132,33.445338,32.896912,32.876938,33.335626,36.826702,33.406717,33.027398,34.106826,33.820009,32.733523,32.291715,32.982821,34.564240,78.791985,39.623720,30.461292,24.264222,22.350202,23.029460,32.540417,30.483514,30.766026,79.920255,42.320686,30.978856,22.249131,21.624439,22.009411,30.395259,30.184350,30.166518,33.945073,33.916912,26.596687,24.310160,33.470549,33.512753,23.478607,26.356590,31.474639,37.673166,29.124518,33.474559,30.981984,36.719501,36.691036,32.609411,28.578033,32.053195,30.989763,36.599917,30.213479,35.580572,28.852671,33.020501,30.527059,36.324462,31.085544,35.539364,29.107613,32.302961,31.081907,35.904179,32.247561,36.183678,31.002214,33.705000,31.671617,35.030965,84.823147,87.819699,134.481293,89.375596,135.749313,50.622273,41.651204,157.682054,121.500000,3.818900,396.240000,120.360000,2.925700,271.670000,634105.117615,10.214080,10.731644,20.247212,93.045543,Inf,Inf,32.878369
06/22/2026 14:33:14,0.000000,0.000000,74.755378,74.082453,63.138944,74.543821,74.866648,76.788403,74.781579,74.622278,34.340231,29.327892,28.899239,28.586613,32.023571,28.809691,28.872872,28.836737,32.965996,36.079724,34.595806,33.913322,33.583350,34.008780,33.460573,32.923717,32.859175,33.407627,36.605934,33.504034,33.065990,33.950476,33.951364,32.632941,32.195941,33.017384,34.702095,76.771580,38.950800,30.451160,24.269647,22.351152,23.061507,32.632264,30.576897,30.926218,77.918588,41.837851,30.971997,22.268689,21.641273,22.042387,30.243927,30.087367,30.117237,33.884000,33.934942,26.645658,24.147784,33.463564,33.500438,23.476492,26.184289,31.489100,37.664530,29.103312,33.496461,30.978107,36.733792,36.666286,32.625896,28.571369,32.069835,31.007762,36.603556,30.211795,35.595293,28.836316,33.026431,30.499130,36.335281,31.083957,35.556744,29.120648,32.317297,31.076266,35.927803,32.242373,36.210880,30.972107,33.712095,31.658240,35.018539,82.266569,85.412641,133.813641,87.313110,135.276943,50.585099,41.453963,152.407719,121.550000,3.772400,391.440000,120.190000,2.886100,266.550000,634165.116180,10.401055,10.921892,20.050105,90.720402,Inf,Inf,32.880373
06/22/2026 14:34:14,0.000000,0.000000,74.753855,74.076701,63.678708,74.550118,74.848863,76.769815,74.793773,74.611654,34.286722,29.381155,28.901661,28.566439,32.047510,28.826995,28.875892,28.838864,32.971521,36.070172,34.597327,33.939424,33.668093,33.944308,33.428927,32.903608,32.895298,33.381969,36.529485,33.655174,32.925498,33.747966,33.944238,32.672500,32.310007,33.048660,34.776329,73.805536,39.310668,30.456411,24.291273,22.299271,22.983573,32.591392,30.611706,30.970073,75.276094,43.128701,30.989971,22.243723,21.605865,22.010134,30.242189,30.104045,30.201229,33.865977,33.934202,26.608724,24.276681,33.412442,33.516400,23.408817,25.955692,31.457273,37.675828,29.110255,33.480806,30.977555,36.712006,36.671303,32.603364,28.584906,32.048836,31.008126,36.596218,30.213319,35.551611,28.842586,33.008674,30.521886,36.315680,31.087844,35.514389,29.108344,32.295237,31.074062,35.883536,32.250406,36.168253,30.965299,33.666856,31.681024,34.998205,78.878279,81.820722,134.120903,84.830982,135.129039,50.632584,41.542920,145.177320,121.440000,3.706200,382.670000,120.520000,2.830600,258.900000,634225.113304,10.317345,10.850905,20.139066,87.443876,Inf,Inf,32.869123
06/22/2026 14:35:14,0.000000,0.000000,74.774421,74.105740,63.242638,74.548875,74.872546,76.768996,74.779941,74.613455,34.339839,29.378786,28.929626,28.621376,32.033324,28.869878,28.905848,28.856776,33.012724,36.057635,34.577669,33.954576,33.645496,33.971447,33.400560,32.886781,32.909312,33.402638,36.589459,33.551465,32.915173,34.152791,34.087094,32.615031,32.191327,33.090118,34.765804,76.759643,35.370912,30.545511,24.377160,22.444958,23.181350,32.652472,30.647067,30.945065,76.551178,39.350545,31.001959,22.357141,21.741988,22.143510,30.279785,30.174876,30.224804,33.941409,33.957690,26.641742,24.344828,33.488075,33.537829,23.573324,26.388061,31.486413,37.693684,29.130507,33.483287,30.965783,36.709610,36.682520,32.608857,28.564091,32.024023,30.998432,36.591913,30.208090,35.571671,28.844927,33.003894,30.506396,36.315863,31.090702,35.540211,29.118725,32.280676,31.064815,35.909335,32.219815,36.202086,30.991776,33.666079,31.665543,35.000533,76.874930,80.993630,135.196302,85.496474,136.613311,50.675905,41.436094,132.083910,121.540000,3.663800,375.310000,120.460000,2.763700,248.060000,634285.110101,10.513289,10.969737,20.032222,81.222795,Inf,Inf,32.871342
06/22/2026 14:36:14,0.000000,0.000000,74.767878,74.143167,63.366209,74.551810,74.887730,76.792999,74.800946,74.643761,34.356270,29.384596,28.923839,28.624608,32.086838,28.890955,28.934003,28.901884,33.026071,36.068274,34.602968,33.919164,33.637610,33.973332,33.459256,32.921509,32.925708,33.384368,36.609762,33.538529,33.002671,34.299625,33.789534,32.630518,32.376578,33.080501,34.790360,79.710971,40.008265,30.455258,24.276166,22.378311,23.059563,32.578744,30.542872,30.926817,80.982903,42.850328,30.970643,22.258804,21.633043,22.044927,30.243776,30.127198,30.195404,33.940543,33.960232,26.546899,24.301317,33.451555,33.514195,23.447807,26.465580,31.465241,37.670031,29.095037,33.514448,30.958272,36.741531,36.660408,32.626659,28.560980,32.060760,30.977285,36.608930,30.181101,35.605105,28.838797,33.026236,30.508295,36.331271,31.065661,35.553263,29.106439,32.311578,31.076962,35.932924,32.224825,36.203770,30.976537,33.688494,31.652387,35.011826,85.951954,89.001804,134.947128,90.428642,136.361742,50.631863,41.666062,160.017516,121.480000,3.833300,398.570000,120.460000,2.944700,273.850000,634345.107887,10.193219,10.708604,20.262039,94.058476,Inf,Inf,32.874502
06/22/2026 14:37:14,0.000000,0.000000,74.758040,74.080044,63.714199,74.528672,74.866292,76.762335,74.790441,74.616350,34.334019,29.372937,28.904147,28.602322,32.055263,28.807553,28.882852,28.816827,32.970887,36.077954,34.607785,33.984898,33.675386,33.920519,33.491393,32.879424,32.896517,33.304984,36.652394,33.304540,32.955666,34.111102,33.980583,32.521222,32.476164,32.982206,34.877228,77.832186,39.333553,30.602556,24.295351,22.350445,23.061637,32.649737,30.592180,30.931899,78.918943,42.003912,30.970599,22.273560,21.609091,22.047003,30.273031,30.161704,30.178199,33.942942,33.932661,26.650511,24.314405,33.459657,33.522741,23.451497,26.024674,31.490386,37.667131,29.125564,33.482803,30.972874,36.718862,36.668326,32.596370,28.564057,32.027918,30.983171,36.573154,30.203459,35.570613,28.841312,33.007405,30.515265,36.303324,31.075406,35.511679,29.097587,32.290736,31.070116,35.884486,32.246911,36.161650,30.973805,33.667184,31.665316,34.984344,83.641305,86.750135,133.806302,88.382804,135.459631,50.656863,41.415020,155.217104,121.370000,3.799800,393.880000,120.340000,2.903300,268.970000,634405.104299,10.591429,10.959472,20.011127,91.965480,Inf,Inf,32.864707
06/22/2026 14:38:14,0.000000,0.000000,74.766681,74.079388,63.782884,74.535824,74.902590,76.773683,74.831546,74.626616,34.364074,29.657775,29.209132,28.907584,32.185753,29.224733,29.219352,29.208201,33.003661,36.132297,34.641379,33.943263,33.668380,33.994766,33.461794,32.906710,32.968724,33.356271,36.637979,33.543755,32.991034,34.178822,34.091375,32.833210,32.520102,33.015003,34.645600,60.648284,28.859764,30.773928,25.740925,24.962298,25.543378,32.701370,30.920686,31.231097,58.725827,30.672274,31.081304,24.425601,24.078925,24.364981,30.523587,30.403508,30.483740,33.815700,33.961268,27.375182,25.286848,33.512684,33.519348,24.925860,27.039166,31.482140,37.662046,29.097236,33.510433,30.976080,36.715851,36.674125,32.606201,28.592659,32.048339,30.985793,36.610846,30.216465,35.576894,28.845878,33.040847,30.515815,36.349138,31.084538,35.537014,29.095435,32.309500,31.090273,35.901863,32.239896,36.189319,30.970905,33.689606,31.663303,34.993869,80.268228,80.552040,120.383295,73.416097,126.573804,58.061622,47.252615,86.503507,122.700000,1.093900,121.730000,121.840000,0.000000,0.010000,634465.102974,5.134018,5.441394,25.639910,55.731178,Inf,Inf,32.875744
06/22/2026 14:39:14,0.000000,0.000000,74.769696,74.137376,63.259693,74.556118,74.890769,76.787601,74.788532,74.632613,34.691949,30.886775,30.355948,30.213333,32.635542,30.409915,30.372718,30.384307,33.433842,36.219963,34.746508,34.205221,33.847394,34.064507,33.701976,33.186615,33.207119,33.530583,37.333892,33.940946,33.519419,34.490371,34.453544,33.165729,32.975908,33.325683,35.180880,37.918608,28.396623,31.500242,28.445522,27.795681,28.302302,33.005172,31.799459,32.010175,38.004173,28.553104,31.437466,27.513306,27.267503,27.359048,31.450626,31.330348,31.318763,33.873760,34.037779,29.155101,27.571366,33.700324,33.697215,27.451704,29.101133,31.457518,37.700819,29.099795,33.497207,30.994898,36.732323,36.662028,32.630067,28.602771,32.058425,31.010597,36.612827,30.207761,35.577547,28.860833,33.010408,30.518277,36.300320,31.076839,35.535009,29.127762,32.316830,31.084267,35.898109,32.232120,36.206464,30.981031,33.693663,31.684747,35.025855,76.501888,76.072562,103.425062,72.523565,115.046694,69.304170,49.630676,49.528022,122.700000,1.092600,121.760000,121.850000,0.000000,0.010000,634525.100761,3.681266,3.618490,27.818976,27.726170,Inf,Inf,32.879904
06/22/2026 14:40:14,0.000000,0.000000,74.778596,74.096810,63.706344,74.532161,74.898506,76.797007,74.821194,74.630206,34.994824,31.713713,31.144754,31.044610,33.015745,31.162249,31.199252,31.131968,33.773612,36.420021,35.060004,34.441367,34.107618,34.247880,33.968682,33.538344,33.530523,33.792132,37.127335,34.257839,33.983221,34.996622,34.810366,33.567550,33.262616,33.750839,35.242531,34.026372,29.541910,32.119534,29.803088,29.336195,29.644443,33.329474,32.350433,32.619374,35.795141,29.608598,31.853140,29.024871,28.825108,28.909423,32.001565,31.969323,31.920323,34.069233,34.206922,30.194536,29.022804,34.005106,33.906984,29.126736,30.126340,31.500315,37.659745,29.141749,33.486022,30.966299,36.701715,36.657845,32.609852,28.553488,32.026537,30.977332,36.605919,30.178512,35.595886,28.815863,33.001161,30.495633,36.314311,31.058393,35.535625,29.088683,32.288973,31.056727,35.892438,32.219749,36.189907,30.959019,33.680263,31.658832,34.976560,83.894449,84.109738,95.448502,72.674707,109.005318,75.413605,51.060503,50.682398,122.640000,1.092600,122.190000,121.970000,0.000000,0.010000,634585.097671,3.019293,2.752899,29.100241,28.763468,Inf,Inf,32.863112
06/22/2026 14:41:14,0.000000,0.000000,74.783793,74.115120,63.595588,74.532874,74.881899,76.794347,74.812347,74.627273,35.297648,32.259620,31.703495,31.627599,33.354146,31.742092,31.802299,31.708301,34.079119,36.608143,35.322913,34.771180,34.375445,34.414495,34.221512,33.863248,33.858380,34.071050,37.596051,34.561884,34.368481,35.523206,35.054245,33.981426,33.717028,33.897766,35.511940,33.358049,30.819665,32.625019,30.840106,30.463942,30.708248,33.561080,32.831795,32.996369,35.253150,30.488599,32.280338,30.088278,29.932175,30.061021,32.467124,32.422723,32.360887,34.253390,34.433986,30.979267,30.073162,34.240983,34.165527,30.148503,31.121277,31.459018,37.663858,29.119138,33.473435,30.987541,36.725461,36.663592,32.607622,28.578915,32.053437,31.018971,36.615267,30.197737,35.581320,28.829606,33.027301,30.507580,36.330241,31.095372,35.530806,29.122193,32.294814,31.090061,35.909183,32.239240,36.188573,30.972382,33.695604,31.693377,35.005179,81.776336,81.845368,90.671397,72.868769,105.195440,79.055803,52.178883,51.934213,122.540000,1.088100,121.790000,122.010000,0.000000,0.010000,634645.095513,2.537063,2.192382,30.087956,29.872934,Inf,Inf,32.875894
06/22/2026 14:42:14,0.000000,0.000000,74.774432,74.120551,63.545426,74.509473,74.876251,76.774801,74.796359,74.628608,35.499715,32.687952,32.091832,32.065764,33.585039,32.152098,32.214768,32.112865,34.315223,36.784662,35.537381,35.046891,34.598058,34.618021,34.507035,34.155558,34.120222,34.305751,37.617604,34.832809,34.534267,35.623181,35.045212,34.440647,33.973062,34.263374,35.787777,33.512617,31.663101,33.080699,31.527369,31.226176,31.283405,33.836746,33.176601,33.348438,34.982345,31.171871,32.664872,30.833307,30.712115,30.801250,32.814756,32.789273,32.762594,34.445624,34.640058,31.538672,30.858471,34.453038,34.342545,30.859808,31.661423,31.492126,37.644992,29.100543,33.521910,30.980908,36.773296,36.665500,32.628219,28.571469,32.091630,30.984132,36.650612,30.211946,35.624243,28.833128,33.028144,30.509317,36.343539,31.105638,35.544044,29.092698,32.321452,31.076201,35.932610,32.246758,36.199216,30.977747,33.730831,31.681935,35.036358,82.737711,82.844440,87.403482,72.947768,102.766756,81.261595,53.008732,52.681191,122.640000,1.092700,121.660000,122.080000,0.000000,0.010000,634705.092195,2.267810,1.851983,30.812889,30.527557,Inf,Inf,32.886705
06/22/2026 14:43:14,0.000000,0.000000,74.743268,74.079637,63.658134,74.485661,74.861744,76.749788,74.785739,74.639116,35.748304,32.985429,32.414444,32.402310,33.828584,32.479267,32.536586,32.415151,34.530019,36.981103,35.791274,35.282012,34.866130,34.752146,34.810189,34.441097,34.372054,34.582813,37.966860,34.946075,34.677230,35.556389,35.458014,34.418575,34.089008,34.474236,35.571651,33.820755,32.217837,33.446318,31.957659,31.640478,31.677316,34.056583,33.447270,33.606120,34.852868,31.655301,32.973939,31.333775,31.238015,31.314208,33.089103,33.057805,33.004464,34.607134,34.807777,31.968175,31.338576,34.620490,34.524662,31.358626,31.981409,31.503399,37.671643,29.129671,33.502447,30.973862,36.727808,36.657771,32.621785,28.589108,32.068534,30.985069,36.607581,30.204260,35.600653,28.839442,33.013543,30.511168,36.347186,31.088366,35.534188,29.096604,32.319120,31.095876,35.909204,32.244156,36.209062,30.972505,33.706415,31.672145,35.019519,83.715874,83.825888,85.217400,73.118462,101.026914,82.652703,53.554908,53.024007,122.690000,1.093900,121.700000,122.100000,0.000000,0.010000,634765.088350,2.159924,1.687545,31.286394,30.826170,Inf,Inf,32.880736
06/22/2026 14:44:14,0.000000,0.000000,74.720003,74.097371,63.384922,74.492399,74.856227,76.770418,74.760769,74.620481,35.910338,33.233798,32.655875,32.677715,34.000947,32.735524,32.788007,32.654603,34.751294,37.144657,35.970129,35.525407,35.071966,34.946925,35.040055,34.647115,34.565697,34.752897,37.990460,35.143125,34.875380,35.869491,35.464550,34.576417,34.226288,34.605683,35.757850,34.049770,32.587867,33.682547,32.208178,31.870724,31.970258,34.256594,33.684742,33.802785,34.776941,31.974622,33.230867,31.638546,31.562639,31.573777,33.345344,33.268825,33.266159,34.741457,35.020221,32.315330,31.710393,34.771998,34.705464,31.651141,32.256076,31.487882,37.676580,29.115028,33.480404,30.994977,36.730632,36.656592,32.602366,28.570964,32.036172,31.003467,36.610327,30.220845,35.574601,28.844331,33.012635,30.512487,36.339617,31.098571,35.546685,29.108292,32.292961,31.100759,35.906971,32.256151,36.190423,30.976472,33.703981,31.690642,35.014429,74.869869,74.306623,83.919788,73.404002,99.852204,83.645900,53.834406,53.350962,122.770000,1.093900,121.740000,122.020000,0.000000,0.010000,634825.087355,2.154939,1.703259,31.527608,31.109916,Inf,Inf,32.878541
06/22/2026 14:45:14,0.000000,0.000000,74.792530,74.117944,63.325671,74.504673,74.849484,76.821017,74.764782,74.632946,36.075497,33.448383,32.887955,32.894656,34.197111,32.937335,32.972183,32.885048,34.920241,37.345373,36.135275,35.753094,35.271414,35.092316,35.208197,34.870334,34.713372,34.984349,38.253658,35.262769,35.238748,36.127031,35.577343,34.947904,34.539066,34.767967,35.845932,34.265565,32.821843,33.931298,32.331189,31.987198,32.064309,34.447975,33.853170,34.012702,34.720950,32.227759,33.457991,31.827059,31.757440,31.775260,33.505848,33.449117,33.378918,34.867314,35.154186,32.546718,31.981957,34.932814,34.846780,31.858565,32.418202,31.489403,37.691346,29.101831,33.488052,30.985269,36.726303,36.660810,32.604826,28.570309,32.054379,30.999416,36.604007,30.206009,35.583781,28.832649,33.014331,30.513742,36.339647,31.097264,35.532381,29.108167,32.294615,31.093547,35.917076,32.237826,36.204178,30.962688,33.706035,31.686020,35.005838,83.658230,83.823307,82.383903,73.325800,98.795394,84.304125,54.042815,53.569147,122.810000,1.092100,121.780000,122.150000,0.000000,0.010000,634885.084063,2.224306,1.750999,31.706992,31.298700,Inf,Inf,32.877058
06/22/2026 14:46:14,0.000000,0.000000,74.773148,74.098546,63.672997,74.502884,74.868397,76.809960,74.805644,74.622259,36.297599,33.572164,33.074054,33.028750,34.350513,33.059421,33.153096,32.998860,35.092122,37.505685,36.291844,35.869878,35.427268,35.176392,35.338964,35.028647,34.974896,35.165990,38.297236,35.508603,35.255545,36.151337,35.970222,34.935440,34.697769,34.841476,36.068144,34.419060,32.984952,34.122146,32.405284,32.054659,32.164500,34.592233,34.015294,34.120774,34.731348,32.445065,33.643056,31.942259,31.876444,31.849271,33.640948,33.599908,33.549269,34.988129,35.258188,32.701756,32.160530,35.059282,34.988339,31.952208,32.694298,31.502215,37.666491,29.115104,33.489175,30.963669,36.732730,36.656839,32.619958,28.564966,32.051252,30.994503,36.620913,30.214570,35.588746,28.817040,33.025893,30.502157,36.338246,31.091398,35.551526,29.099337,32.307609,31.098899,35.902022,32.219588,36.196578,30.982667,33.691383,31.658403,34.995643,82.183369,82.312439,81.655487,73.663202,98.104367,84.791961,54.197520,53.773575,122.800000,1.090000,121.920000,121.990000,0.000000,0.010000,634945.081290,2.282258,1.803168,31.839888,31.475172,Inf,Inf,32.875317
06/22/2026 14:47:14,0.000000,0.000000,74.806986,74.116766,63.285502,74.512844,74.864412,76.796289,74.797617,74.627754,36.427718,33.712942,33.217141,33.181064,34.497251,33.230394,33.287862,33.148319,35.210024,37.581245,36.424619,36.055750,35.584886,35.260922,35.550023,35.234025,35.096025,35.304820,38.343685,35.459940,35.503606,36.272072,35.820383,34.984528,34.749840,34.934780,36.056804,34.558386,33.129417,34.280164,32.421989,32.094068,32.177956,34.762234,34.120167,34.273566,34.742542,32.593731,33.767239,32.010675,31.923324,31.946043,33.752088,33.712830,33.657312,35.077799,35.351538,32.865655,32.276513,35.158885,35.056471,32.011291,32.682283,31.478594,37.651456,29.130707,33.490500,31.021146,36.740245,36.684796,32.613813,28.600296,32.051489,31.023706,36.620956,30.227095,35.597650,28.832486,33.018614,30.535418,36.339524,31.094912,35.555114,29.134618,32.334791,31.123239,35.924000,32.257241,36.201399,31.003116,33.717252,31.711082,35.012159,82.531071,82.648659,81.029469,73.990570,97.634894,85.102342,54.331150,53.856446,122.770000,1.089200,121.980000,122.180000,0.000000,0.010000,635005.078692,2.325663,1.812738,31.954501,31.546598,Inf,Inf,32.890914
06/22/2026 14:48:14,0.000000,0.000000,74.774519,74.114295,63.725758,74.517708,74.861247,76.775006,74.797627,74.626073,36.568585,33.857841,33.336360,33.278959,34.630918,33.356276,33.400812,33.248846,35.361301,37.804542,36.551768,36.140895,35.720143,35.394019,35.691894,35.317004,35.256687,35.470758,38.489128,35.544761,35.234980,36.571688,36.372962,35.252711,34.885914,35.087670,36.192212,34.688751,33.300009,34.403918,32.484711,32.094069,32.235681,34.840173,34.254537,34.367344,34.842030,32.675700,33.916076,32.020100,31.974431,31.960622,33.871423,33.806674,33.758268,35.159957,35.465072,32.950203,32.459631,35.250477,35.191963,32.057851,32.804543,31.470104,37.666900,29.105259,33.480188,30.982283,36.726435,36.649919,32.630349,28.573159,32.074586,30.981771,36.631143,30.213285,35.622028,28.818678,33.029304,30.526972,36.342376,31.104468,35.532081,29.073518,32.310775,31.105883,35.916493,32.234125,36.195839,30.948947,33.713119,31.688225,35.020005,83.755218,83.881037,80.744112,74.340993,97.106222,85.218413,54.427100,53.895292,122.820000,1.091200,121.700000,122.140000,0.000000,0.010000,635065.077129,2.367224,1.879382,32.036694,31.580056,Inf,Inf,32.878941
06/22/2026 14:49:14,0.000000,0.000000,74.759896,74.089935,63.615044,74.516399,74.859093,76.785923,74.785512,74.628324,36.704625,33.931740,33.453403,33.356376,34.730826,33.420356,33.494140,33.353744,35.498432,37.879845,36.671439,36.265407,35.876169,35.508455,35.760148,35.454425,35.347190,35.527560,38.795541,35.653839,35.468273,36.726281,36.045050,35.244006,34.976268,35.201496,36.298799,34.943113,33.409098,34.534596,32.516300,32.135464,32.251995,35.011642,34.342262,34.466740,34.877509,32.807765,34.004996,32.100332,32.019256,32.014806,33.905909,33.898591,33.865289,35.255708,35.556921,33.057011,32.505185,35.333547,35.254205,32.106098,32.852032,31.497642,37.673445,29.147101,33.492756,30.998454,36.731872,36.646615,32.627472,28.589906,32.067656,30.983744,36.610302,30.203880,35.590527,28.816170,33.031250,30.518226,36.347267,31.119194,35.561726,29.114511,32.319630,31.128331,35.920204,32.240523,36.206487,30.975261,33.712474,31.671985,35.025125,82.058320,82.286358,80.172457,74.442865,96.688979,85.293188,54.522565,54.023808,122.800000,1.091800,121.980000,122.170000,0.000000,0.010000,635125.073877,2.416209,1.886609,32.118387,31.690649,Inf,Inf,32.885658
06/22/2026 14:50:14,0.000000,0.000000,74.754984,74.094745,63.379693,74.498996,74.848034,76.792172,74.766751,74.631534,36.819928,34.019032,33.542523,33.459922,34.826654,33.518563,33.573407,33.430360,35.570930,38.039154,36.709319,36.410628,35.929343,35.618368,35.868867,35.558312,35.395662,35.684572,38.437274,35.720900,35.581104,36.707533,36.094924,35.354210,35.135947,35.241454,36.467066,35.215123,33.488849,34.615566,32.541451,32.168192,32.260459,35.096781,34.435016,34.601396,34.892367,32.876905,34.113107,32.112138,32.030838,32.061992,34.000046,33.980068,33.934780,35.345910,35.646215,33.130140,32.591892,35.432799,35.335739,32.181279,32.882995,31.511740,37.679033,29.154971,33.492297,31.023840,36.727876,36.681043,32.606928,28.593835,32.091341,31.020829,36.620505,30.251604,35.613592,28.851456,33.013512,30.547240,36.337946,31.135210,35.531176,29.141300,32.307198,31.155109,35.921132,32.262368,36.223728,31.016233,33.714359,31.709516,35.005724,80.850196,80.896302,79.932582,74.540817,96.324196,85.408365,54.531693,54.052781,122.850000,1.091200,121.720000,122.200000,0.000000,0.010000,635185.071647,2.489372,1.986913,32.126194,31.715560,Inf,Inf,32.898088
06/22/2026 14:51:14,0.000000,0.000000,74.772393,74.071996,63.380207,74.495938,74.874973,76.773104,74.785095,74.617765,36.935784,34.098894,33.650860,33.518023,34.964034,33.593984,33.661974,33.537156,35.670574,38.204741,36.868988,36.463203,36.026236,35.606310,35.973566,35.628937,35.509297,35.762284,38.477635,35.942118,35.618260,36.374222,36.086005,35.390933,35.460943,35.242437,36.259556,35.547962,33.552814,34.662584,32.569156,32.173216,32.288008,35.196494,34.525051,34.618167,34.949486,32.899936,34.185591,32.085567,32.044153,32.030801,34.052840,34.011058,33.983976,35.362222,35.729192,33.177826,32.655807,35.421151,35.400764,32.184713,33.012358,31.468076,37.660911,29.143818,33.491816,30.984143,36.729167,36.652690,32.615344,28.567030,32.076175,30.986036,36.613201,30.205909,35.595645,28.813236,33.010546,30.512620,36.336443,31.085572,35.555324,29.108959,32.314982,31.116043,35.904889,32.246496,36.219126,30.982635,33.719534,31.674167,35.035721,83.367305,83.544922,79.739122,74.731996,95.931080,85.417459,54.571413,54.072690,122.900000,1.089500,121.480000,122.210000,0.000000,0.010000,635245.069519,2.502428,2.025435,32.160156,31.732673,Inf,Inf,32.880875
06/22/2026 14:52:14,0.000000,0.000000,74.826102,74.095727,63.160103,74.493899,74.889834,76.776973,74.793494,74.599964,37.075202,34.144708,33.727345,33.584447,35.069799,33.641747,33.755181,33.587292,35.827487,38.351886,36.954897,36.584259,36.142044,35.568882,36.154178,35.717042,35.650336,35.877146,38.897961,35.660969,35.712099,36.609150,36.309065,35.470175,35.349669,35.383352,36.355142,35.941096,33.574773,34.743508,32.576482,32.186330,32.300201,35.321676,34.588674,34.680485,35.009117,32.987727,34.278510,32.139127,32.053235,32.073707,34.104071,34.119590,34.037464,35.456390,35.741753,33.258420,32.681599,35.560295,35.455273,32.291944,32.964408,31.506450,37.676437,29.174207,33.483694,31.005407,36.721520,36.646725,32.645817,28.590910,32.079718,30.995822,36.598989,30.233941,35.615532,28.824748,33.018461,30.524568,36.347831,31.111741,35.542865,29.111583,32.318934,31.133335,35.942450,32.238400,36.238043,30.970927,33.724651,31.702911,35.038168,83.043276,83.130222,79.723012,74.981952,95.633178,85.537944,54.595789,54.132739,122.940000,1.093200,121.670000,122.320000,0.000000,0.010000,635305.065350,2.562517,2.097519,32.180991,31.784267,Inf,Inf,32.892159
06/22/2026 14:53:14,0.000000,0.000000,74.832722,74.093896,63.243490,74.498275,74.863367,76.785973,74.786759,74.610554,37.151106,34.195592,33.789801,33.654338,35.146654,33.707191,33.775550,33.651638,35.908826,38.443565,37.101134,36.631321,36.178063,35.612902,36.197952,35.817540,35.669744,35.939511,38.648524,35.655567,35.673437,36.713902,36.412528,35.455432,35.430162,35.408003,36.419601,36.214835,33.630821,34.760886,32.607491,32.186207,32.335060,35.336901,34.700619,34.806039,35.070333,32.988200,34.339945,32.112173,32.073863,32.044935,34.193891,34.131160,34.096979,35.447555,35.790229,33.225727,32.744023,35.561349,35.536091,32.312133,33.144168,31.483913,37.688552,29.144508,33.462426,31.016604,36.717152,36.686899,32.612369,28.610895,32.069846,31.038966,36.592802,30.243311,35.575663,28.829482,33.011620,30.554703,36.323387,31.128576,35.529580,29.123635,32.300256,31.168363,35.928990,32.274267,36.214480,31.002914,33.705379,31.727683,35.034004,75.868058,75.951737,79.859583,75.194879,95.335375,85.646506,54.594818,54.146497,123.010000,1.087800,121.810000,122.310000,0.000000,0.010000,635365.064071,2.580725,2.159784,32.180161,31.796083,Inf,Inf,32.893374
06/22/2026 14:54:14,0.000000,0.000000,74.891684,74.100901,63.737454,74.508343,74.886528,76.778733,74.831458,74.615962,37.262108,34.216464,33.852870,33.680414,35.257350,33.744812,33.873945,33.685651,36.008928,38.598973,37.245748,36.636502,36.257184,35.665497,36.311544,35.878480,35.807359,35.988069,38.931253,35.919864,35.747187,36.762780,36.503913,35.416199,35.338128,35.449369,36.642361,36.451598,33.642746,34.825574,32.576839,32.194253,32.318339,35.392930,34.712337,34.814287,35.111831,33.063587,34.381677,32.135776,32.056691,32.045565,34.211830,34.165160,34.117664,35.490362,35.799549,33.288846,32.772863,35.633066,35.547993,32.342324,33.107213,31.485630,37.672578,29.188154,33.510625,30.997663,36.749669,36.658046,32.637627,28.608571,32.086492,31.003050,36.643017,30.226138,35.622841,28.832621,33.026750,30.533771,36.349073,31.131261,35.559479,29.123402,32.314260,31.164815,35.923249,32.236018,36.257436,30.997132,33.737312,31.694673,35.037064,83.629135,83.813779,79.410131,75.059383,95.054413,85.551342,54.594721,54.183077,122.980000,1.093100,121.690000,122.200000,0.000000,0.010000,635425.061402,2.645496,2.201599,32.180078,31.827491,Inf,Inf,32.900281
06/22/2026 14:55:14,0.000000,0.000000,74.865902,74.111883,63.815778,74.509636,74.868810,76.805735,74.811071,74.622617,37.325300,34.306082,33.938533,33.755689,35.297460,33.836512,33.885699,33.764026,36.096131,38.730032,37.250135,36.736277,36.312739,35.730396,36.323705,35.944682,35.843101,36.121665,38.802262,35.758494,35.611529,36.381663,36.326330,35.462199,35.648583,35.482421,36.457189,36.632892,33.643034,34.870654,32.590678,32.200534,32.302137,35.468085,34.743201,34.881912,35.161254,33.084692,34.388829,32.158079,32.069412,32.076978,34.244046,34.258582,34.163155,35.548625,35.831937,33.330223,32.747613,35.670377,35.600373,32.391356,33.221502,31.520005,37.673089,29.202942,33.474093,31.015829,36.732753,36.657655,32.613663,28.582299,32.073158,31.005296,36.613042,30.237399,35.605234,28.824736,32.994889,30.541047,36.332608,31.123599,35.550290,29.136900,32.316157,31.162286,35.914535,32.231269,36.258235,30.989470,33.733443,31.700147,35.052267,81.960792,82.063829,79.449056,75.199443,94.855707,85.535758,54.637258,54.238757,122.950000,1.092100,121.990000,122.220000,0.000000,0.010000,635485.059123,2.654231,2.172406,32.216423,31.875275,Inf,Inf,32.895611
06/22/2026 14:56:14,0.000000,0.000000,74.875190,74.106380,63.226153,74.535169,74.874898,76.802115,74.795711,74.626693,37.413021,34.319137,33.945822,33.786557,35.385444,33.850947,33.923324,33.816310,36.167604,38.885116,37.325042,36.767030,36.382905,35.792639,36.440004,36.007896,35.892262,36.158411,38.752829,35.836452,35.778589,36.567592,36.281658,35.481737,35.478002,35.482876,36.647941,36.754004,33.702424,34.899798,32.616735,32.212810,32.341661,35.515429,34.837601,34.969947,35.208919,33.080923,34.461123,32.153149,32.115179,32.073346,34.283474,34.266802,34.225970,35.572783,35.862466,33.352405,32.813973,35.713458,35.674028,32.411482,33.250827,31.517773,37.698275,29.183313,33.488949,31.023155,36.735602,36.655546,32.631557,28.616759,32.098773,31.028271,36.616844,30.265302,35.623662,28.856213,33.030698,30.542187,36.351489,31.148398,35.561187,29.152329,32.319979,31.170110,35.951985,32.263998,36.255868,31.014270,33.754657,31.713409,35.050834,82.789888,82.882805,79.497725,75.318873,94.628131,85.521253,54.679891,54.243289,122.890000,1.090000,122.070000,122.280000,0.000000,0.010000,635545.055127,2.646965,2.208290,32.252833,31.879163,Inf,Inf,32.910713
06/22/2026 14:57:14,0.000000,0.000000,74.903442,74.082225,63.763924,74.498341,74.847802,76.785618,74.779164,74.596197,37.459265,34.354466,33.961188,33.797598,35.426156,33.885521,33.945387,33.822390,36.245354,38.946718,37.292151,36.856778,36.375319,35.853706,36.456687,36.029901,35.936135,36.210240,38.710485,35.840022,35.713349,36.381583,36.411682,35.711134,35.674810,35.538786,36.483389,36.853401,33.736031,34.901425,32.648992,32.170773,32.375462,35.538018,34.830939,34.899387,35.279349,33.095984,34.502761,32.149074,32.105823,32.072446,34.332726,34.301812,34.263644,35.585582,35.901373,33.331007,32.830274,35.719068,35.715524,32.435799,33.336180,31.495532,37.672236,29.206095,33.469092,31.036659,36.717596,36.680251,32.636818,28.638546,32.092451,31.067838,36.597704,30.276779,35.602726,28.842631,33.031390,30.582103,36.352560,31.157051,35.542022,29.173627,32.314528,31.195755,35.929644,32.257126,36.265793,31.015794,33.750683,31.723678,35.053960,83.803542,83.872224,79.665926,75.527157,94.361880,85.489777,54.637743,54.223218,123.010000,1.088100,121.690000,122.340000,0.000000,0.010000,635605.051805,2.684588,2.285924,32.216837,31.861942,Inf,Inf,32.912622
06/22/2026 14:58:14,0.000000,0.000000,74.918759,74.126309,63.499875,74.510574,74.853693,76.810885,74.794232,74.626904,37.547601,34.382798,34.022387,33.844911,35.461850,33.939045,33.989666,33.875557,36.327627,39.048127,37.402611,36.797737,36.458331,35.908870,36.458338,36.103290,35.984442,36.284207,38.927640,35.713805,35.806026,36.550748,36.624208,35.594260,35.489128,35.624718,36.660379,36.947612,33.740904,34.947976,32.638033,32.207421,32.330225,35.578038,34.849263,34.947500,35.275136,33.135761,34.541578,32.154187,32.112195,32.056120,34.362155,34.320228,34.285167,35.595549,35.935694,33.349887,32.852751,35.765385,35.710896,32.438269,33.428901,31.523460,37.660606,29.234500,33.484807,31.035488,36.736786,36.653413,32.644979,28.636471,32.103212,31.046085,36.609017,30.272573,35.629560,28.863047,33.035285,30.549015,36.371458,31.152903,35.569745,29.171648,32.330351,31.206344,35.944155,32.249902,36.278496,31.005853,33.763899,31.721343,35.076909,82.178041,82.382197,79.427661,75.496308,94.159007,85.401175,54.692808,54.237138,122.900000,1.092500,121.850000,122.330000,0.000000,0.010000,635665.050031,2.684114,2.277716,32.263862,31.873886,Inf,Inf,32.918710
06/22/2026 14:59:14,0.000000,0.000000,74.888134,74.129061,63.755262,74.529378,74.870799,76.794653,74.796139,74.619514,37.600583,34.424008,34.066724,33.863060,35.539343,33.970956,34.020943,33.910390,36.405477,39.040569,37.462233,36.880409,36.496781,35.954875,36.589537,36.148654,36.067069,36.360163,39.088052,35.938198,35.665164,36.541910,36.340521,35.900386,35.693701,35.638321,36.651397,37.068385,33.759137,35.002542,32.617235,32.244012,32.352161,35.635330,34.887094,35.017574,35.328339,33.183773,34.533818,32.190458,32.106100,32.120786,34.368060,34.358850,34.282074,35.656262,35.930162,33.397211,32.871953,35.825270,35.725599,32.515751,33.527561,31.549336,37.663293,29.258620,33.489096,31.045583,36.746810,36.661803,32.631174,28.634669,32.093324,31.053116,36.613610,30.299488,35.616880,28.841447,33.015096,30.560862,36.332214,31.162860,35.538895,29.168695,32.327405,31.226209,35.910309,32.272407,36.274664,31.015365,33.753904,31.759430,35.089099,81.037302,81.079523,79.401068,75.537559,93.993195,85.331346,54.640365,54.219495,123.050000,1.089000,121.610000,122.400000,0.000000,0.010000,635725.048171,2.783465,2.314741,32.219077,31.858748,Inf,Inf,32.920189
06/22/2026 15:00:14,0.000000,0.000000,74.936736,74.140921,63.583180,74.538253,74.875447,76.830481,74.807956,74.637672,37.612269,34.450828,34.104653,33.897813,35.605039,34.001708,34.055946,33.961382,36.464098,39.185018,37.490719,36.907068,36.503537,36.018323,36.588141,36.176922,36.086470,36.406116,38.846180,36.035103,36.165911,36.345654,36.476673,35.642390,35.628136,35.647188,36.648306,37.102295,33.782530,35.008163,32.628398,32.225813,32.358438,35.654874,34.915082,35.072509,35.346910,33.185506,34.546867,32.164832,32.116830,32.079893,34.397397,34.361911,34.315314,35.660648,35.949832,33.352518,32.893972,35.824618,35.782093,32.514651,33.452919,31.535962,37.660633,29.251030,33.480405,31.030628,36.732845,36.681129,32.630140,28.652817,32.113038,31.056814,36.621000,30.290439,35.617189,28.844228,33.014755,30.571663,36.361834,31.166386,35.555157,29.185956,32.325047,31.213391,35.948944,32.253823,36.273740,31.006414,33.765471,31.743858,35.067837,83.469546,83.608206,79.330855,75.629127,93.733197,85.278411,54.659885,54.222409,123.120000,1.090500,121.630000,122.330000,0.000000,0.010000,635785.045622,2.772414,2.311118,32.235749,31.861248,Inf,Inf,32.921752
06/22/2026 15:01:14,0.000000,0.000000,74.914510,74.158420,63.282723,74.524888,74.861664,76.815466,74.788770,74.629470,37.649950,34.467804,34.164694,33.932351,35.634186,34.048672,34.090206,34.030275,36.499620,39.272025,37.519123,36.937496,36.592839,36.070925,36.684243,36.234557,36.109566,36.392021,38.968477,36.012587,35.769210,36.556452,36.564861,35.745289,35.696350,35.719831,36.657583,37.136195,33.806801,35.045255,32.641734,32.226697,32.359897,35.666073,34.956446,35.052690,35.368760,33.199417,34.581751,32.169116,32.120514,32.096038,34.413052,34.373139,34.347844,35.676287,35.970482,33.347020,32.881979,35.888411,35.816212,32.362527,33.618854,31.519717,37.670151,29.264204,33.499688,31.054426,36.742758,36.677083,32.654092,28.682200,32.133682,31.074367,36.635234,30.331970,35.646949,28.897870,33.031311,30.603417,36.357841,31.214946,35.588906,29.229295,32.356264,31.257166,35.963667,32.276624,36.303392,31.030023,33.784190,31.780456,35.099827,83.173436,83.296677,79.396911,75.831783,93.605533,85.172334,54.700091,54.194731,123.080000,1.086700,121.890000,122.490000,0.000000,0.010000,635845.042802,2.775176,2.311672,32.270079,31.837495,Inf,Inf,32.945391
06/22/2026 15:02:14,0.000000,0.000000,74.903679,74.121786,63.557810,74.525780,74.874385,76.769146,74.781120,74.608296,37.667553,34.457967,34.196134,33.938091,35.697509,34.063733,34.121957,34.028289,36.567258,39.347809,37.602586,37.006465,36.629093,36.085063,36.656598,36.263566,36.127966,36.450250,38.954603,35.989362,35.880024,36.935704,36.552102,35.856992,35.850711,35.631868,36.913064,37.175661,33.841991,35.079060,32.667223,32.237962,32.365663,35.728080,34.972836,35.089683,35.384908,33.228940,34.616737,32.194419,32.136073,32.100916,34.430340,34.407500,34.372000,35.722111,35.992122,33.388726,32.918969,35.887615,35.847308,32.564123,33.553091,31.544645,37.678084,29.286928,33.479467,31.080932,36.726601,36.665969,32.635805,28.696870,32.132249,31.087637,36.610767,30.322925,35.616249,28.862910,33.030259,30.591666,36.366284,31.184679,35.559977,29.234964,32.317429,31.237398,35.980334,32.282690,36.294571,31.044315,33.780555,31.767899,35.080236,77.307153,76.945886,79.479625,76.015260,93.433050,85.095327,54.657069,54.239080,123.150000,1.089600,121.860000,122.440000,0.000000,0.010000,635905.040383,2.845716,2.383393,32.233344,31.875552,Inf,Inf,32.939376
06/22/2026 15:03:14,0.000000,0.000000,74.926818,74.096321,63.892905,74.545654,74.885801,76.810043,74.809248,74.626287,37.681713,34.486826,34.171738,33.928747,35.723185,34.076588,34.138579,34.037809,36.584092,39.367231,37.622050,36.981234,36.670226,36.113826,36.706795,36.271289,36.162460,36.474994,38.832330,36.162017,35.777750,36.440618,36.665435,35.874314,35.614602,35.763461,36.770185,37.205677,33.869912,35.074129,32.665054,32.243356,32.369653,35.729394,35.009182,35.125751,35.401463,33.255316,34.633168,32.180642,32.148963,32.112472,34.454730,34.424075,34.396119,35.713851,36.002325,33.408292,32.943227,35.902482,35.860847,32.608405,33.525277,31.570657,37.669859,29.285317,33.503730,31.087445,36.732626,36.682840,32.648315,28.698713,32.155425,31.094357,36.640670,30.337891,35.648404,28.881228,33.049844,30.585899,36.388989,31.208426,35.578398,29.229422,32.356836,31.278418,35.963532,32.297844,36.323033,31.040435,33.824204,31.787185,35.127362,83.198583,83.420995,79.218373,75.832286,93.271915,84.999816,54.717475,54.208003,123.020000,1.088900,121.970000,122.530000,0.000000,0.010000,635965.037556,2.789211,2.348250,32.284918,31.848886,Inf,Inf,32.955910
06/22/2026 15:04:14,0.000000,0.000000,74.909991,74.114150,63.669102,74.572709,74.871868,76.813844,74.826040,74.620263,37.708871,34.534502,34.242069,33.963878,35.768425,34.110824,34.185119,34.063046,36.641820,39.410207,37.664236,36.978635,36.637093,36.140890,36.727524,36.299555,36.194001,36.519356,38.970990,35.989423,35.842557,36.764238,36.707605,35.708333,35.529451,35.711109,36.812138,37.259173,33.884114,35.101611,32.669505,32.260267,32.382008,35.765177,34.981590,35.105767,35.420043,33.271281,34.614963,32.204653,32.149752,32.118601,34.447530,34.430254,34.377005,35.747929,35.990793,33.405165,32.920389,35.920919,35.868212,32.622027,33.555112,31.587214,37.651811,29.328651,33.511954,31.084553,36.740816,36.659451,32.650157,28.713499,32.142965,31.099704,36.616505,30.356787,35.641488,28.895369,33.042154,30.628998,36.391805,31.215716,35.573697,29.222460,32.350781,31.267590,35.958527,32.283473,36.327177,31.036140,33.828866,31.791861,35.120488,82.620808,82.746653,79.174424,75.934167,93.048735,84.980624,54.707569,54.146821,123.030000,1.089800,121.530000,122.350000,0.000000,0.010000,636025.034489,2.825148,2.338500,32.276463,31.796361,Inf,Inf,32.957355
06/22/2026 15:05:14,0.000000,0.000000,74.914918,74.121619,63.565776,74.567115,74.868388,76.791404,74.788069,74.605526,37.655748,34.529529,34.236651,33.965024,35.784630,34.105756,34.182560,34.079576,36.630666,39.511976,37.723804,37.073101,36.697087,36.182325,36.767891,36.339501,36.202095,36.543380,38.962731,35.882811,36.038521,36.484777,36.578158,35.662907,35.729175,35.805369,36.892997,37.264534,33.908591,35.130040,32.680484,32.273477,32.394580,35.771051,35.034471,35.195868,35.407739,33.264276,34.666082,32.191409,32.157433,32.083560,34.502222,34.440121,34.426365,35.750249,36.022340,33.404381,32.968333,35.954511,35.910665,32.607282,33.488707,31.571405,37.659994,29.334680,33.483339,31.109770,36.723379,36.657790,32.655604,28.735917,32.168429,31.134115,36.641809,30.369796,35.631379,28.907732,33.038915,30.634664,36.384673,31.242847,35.564031,29.264021,32.355312,31.290632,35.983644,32.296693,36.341293,31.049904,33.828167,31.805861,35.111811,82.587074,82.701746,79.297461,76.133605,92.894717,84.934486,54.652019,54.183886,122.970000,1.090400,121.810000,122.180000,0.000000,0.010000,636085.031306,2.901009,2.437051,32.229031,31.828185,Inf,Inf,32.965920
06/22/2026 15:06:14,0.000000,0.000000,74.858949,74.107038,63.725260,74.561143,74.871712,76.803151,74.806802,74.595104,37.725245,34.541180,34.269166,33.998964,35.834882,34.143685,34.213907,34.116699,36.627684,39.549568,37.759713,37.018455,36.727814,36.196248,36.803119,36.369436,36.232836,36.582516,38.916592,36.030483,35.886524,36.501505,36.815676,35.822297,35.671043,35.798185,36.818580,37.275185,33.901526,35.129636,32.684489,32.259241,32.401822,35.763201,35.044792,35.184873,35.450371,33.282583,34.686314,32.197909,32.162007,32.102821,34.494359,34.461951,34.433109,35.762297,36.028810,33.418869,32.977219,35.973551,35.905788,32.659756,33.630083,31.585778,37.663645,29.344162,33.499745,31.105727,36.747682,36.660830,32.674224,28.733628,32.166263,31.111448,36.641170,30.367369,35.641816,28.910628,33.045356,30.628643,36.387183,31.225767,35.563391,29.274973,32.363567,31.281048,35.978547,32.296912,36.351328,31.048420,33.848261,31.809091,35.123892,83.820990,83.953312,79.482730,76.336008,92.706794,84.852735,54.756612,54.255590,122.910000,1.087500,121.570000,122.260000,0.000000,0.010000,636145.029460,2.811322,2.368000,32.318314,31.889715,Inf,Inf,32.969350
06/22/2026 15:07:14,0.000000,0.000000,74.939135,74.159812,63.280279,74.590387,74.884047,76.815458,74.798671,74.605988,37.650973,34.552244,34.277570,34.018507,35.857039,34.184974,34.236627,34.130099,36.670578,39.592307,37.773383,37.077729,36.716761,36.256911,36.871331,36.374388,36.285603,36.648092,39.024334,36.062008,35.827863,36.600444,36.819907,36.010782,35.757083,35.847892,36.811597,37.321786,33.945660,35.179466,32.678886,32.259865,32.385133,35.791323,35.025498,35.184748,35.479495,33.301566,34.696795,32.185730,32.170233,32.111937,34.520751,34.491998,34.444521,35.797168,36.032631,33.379605,32.979546,36.001554,35.908992,32.650965,33.654424,31.599947,37.664442,29.365035,33.498523,31.144160,36.736289,36.671329,32.644751,28.769198,32.163125,31.151975,36.614977,30.410966,35.643946,28.926878,33.035768,30.672512,36.359603,31.274644,35.577928,29.305662,32.353249,31.323568,35.999109,32.315344,36.329059,31.066108,33.813157,31.820651,35.113229,81.928739,82.166085,79.300751,76.295083,92.544536,84.846802,54.718834,54.147792,122.880000,1.090800,121.610000,122.240000,0.000000,0.010000,636205.027454,2.893388,2.410717,32.286078,31.797195,Inf,Inf,32.978838
06/22/2026 15:08:14,0.000000,0.000000,74.942661,74.154040,63.480427,74.589293,74.866477,76.807623,74.806948,74.621451,37.651215,34.610604,34.320418,34.059054,35.891734,34.207758,34.258664,34.178772,36.723474,39.668376,37.776276,37.073895,36.755844,36.276980,36.870735,36.423810,36.297827,36.652346,38.809274,36.099033,35.866292,36.599895,36.588831,36.082857,35.709212,35.835906,36.964630,37.313626,33.960997,35.168180,32.679630,32.232577,32.387563,35.769379,35.038561,35.213564,35.511845,33.317564,34.702353,32.178401,32.178448,32.102797,34.526280,34.476913,34.452509,35.821089,36.013823,33.368288,33.003596,35.987871,35.940483,32.656792,33.557015,31.588676,37.666962,29.367579,33.525580,31.131641,36.749078,36.686138,32.665416,28.742192,32.191686,31.143144,36.639698,30.417147,35.652304,28.940655,33.057051,30.666220,36.380731,31.269178,35.574766,29.313183,32.365645,31.327971,35.989314,32.293935,36.347090,31.057076,33.845296,31.820817,35.141325,80.778808,80.845366,79.237489,76.264919,92.357208,84.766962,54.710482,54.195055,122.790000,1.089900,121.870000,122.270000,0.000000,0.010000,636265.024219,2.889231,2.423404,32.278949,31.837773,Inf,Inf,32.985250
06/22/2026 15:09:14,0.000000,0.000000,74.981175,74.159187,63.294636,74.603167,74.894711,76.820196,74.791586,74.612002,37.666982,34.620221,34.329151,34.078322,35.960119,34.227023,34.286627,34.196085,36.780849,39.679695,37.829157,37.079381,36.791859,36.279815,36.951688,36.444615,36.319105,36.662995,39.058604,35.939193,35.698675,36.578482,36.622292,36.100841,35.765602,35.878556,37.052334,37.343190,33.986245,35.194720,32.679973,32.259617,32.406648,35.795028,35.053593,35.227296,35.522028,33.337549,34.733108,32.206583,32.186859,32.104979,34.549751,34.498645,34.471579,35.862717,36.040099,33.384432,33.029035,36.018087,35.981772,32.667567,33.720180,31.611998,37.679932,29.411886,33.537347,31.146119,36.746197,36.681558,32.687940,28.766573,32.207590,31.157289,36.658850,30.404792,35.680784,28.947572,33.067055,30.653075,36.410114,31.276031,35.583310,29.325797,32.386235,31.346464,36.022752,32.299500,36.386212,31.068386,33.885816,31.825384,35.155624,83.444036,83.593474,79.202148,76.331523,92.169607,84.746584,54.709026,54.225322,122.810000,1.092200,121.830000,122.350000,0.000000,0.010000,636325.020719,2.917014,2.455402,32.277706,31.863748,Inf,Inf,33.000606
06/22/2026 15:10:14,0.000000,0.000000,74.939319,74.141392,63.845221,74.596903,74.880423,76.797932,74.819716,74.623235,37.657202,34.647666,34.316666,34.084282,35.967836,34.251622,34.268841,34.172970,36.756015,39.747082,37.808774,37.097702,36.780544,36.319403,36.883091,36.446795,36.347323,36.704033,39.044374,35.888589,35.784567,36.613834,36.565155,36.253543,35.776942,35.845159,36.876996,37.354191,34.012388,35.237224,32.691414,32.253267,32.430013,35.742544,35.086190,35.273427,35.548644,33.354019,34.769940,32.197257,32.200885,32.104321,34.566398,34.491132,34.523077,35.844143,36.037459,33.397779,33.056687,36.017737,35.992937,32.698345,33.584082,31.627852,37.702288,29.429094,33.532695,31.157939,36.743776,36.678628,32.687218,28.776556,32.203510,31.149639,36.647547,30.426836,35.671239,28.966568,33.049979,30.672054,36.385517,31.292709,35.592817,29.356774,32.389997,31.349843,35.999096,32.322005,36.392599,31.067241,33.874892,31.836254,35.164224,82.948833,83.048407,79.403894,76.538163,91.976212,84.693771,54.736412,54.168348,122.950000,1.092700,121.370000,122.250000,0.000000,0.010000,636385.018420,2.936145,2.468861,32.301079,31.814846,Inf,Inf,33.004913
06/22/2026 15:11:14,0.000000,0.000000,74.952077,74.132175,63.302396,74.590078,74.877824,76.788173,74.786897,74.600128,37.621414,34.617067,34.343304,34.129516,35.990821,34.237819,34.300789,34.219125,36.855126,39.827754,37.809668,37.101195,36.822529,36.339722,36.925108,36.461394,36.373255,36.674202,39.120069,36.065553,35.802342,36.792648,36.627166,35.989696,35.647566,35.861532,37.001720,37.356109,34.046278,35.254218,32.708001,32.249840,32.410912,35.773138,35.095528,35.287416,35.544461,33.346715,34.769097,32.185286,32.208922,32.106128,34.585946,34.506910,34.502029,35.868752,36.069830,33.454247,33.051215,36.028227,35.998999,32.687534,33.635084,31.623317,37.702650,29.420540,33.534482,31.153493,36.726088,36.677978,32.675893,28.798208,32.182106,31.168754,36.635970,30.455736,35.657432,28.978902,33.054713,30.700867,36.397207,31.301357,35.576793,29.371864,32.377913,31.361271,36.014884,32.312506,36.380387,31.077673,33.861448,31.851276,35.153905,80.090609,80.979324,79.504065,76.719612,91.804879,84.579331,54.748843,54.151515,122.930000,1.091300,122.020000,122.170000,0.000000,0.010000,636445.016853,2.942532,2.457411,32.311686,31.800392,Inf,Inf,33.006187
06/22/2026 15:12:14,0.000000,0.000000,74.955097,74.148729,63.702827,74.587575,74.877434,76.805910,74.824353,74.620689,37.713936,34.652714,34.378519,34.106494,36.015239,34.267172,34.315288,34.226081,36.907483,39.897106,37.851801,37.120714,36.878331,36.447344,36.954157,36.505950,36.380634,36.685118,39.090367,35.966651,35.883352,36.743931,36.571358,36.320398,35.868746,35.908609,36.856316,37.354573,34.086909,35.297448,32.722337,32.273528,32.448351,35.646063,35.109345,35.169568,35.594154,33.363221,34.773028,32.205694,32.212109,32.101750,34.534998,34.494552,34.538920,35.880777,36.087925,33.454187,33.073777,36.030778,36.025021,32.719445,33.521346,31.666063,37.695999,29.445047,33.538594,31.200840,36.757173,36.669060,32.692723,28.817769,32.222258,31.206288,36.657085,30.448924,35.669712,29.004357,33.078299,30.700895,36.398590,31.302303,35.606798,29.400727,32.389799,31.390706,36.015355,32.306305,36.392835,31.091987,33.860583,31.880700,35.164124,83.545323,83.679995,79.326516,76.606414,91.695294,84.560358,54.790505,54.202824,122.810000,1.090600,121.790000,122.100000,0.000000,0.010000,636505.013051,2.950224,2.425804,32.347224,31.844441,Inf,Inf,33.022397
06/22/2026 15:13:14,0.000000,0.000000,74.946174,74.180388,63.737450,74.550405,74.890974,76.796657,74.813760,74.643055,37.704735,34.699371,34.397237,34.136813,36.012715,34.321450,34.322425,34.284258,36.958874,39.921424,37.868670,37.152246,36.843516,36.481115,37.000636,36.484742,36.394670,36.714635,39.066415,36.040922,35.873971,36.818622,36.510649,36.145440,35.843018,35.915658,37.078325,37.388509,34.074817,35.324822,32.707700,32.264667,32.457332,35.571268,35.021640,35.141789,35.602723,33.392697,34.775029,32.212596,32.227768,32.138771,34.518666,34.547057,34.552825,35.860996,36.071324,33.425092,33.087407,36.095725,36.027973,32.760650,33.644778,31.653533,37.689757,29.479775,33.527338,31.223414,36.742422,36.688932,32.672226,28.856987,32.202230,31.229007,36.624958,30.501698,35.680079,29.023126,33.047219,30.726334,36.394543,31.337440,35.567097,29.425433,32.386862,31.426385,36.000775,32.310789,36.410921,31.108412,33.883352,31.881715,35.184196,81.717149,81.743482,79.393785,76.713946,91.513415,84.623769,54.720291,54.231797,122.930000,1.088400,121.950000,122.000000,0.000000,0.010000,636565.010399,3.037501,2.487708,32.287321,31.869303,Inf,Inf,33.029565
06/22/2026 15:14:14,0.000000,0.000000,74.933336,74.148088,63.480822,74.531182,74.884855,76.781278,74.823502,74.621528,37.788172,34.662915,34.412242,34.143574,36.072158,34.346849,34.359931,34.272947,36.985774,39.897544,37.842962,37.109894,36.840964,36.418809,37.001306,36.489396,36.352407,36.764863,39.203397,35.998641,35.688284,37.013621,36.778283,36.080713,35.707949,35.853247,37.123917,37.377736,34.031592,35.324217,32.717511,32.300735,32.462869,35.555514,34.987253,35.155172,35.603250,33.419438,34.805538,32.247652,32.191924,32.157660,34.531731,34.549359,34.521851,35.905372,36.060602,33.494747,33.065601,36.084628,36.015990,32.763737,33.598242,31.690613,37.694721,29.507974,33.551617,31.242866,36.748465,36.708056,32.706121,28.836564,32.234683,31.231652,36.654612,30.507498,35.704451,29.056981,33.094732,30.733863,36.439366,31.373648,35.618500,29.437034,32.412224,31.441486,36.031728,32.328983,36.446005,31.110757,33.908475,31.890882,35.212824,83.126944,83.266097,79.329210,76.817365,91.407047,84.605695,54.828283,54.186476,122.620000,1.092000,121.770000,122.110000,0.000000,0.010000,636625.007224,2.944781,2.426102,32.379436,31.830409,Inf,Inf,33.051913
06/22/2026 15:15:14,0.000000,0.000000,74.888093,74.154812,63.696144,74.514591,74.850103,76.803931,74.787816,74.637390,37.892936,34.719742,34.398090,34.157942,36.033353,34.354557,34.363776,34.292327,36.981841,39.949594,37.825778,37.164010,36.823432,36.411006,36.988332,36.505624,36.383406,36.770628,39.269130,36.122202,35.913297,36.633139,36.561007,35.936328,35.936718,35.919888,37.227597,37.366736,34.062720,35.334907,32.710538,32.278185,32.444238,35.513913,34.915911,35.111035,35.612307,33.398753,34.784171,32.206638,32.219119,32.138132,34.530008,34.541126,34.553992,35.890509,36.062295,33.453353,33.061688,36.077187,36.041318,32.715354,33.541228,31.685556,37.688378,29.511385,33.545040,31.242953,36.755187,36.696471,32.703817,28.886894,32.253909,31.258925,36.666443,30.527439,35.678639,29.066255,33.090195,30.776109,36.442965,31.384845,35.603762,29.471702,32.419670,31.454314,36.031193,32.343127,36.450932,31.129977,33.904398,31.896593,35.207868,83.817404,83.888447,79.544006,76.988966,91.251675,84.548006,54.751465,54.180164,122.740000,1.094000,121.870000,122.090000,0.000000,0.010000,636685.005045,3.020984,2.470248,32.313923,31.824990,Inf,Inf,33.059165
06/22/2026 15:16:14,0.000000,0.000000,74.829840,74.147673,63.684634,74.489453,74.872293,76.783498,74.828974,74.616437,38.016048,34.737782,34.447643,34.190816,36.098475,34.370560,34.388346,34.294265,37.044502,39.941517,37.938297,37.148117,36.865929,36.417230,36.963724,36.508884,36.429857,36.735649,39.371424,36.057969,35.805839,36.860731,36.479749,36.094601,35.831021,35.961681,37.138433,37.392904,34.022406,35.336321,32.711359,32.307926,32.476473,35.491077,34.897936,35.508403,35.629812,33.415862,34.795224,32.218173,32.234900,32.136560,34.541751,34.548893,34.540907,35.911993,36.085730,33.515514,33.119575,36.080392,36.034780,32.734581,33.577185,31.722063,37.701170,29.549712,33.537817,31.269571,36.728082,36.711147,32.693664,28.898122,32.261242,31.283200,36.642110,30.548838,35.668897,29.069487,33.074748,30.783350,36.409820,31.383561,35.594019,29.496234,32.417451,31.470909,36.042816,32.352135,36.427525,31.132703,33.908154,31.919515,35.204524,82.453979,82.633169,79.271064,76.928909,91.073613,84.537997,54.776230,54.162197,122.820000,1.090000,121.790000,122.190000,0.000000,0.010000,636745.003482,3.001272,2.460175,32.335049,31.809565,Inf,Inf,33.063420
06/22/2026 15:17:14,0.000000,0.000000,74.868924,74.168607,63.216801,74.472064,74.880683,76.805357,74.796058,74.621546,38.073864,34.755031,34.436943,34.172448,36.078822,34.397903,34.389017,34.320676,37.054182,39.972756,37.944432,37.131586,36.813115,36.399355,37.156339,36.486981,36.411534,36.735474,39.271135,36.192402,35.831743,37.240859,36.664501,36.018203,35.894235,35.965542,37.302358,37.364062,34.045385,35.326464,32.753664,32.279513,32.505174,35.474027,34.853821,36.012359,35.674392,33.391701,34.847454,32.224742,32.248038,32.141244,34.551301,34.510569,34.570464,35.940171,36.084740,33.471428,33.160536,36.054337,36.068950,32.750216,33.525489,31.715660,37.719124,29.559802,33.547348,31.263090,36.775183,36.695218,32.716344,28.928011,32.255082,31.269903,36.662109,30.564078,35.705311,29.122997,33.076509,30.781550,36.437453,31.401129,35.615373,29.534227,32.423765,31.502525,36.069369,32.343665,36.446748,31.152055,33.923122,31.932305,35.238086,81.033138,81.125448,79.141534,76.938112,90.937540,84.497678,54.767489,54.185667,122.770000,1.094500,121.830000,122.160000,0.000000,0.010000,636805.000813,2.998871,2.519861,32.327593,31.829714,Inf,Inf,33.079238
06/22/2026 15:18:14,0.000000,0.000000,74.850624,74.177353,63.356295,74.454687,74.864582,76.824278,74.782724,74.637790,37.904870,34.432707,34.169977,33.990056,36.021757,33.891932,34.030181,33.886772,36.976096,40.017903,37.892058,37.157295,36.846797,36.422433,36.947823,36.492089,36.375513,36.786630,39.220687,35.938054,35.780047,36.886732,36.442913,35.871295,35.606955,35.759359,36.923580,67.719607,33.133129,32.865969,32.344845,31.474747,32.077148,34.933633,34.443915,34.934266,75.150856,36.712292,33.561564,31.751392,31.574272,31.743563,34.262857,34.277248,34.223989,36.112971,36.159528,33.318988,33.036451,35.997133,36.057360,32.594936,33.154320,31.735557,37.708369,29.581949,33.598684,31.287404,36.783840,36.714578,32.739357,28.912733,32.275527,31.285921,36.690781,30.575577,35.712310,29.148815,33.108903,30.820716,36.454314,31.443497,35.645412,29.540826,32.455259,31.494898,36.071088,32.354290,36.488394,31.154770,33.969469,31.952077,35.260864,83.452152,86.940852,112.616009,87.126628,115.147515,58.414416,50.453533,158.582961,121.700000,3.930900,410.430000,120.400000,3.028400,284.640000,636864.996756,4.307058,5.002653,28.558911,93.437468,Inf,Inf,33.098873
06/22/2026 15:19:14,0.000000,0.000000,74.827075,74.144905,63.197072,74.439771,74.871641,76.823734,74.790485,74.605830,37.784352,34.226895,34.102166,33.847020,35.938877,33.724896,33.737760,33.601405,36.877115,40.004787,37.860350,37.080282,36.859121,36.386073,36.947577,36.377204,36.306821,36.668416,39.104154,35.670867,35.647888,36.825543,36.628207,35.983652,35.258816,35.667406,36.983489,63.545933,32.588114,30.947573,31.138022,28.676414,30.953133,34.590320,34.179403,34.429860,70.330651,44.240386,32.148040,29.961964,29.326836,29.497197,34.072424,34.060592,34.023301,35.992919,36.132840,33.342860,33.036054,35.963079,35.981680,32.587422,33.136750,31.774969,37.718298,29.610251,33.563602,31.305237,36.752880,36.714888,32.720103,28.940258,32.276665,31.327607,36.659381,30.615707,35.710555,29.144540,33.057973,30.821792,36.435709,31.464868,35.621504,29.571167,32.425472,31.530726,36.073043,32.375829,36.479085,31.181491,33.936359,31.964294,35.222045,83.543088,87.485541,123.048833,88.558162,123.569769,48.375273,45.498423,159.277497,121.540000,3.874200,403.040000,120.400000,2.978500,277.930000,636924.994375,6.955636,8.156103,23.991937,93.738596,Inf,Inf,33.099877
06/22/2026 15:20:14,0.000000,0.000000,74.817699,74.157509,63.226118,74.405890,74.873687,76.832098,74.786788,74.610162,37.757300,34.264523,34.109171,33.879696,35.988297,33.676746,33.624643,33.527806,36.832779,40.031128,37.785138,37.089829,36.836376,36.385448,36.909232,36.382213,36.214664,36.690910,38.882596,35.911773,35.617270,36.735241,36.135052,35.962347,35.377498,35.624767,36.846254,63.248348,34.049626,32.837192,30.863334,28.853793,30.310399,34.490455,34.113225,34.299744,73.283254,48.897524,33.386752,29.844162,29.261679,29.477981,33.959619,33.895782,33.978367,36.022940,36.168166,33.298329,33.086363,35.907355,35.953416,32.531462,32.952401,31.771523,37.710462,29.598776,33.557817,31.331069,36.767028,36.713682,32.730897,28.960900,32.277959,31.358310,36.646385,30.628913,35.695772,29.176585,33.076127,30.831973,36.451280,31.467621,35.608934,29.593298,32.436428,31.532438,36.080945,32.357964,36.472083,31.181125,33.953067,31.952994,35.260447,84.867257,88.797113,126.044352,90.113883,126.447992,49.344064,47.487343,163.360551,121.660000,3.917100,408.960000,120.380000,3.021900,283.720000,636984.992815,6.979434,7.528994,25.857758,95.491288,Inf,Inf,33.106093
06/22/2026 15:21:14,0.000000,0.000000,74.785622,74.145703,63.370490,74.419629,74.867141,76.841162,74.799518,74.612752,37.735949,34.312758,34.105479,33.860128,36.012624,33.700256,33.582719,33.495651,36.836621,40.055665,37.743461,37.103951,36.853157,36.380991,36.863056,36.347516,36.210302,36.682126,38.997824,35.924683,35.714004,36.454828,36.314510,35.550958,35.419400,35.564750,36.944258,67.417141,36.475150,33.971900,30.578503,28.810476,29.723503,34.488054,34.005166,34.258797,79.259257,48.229421,34.046052,30.009791,29.318138,29.361399,33.869745,33.867248,33.931187,36.132642,36.233467,33.325208,32.992353,35.935925,35.966041,31.660538,32.419650,31.820526,37.704275,29.648273,33.567123,31.350206,36.748865,36.721025,32.744503,28.981240,32.284310,31.363778,36.668467,30.664526,35.698387,29.213014,33.083984,30.874165,36.448027,31.494197,35.626614,29.620011,32.440389,31.575063,36.063531,32.368497,36.500696,31.200574,33.957095,31.988661,35.252056,83.938927,87.775179,127.056347,89.674244,127.558734,49.834658,47.530268,159.706424,121.680000,3.889800,406.670000,120.580000,2.996200,280.860000,637044.989083,8.074371,8.148523,25.897529,93.924125,Inf,Inf,33.122403
06/22/2026 15:22:14,0.000000,0.000000,74.747438,74.126941,63.646090,74.423216,74.867346,76.802167,74.813168,74.611191,37.719071,34.292701,34.114715,33.833232,36.061526,33.611615,33.543854,33.380808,36.821935,40.074526,37.810541,37.115639,36.934742,36.407297,36.850010,36.274256,36.225529,36.682742,38.975495,35.865505,35.845125,36.699108,36.676542,35.785768,35.356240,35.520656,37.085125,69.751321,38.183633,34.517485,29.997854,28.316727,29.415107,34.437217,33.876151,34.366593,79.312591,48.215854,34.323250,29.724665,29.144828,28.965065,33.770908,33.765066,33.896064,36.131268,36.251401,33.262780,32.619376,35.898348,35.934223,30.816238,31.873419,31.793680,37.693552,29.665992,33.585883,31.362785,36.771533,36.726266,32.781784,28.975371,32.310652,31.380802,36.681694,30.662249,35.733780,29.231944,33.109515,30.892633,36.443462,31.524354,35.637642,29.630219,32.469699,31.582834,36.088967,32.386489,36.508966,31.205337,34.002868,32.013193,35.288447,83.480270,87.271058,127.342458,89.275924,127.781381,50.134224,47.809668,159.482896,121.650000,3.887000,405.240000,120.580000,2.992600,280.400000,637104.987447,8.361584,8.167349,26.155901,93.827481,Inf,Inf,33.138086
06/22/2026 15:23:14,0.000000,0.000000,74.721890,74.144081,63.149116,74.414346,74.837357,76.819033,74.774557,74.639764,37.642156,34.296233,34.115584,33.796273,36.011828,33.481802,33.395125,33.265822,36.767499,40.073186,37.863986,37.065122,36.925795,36.371343,36.789057,36.279667,36.153193,36.631246,38.961209,35.777633,35.623283,36.795665,36.324351,35.853202,35.256136,35.532246,36.774226,71.151329,38.684607,34.759995,29.336340,27.892939,29.061332,34.400302,33.752615,34.228972,79.051939,47.759845,34.406077,29.291937,28.842748,28.510356,33.600272,33.613571,33.765024,36.150266,36.233093,33.192408,31.969419,35.894898,35.903757,29.879351,31.325908,31.815979,37.709928,29.699906,33.583889,31.374597,36.753619,36.739746,32.758426,28.991193,32.321953,31.395684,36.672333,30.690704,35.737255,29.258809,33.092285,30.910564,36.448812,31.530184,35.623395,29.677862,32.446499,31.604769,36.078886,32.381699,36.506792,31.225872,33.986882,32.003844,35.267168,82.603591,86.438412,127.344231,88.660584,127.967503,50.349639,47.223578,156.754117,121.650000,3.869700,402.210000,120.540000,2.972900,277.360000,637164.984720,9.147077,8.793159,25.612918,92.640287,Inf,Inf,33.142984
06/22/2026 15:24:14,0.000000,0.000000,74.721577,74.149265,63.106389,74.399858,74.876108,76.815124,74.807588,74.621246,37.610513,34.240046,34.055833,33.788768,36.027814,33.333006,33.246703,33.092930,36.730954,40.123591,37.842071,37.121332,36.962553,36.361648,36.799222,36.205278,36.062602,36.571245,39.002425,35.869508,35.731586,36.589673,36.216532,35.420535,35.228989,35.373930,36.619253,70.986986,38.716709,34.858337,29.087063,27.634062,28.783826,34.263584,33.636662,33.941241,77.028597,48.231446,34.375423,28.692370,28.375116,27.947554,33.465639,33.445138,33.583296,36.134698,36.284413,33.065703,31.252630,35.792618,35.865705,28.989684,30.964361,31.837191,37.724784,29.739866,33.612009,31.385872,36.777203,36.718296,32.777777,29.014174,32.321323,31.404409,36.673921,30.703445,35.743275,29.251946,33.134780,30.904597,36.483879,31.520484,35.639607,29.679908,32.482792,31.595685,36.113253,32.392648,36.520613,31.216171,34.012019,32.003230,35.306449,80.944307,84.671892,127.471415,87.289679,128.119283,50.489962,47.002641,154.140095,121.680000,3.830100,398.240000,120.570000,2.944500,274.310000,637224.981322,9.451107,8.968193,25.407230,91.489962,Inf,Inf,33.156387
06/22/2026 15:25:14,0.000000,0.000000,74.711051,74.149725,63.605796,74.399029,74.861338,76.817669,74.816901,74.652113,37.606512,34.175664,34.024290,33.728955,35.926980,33.100279,33.062345,32.910759,36.620310,40.146479,37.806700,37.093611,36.956500,36.325490,36.728958,36.138948,36.024587,36.534581,38.925720,35.943985,35.499984,36.956130,36.056811,35.627597,35.195256,35.365024,36.597527,73.603231,37.795518,34.868553,28.989073,27.476152,28.672338,34.409637,33.546095,33.866390,75.037028,45.728353,34.299850,28.137121,27.864576,27.421688,33.275075,33.289370,33.440440,36.072008,36.254621,32.797500,30.948268,35.761151,35.775327,28.655522,30.638576,31.862132,37.723894,29.739860,33.621225,31.428532,36.784613,36.730540,32.808757,29.053729,32.339609,31.436533,36.687121,30.729220,35.749403,29.294137,33.150602,30.944971,36.502758,31.578695,35.667444,29.699899,32.508071,31.647631,36.107761,32.418271,36.570028,31.251219,34.051141,32.055357,35.328222,78.894853,82.327387,128.204605,85.819465,128.647504,50.547400,46.487736,148.220591,121.720000,3.771000,390.290000,120.670000,2.891600,266.810000,637284.977722,9.942844,9.374141,24.925709,88.835938,Inf,Inf,33.182379
06/22/2026 15:26:14,0.000000,0.000000,74.637208,74.090633,63.363536,74.336691,74.851845,76.760566,74.777318,74.586320,37.585395,34.005742,33.936036,33.566129,35.885085,32.770153,32.770267,32.599946,36.513754,40.092824,37.825355,37.055315,36.972163,36.226063,36.679849,35.979093,35.887079,36.436556,38.808568,35.720967,35.379016,36.636279,36.141847,35.464107,35.033017,35.302998,36.537368,76.662319,36.512299,34.809230,28.750270,27.314819,28.532841,34.496763,33.481394,33.879064,77.521480,42.112976,34.163739,27.701158,27.186507,27.066812,33.078351,33.044730,33.236286,36.050550,36.198983,32.375130,30.724711,35.669165,35.707265,28.245602,30.241234,31.884660,37.736078,29.764639,33.633144,31.447171,36.773036,36.721714,32.794551,29.055537,32.345589,31.456779,36.704305,30.750984,35.763506,29.306504,33.141148,30.964458,36.474717,31.582991,35.658067,29.735497,32.514670,31.662211,36.128010,32.395462,36.564559,31.261308,34.043606,32.050028,35.333995,77.216338,81.190886,129.446078,85.642224,129.990899,50.683656,46.074996,138.256559,121.720000,3.727300,383.440000,120.550000,2.827300,257.360000,637344.976191,10.271701,9.626210,24.537529,84.204252,Inf,Inf,33.188297
06/22/2026 15:27:14,0.000000,0.000000,74.650339,74.109269,63.450930,74.338316,74.870791,76.792116,74.779004,74.596881,37.502097,33.887881,33.814168,33.489173,35.788861,32.360862,32.406262,32.265675,36.373245,40.094827,37.816318,36.947731,36.961444,36.113496,36.547784,35.881018,35.755575,36.321963,38.961300,35.552215,35.520029,36.473949,36.111824,35.252780,34.965151,35.060483,36.531148,79.374601,40.356055,34.731528,28.517576,27.136392,28.323203,34.803829,33.665386,34.248972,81.896757,45.376401,33.996214,27.202677,26.676485,26.749306,32.770357,32.758533,33.004836,36.051105,36.182879,31.823444,30.425605,35.562792,35.674889,27.769309,29.905263,31.892853,37.738019,29.774178,33.621437,31.447903,36.770666,36.731046,32.792813,29.063160,32.348078,31.450807,36.706817,30.780254,35.753174,29.360904,33.142915,30.978261,36.493079,31.617067,35.671658,29.804020,32.506075,31.684921,36.127999,32.417694,36.571855,31.273110,34.054975,32.068101,35.331163,83.398863,88.306719,130.003334,90.835247,130.682819,50.712564,46.377801,151.512478,121.740000,3.896300,405.580000,120.480000,2.972000,275.770000,637404.973731,9.909020,9.173706,24.822508,90.320423,Inf,Inf,33.199167
06/22/2026 15:28:14,0.000000,0.000000,74.622093,74.104685,63.814056,74.356659,74.860394,76.773312,74.753952,74.625917,37.354750,33.702116,33.663475,33.367302,35.638543,32.066159,32.007618,31.903388,36.190271,40.079708,37.695544,36.990501,36.896283,36.060223,36.342459,35.706534,35.565302,36.189827,38.628341,35.490857,35.254107,36.570869,35.907666,34.969920,34.681100,34.921489,36.495538,78.483525,40.521537,34.645358,28.210903,26.817371,27.967889,34.973630,33.857188,34.234157,81.579344,45.500105,33.812876,26.724334,26.287245,26.348022,32.522152,32.534224,32.812166,36.015510,36.136874,31.390895,30.208918,35.425816,35.516219,27.371000,29.569398,31.914128,37.737471,29.789231,33.625851,31.470153,36.776833,36.712710,32.829966,29.083482,32.379323,31.482098,36.722547,30.793425,35.766265,29.349234,33.158395,30.985762,36.495974,31.620427,35.661713,29.774838,32.518330,31.682173,36.135009,32.412281,36.590681,31.261321,34.061098,32.092486,35.355005,85.519410,88.975457,129.853323,90.781507,130.580957,50.776777,46.037801,162.324492,121.710000,3.893400,406.910000,120.550000,3.004000,281.520000,637464.969999,10.142908,9.310426,24.502450,95.049360,Inf,Inf,33.207940
06/22/2026 15:29:14,0.000000,0.000000,74.650557,74.103568,63.109785,74.331344,74.874807,76.767881,74.769451,74.598315,37.316096,33.450951,33.477162,33.164481,35.560376,31.718567,31.692683,31.612492,36.090898,40.048236,37.643207,36.820009,36.850977,35.898834,36.230021,35.508043,35.402308,35.992418,38.497315,35.271556,35.104930,36.337834,35.655386,34.764361,34.393503,34.793221,36.275002,77.568287,40.312142,34.546677,27.943592,26.514950,27.666434,34.859089,33.628786,34.243096,80.497681,44.990997,33.607392,26.450596,26.013138,26.077951,32.263557,32.294066,32.551632,35.917696,36.062630,30.938768,29.994880,35.265764,35.404494,27.082454,29.219997,31.934864,37.751413,29.834509,33.630088,31.492669,36.789460,36.738487,32.840307,29.108576,32.378814,31.520795,36.704848,30.789859,35.775567,29.385875,33.174465,31.009896,36.507731,31.654982,35.676333,29.819871,32.564587,31.699618,36.177585,32.407013,36.600224,31.262018,34.081016,32.081746,35.348741,84.218178,87.758361,129.553530,89.668676,130.462478,50.784645,45.655070,158.826073,121.860000,3.872000,403.150000,120.650000,2.973300,278.420000,637524.968107,10.406123,9.466838,24.140554,93.542973,Inf,Inf,33.224732
06/22/2026 15:30:14,0.000000,0.000000,74.598565,74.089178,63.431011,74.352174,74.825071,76.778956,74.766866,74.616013,37.163052,33.156291,33.202511,32.924713,35.435230,31.457312,31.367617,31.244641,35.875170,39.968867,37.568020,36.785319,36.713643,35.801648,36.109313,35.365510,35.227215,35.879024,38.319365,35.145203,34.913466,36.302950,35.861909,34.798602,34.116144,34.617153,36.184717,75.957070,39.833941,34.438727,27.743663,26.253592,27.403475,34.852018,33.426241,34.087294,79.313315,44.711978,33.415175,26.149083,25.765505,25.808424,32.094488,32.078694,32.350567,35.818921,35.940540,30.582817,29.692604,35.166934,35.252490,26.814472,29.122781,31.939783,37.758060,29.836757,33.660040,31.503110,36.818408,36.742894,32.835844,29.134430,32.382811,31.536382,36.720909,30.838569,35.779687,29.403807,33.171891,31.048758,36.526919,31.680089,35.669377,29.821342,32.525134,31.723768,36.144912,32.424011,36.610117,31.310743,34.079948,32.096252,35.363631,82.881810,86.473502,129.469704,88.565030,130.403353,50.804402,45.417235,156.445937,121.660000,3.841500,400.090000,120.750000,2.952100,274.610000,637584.965229,10.523930,9.500378,23.914797,92.505341,Inf,Inf,33.236279
06/22/2026 15:31:14,0.000000,0.000000,74.573363,74.093984,63.363932,74.356311,74.865961,76.763692,74.754156,74.623586,37.027413,32.877713,32.964404,32.675279,35.270804,31.188646,31.122363,31.021210,35.770322,39.919642,37.407693,36.526909,36.599929,35.637741,35.872195,35.194226,35.041229,35.683886,38.531068,35.053644,34.957344,35.895548,35.815376,34.378450,34.215992,34.496011,36.059384,72.416293,39.273353,34.287199,27.514223,25.973392,27.101424,34.740532,33.324332,33.993284,77.426398,45.350135,33.210948,25.909226,25.493489,25.531499,31.860101,31.839214,32.129089,35.678597,35.838399,30.225951,29.525780,34.997076,35.111468,26.632149,28.721661,31.945051,37.757099,29.850056,33.640445,31.547165,36.760842,36.759328,32.829683,29.150105,32.371359,31.541842,36.690563,30.858809,35.755507,29.446905,33.137954,31.047706,36.501663,31.680060,35.669118,29.886178,32.514200,31.760583,36.139440,32.437640,36.599910,31.305368,34.072629,32.120957,35.365631,80.819933,84.373373,129.464730,86.899578,130.301883,50.790406,45.246798,152.404482,121.820000,3.804300,394.710000,120.660000,2.916900,270.400000,637644.962918,10.534597,9.458346,23.752602,90.718959,Inf,Inf,33.238127
06/22/2026 15:32:14,0.000000,0.000000,74.601185,74.085033,63.469209,74.367015,74.850043,76.780267,74.769182,74.648756,36.918299,32.629286,32.696438,32.414595,35.189640,31.035761,30.902069,30.857059,35.575081,39.866894,37.294651,36.466674,36.508278,35.503439,35.731174,35.048208,34.892263,35.582008,38.130588,34.966763,34.785000,36.034782,35.400828,34.499314,33.892704,34.399622,35.938382,74.081443,37.760868,34.193542,27.311651,25.657025,26.879956,34.604425,33.076870,33.825032,74.926721,44.218232,33.048042,25.667570,25.195262,25.276665,31.718069,31.758168,32.053020,35.594890,35.731407,29.913642,29.138199,34.941634,35.021894,26.507925,28.680538,32.008666,37.762325,29.909278,33.657634,31.533665,36.802297,36.748158,32.851359,29.161592,32.410656,31.551793,36.724130,30.853845,35.787784,29.439893,33.184742,31.047383,36.533345,31.711951,35.671272,29.869174,32.544829,31.749569,36.168342,32.436873,36.626720,31.301173,34.086108,32.121563,35.400362,78.454818,81.664478,130.275952,85.266503,130.994135,50.794231,44.509110,145.324288,121.840000,3.728100,385.720000,120.820000,2.851200,261.690000,637704.959869,11.146974,10.001474,23.046568,87.511547,Inf,Inf,33.255216
06/22/2026 15:33:14,0.000000,0.000000,74.620441,74.078507,63.020986,74.375401,74.861804,76.786943,74.780713,74.611269,36.837018,32.423910,32.514653,32.126980,35.095021,30.954469,30.790544,30.709878,35.508730,39.831310,37.274870,36.294297,36.416029,35.415506,35.719102,34.907088,34.711819,35.430970,38.294064,35.085220,34.518358,35.764127,35.741534,34.129156,33.842703,34.224055,35.839786,77.807672,37.271234,34.069378,27.227778,25.749659,26.860993,34.456482,32.829500,33.699108,78.177716,40.972878,32.913941,25.649388,25.241578,25.299274,31.617630,31.627393,31.948140,35.518434,35.637631,29.747481,28.882272,34.791855,34.900069,26.368182,28.486432,32.012214,37.754358,29.911049,33.665005,31.562889,36.799906,36.769010,32.875426,29.158528,32.425041,31.594713,36.720091,30.868941,35.804560,29.483825,33.190303,31.091726,36.557905,31.719746,35.702671,29.929754,32.557671,31.764943,36.187607,32.448222,36.631365,31.324563,34.090769,32.141366,35.408117,77.910051,82.349520,131.380629,86.991141,132.150300,50.768744,44.780062,137.127755,121.920000,3.731000,384.260000,120.850000,2.828300,257.020000,637764.957309,10.762720,9.607283,23.306658,83.665710,Inf,Inf,33.271743
06/22/2026 15:34:14,0.000000,0.000000,74.596380,74.096294,63.405671,74.408811,74.859708,76.786959,74.792220,74.662078,36.716349,32.179766,32.243841,31.882940,34.932688,30.860391,30.686922,30.587978,35.378553,39.718143,37.011859,36.270344,36.272557,35.275845,35.702929,34.805304,34.626706,35.325988,38.102005,34.805465,34.372458,35.712379,35.392456,34.149658,33.641668,34.098141,35.681785,79.809115,40.816299,33.921267,27.104160,25.611595,26.716605,34.380510,32.697343,33.628169,81.813705,44.069936,32.849623,25.576654,25.095217,25.183337,31.548927,31.551336,31.782551,35.471586,35.569988,29.442615,28.601688,34.769720,34.870397,26.312364,28.239449,32.054288,37.781108,29.945172,33.668420,31.602402,36.806847,36.797545,32.883204,29.222085,32.441176,31.640721,36.732948,30.947845,35.803700,29.518216,33.202355,31.132329,36.555546,31.771720,35.700482,29.934684,32.565257,31.813553,36.177034,32.493646,36.663964,31.375655,34.125269,32.163491,35.421731,85.391114,89.249609,131.357518,91.088678,132.390370,50.769599,45.010031,158.518379,121.850000,3.894100,406.090000,120.650000,2.987900,279.730000,637824.955109,10.394557,9.322913,23.526710,93.409422,Inf,Inf,33.298080
06/22/2026 15:35:14,0.000000,0.000000,74.613968,74.074143,63.370819,74.385697,74.859842,76.771497,74.772809,74.641819,36.633766,31.907926,32.049093,31.624971,34.808039,30.700812,30.539013,30.495333,35.290956,39.587372,36.883744,36.069298,36.148116,35.077653,35.414532,34.665202,34.536277,35.210370,38.034055,34.754089,34.287857,35.853408,35.265855,34.136060,33.516135,34.076122,35.603541,78.444471,40.046751,33.758164,26.970855,25.420001,26.539382,34.237756,32.616553,33.444905,80.675822,44.283627,32.723615,25.420861,25.000082,25.022897,31.380663,31.413422,31.719939,35.324204,35.436875,29.177517,28.440761,34.644783,34.776524,26.119893,28.350916,32.059974,37.769962,29.948639,33.666111,31.616570,36.786850,36.775206,32.882985,29.222311,32.415808,31.652292,36.722311,30.934904,35.813427,29.527212,33.190876,31.136416,36.534564,31.772428,35.695148,29.964984,32.581251,31.824321,36.168697,32.466589,36.644755,31.358541,34.119740,32.168628,35.424631,84.818162,88.176658,130.946509,89.981451,132.036893,50.722890,44.578645,159.584706,121.840000,3.863500,402.280000,120.650000,2.968800,277.340000,637884.951222,10.644763,9.610214,23.113401,93.871511,Inf,Inf,33.294871
06/22/2026 15:36:14,0.000000,0.000000,74.610642,74.056438,63.252664,74.401742,74.843348,76.733962,74.747790,74.645954,36.480919,31.672544,31.779017,31.334185,34.699959,30.563239,30.412787,30.353948,35.172876,39.554580,36.770322,35.916657,35.951645,34.970053,35.317827,34.510287,34.430962,35.072779,37.703853,34.471340,34.179804,35.712784,35.020491,34.191789,33.449507,33.963811,35.638996,77.172042,39.770743,33.579933,26.849975,25.333861,26.375888,34.094433,32.535211,33.154218,79.484908,43.921414,32.663145,25.340371,24.924973,24.970159,31.372693,31.396415,31.687341,35.230600,35.318548,29.087871,28.370116,34.579876,34.701425,26.063884,28.244907,32.088214,37.787395,29.969350,33.703012,31.620617,36.833341,36.753906,32.910041,29.224924,32.452204,31.641965,36.756831,30.929119,35.845771,29.541257,33.205762,31.132627,36.561673,31.774324,35.710219,29.977476,32.603942,31.808505,36.195925,32.470813,36.680709,31.348852,34.145949,32.161082,35.448581,83.373739,86.822147,130.699003,88.773588,131.682603,50.695903,44.601273,156.439301,121.830000,3.833600,399.600000,120.580000,2.944500,274.650000,637944.948604,10.444796,9.528008,23.135137,92.502433,Inf,Inf,33.309480
06/22/2026 15:37:14,0.000000,0.000000,74.600394,74.059715,63.334364,74.412029,74.870106,76.774150,74.770766,74.632592,36.300420,31.461913,31.610273,31.171712,34.648663,30.414529,30.359290,30.254981,35.152138,39.464289,36.705381,35.772861,35.886257,34.862010,35.199911,34.475228,34.340625,35.008676,37.847209,34.509687,33.963498,35.394521,35.039888,33.962610,33.362077,33.952364,35.611180,74.905636,40.027215,33.427090,26.785313,25.219029,26.214232,34.020859,32.449926,33.045160,77.748440,43.868629,32.576151,25.251096,24.842770,24.862009,31.230231,31.253672,31.524121,35.118722,35.210122,28.864112,28.126363,34.492833,34.629923,25.976190,28.379977,32.092961,37.775318,29.995952,33.695554,31.633183,36.816179,36.788629,32.904921,29.236735,32.443786,31.671402,36.728531,30.960776,35.824527,29.595733,33.211166,31.178594,36.542146,31.803671,35.702705,30.010930,32.573716,31.857133,36.201309,32.469550,36.666496,31.363501,34.143084,32.210273,35.454584,81.382234,84.855970,130.531153,87.173395,131.481212,50.687331,44.534360,152.453687,121.740000,3.803300,394.820000,120.570000,2.916100,269.940000,638004.946231,10.356246,9.505307,23.070844,90.740898,Inf,Inf,33.318435
06/22/2026 15:38:14,0.000000,0.000000,74.634901,74.078176,63.207006,74.450283,74.842013,76.777313,74.768970,74.649389,36.292554,31.305628,31.457116,30.985173,34.498880,30.446793,30.317813,30.227767,34.970012,39.304751,36.546179,35.617085,35.771701,34.757953,35.215849,34.419742,34.292997,34.920291,37.378139,34.444764,34.041242,35.111763,34.806680,34.063439,33.334211,33.872123,35.500086,73.143667,38.560954,33.243345,26.672671,24.989044,26.039590,33.973914,32.479846,32.934171,75.530161,44.691511,32.487979,25.103831,24.654508,24.705521,31.191581,31.182969,31.482831,35.022210,35.095640,28.694476,28.042845,34.403149,34.570422,25.906848,28.065349,32.099643,37.786813,30.009333,33.702751,31.666242,36.825560,36.809778,32.919950,29.287494,32.457513,31.679803,36.739863,31.008285,35.813281,29.630103,33.205868,31.189769,36.573900,31.836971,35.713608,30.050436,32.610458,31.860286,36.219939,32.491825,36.692050,31.418639,34.155172,32.209932,35.470642,79.233422,82.506504,130.854022,85.699630,131.767278,50.671425,44.253309,147.722875,121.760000,3.746400,387.840000,120.800000,2.868200,264.040000,638064.943506,10.443144,9.687778,22.800201,88.609583,Inf,Inf,33.337864
06/22/2026 15:39:14,0.000000,0.000000,74.648602,74.064823,63.198191,74.443726,74.870525,76.790586,74.762369,74.632223,36.059051,31.158418,31.290756,30.872186,34.463588,30.390388,30.268100,30.183847,34.893571,39.287384,36.448643,35.541963,35.652290,34.694727,35.159759,34.295698,34.162265,34.854414,37.671839,34.421448,33.974875,35.219274,34.559829,33.783940,33.356733,33.883974,35.371429,76.889528,36.115662,33.102975,26.677734,25.057190,26.093209,33.912181,32.492283,32.822989,76.984848,39.984826,32.454260,25.168779,24.758752,24.785151,31.152352,31.146841,31.454282,34.965418,35.020352,28.575435,27.920262,34.399763,34.534206,25.887791,28.340088,32.110146,37.788404,30.011384,33.713117,31.670848,36.821728,36.801149,32.907277,29.283254,32.453619,31.675903,36.744683,31.000662,35.825636,29.622181,33.207750,31.191209,36.554221,31.847899,35.698498,30.050388,32.581946,31.882218,36.210744,32.482143,36.672816,31.390806,34.142442,32.210964,35.457489,76.988232,81.106239,132.105288,85.687767,132.974179,50.701785,44.114920,135.587183,121.780000,3.701300,380.240000,120.940000,2.798000,253.050000,638124.941138,10.436395,9.787680,22.666580,82.925955,Inf,Inf,33.333717
06/22/2026 15:40:14,0.000000,0.000000,74.655664,74.082461,63.115391,74.459166,74.885957,76.777741,74.782491,74.655306,36.032354,31.062932,31.186363,30.783114,34.380225,30.353451,30.201135,30.154772,34.868166,39.215804,36.413106,35.502141,35.560190,34.611389,34.955264,34.252106,34.109601,34.776071,37.676416,34.146000,33.864565,34.871021,34.820905,33.849467,33.356548,33.794978,35.477607,79.631947,39.760533,33.020859,26.580204,25.045875,26.045540,33.744924,32.199256,32.785125,81.507321,43.648047,32.380851,25.120014,24.664045,24.711477,31.113295,31.138305,31.392727,34.890406,34.945848,28.588812,27.846554,34.342908,34.450738,25.866279,28.000102,32.143174,37.781431,30.042690,33.728229,31.700709,36.825722,36.799488,32.932282,29.294960,32.471683,31.719388,36.760280,31.036869,35.837265,29.658121,33.228458,31.216874,36.582647,31.864931,35.708800,30.096866,32.610078,31.906540,36.241115,32.512212,36.695928,31.400267,34.157026,32.241157,35.473378,84.144305,88.617747,132.172299,90.682580,133.385589,50.689474,44.551550,152.680613,121.850000,3.877100,403.050000,120.700000,2.960100,275.220000,638184.937757,9.933493,9.293485,23.087366,90.842015,Inf,Inf,33.355619
06/22/2026 15:41:14,0.000000,0.000000,74.673865,74.091372,63.122276,74.445135,74.886719,76.774708,74.790627,74.664288,35.963210,31.015638,31.106097,30.710631,34.340446,30.254206,30.138175,30.069074,34.830410,39.116495,36.207199,35.333449,35.442476,34.519713,34.924120,34.146366,34.077672,34.664768,37.476229,34.272975,33.800182,34.886548,34.962379,33.682048,33.373318,33.678061,35.331683,78.502874,39.767266,32.896952,26.440770,24.893296,25.907766,33.801672,32.433626,32.733077,80.697431,43.766456,32.308622,24.958812,24.514029,24.569076,31.004470,30.980090,31.302701,34.839381,34.877399,28.411062,27.840839,34.252904,34.379828,25.660264,28.087121,32.144937,37.808368,30.043564,33.717099,31.715383,36.815078,36.817363,32.942242,29.306736,32.482209,31.717902,36.765722,31.039231,35.859988,29.679398,33.232776,31.222540,36.583962,31.900556,35.726653,30.107253,32.626222,31.888149,36.241432,32.513864,36.710960,31.429660,34.174118,32.235598,35.466070,85.000429,88.320020,131.814735,90.070972,132.878381,50.637735,44.202809,159.567710,121.840000,3.863700,401.760000,120.740000,2.969100,277.470000,638244.934219,10.145484,9.557154,22.751468,93.864162,Inf,Inf,33.363834
06/22/2026 15:42:14,0.000000,0.000000,74.638668,74.066299,63.540160,74.430971,74.854818,76.755946,74.796787,74.629459,35.883303,30.879980,30.982922,30.600318,34.206188,30.193353,30.025043,29.938105,34.713575,38.989694,36.197717,35.251666,35.303084,34.432965,34.902052,34.107408,33.941862,34.638195,37.298108,34.051078,33.658428,35.351982,34.462837,33.676194,33.020296,33.646370,35.193672,77.027102,39.324998,32.817772,26.371288,24.829991,25.826513,33.720954,32.216177,32.704779,79.374405,43.463922,32.253634,24.906652,24.462670,24.524880,30.956006,30.978024,31.244939,34.812045,34.795533,28.355465,27.695778,34.240946,34.330596,25.684434,28.073435,32.194036,37.783330,30.097658,33.747208,31.716629,36.819411,36.767278,32.940816,29.295047,32.485496,31.734558,36.758910,31.047075,35.843423,29.681692,33.251504,31.209682,36.575396,31.876788,35.713187,30.107968,32.621153,31.892222,36.227771,32.517486,36.723634,31.423709,34.176848,32.244564,35.472784,83.373158,86.752463,131.321958,88.694083,132.510180,50.556164,44.050047,156.408710,121.940000,3.836400,398.680000,120.610000,2.942700,274.030000,638304.932914,10.213911,9.649773,22.603861,92.489027,Inf,Inf,33.364909
06/22/2026 15:43:14,0.000000,0.000000,74.612390,74.073834,63.622717,74.443544,74.869920,76.771856,74.776612,74.663794,35.772415,30.791590,30.879384,30.517458,34.097479,30.103789,29.972147,29.889219,34.652653,38.950277,36.104584,35.122262,35.225111,34.396621,34.888905,34.064504,33.907153,34.513897,37.351529,33.890280,33.361366,34.992586,34.731371,33.604818,33.156536,33.655927,35.117650,74.945020,39.262439,32.721797,26.310827,24.688017,25.686310,33.565676,32.127361,32.483189,77.837346,43.432666,32.203746,24.798772,24.386762,24.413170,30.897808,30.911075,31.161065,34.700168,34.733385,28.295168,27.619731,34.145812,34.305151,25.584575,27.622938,32.176601,37.790320,30.067708,33.736530,31.760267,36.836203,36.800633,32.929876,29.325549,32.473353,31.756700,36.756637,31.080435,35.847349,29.706212,33.244389,31.257355,36.571964,31.899615,35.707810,30.137330,32.649555,31.927409,36.221126,32.523264,36.731263,31.450551,34.184629,32.255033,35.500493,81.589158,85.042225,131.185293,87.345829,132.239338,50.570818,44.014794,152.754259,121.900000,3.800100,395.280000,120.730000,2.913000,270.130000,638364.930197,10.152040,9.633989,22.569757,90.874809,Inf,Inf,33.376872
06/22/2026 15:44:14,0.000000,0.000000,74.644111,74.060752,63.744755,74.456754,74.859466,76.784188,74.797648,74.636236,35.695792,30.729659,30.841076,30.448441,34.124183,30.040107,29.907191,29.842095,34.648678,38.919407,35.981051,35.052723,35.180851,34.290627,34.880616,33.971854,33.838754,34.498795,37.151653,33.882714,33.462184,34.808955,34.727787,33.774443,33.109862,33.611060,35.286541,73.009301,37.793628,32.710175,26.269906,24.624666,25.649538,33.664620,32.246951,32.578246,75.460318,44.644439,32.143638,24.729829,24.278330,24.332045,30.805449,30.856579,31.108803,34.605553,34.677016,28.310752,27.509416,34.139564,34.273608,25.596615,27.703119,32.217803,37.802072,30.104976,33.777141,31.754229,36.845690,36.809981,32.988614,29.335866,32.515326,31.788491,36.775087,31.072726,35.856518,29.732752,33.292613,31.271399,36.611682,31.928459,35.725398,30.162161,32.662318,31.944569,36.249248,32.519493,36.740887,31.438856,34.206834,32.256380,35.505379,79.195757,82.416093,131.770090,85.642512,132.455050,50.565947,44.033828,147.287475,121.900000,3.746700,387.580000,120.860000,2.865300,263.710000,638424.928002,10.122003,9.555466,22.588172,88.411151,Inf,Inf,33.396432
06/22/2026 15:45:14,0.000000,0.000000,74.640881,74.034262,63.442631,74.453564,74.868107,76.748971,74.776053,74.612102,35.642392,30.654102,30.782457,30.348484,34.028629,29.985606,29.881527,29.823118,34.537976,38.763838,36.050786,34.983443,35.086310,34.241698,34.709609,33.897013,33.774616,34.434709,37.113430,33.834566,33.447574,34.843598,34.470972,33.381818,33.033260,33.517625,35.283731,76.415217,35.407734,32.641455,26.293109,24.702493,25.726252,33.464983,32.032271,32.417642,76.587595,40.500490,32.091231,24.814055,24.373484,24.413768,30.798577,30.778113,31.085602,34.585560,34.631873,28.135465,27.552497,34.082960,34.240537,25.531101,27.783405,32.210167,37.808187,30.082168,33.766913,31.755105,36.868238,36.826528,32.986126,29.368157,32.509041,31.817389,36.788622,31.096162,35.877598,29.768367,33.281892,31.298077,36.621474,31.924952,35.741608,30.203438,32.667474,31.950303,36.258489,32.527888,36.737404,31.457625,34.184682,32.271994,35.504091,77.040975,80.933770,132.487259,85.352625,133.561634,50.554030,43.709075,136.111605,121.950000,3.681200,379.480000,120.830000,2.791200,253.210000,638484.924139,10.368104,9.817880,22.273351,83.178395,Inf,Inf,33.405339
06/22/2026 15:46:14,0.000000,0.000000,74.604868,74.046432,63.817583,74.481461,74.870220,76.775106,74.807186,74.642395,35.704486,30.701414,30.697849,30.374077,33.908493,30.011649,29.847341,29.788485,34.485691,38.765230,35.838711,34.939727,35.083390,34.224128,34.672936,33.904262,33.852111,34.475314,37.301587,33.779283,33.315540,34.938429,34.478442,33.588768,33.304028,33.566599,35.071492,79.529373,39.007694,32.599287,26.243958,24.753960,25.709208,33.430720,32.034887,32.471379,81.191403,43.368798,32.050374,24.798930,24.336726,24.391334,30.757521,30.804320,31.076602,34.607211,34.622200,28.130197,27.419853,34.103793,34.204998,25.504240,27.553717,32.250448,37.800024,30.120742,33.762838,31.784429,36.853561,36.811114,32.991530,29.369564,32.527642,31.807953,36.799974,31.118291,35.876119,29.783974,33.283671,31.302089,36.602489,31.964642,35.737471,30.194371,32.686445,31.956095,36.252292,32.536785,36.761782,31.499549,34.219825,32.297878,35.530313,83.370157,88.057751,132.812048,90.418139,134.094148,50.535536,44.090155,149.760031,121.910000,3.861100,400.950000,120.860000,2.939500,271.850000,638544.921751,9.956644,9.407731,22.642643,89.532863,Inf,Inf,33.416130
06/22/2026 15:47:14,0.000000,0.000000,74.634113,74.062164,63.455470,74.497978,74.863071,76.767552,74.803338,74.657563,35.546583,30.599623,30.655335,30.291005,33.866594,30.005693,29.837762,29.729859,34.476200,38.753584,35.869101,34.897439,34.961296,34.125873,34.581780,33.882734,33.763167,34.370465,37.094954,33.708985,33.246962,34.722739,34.445462,33.555751,32.807286,33.462405,34.990110,78.566020,39.410641,32.513679,26.156404,24.570981,25.601730,33.375903,31.974613,32.446237,80.836753,44.035742,32.009673,24.647932,24.233153,24.257773,30.776517,30.755510,31.015767,34.539545,34.576750,28.064833,27.500417,34.032511,34.179001,25.458371,27.590594,32.242258,37.818403,30.118778,33.777044,31.792442,36.849575,36.816859,33.001749,29.379370,32.517556,31.832599,36.770718,31.115115,35.875177,29.803600,33.294342,31.319027,36.619292,31.938347,35.733428,30.223291,32.678829,31.962784,36.269565,32.512328,36.757787,31.466121,34.212301,32.293896,35.543186,85.156993,88.457529,132.460688,90.197000,133.560819,50.509183,43.873880,160.120297,122.040000,3.857600,402.200000,120.780000,2.964000,277.230000,638604.918945,10.080399,9.576393,22.433280,94.102826,Inf,Inf,33.417859
06/22/2026 15:48:14,0.000000,0.000000,74.630560,74.058186,63.277564,74.506015,74.862655,76.764608,74.787763,74.651704,35.466555,30.542752,30.583757,30.250804,33.834098,29.886125,29.767446,29.705912,34.402721,38.601926,35.691202,34.800232,34.933722,34.116470,34.542870,33.777179,33.645337,34.349916,36.920110,33.653332,33.171385,34.877058,34.299438,33.534401,32.840939,33.551115,34.997066,77.367742,39.343307,32.492023,26.126178,24.576965,25.557490,33.390592,31.993349,32.387384,79.545175,43.238976,31.985059,24.657654,24.208111,24.288688,30.724846,30.742899,30.971963,34.529652,34.498542,28.077654,27.428328,34.028316,34.160159,25.409426,27.873321,32.297120,37.815444,30.169734,33.769835,31.819958,36.837969,36.846276,33.015304,29.407241,32.490013,31.865599,36.794463,31.157299,35.884332,29.838905,33.278426,31.373466,36.617142,32.009230,35.731067,30.263709,32.681795,32.004288,36.265661,32.558222,36.765814,31.495590,34.224276,32.326365,35.557799,83.659167,87.054374,131.984524,88.913444,133.174296,50.523953,43.792012,156.640006,121.890000,3.834400,399.290000,120.810000,2.945400,274.120000,638664.915393,10.138146,9.631182,22.353877,92.590341,Inf,Inf,33.438745
06/22/2026 15:49:14,0.000000,0.000000,74.643720,74.040908,63.427093,74.514402,74.867659,76.754425,74.813989,74.636945,35.403906,30.477960,30.515847,30.168388,33.769317,29.846498,29.741229,29.675681,34.335551,38.508620,35.810650,34.754159,34.857499,34.027295,34.564700,33.755064,33.582907,34.266682,37.065387,33.675296,33.179405,34.609171,34.208473,33.474893,33.025150,33.469093,35.035804,75.359731,39.174207,32.452705,26.096776,24.522911,25.473948,33.313358,31.931955,32.361518,77.903226,43.206435,31.975303,24.603998,24.149096,24.222963,30.692836,30.688462,30.971899,34.407125,34.462646,27.944685,27.350387,33.993889,34.118636,25.359094,27.565593,32.272961,37.852427,30.149541,33.805137,31.826861,36.874906,36.839807,33.018139,29.406517,32.535908,31.853652,36.807938,31.148145,35.910224,29.815291,33.297995,31.347641,36.625636,32.002640,35.757406,30.265696,32.697562,32.004751,36.288699,32.543117,36.755724,31.492558,34.238422,32.315185,35.543563,81.779521,85.228623,131.719804,87.456380,132.870300,50.523384,43.988087,153.214910,121.980000,3.804200,395.120000,120.870000,2.915200,269.920000,638724.914274,9.908795,9.431393,22.543910,91.079698,Inf,Inf,33.443135
06/22/2026 15:50:14,0.000000,0.000000,74.684590,74.042481,63.087739,74.512471,74.865307,76.748706,74.764804,74.640997,35.418848,30.439500,30.470701,30.099109,33.773579,29.861032,29.713600,29.681495,34.328768,38.529684,35.652813,34.711842,34.857320,34.008470,34.562498,33.733764,33.562012,34.215180,36.833587,33.750780,33.303328,34.323805,34.275431,33.410855,33.139906,33.432743,34.965825,72.824332,38.418705,32.416260,26.064270,24.429046,25.398176,33.249174,31.813711,32.140382,76.059079,44.551452,31.952803,24.526347,24.072342,24.144871,30.718490,30.728574,30.971008,34.385826,34.447777,27.819469,27.286310,33.946165,34.093559,25.386156,27.684270,32.320040,37.843067,30.187797,33.806250,31.849805,36.877341,36.856089,33.037166,29.440324,32.538865,31.862405,36.831230,31.163585,35.911840,29.874668,33.311402,31.372223,36.641646,32.008062,35.768326,30.290057,32.703633,31.996813,36.310466,32.562318,36.780138,31.529172,34.235251,32.313787,35.562552,79.771853,83.084655,132.006047,86.025893,132.976418,50.566028,43.895536,148.666674,121.980000,3.756600,389.420000,120.920000,2.876800,265.060000,638784.911198,9.961990,9.498533,22.454270,89.038381,Inf,Inf,33.459544
06/22/2026 15:51:14,0.000000,0.000000,74.674433,74.070374,63.502323,74.544576,74.857687,76.787471,74.790124,74.668434,35.282221,30.406845,30.457659,30.105369,33.710533,29.784360,29.690166,29.654047,34.267852,38.523830,35.661558,34.770853,34.806779,33.999609,34.431363,33.706426,33.583414,34.245441,36.976105,33.826798,33.105590,34.808299,34.236399,33.457085,32.844553,33.308148,34.946573,75.775538,35.776677,32.366420,26.096380,24.484473,25.526906,33.304216,31.931255,32.292247,75.892547,40.691216,31.909567,24.535719,24.142125,24.169434,30.640881,30.635559,30.888699,34.407702,34.449526,27.868993,27.338680,33.906326,34.079031,25.361680,27.665262,32.303323,37.833976,30.153214,33.813959,31.867339,36.883252,36.833401,33.046373,29.434845,32.536988,31.912644,36.825900,31.211242,35.913591,29.884047,33.323415,31.389170,36.640837,32.041963,35.766089,30.288698,32.712505,32.008403,36.301186,32.569895,36.774462,31.527020,34.254885,32.351709,35.572406,77.271097,80.711704,133.118523,84.937555,133.881650,50.550770,43.456964,138.116551,122.040000,3.677200,378.510000,120.930000,2.795800,253.790000,638844.908592,10.338377,9.881524,22.028043,84.137614,Inf,Inf,33.465891
06/22/2026 15:52:14,0.000000,0.000000,74.690810,74.082957,63.222558,74.547848,74.870674,76.783568,74.797347,74.651148,35.291569,30.379249,30.431846,30.082289,33.640016,29.804973,29.646504,29.636248,34.254133,38.466919,35.515823,34.591302,34.739907,33.927341,34.499288,33.658496,33.588558,34.152045,36.917089,33.628979,33.145957,34.389873,34.447115,33.400138,32.912589,33.401470,34.984721,79.220294,38.017264,32.307269,26.106803,24.575019,25.553808,33.192746,31.791894,32.244686,80.417942,43.011275,31.883791,24.614097,24.188756,24.240685,30.628918,30.597721,30.874931,34.381568,34.414088,27.869947,27.255874,33.899031,34.040218,25.363725,27.756208,32.322771,37.839151,30.174038,33.804932,31.854719,36.864527,36.850102,33.038262,29.437410,32.517435,31.879697,36.800859,31.189139,35.909338,29.900375,33.317471,31.369397,36.646706,32.013595,35.764050,30.321862,32.702454,32.010016,36.274900,32.556384,36.764845,31.528028,34.227279,32.352510,35.567001,81.788277,86.517946,133.566419,89.713831,134.544300,50.550724,44.007899,144.873188,121.970000,3.822200,396.270000,120.940000,2.895900,266.460000,638904.906093,9.744185,9.320707,22.563084,87.303694,Inf,Inf,33.459975
06/22/2026 15:53:14,0.000000,0.000000,74.652555,74.059898,63.940355,74.550168,74.886934,76.787568,74.807026,74.631671,35.215833,30.377975,30.441716,30.101942,33.655154,29.755517,29.595866,29.552165,34.181849,38.437842,35.574820,34.608196,34.747040,33.894076,34.342846,33.642702,33.521930,34.167141,36.885243,33.644529,33.327423,34.469897,34.303046,33.355860,32.749108,33.358511,34.903267,78.818040,39.294751,32.323825,26.050180,24.478492,25.460442,33.245279,31.976856,32.127161,80.995259,43.994460,31.821032,24.532253,24.062151,24.143186,30.568397,30.582963,30.812043,34.401930,34.378197,27.796789,27.279167,33.877789,34.026971,25.340093,27.740971,32.362308,37.825837,30.195823,33.799074,31.866662,36.877271,36.859208,33.055412,29.417156,32.518619,31.897811,36.815248,31.213880,35.920642,29.907061,33.331688,31.401475,36.659505,32.037151,35.758967,30.307386,32.725366,32.025146,36.270470,32.561274,36.783394,31.527550,34.256911,32.356409,35.574429,85.473985,88.681177,133.052439,90.438045,134.130134,50.563049,43.780455,160.467322,122.000000,3.859400,402.720000,120.800000,2.969600,277.470000,638964.901765,9.981164,9.478371,22.342661,94.252425,Inf,Inf,33.470304
06/22/2026 15:54:14,0.000000,0.000000,74.680232,74.074064,63.296216,74.571158,74.844546,76.800495,74.793633,74.633489,35.223047,30.338870,30.335750,30.063046,33.575536,29.692089,29.574983,29.545997,34.155338,38.303290,35.470807,34.556624,34.727414,33.889082,34.369991,33.631673,33.427964,34.081685,36.732385,33.595886,33.228587,34.627657,34.318838,33.365006,33.037911,33.254355,34.939453,77.525344,38.972846,32.268332,25.999821,24.405689,25.409549,33.212925,32.013458,32.034467,79.771557,43.533360,31.822787,24.457037,24.017464,24.094921,30.531489,30.524447,30.807906,34.363641,34.345775,27.775334,27.177736,33.851091,33.994506,25.212122,27.432416,32.333351,37.866448,30.173049,33.806638,31.891623,36.873747,36.864211,33.027991,29.436917,32.519497,31.930318,36.788866,31.217164,35.915048,29.923453,33.334695,31.379984,36.644589,32.029270,35.764889,30.359704,32.725085,32.020591,36.305783,32.567397,36.765383,31.552184,34.223790,32.354351,35.562188,84.013658,87.328034,132.521196,89.162422,133.777966,50.595451,43.703248,157.320947,122.040000,3.837500,399.890000,120.920000,2.945900,274.200000,639024.900659,10.000641,9.555096,22.267691,92.888028,Inf,Inf,33.471940
06/22/2026 15:55:14,0.000000,0.000000,74.718118,74.080262,63.685738,74.592811,74.884358,76.791742,74.807349,74.661152,35.219783,30.300373,30.323552,30.024194,33.553260,29.672404,29.547007,29.490371,34.132094,38.359651,35.507869,34.574305,34.678555,33.828627,34.323512,33.587816,33.442306,34.093797,36.715255,33.642207,33.165447,34.597900,34.521147,33.234775,32.832005,33.329378,34.790811,75.640837,38.553716,32.265357,25.929799,24.391525,25.305046,33.203740,31.882654,32.093098,78.266340,43.233976,31.764543,24.430297,23.968361,24.061044,30.535203,30.584950,30.808682,34.290302,34.322368,27.758037,27.237780,33.845073,33.932547,25.202035,27.385107,32.372525,37.821404,30.207399,33.841290,31.878719,36.882608,36.848290,33.076891,29.463234,32.537098,31.939927,36.825737,31.233356,35.917856,29.939861,33.342604,31.423113,36.642552,32.036121,35.764153,30.370999,32.745691,32.029404,36.292414,32.578872,36.787679,31.569735,34.268508,32.370257,35.591323,82.227305,85.641158,132.036424,87.773807,133.382906,50.598387,43.716942,154.059004,122.080000,3.804500,395.870000,120.960000,2.916200,270.860000,639084.897415,9.984364,9.483550,22.280993,91.454069,Inf,Inf,33.486654
06/22/2026 15:56:14,0.000000,0.000000,74.717077,74.069917,63.892289,74.592471,74.877259,76.784659,74.817712,74.657149,35.154271,30.296459,30.304483,29.968231,33.528595,29.624458,29.497446,29.495217,34.095348,38.374319,35.396734,34.472471,34.618880,33.773773,34.363392,33.561992,33.396117,34.029888,36.824553,33.538726,33.195537,34.633704,34.352846,33.424823,32.731978,33.308956,34.734499,73.272055,38.380960,32.218061,25.920965,24.303452,25.253609,33.178406,31.896015,32.124823,76.735097,44.515098,31.747885,24.350449,23.947761,23.986716,30.480377,30.485237,30.759341,34.271789,34.281364,27.745362,27.236980,33.800759,33.931308,25.193183,27.540924,32.358271,37.834642,30.174839,33.820766,31.887085,36.882512,36.835472,33.064456,29.447190,32.529808,31.923718,36.818461,31.222463,35.918544,29.938845,33.349146,31.418534,36.645830,32.039864,35.752438,30.340934,32.740156,32.006582,36.277239,32.560958,36.758218,31.546304,34.253580,32.329045,35.570660,80.432047,83.728991,132.459231,86.499262,133.422807,50.640870,43.578455,150.096212,122.180000,3.776700,391.560000,120.980000,2.890500,267.040000,639144.894582,10.071706,9.601530,22.146355,89.684420,Inf,Inf,33.474885
06/22/2026 15:57:14,0.000000,0.000000,74.760875,74.088801,63.278163,74.603923,74.896733,76.803247,74.810727,74.644669,35.167283,30.269869,30.246243,29.971887,33.473153,29.608047,29.501402,29.472861,34.042676,38.251714,35.371184,34.480102,34.624735,33.810720,34.313631,33.561046,33.393259,34.025256,37.091528,33.582955,33.044695,34.513747,34.154284,33.371335,32.699962,33.391159,34.702119,74.820283,36.020604,32.237721,25.969218,24.318199,25.340572,33.193711,32.015135,32.240079,74.900680,41.906680,31.740486,24.376138,23.938106,23.990942,30.475224,30.475437,30.716117,34.267357,34.250027,27.779466,27.159569,33.807272,33.910291,25.190349,27.611886,32.400061,37.843893,30.195763,33.855861,31.916501,36.905972,36.870627,33.090444,29.487535,32.553983,31.943029,36.846808,31.216705,35.941166,29.952852,33.383988,31.438324,36.654790,32.039530,35.762661,30.378858,32.750863,32.039257,36.313282,32.562033,36.786643,31.552207,34.265372,32.381350,35.598826,77.743907,80.953720,132.866997,84.865679,134.009386,50.680758,43.234376,141.485643,122.090000,3.684500,380.960000,121.150000,2.812800,256.880000,639204.891356,10.426926,9.929691,21.810795,85.728888,Inf,Inf,33.497639
06/22/2026 15:58:14,0.000000,0.000000,74.753067,74.092404,63.784502,74.603898,74.874741,76.794792,74.821676,74.659424,35.097736,30.273939,30.236494,29.960528,33.467610,29.597578,29.430370,29.416099,34.016985,38.212908,35.365036,34.491870,34.568626,33.738121,34.274896,33.499174,33.381951,34.072558,36.704704,33.590751,32.913574,34.531512,34.236416,33.249157,32.634844,33.311434,34.703705,78.316634,36.815353,32.172544,25.972016,24.414102,25.374216,33.181813,31.849538,31.984035,79.032248,41.826084,31.703039,24.410576,24.008507,24.050146,30.421837,30.435177,30.690123,34.250792,34.284619,27.767386,27.108170,33.756164,33.892048,25.136188,27.573310,32.376305,37.823391,30.196476,33.844658,31.899471,36.891715,36.856390,33.099252,29.482994,32.533974,31.951498,36.830075,31.251093,35.912012,29.970932,33.371348,31.437679,36.650564,32.061982,35.774699,30.365118,32.741158,32.043954,36.292277,32.582293,36.780648,31.568891,34.256907,32.368416,35.588160,79.686491,84.273154,133.743321,88.190155,134.975960,50.658472,43.664305,139.782402,122.200000,3.763700,388.250000,120.990000,2.843300,260.000000,639264.888422,9.942696,9.473191,22.229848,84.927603,Inf,Inf,33.493478
06/22/2026 15:59:14,0.000000,0.000000,74.745911,74.075094,63.161475,74.598760,74.885236,76.773650,74.806189,74.634637,35.085765,30.205289,30.168288,29.919430,33.402665,29.570296,29.459112,29.460450,33.985907,38.177135,35.382764,34.401715,34.570320,33.705176,34.234707,33.510924,33.318310,33.937490,36.665221,33.370741,32.987431,34.537341,34.185433,33.401183,32.647916,33.190736,34.711863,79.230201,39.232720,32.155794,25.957371,24.375715,25.347042,33.148587,31.916019,32.056706,81.388486,44.093852,31.673435,24.389785,23.944136,24.009957,30.446013,30.396509,30.657254,34.264661,34.264003,27.681915,27.113511,33.758365,33.915562,25.158982,27.523483,32.412518,37.885867,30.212257,33.859494,31.921036,36.904725,36.864812,33.116159,29.463835,32.553042,31.956341,36.831892,31.246239,35.955463,29.968628,33.362831,31.463891,36.664369,32.066967,35.763229,30.397705,32.738538,32.036758,36.313895,32.553309,36.783833,31.586801,34.258327,32.349820,35.615720,85.824098,89.167718,133.612846,90.855184,134.700978,50.612113,43.908744,160.610244,122.000000,3.866400,403.440000,120.900000,2.975700,278.020000,639324.886930,9.688725,9.206366,22.467069,94.313974,Inf,Inf,33.503610
06/22/2026 16:00:14,0.000000,0.000000,74.719855,74.099760,63.168900,74.626262,74.881467,76.797288,74.801096,74.651094,35.055789,30.242909,30.191643,29.936907,33.370319,29.561467,29.404368,29.361554,33.954557,38.114148,35.324876,34.380060,34.529592,33.675508,34.116747,33.445727,33.307194,33.979662,36.925357,33.486249,33.105012,34.250468,34.031630,33.202344,32.602889,33.195516,34.655862,78.041953,38.787962,32.132624,25.905904,24.325523,25.280422,33.172161,31.997111,31.856306,80.256995,43.534231,31.639673,24.324083,23.897587,23.948186,30.341729,30.354615,30.610463,34.275764,34.239688,27.801655,27.112335,33.722111,33.850452,25.083102,27.712315,32.439185,37.837243,30.255029,33.853551,31.944474,36.914287,36.867196,33.101664,29.486752,32.526661,31.963330,36.828568,31.260714,35.959222,30.028879,33.362005,31.466182,36.687519,32.083129,35.783822,30.405054,32.748092,32.014122,36.326352,32.574276,36.779549,31.588279,34.250452,32.400650,35.604313,84.638777,87.931878,133.118768,89.711016,134.356562,50.601518,43.580300,158.556740,121.950000,3.847800,400.530000,120.810000,2.954600,275.400000,639384.884209,9.984473,9.491522,22.148151,93.426082,Inf,Inf,33.511352
06/22/2026 16:01:14,0.000000,0.000000,74.761594,74.081909,63.696395,74.638467,74.878038,76.777427,74.814091,74.659444,35.069712,30.152593,30.165521,29.856154,33.326277,29.474454,29.370366,29.321753,33.970275,38.166885,35.336135,34.390657,34.502030,33.619045,34.095332,33.430070,33.295378,33.902588,36.546357,33.461996,32.923881,34.458828,34.044736,33.422085,32.755267,33.154918,34.683211,76.922076,38.442365,32.142447,25.878093,24.260074,25.263196,33.140821,31.985300,31.954744,79.222778,43.326236,31.620769,24.284499,23.869144,23.920640,30.415938,30.343908,30.592180,34.210955,34.239941,27.545646,27.056739,33.697028,33.861786,25.068127,27.644663,32.401580,37.877655,30.212441,33.862585,31.965564,36.894533,36.881024,33.118224,29.503367,32.544875,32.001169,36.837059,31.280851,35.953550,30.022589,33.386395,31.501776,36.681201,32.078110,35.766188,30.417621,32.779749,32.058135,36.287790,32.592907,36.797565,31.613103,34.286587,32.395942,35.615575,83.323901,86.706064,132.786168,88.667743,134.049315,50.590739,43.562140,156.091304,122.060000,3.824000,397.700000,120.840000,2.935100,272.940000,639444.880540,10.011969,9.490291,22.130478,92.349833,Inf,Inf,33.520524
06/22/2026 16:02:14,0.000000,0.000000,74.751740,74.132514,63.552831,74.623925,74.893917,76.805074,74.844738,74.679955,35.014208,30.151620,30.129330,29.877090,33.309817,29.468637,29.353071,29.385628,33.934231,38.113362,35.296163,34.361350,34.494025,33.615917,34.244128,33.415951,33.284608,33.906478,36.825456,33.385028,33.073964,34.223015,33.933133,33.068186,32.563923,33.249905,34.725233,75.331084,38.522050,32.131096,25.880386,24.271770,25.180286,33.146881,31.951728,31.927157,77.960494,43.241126,31.593515,24.262486,23.809421,23.894505,30.413992,30.399658,30.606473,34.217644,34.222553,27.633077,27.061109,33.702262,33.854141,25.073399,27.300947,32.447053,37.868033,30.247757,33.896792,31.962908,36.941439,36.877973,33.135604,29.509211,32.571805,31.988496,36.848829,31.279338,35.969319,30.042145,33.420546,31.503498,36.710502,32.089334,35.795250,30.438395,32.790689,32.071872,36.341738,32.609748,36.810050,31.596717,34.300065,32.398331,35.673779,81.903513,85.308096,132.559493,87.547723,133.697501,50.622373,43.585156,152.966294,122.050000,3.804600,395.750000,120.970000,2.913900,270.370000,639504.877164,9.978220,9.440639,22.152876,90.969170,Inf,Inf,33.537907
06/22/2026 16:03:14,0.000000,0.000000,74.775389,74.083029,63.504005,74.586174,74.884905,76.786809,74.824919,74.638581,34.993385,30.097696,30.115083,29.827576,33.276467,29.487345,29.385951,29.361868,33.898284,38.036963,35.282440,34.322719,34.521955,33.619004,34.202285,33.367400,33.234725,33.836208,36.667392,33.415573,33.030943,34.558142,33.955871,33.032721,32.563462,33.194339,34.860937,73.142711,38.226596,32.102110,25.800953,24.134926,25.066996,33.096983,31.913300,31.938261,76.234127,44.447144,31.569894,24.175183,23.705849,23.793180,30.359493,30.324293,30.555185,34.159909,34.168837,27.650927,26.962808,33.688457,33.791935,25.032206,27.445236,32.446218,37.873831,30.246920,33.855699,31.963111,36.898290,36.877577,33.108538,29.503905,32.542982,32.001946,36.819820,31.300916,35.964637,30.023384,33.373414,31.500343,36.674914,32.098489,35.767089,30.425659,32.745080,32.052699,36.300976,32.588808,36.768716,31.599200,34.271927,32.412388,35.615561,80.074924,83.297980,132.846460,86.196385,133.863062,50.627811,43.436764,149.242406,122.040000,3.757000,389.490000,120.830000,2.877000,265.280000,639564.875716,10.093757,9.561541,22.008353,89.299063,Inf,Inf,33.520768
06/22/2026 16:04:14,0.000000,0.000000,74.774028,74.107461,63.505623,74.581889,74.882312,76.790122,74.808340,74.635520,34.984211,30.097389,30.047012,29.799229,33.184220,29.438031,29.328371,29.343089,33.925507,38.036659,35.198355,34.267874,34.389472,33.553006,34.102807,33.371795,33.258941,33.861738,36.558307,33.501092,33.050101,34.276414,34.245347,33.402510,32.589989,33.160849,34.550720,75.534196,35.305297,32.067053,25.911466,24.283644,25.280223,33.058181,31.796454,31.983879,75.570562,40.810996,31.558005,24.264857,23.843650,23.876788,30.284917,30.255381,30.509011,34.125023,34.150334,27.611779,26.960957,33.630208,33.802529,25.044220,27.660842,32.421260,37.844182,30.217898,33.873725,31.956249,36.913594,36.878990,33.114402,29.493289,32.547368,31.986294,36.828674,31.292457,35.926997,30.019914,33.397503,31.486628,36.683613,32.088992,35.782599,30.444386,32.752646,32.056801,36.318779,32.574672,36.785820,31.601276,34.288853,32.419122,35.615623,77.534161,80.854019,133.594046,84.895466,134.590480,50.650012,43.286236,139.656152,122.220000,3.674700,378.760000,121.130000,2.802000,254.980000,639624.872769,10.205587,9.696539,21.861466,84.867951,Inf,Inf,33.520420
06/22/2026 16:05:14,0.000000,0.000000,74.725159,74.088578,63.891916,74.566012,74.868975,76.770914,74.809601,74.657066,34.972251,30.114787,30.017153,29.763380,33.184488,29.444097,29.329278,29.273974,33.850034,37.957597,35.131869,34.333380,34.413701,33.539947,34.091724,33.372254,33.191923,33.855164,36.671236,33.371004,32.892105,34.442199,34.107563,33.148145,32.587866,33.211169,34.767742,78.597493,37.202191,32.004145,25.918437,24.287043,25.274339,33.158562,32.045359,32.052737,79.447236,41.832385,31.551244,24.296113,23.867315,23.921498,30.360183,30.290455,30.519567,34.162612,34.172007,27.448730,26.986710,33.655373,33.821916,25.028857,27.285370,32.433760,37.883991,30.235328,33.896376,31.984763,36.921119,36.896420,33.169248,29.528699,32.558916,32.014775,36.854518,31.295762,35.957742,30.047982,33.405037,31.518242,36.706834,32.096326,35.792087,30.463294,32.786626,32.080369,36.302824,32.602673,36.794880,31.620201,34.297382,32.415660,35.648949,80.301373,84.952233,134.089011,88.694082,135.261155,50.683896,43.570492,141.209026,122.170000,3.775100,390.270000,121.130000,2.860000,261.570000,639684.870218,9.865539,9.412638,22.138606,85.599192,Inf,Inf,33.540359
06/22/2026 16:06:14,0.000000,0.000000,74.753883,74.125780,63.261224,74.574233,74.878883,76.773212,74.807282,74.664043,34.868723,30.141778,30.108789,29.825875,33.204558,29.435249,29.322025,29.322471,33.863153,37.958720,35.215010,34.227824,34.412441,33.552456,34.166182,33.396574,33.212790,33.862691,36.480037,33.466061,32.917162,34.684595,34.121928,33.158527,32.669538,33.072343,34.721009,79.063191,39.207444,32.035055,25.818680,24.198789,25.152456,33.006328,31.909758,31.877604,81.273108,44.003893,31.547296,24.170383,23.719755,23.788276,30.328311,30.301485,30.526585,34.187799,34.143216,27.529610,27.040701,33.626004,33.809428,25.010013,27.280966,32.438715,37.865053,30.227365,33.894424,31.960087,36.923156,36.868522,33.146553,29.484967,32.568846,31.999787,36.852921,31.284797,35.953044,30.043483,33.393444,31.489687,36.695609,32.069014,35.790931,30.452324,32.776128,32.051845,36.348379,32.570610,36.782771,31.600879,34.279893,32.411031,35.632818,85.730905,88.980358,133.726878,90.693074,134.935825,50.656185,43.586030,160.858050,122.180000,3.859200,403.110000,121.040000,2.966500,277.680000,639744.867332,9.881329,9.393570,22.153726,94.420603,Inf,Inf,33.528569
06/22/2026 16:07:14,0.000000,0.000000,74.773593,74.110832,63.228948,74.532625,74.905730,76.774287,74.813606,74.658959,34.976316,30.077860,30.073848,29.764078,33.140740,29.391279,29.299575,29.271923,33.834567,37.916585,35.182483,34.320317,34.442794,33.519763,34.115429,33.349328,33.157697,33.785883,36.411005,33.345227,32.834716,33.978340,33.881547,33.107220,32.443660,33.124412,34.751681,77.918862,38.637711,32.024735,25.816448,24.196106,25.145049,33.052309,31.799478,31.902183,80.208289,43.450423,31.492934,24.189178,23.731149,23.812656,30.302654,30.285962,30.481200,34.138607,34.146315,27.597467,26.975381,33.625008,33.742262,24.937431,27.333191,32.489847,37.868565,30.253197,33.881797,31.994638,36.903941,36.895743,33.129012,29.525786,32.550929,32.017020,36.846918,31.315287,35.955005,30.081058,33.404678,31.523228,36.687103,32.093837,35.778718,30.489511,32.761645,32.069774,36.341865,32.607206,36.764091,31.643549,34.268843,32.427091,35.627990,84.554164,87.819512,133.256944,89.657436,134.641637,50.601232,43.386070,158.195309,122.080000,3.842100,400.150000,121.000000,2.946500,274.910000,639804.864852,10.065818,9.534017,21.958917,93.269009,Inf,Inf,33.539929
06/22/2026 16:08:14,0.000000,0.000000,74.796456,74.117222,63.269688,74.513150,74.884996,76.766244,74.825275,74.663446,34.939518,30.060926,30.025706,29.730524,33.152628,29.312672,29.269490,29.229348,33.806597,37.870201,35.186479,34.228779,34.383221,33.473893,34.070836,33.293138,33.166283,33.779364,36.554988,33.386246,33.055806,34.182691,34.211542,33.110477,32.719806,33.092362,34.611015,76.421767,38.620380,31.965395,25.778662,24.126035,25.090722,33.046774,31.867880,31.904058,78.977786,43.010302,31.464866,24.097401,23.678546,23.769014,30.228455,30.196454,30.425577,34.106296,34.082837,27.433603,26.845066,33.590036,33.746377,24.922339,27.479200,32.447137,37.852211,30.244721,33.888492,31.984872,36.921227,36.880725,33.131258,29.533837,32.540152,32.020922,36.830287,31.296754,35.961829,30.059920,33.407603,31.516360,36.672715,32.079811,35.773140,30.489247,32.780501,32.071369,36.335926,32.598126,36.763420,31.620152,34.268311,32.406095,35.626573,83.034716,86.429532,132.852901,88.399320,134.211284,50.630576,43.470560,155.304023,122.300000,3.818200,397.040000,121.230000,2.924700,271.810000,639864.860874,9.924103,9.423574,22.041292,92.003760,Inf,Inf,33.533456
06/22/2026 16:09:14,0.000000,0.000000,74.735300,74.094920,63.771211,74.511021,74.857520,76.756533,74.812764,74.661497,34.915279,30.049486,29.997770,29.728649,33.097869,29.350490,29.266794,29.227991,33.791650,37.948992,35.170671,34.316564,34.369817,33.473358,34.040628,33.284675,33.161903,33.751006,36.543104,33.427631,32.939978,34.718007,34.037282,33.338203,32.621554,33.179058,34.503678,74.893873,38.530793,31.986356,25.757938,24.158558,25.067372,32.967561,31.652622,31.737845,77.659061,43.491709,31.491695,24.134210,23.686967,23.769821,30.260016,30.231620,30.429983,34.110240,34.098027,27.515858,26.869812,33.592876,33.727012,24.918042,27.272733,32.479445,37.877232,30.252135,33.909798,31.962592,36.938029,36.867943,33.171748,29.512478,32.533734,32.024737,36.840350,31.298424,35.957288,30.058420,33.418993,31.519762,36.688202,32.082481,35.789861,30.457933,32.771940,32.046729,36.322042,32.583732,36.779347,31.617034,34.300033,32.412089,35.649823,81.509100,84.961592,132.736956,87.303304,134.028255,50.599458,43.605065,152.273053,122.370000,3.793700,394.140000,121.100000,2.905600,269.440000,639924.859130,9.814112,9.319451,22.172244,90.660336,Inf,Inf,33.537478
06/22/2026 16:10:14,0.000000,0.000000,74.726758,74.079184,63.561342,74.493935,74.878040,76.753402,74.816381,74.647367,34.899826,30.021022,29.992489,29.697470,33.079235,29.303249,29.226486,29.191250,33.773066,37.836398,35.168522,34.196321,34.361420,33.430297,34.082636,33.253403,33.154582,33.752572,36.665916,33.381214,32.915179,34.006301,33.833136,33.198765,32.639252,33.082076,34.627366,73.142772,37.442384,31.994467,25.760148,24.042128,25.005557,33.015489,31.883747,31.887654,75.765976,44.434170,31.473113,24.013010,23.568639,23.663595,30.257260,30.229965,30.447049,34.084177,34.063975,27.499469,26.846258,33.581448,33.720915,24.962455,27.261342,32.471658,37.895564,30.240764,33.894413,31.972103,36.922702,36.881237,33.153105,29.534798,32.545980,32.023194,36.860854,31.316402,35.978258,30.080126,33.413079,31.516059,36.688955,32.076563,35.791344,30.494193,32.775653,32.063502,36.307738,32.593378,36.769040,31.643632,34.282790,32.409041,35.632609,79.699228,82.858929,133.109326,85.933570,134.287811,50.642069,43.355382,148.174138,122.190000,3.743000,388.240000,121.190000,2.868300,263.980000,639984.855526,10.065492,9.544138,21.928975,88.814833,Inf,Inf,33.540958
06/22/2026 16:11:14,0.000000,0.000000,74.736029,74.123558,63.663643,74.535669,74.866526,76.760040,74.810524,74.665596,34.811872,30.028012,29.975403,29.700940,33.071581,29.357563,29.192205,29.242605,33.735618,37.891926,35.206504,34.244160,34.318276,33.438642,34.005452,33.259687,33.133213,33.760087,36.470719,33.404726,32.773433,34.513233,34.015710,33.077961,32.444073,33.128381,34.495237,76.147921,35.027057,31.978187,25.828901,24.146797,25.193102,33.000936,31.803233,31.864252,76.294805,40.119765,31.474171,24.155550,23.728206,23.777021,30.300616,30.197186,30.414273,34.053310,34.095216,27.396936,26.888498,33.569259,33.730934,24.951520,27.539777,32.485245,37.899340,30.241453,33.902348,31.970710,36.937685,36.875331,33.134282,29.501196,32.535670,31.999524,36.857732,31.318158,35.971145,30.052080,33.405566,31.510308,36.682183,32.062185,35.779358,30.471434,32.768957,32.045295,36.321058,32.588971,36.763595,31.611864,34.285457,32.415273,35.639702,77.511144,81.140993,133.957360,85.264165,135.060908,50.669368,43.224762,137.706239,122.460000,3.680200,378.870000,121.290000,2.792600,253.740000,640044.852565,10.176790,9.672774,21.801397,83.942065,Inf,Inf,33.534437
06/22/2026 16:12:14,0.000000,0.000000,74.731481,74.081795,63.831549,74.501876,74.881331,76.766381,74.836653,74.651585,34.864962,30.012723,29.960560,29.682323,33.072581,29.338497,29.235394,29.225581,33.726162,37.863520,35.176673,34.229180,34.308180,33.379217,33.946328,33.261389,33.151116,33.696702,36.618215,33.317764,32.990539,34.646916,34.127726,33.222106,32.348349,33.087411,34.606961,78.852451,37.279229,31.934313,25.824248,24.193621,25.126360,33.055517,31.890006,31.955752,79.833818,42.279469,31.457896,24.142331,23.727216,23.792154,30.270210,30.186667,30.433175,34.119633,34.067902,27.377052,26.818893,33.574670,33.695929,24.924312,27.257567,32.487024,37.874156,30.263297,33.892365,31.997667,36.938356,36.905653,33.176747,29.566993,32.555546,32.047898,36.866060,31.357290,35.960882,30.119508,33.411007,31.556306,36.685653,32.111960,35.793899,30.486957,32.777328,32.074778,36.315413,32.608649,36.786090,31.648772,34.309399,32.452616,35.641894,81.099902,85.840452,134.084804,89.215839,135.424059,50.633450,43.482894,143.290046,122.340000,3.790700,393.160000,121.130000,2.873800,263.200000,640104.850873,9.881003,9.404586,22.053310,86.570804,Inf,Inf,33.555672
06/22/2026 16:13:14,0.000000,0.000000,74.740352,74.105896,63.262070,74.507441,74.884358,76.742002,74.817903,74.650156,34.859393,30.033874,30.012474,29.687183,33.062314,29.313922,29.199298,29.159156,33.712591,37.809369,35.092191,34.156342,34.301922,33.390280,34.014733,33.216982,33.118192,33.677125,36.336248,33.337280,32.841146,34.253321,34.068668,33.050087,32.359803,33.033070,34.518117,78.960022,38.921393,31.931119,25.756814,24.140867,25.081817,33.004142,31.737396,31.833962,81.090278,43.832443,31.438415,24.073507,23.653954,23.723375,30.214231,30.171777,30.411600,34.087050,34.085781,27.383426,26.816216,33.527143,33.667507,24.876891,27.322204,32.470006,37.875809,30.243121,33.923883,31.972269,36.927733,36.875032,33.168204,29.537016,32.556459,32.022553,36.873509,31.309097,35.968782,30.068135,33.410015,31.536599,36.689176,32.065659,35.799143,30.503823,32.781702,32.050642,36.331246,32.597427,36.774127,31.628261,34.295892,32.431071,35.657208,85.600761,88.898205,133.829893,90.584946,135.210992,50.627549,43.543300,160.575444,122.240000,3.853700,402.650000,121.270000,2.966600,277.080000,640164.847878,9.818980,9.326276,22.112139,94.298990,Inf,Inf,33.544787
06/22/2026 16:14:14,0.000000,0.000000,74.774113,74.126151,63.287728,74.534094,74.913534,76.792612,74.837289,74.686449,34.850096,30.046819,30.024082,29.723180,33.036412,29.281689,29.177857,29.153325,33.724598,37.793919,35.163586,34.222801,34.308458,33.407487,33.984067,33.250724,33.136911,33.720259,36.118918,33.340442,32.897393,34.248666,34.033380,32.954297,32.387276,33.030739,34.719857,77.808392,38.445939,31.906530,25.741878,24.090990,25.064359,32.905440,31.792178,31.792100,80.142742,43.542948,31.414146,24.013300,23.634234,23.679471,30.193712,30.094666,30.356340,34.039562,34.071367,27.390361,26.907054,33.508641,33.710301,24.820226,27.413299,32.481126,37.893924,30.234651,33.925568,31.992223,36.948432,36.900448,33.191961,29.506003,32.535676,32.023565,36.871499,31.332024,35.975627,30.080207,33.412715,31.520150,36.697596,32.086144,35.775867,30.516952,32.785462,32.052457,36.341904,32.577003,36.782989,31.650995,34.270598,32.432853,35.649236,84.433830,87.788135,133.473327,89.566319,134.816996,50.583957,43.423362,158.362833,122.450000,3.840300,399.870000,121.270000,2.946600,274.580000,640224.844231,9.911243,9.418859,21.995287,93.341843,Inf,Inf,33.548195
06/22/2026 16:15:14,0.000000,0.000000,74.741993,74.103733,63.741178,74.516047,74.865501,76.772505,74.830480,74.669075,34.779351,30.009589,29.926217,29.665075,32.990045,29.252115,29.163160,29.139074,33.694171,37.803416,35.122573,34.172952,34.272817,33.391355,33.947238,33.234304,33.099124,33.684720,36.410215,33.359541,32.905608,34.185852,34.117050,33.068751,32.491761,33.024019,34.650606,76.647403,38.412065,31.850971,25.723231,24.043662,25.021461,33.002399,31.887111,31.900697,79.044825,43.230857,31.423721,23.985760,23.592178,23.648166,30.218723,30.125329,30.381204,34.043903,34.041841,27.476313,26.804399,33.503841,33.675301,24.803759,27.363615,32.488570,37.888947,30.245677,33.901083,32.012638,36.919173,36.896071,33.193785,29.555103,32.535982,32.034107,36.841391,31.318186,35.938843,30.100713,33.435373,31.541534,36.675541,32.073308,35.781601,30.503109,32.773876,32.059132,36.302948,32.605021,36.750760,31.644382,34.291305,32.431811,35.663705,83.100332,86.501759,133.112411,88.472630,134.609995,50.602311,43.211165,155.316971,122.370000,3.812200,397.470000,121.380000,2.924500,271.970000,640284.842350,10.062867,9.635617,21.788104,92.009461,Inf,Inf,33.546789
06/22/2026 16:16:14,0.000000,0.000000,74.748869,74.114842,63.159333,74.470267,74.875929,76.763942,74.812624,74.642764,34.813242,29.967864,29.917930,29.631554,33.028641,29.233305,29.134268,29.154340,33.634838,37.789458,35.087288,34.206609,34.260313,33.378393,33.833667,33.201963,33.087822,33.736493,36.427730,33.278035,32.961327,34.203312,33.902321,33.043120,32.434535,33.043289,34.572239,75.305724,38.485822,31.899552,25.692976,24.052766,24.963264,32.948570,31.764120,31.629534,77.965928,43.101946,31.383176,23.965162,23.541074,23.612294,30.167863,30.108971,30.317599,33.996537,34.073804,27.351284,26.776275,33.490533,33.661107,24.830176,27.266767,32.500636,37.903140,30.254649,33.908274,31.988236,36.930760,36.909049,33.177936,29.540984,32.525099,32.043245,36.859551,31.307960,35.937979,30.115339,33.425513,31.541448,36.696905,32.067648,35.790482,30.516057,32.768562,32.055040,36.314372,32.577805,36.772122,31.645399,34.295299,32.423804,35.657060,81.917450,85.283533,133.151295,87.535296,134.374811,50.619439,43.226607,152.993972,122.440000,3.798800,394.340000,121.250000,2.908500,269.660000,640344.839973,10.096351,9.579975,21.803201,90.981481,Inf,Inf,33.548345
06/22/2026 16:17:14,0.000000,0.000000,74.668424,74.145971,63.157028,74.512508,74.890268,76.797218,74.817048,74.694938,34.819129,29.946140,29.888179,29.641878,33.021597,29.273514,29.188313,29.227563,33.644287,37.782068,35.088740,34.169392,34.233751,33.388680,33.883030,33.237145,33.071967,33.711324,36.554456,33.208856,32.876586,33.892280,33.771051,32.902816,32.377240,33.014043,34.531514,73.123194,37.733540,31.870519,25.661002,23.917313,24.855508,32.938856,31.796261,31.734861,76.050800,44.444694,31.389920,23.879697,23.447070,23.545620,30.160351,30.112282,30.345426,34.016260,34.001501,27.318300,26.815263,33.505759,33.646128,24.795400,27.231456,32.502384,37.879251,30.243028,33.915783,32.003339,36.922759,36.904441,33.189306,29.537676,32.536692,32.037933,36.859022,31.328368,35.958265,30.088776,33.425698,31.539406,36.688485,32.067634,35.784193,30.507055,32.784038,32.054335,36.321639,32.577101,36.756181,31.640485,34.271386,32.420742,35.642934,79.953051,83.149780,133.248310,86.074952,134.422670,50.622176,43.314885,148.767998,122.490000,3.748000,389.070000,121.220000,2.869900,265.060000,640404.835716,9.981075,9.500476,21.889444,89.084307,Inf,Inf,33.546278
06/22/2026 16:18:14,0.000000,0.000000,74.698691,74.136088,63.313212,74.497515,74.886266,76.784373,74.804894,74.664613,34.733072,29.925620,29.862308,29.635643,32.995822,29.290470,29.137051,29.230717,33.643832,37.759078,35.102472,34.177389,34.231983,33.342922,33.917696,33.222067,33.022762,33.673262,36.528036,33.331638,32.720547,34.309587,33.986438,33.060211,32.439672,32.970632,34.663869,75.091388,35.497334,31.895748,25.704587,23.994993,24.968385,32.964328,31.921126,31.828997,75.174654,41.385848,31.379392,23.959121,23.523357,23.578901,30.156473,30.103059,30.365178,34.001304,33.994119,27.253267,26.742328,33.521635,33.645567,24.801546,27.153835,32.499802,37.894801,30.260054,33.940212,32.010024,36.961252,36.887516,33.191412,29.540236,32.551675,32.044025,36.865690,31.317708,35.959626,30.106423,33.449949,31.540112,36.703602,32.069488,35.813019,30.528037,32.773844,32.051925,36.313044,32.597820,36.755369,31.654815,34.270276,32.440537,35.662206,77.895492,81.045658,133.893540,84.953443,134.883339,50.621108,42.909623,141.250624,122.470000,3.677400,380.220000,121.230000,2.810000,256.220000,640464.833042,10.403044,9.886688,21.492704,85.618707,Inf,Inf,33.555150
06/22/2026 16:19:14,0.000000,0.000000,74.652038,74.095747,63.208528,74.453458,74.868000,76.759403,74.800388,74.652077,34.727921,29.933818,29.821015,29.588508,32.961725,29.205860,29.092958,29.122397,33.606693,37.733178,35.056091,34.055004,34.271172,33.336834,33.915098,33.151025,33.067570,33.664737,36.414202,33.276896,32.631547,34.030775,33.994370,32.732050,32.442539,32.958382,34.624141,78.151175,36.442672,31.859018,25.727145,24.103547,25.028147,32.990373,31.795320,31.807821,78.790234,41.366696,31.365545,24.006996,23.589467,23.654413,30.158518,30.117978,30.327941,34.043242,33.995415,27.355495,26.775215,33.510359,33.643620,24.839406,27.236268,32.490719,37.865455,30.237132,33.925940,31.997050,36.959418,36.890417,33.208548,29.531566,32.542109,32.031782,36.875002,31.315056,35.975149,30.101022,33.450342,31.544515,36.698469,32.046968,35.806839,30.538310,32.803656,32.027395,36.343538,32.592432,36.768819,31.646528,34.282542,32.425252,35.647869,79.653623,84.170881,134.357373,88.013869,135.678477,50.664261,43.257781,139.875957,122.320000,3.748700,387.700000,121.150000,2.843100,259.000000,640524.831012,10.025350,9.531877,21.833668,84.971783,Inf,Inf,33.552328
06/22/2026 16:20:14,0.000000,0.000000,74.699506,74.119990,63.207385,74.446259,74.881083,76.785945,74.812251,74.685492,34.741871,29.914401,29.841280,29.632729,32.981804,29.288001,29.106749,29.141094,33.628658,37.706421,35.054073,34.133651,34.243285,33.337797,33.864886,33.157211,33.044538,33.644387,36.410299,33.187654,32.895131,34.139882,33.942326,32.695043,32.493016,32.976821,34.568455,79.140445,38.724645,31.873283,25.683257,24.054674,24.957812,32.965825,31.938662,31.889794,81.282486,43.764608,31.374928,23.974336,23.549054,23.628335,30.225733,30.127346,30.344887,34.051683,34.025187,27.396603,26.838376,33.489651,33.625136,24.825709,27.523990,32.506437,37.889904,30.231487,33.943419,32.016799,36.948080,36.917384,33.215641,29.549832,32.561962,32.043192,36.872634,31.342525,35.980750,30.107715,33.453458,31.555660,36.697761,32.061388,35.813328,30.535033,32.797720,32.037193,36.350184,32.599554,36.759262,31.657398,34.307946,32.444042,35.636013,85.533652,89.053653,134.071234,90.755442,135.553496,50.651225,43.462500,159.632778,122.320000,3.858500,403.530000,121.160000,2.967000,277.230000,640584.827031,9.839845,9.341490,22.033438,93.892294,Inf,Inf,33.561123
06/22/2026 16:21:14,0.000000,0.000000,74.707368,74.148154,63.196079,74.443941,74.881301,76.765930,74.820711,74.682122,34.755135,29.935759,29.868435,29.600167,32.881768,29.241607,29.113503,29.175503,33.562430,37.699307,35.105905,34.090583,34.189127,33.305795,33.880046,33.147941,32.958288,33.622611,36.523151,33.276077,32.739867,34.108720,33.879187,32.991955,32.225071,32.932239,34.590512,78.030113,38.594141,31.811957,25.656984,23.988067,24.915241,32.950196,31.820989,31.791147,80.346298,43.392390,31.336601,23.878502,23.487615,23.557047,30.165036,30.083905,30.337557,33.971130,34.006088,27.292547,26.772162,33.465118,33.618375,24.705246,27.399984,32.497665,37.905933,30.228045,33.925753,31.995080,36.947731,36.894467,33.200173,29.530298,32.533762,32.014083,36.873253,31.318196,35.955683,30.076126,33.440193,31.524091,36.695725,32.045989,35.780725,30.517382,32.787226,32.029245,36.325900,32.594280,36.739529,31.637974,34.278640,32.440914,35.653277,84.789346,88.029465,133.783979,89.815462,135.134324,50.619474,43.285944,158.740773,122.220000,3.839200,400.340000,121.280000,2.951200,275.490000,640644.825740,9.950776,9.475420,21.861181,93.505967,Inf,Inf,33.546245
06/22/2026 16:22:14,0.000000,0.000000,74.710930,74.109857,63.701573,74.426836,74.884483,76.757724,74.818860,74.674778,34.712084,29.902294,29.887581,29.629107,32.886613,29.154587,29.025608,29.059509,33.579728,37.668788,35.042920,34.146026,34.211719,33.287087,33.873364,33.118586,33.023552,33.603429,36.519971,33.261330,32.799024,34.004857,33.888086,33.058650,32.362451,33.065942,34.543385,76.950610,38.008112,31.820826,25.578779,23.919602,24.867007,32.868034,31.672281,31.640404,79.309519,43.132849,31.284252,23.855893,23.445592,23.506963,30.125445,30.027565,30.265623,33.966524,33.988112,27.327161,26.842126,33.451620,33.600882,24.694335,27.528081,32.496278,37.867000,30.211498,33.930094,32.007448,36.929054,36.884414,33.185184,29.544689,32.494360,32.034741,36.833151,31.325036,35.945651,30.090513,33.438981,31.540251,36.681445,32.055213,35.775564,30.513527,32.791383,32.036487,36.286621,32.600628,36.732771,31.658345,34.273771,32.449824,35.639112,83.496704,86.790234,133.483066,88.737174,134.780078,50.624020,43.296627,156.320497,122.390000,3.821700,397.610000,121.290000,2.931300,272.520000,640704.823640,9.949211,9.412637,21.871615,92.450362,Inf,Inf,33.541768
06/22/2026 16:23:14,0.000000,0.000000,74.668174,74.142338,63.203467,74.444708,74.869394,76.781448,74.813047,74.690514,34.669051,29.904518,29.818912,29.592668,32.872957,29.125720,29.042240,29.107365,33.566397,37.683809,35.041585,34.120406,34.180774,33.296545,33.807327,33.166269,33.037534,33.618289,36.179763,33.374397,32.783098,34.211799,33.909036,32.873801,32.392312,32.985984,34.545214,75.465217,38.139514,31.837969,25.616366,23.933510,24.857621,32.888940,31.902605,31.686002,78.175425,43.092180,31.317259,23.841599,23.420515,23.503389,30.107623,30.002310,30.273803,33.968012,33.963284,27.248153,26.782288,33.399217,33.601793,24.658111,27.524250,32.481786,37.881766,30.217481,33.952612,32.019339,36.927159,36.901850,33.206701,29.552456,32.542547,32.021984,36.841269,31.347470,35.940492,30.107199,33.448945,31.547125,36.693146,32.046065,35.788566,30.538644,32.790205,32.042019,36.312930,32.601263,36.728544,31.661216,34.271975,32.447134,35.651497,82.081034,85.503004,133.121954,87.657220,134.496562,50.630611,43.263511,153.421442,122.380000,3.799500,395.340000,121.250000,2.908100,269.730000,640764.820263,9.998703,9.477993,21.839266,91.171426,Inf,Inf,33.550379
06/22/2026 16:24:14,0.000000,0.000000,74.610932,74.088020,63.569005,74.438258,74.887872,76.785132,74.812107,74.681968,34.750827,29.870347,29.839582,29.570477,32.874397,29.133409,29.051750,29.104831,33.561225,37.706947,35.074553,34.205736,34.209731,33.310870,33.904271,33.151300,33.003332,33.632528,36.500724,33.254448,32.700596,33.897697,33.926558,32.726388,32.544311,32.926285,34.531774,73.011940,37.817149,31.833640,25.548520,23.825263,24.693769,32.888409,31.657058,31.667471,76.489753,44.359991,31.262341,23.774758,23.307081,23.441931,30.085692,30.011406,30.202213,33.965972,33.946743,27.265009,26.718531,33.449992,33.574823,24.668084,27.309128,32.517475,37.857570,30.231851,33.929403,32.001859,36.949598,36.896093,33.208473,29.555126,32.528285,32.046433,36.846642,31.315900,35.960486,30.088933,33.454732,31.554264,36.696285,32.032754,35.785087,30.526674,32.793827,32.007760,36.315154,32.596382,36.731239,31.653239,34.300614,32.435359,35.634895,80.319542,83.612539,133.209625,86.374010,134.433462,50.624104,43.131628,149.662268,122.460000,3.759100,390.050000,121.380000,2.881400,265.750000,640824.815931,10.123340,9.552041,21.710300,89.488747,Inf,Inf,33.548413
06/22/2026 16:25:14,0.000000,0.000000,74.635955,74.105025,63.591361,74.411429,74.890207,76.755426,74.821834,74.686203,34.773879,29.875684,29.821289,29.573023,32.895162,29.134171,29.018213,29.073525,33.541667,37.698980,34.973446,34.150123,34.204275,33.271636,33.833587,33.130329,32.994640,33.581646,36.297309,33.272422,32.591746,34.193026,34.002587,32.868779,32.304752,32.984734,34.689475,75.130391,35.294063,31.866057,25.610689,23.889316,24.887467,32.898592,31.855702,31.720564,75.154634,41.255449,31.307658,23.826126,23.399777,23.458463,30.139145,30.055176,30.239292,33.955395,33.984795,27.288546,26.724770,33.418433,33.582804,24.652853,27.350020,32.509723,37.876379,30.232997,33.940821,32.008409,36.951685,36.892974,33.207561,29.539048,32.528712,32.038850,36.866292,31.325888,35.978829,30.113435,33.466710,31.536872,36.679080,32.032806,35.788815,30.517054,32.814021,32.027326,36.326204,32.578574,36.737043,31.663537,34.262168,32.431522,35.654113,77.775814,81.018931,134.022228,84.900948,135.089743,50.594440,42.798620,140.879805,122.540000,3.678200,379.100000,121.370000,2.803900,255.570000,640884.813842,10.482388,9.923989,21.383669,85.444611,Inf,Inf,33.550915
06/22/2026 16:26:14,0.000000,0.000000,74.661355,74.113527,62.996059,74.385461,74.862987,76.763253,74.815466,74.667158,34.730529,29.877141,29.824083,29.538463,32.829584,29.082653,29.002584,29.093581,33.537343,37.584190,35.003273,34.105956,34.188962,33.263415,33.829130,33.107201,32.988379,33.582052,36.256100,33.269718,32.646753,34.095231,33.943841,32.941105,32.336946,32.939551,34.612004,78.214620,36.359351,31.819265,25.662301,24.056970,24.952073,32.910776,31.770350,31.760749,78.909797,41.275776,31.263624,23.925168,23.505680,23.618558,30.137543,30.003997,30.246069,33.987895,33.957346,27.290410,26.679244,33.417143,33.563301,24.725388,27.593596,32.502388,37.902671,30.221634,33.938584,32.000826,36.952110,36.884735,33.214394,29.539662,32.516281,32.035758,36.850177,31.323470,35.950739,30.087879,33.458570,31.534055,36.685579,32.041569,35.778880,30.536030,32.791155,32.004483,36.317650,32.591773,36.734250,31.666962,34.281139,32.425625,35.646467,79.719089,84.261295,134.467049,88.100556,135.699943,50.573485,43.193005,139.769454,122.490000,3.748600,388.150000,121.430000,2.843600,259.360000,640944.810855,10.048918,9.493277,21.770347,84.921487,Inf,Inf,33.547183
06/22/2026 16:27:14,0.000000,0.000000,74.609426,74.093279,63.176470,74.395614,74.846518,76.753987,74.788688,74.657701,34.670305,29.882149,29.789408,29.586476,32.890792,29.123987,28.965498,29.002969,33.492579,37.636887,34.995838,34.120901,34.140432,33.248159,33.841503,33.068915,32.874020,33.530861,36.366223,33.230061,32.876197,34.101890,33.883455,32.842407,32.169789,32.947250,34.483927,78.962318,38.504951,31.822186,25.580262,23.941237,24.818907,32.829129,31.671166,31.512773,81.347354,43.750005,31.266882,23.842914,23.418039,23.473140,30.140824,30.074163,30.349659,33.985403,33.985899,27.230708,26.695794,33.421161,33.593527,24.640834,27.459304,32.511386,37.889077,30.226194,33.975282,31.980628,36.975843,36.885878,33.252872,29.553301,32.557692,32.025122,36.869413,31.318339,35.982397,30.097705,33.483022,31.529172,36.715416,32.018618,35.790169,30.524210,32.790925,31.990696,36.361935,32.580227,36.731345,31.647999,34.276919,32.421395,35.674598,85.738539,89.116322,134.292654,90.776099,135.674271,50.596749,43.171542,160.789745,122.520000,3.855700,402.720000,121.240000,2.965100,277.530000,641004.808962,10.072832,9.517528,21.749354,94.391223,Inf,Inf,33.554593
06/22/2026 16:28:14,0.000000,0.000000,74.640458,74.116296,63.075555,74.415738,74.883953,76.776163,74.808516,74.677532,34.763306,29.865056,29.822698,29.575520,32.809176,29.088942,28.982487,29.060104,33.515974,37.625689,35.008104,34.088243,34.189450,33.251461,33.728743,33.092066,32.957111,33.531705,36.573757,33.291786,32.856926,34.504262,33.951680,32.709303,32.098373,33.040387,34.376331,77.939740,37.999892,31.799172,25.591693,23.898503,24.847057,32.963356,31.882287,31.838288,80.304244,43.703805,31.263937,23.837267,23.417553,23.467279,30.042707,30.004468,30.234058,34.009231,33.993176,27.192923,26.733728,33.442446,33.549954,24.635871,27.401719,32.530530,37.909417,30.236465,33.940769,31.958474,36.955614,36.878433,33.205841,29.498971,32.547877,31.996604,36.885819,31.303228,35.968706,30.081170,33.463879,31.504182,36.690078,31.994907,35.785777,30.527369,32.793631,31.978183,36.347288,32.558394,36.728573,31.638525,34.292988,32.429940,35.655639,84.743962,88.018518,133.838460,89.789589,135.288292,50.625598,43.134639,158.518703,122.420000,3.836000,400.310000,121.310000,2.949700,274.850000,641064.806841,10.085925,9.550690,21.713247,93.409563,Inf,Inf,33.542909
06/22/2026 16:29:14,0.000000,0.000000,74.592550,74.087388,63.146942,74.395896,74.869191,76.739936,74.805112,74.656802,34.672132,29.832264,29.798824,29.557097,32.740560,29.002712,28.939552,28.994421,33.488188,37.605118,34.968398,34.007751,34.135602,33.247323,33.765493,33.081733,32.890763,33.548479,36.691358,33.097024,32.821921,34.334431,33.921163,33.050870,32.212545,32.900164,34.332205,77.118783,37.994897,31.803044,25.562714,23.898140,24.808141,32.845553,31.754891,31.603443,79.259099,43.261467,31.247329,23.794153,23.399196,23.447130,30.061442,29.974528,30.257615,33.982080,33.984619,27.194586,26.827029,33.362852,33.545447,24.555701,27.373406,32.503662,37.883613,30.217115,33.950717,32.022335,36.938100,36.926345,33.209534,29.551286,32.530293,32.039097,36.849994,31.342446,35.927083,30.107618,33.459137,31.550662,36.686225,32.010619,35.759207,30.553674,32.781634,32.001045,36.298294,32.608352,36.707021,31.676078,34.239630,32.448522,35.637373,83.554450,86.860553,133.535620,88.758282,134.912005,50.603188,43.159015,156.130474,122.410000,3.820700,398.130000,121.380000,2.933100,272.710000,641124.803316,10.065945,9.510230,21.737099,92.367021,Inf,Inf,33.547224
06/22/2026 16:30:14,0.000000,0.000000,74.603696,74.090506,63.547972,74.396253,74.856451,76.776122,74.808972,74.693200,34.691967,29.841501,29.771498,29.550538,32.774484,29.053247,28.935695,28.992348,33.439193,37.577589,34.953195,34.102882,34.164140,33.232343,33.778529,33.055221,32.887499,33.550104,36.494281,33.118207,32.672988,33.921194,34.094784,32.757478,32.322546,32.905601,34.656204,75.630936,37.961311,31.821298,25.530832,23.923978,24.776556,32.886638,31.634789,31.746691,78.128386,43.264339,31.191133,23.820074,23.357715,23.453137,30.041563,29.939548,30.174495,33.918386,33.940611,27.215523,26.629775,33.379499,33.519001,24.619905,27.129043,32.504913,37.866299,30.237092,33.943478,32.007956,36.967601,36.913310,33.226214,29.562225,32.522454,32.040599,36.891427,31.335165,35.956163,30.102071,33.494037,31.539772,36.699957,32.013304,35.794051,30.522768,32.801047,31.995504,36.306510,32.596592,36.703939,31.671637,34.256183,32.445985,35.658771,82.205620,85.579366,133.343674,87.718826,134.605689,50.583207,43.318381,153.632667,122.380000,3.795100,395.300000,121.400000,2.912200,270.050000,641184.799870,9.928440,9.298275,21.892858,91.265153,Inf,Inf,33.552567
06/22/2026 16:31:14,0.000000,0.000000,74.612198,74.085482,63.451249,74.368817,74.864519,76.734009,74.811734,74.687511,34.649802,29.789310,29.721980,29.514689,32.771198,28.991070,28.982028,29.019052,33.472934,37.532482,34.966918,34.033013,34.189268,33.197062,33.722956,33.036492,32.966001,33.478396,36.419295,33.292674,32.788695,33.922617,33.979449,33.044324,32.374545,32.948670,34.469371,73.270521,38.061383,31.765852,25.533582,23.798212,24.683566,32.763114,31.436613,31.661595,76.536055,44.355525,31.213953,23.711792,23.307618,23.389605,30.019353,29.939988,30.182513,33.890850,33.935823,27.200435,26.643429,33.369974,33.525026,24.603151,27.181883,32.512169,37.878808,30.191316,33.971555,31.983124,36.992476,36.898879,33.219715,29.541434,32.533157,32.025050,36.868617,31.303279,35.955470,30.084072,33.497425,31.524903,36.709512,31.978835,35.810191,30.536780,32.794126,31.967719,36.336004,32.591533,36.719688,31.652746,34.276276,32.427868,35.681487,80.392649,83.685520,133.238340,86.428836,134.546755,50.601648,43.086761,149.810855,122.450000,3.759300,390.470000,121.540000,2.881400,266.000000,641244.796947,10.099477,9.547578,21.666375,89.555790,Inf,Inf,33.548807
06/22/2026 16:32:13,0.000000,0.000000,74.639930,74.065026,63.373576,74.350417,74.866831,76.721140,74.814528,74.655233,34.618254,29.809768,29.775881,29.526552,32.723887,29.033270,28.932219,28.963446,33.469772,37.508561,34.896801,34.014634,34.115851,33.194663,33.841236,33.007751,32.882946,33.530452,36.370241,33.269646,32.513110,34.000012,33.829954,32.772829,32.152156,32.885620,34.473000,74.751606,35.619485,31.766414,25.552160,23.828909,24.771104,32.786073,31.543376,31.521348,75.019832,41.957265,31.209305,23.750114,23.341951,23.406016,30.052626,29.970395,30.175471,33.918469,33.929415,27.243561,26.668290,33.394253,33.516428,24.664300,27.321602,32.528566,37.873005,30.201508,33.952007,31.991575,36.965925,36.894059,33.238871,29.533008,32.520234,32.025471,36.878842,31.326944,35.953306,30.071926,33.469772,31.532814,36.703893,31.990997,35.789422,30.523905,32.808850,31.997455,36.337223,32.581195,36.695929,31.668473,34.270611,32.414628,35.641718,78.131943,81.228748,133.976056,85.028416,135.056662,50.619935,42.760357,142.376029,122.510000,3.687200,381.180000,121.370000,2.814900,257.420000,641304.794023,10.420366,9.863257,21.346048,86.145220,Inf,Inf,33.546071
06/22/2026 16:33:13,0.000000,0.000000,74.592039,74.065733,63.579834,74.343463,74.851431,76.761418,74.775555,74.691471,34.595191,29.799519,29.768308,29.536301,32.687361,29.046590,28.922756,29.028032,33.420464,37.531553,34.933171,34.053640,34.119784,33.200824,33.735449,33.037439,32.887589,33.486669,36.396554,33.211628,32.611141,34.011737,33.946916,32.752112,32.095353,32.887113,34.642636,77.797895,35.916110,31.760445,25.580276,23.951997,24.840642,32.780477,31.453119,31.688783,78.273155,40.761501,31.190284,23.824595,23.405306,23.515059,30.041220,29.990826,30.188766,33.918391,33.942874,27.210653,26.705872,33.405858,33.492047,24.657193,27.156050,32.503788,37.871367,30.195844,33.921445,32.001894,36.940343,36.899960,33.202580,29.539848,32.493956,32.014309,36.862658,31.332476,35.922931,30.085227,33.451928,31.531849,36.678281,32.007079,35.750624,30.527656,32.765905,31.990700,36.285356,32.600691,36.691998,31.661396,34.230738,32.460518,35.630712,79.000219,83.395893,134.636691,87.433014,135.827513,50.570469,43.125218,137.991434,122.550000,3.730900,384.510000,121.430000,2.823100,256.690000,641364.791903,10.056419,9.486258,21.704026,84.078026,Inf,Inf,33.535135
06/22/2026 16:34:13,0.000000,0.000000,74.578305,74.070597,63.689652,74.340255,74.881600,76.725339,74.829075,74.674853,34.671937,29.827164,29.824488,29.557331,32.735457,29.032833,28.931705,28.978545,33.423574,37.518734,34.875077,34.074575,34.124738,33.184895,33.733256,33.023686,32.917977,33.445063,36.587906,33.057115,32.630862,34.023431,34.024319,32.961228,32.250409,32.883757,34.406800,79.235246,38.919054,31.755915,25.534154,23.915215,24.784542,32.780751,31.688181,31.630658,81.295194,43.825268,31.198086,23.798849,23.375566,23.460684,30.024553,29.968324,30.197472,33.941715,33.953756,27.209094,26.650878,33.357387,33.504001,24.635224,27.301217,32.516712,37.857696,30.202110,33.972554,31.994818,36.969144,36.896208,33.240585,29.526255,32.531318,32.023654,36.888659,31.332377,35.948519,30.074836,33.489109,31.525475,36.687707,32.006323,35.779319,30.523990,32.796041,31.991008,36.307797,32.582763,36.681954,31.668214,34.279390,32.445224,35.654469,85.291047,88.971250,134.487179,90.742468,135.796654,50.562009,43.240009,157.812674,122.620000,3.861700,402.790000,121.320000,2.962700,276.630000,641424.790150,9.939615,9.381786,21.816300,93.102460,Inf,Inf,33.546474
06/22/2026 16:35:13,0.000000,0.000000,74.571209,74.052502,63.793764,74.345601,74.861172,76.737836,74.795853,74.688952,34.648293,29.796265,29.743204,29.490142,32.762730,29.029859,28.918152,28.980605,33.399893,37.501805,34.847005,34.028554,34.104466,33.163710,33.652697,32.991511,32.868361,33.458569,36.519487,33.255067,32.602144,34.182541,33.818044,32.601699,32.284149,32.865453,34.415600,78.246931,38.589368,31.750118,25.538335,23.845067,24.729808,32.802840,31.729023,31.709990,80.407089,43.594578,31.160639,23.741507,23.308667,23.412606,30.023072,29.936702,30.138661,33.921324,33.939086,27.183174,26.709213,33.372304,33.494481,24.630558,27.121128,32.522384,37.866422,30.211807,33.941108,31.999349,36.947104,36.895565,33.219052,29.529621,32.509690,32.016255,36.886889,31.312772,35.953834,30.050085,33.464445,31.518115,36.676580,31.987999,35.770016,30.516413,32.796041,31.972068,36.303141,32.586091,36.681447,31.666366,34.277200,32.421677,35.648295,84.899905,88.125487,134.092492,89.878490,135.335349,50.569432,43.161540,159.207736,122.570000,3.837800,400.280000,121.390000,2.951200,275.210000,641484.787325,10.010548,9.421069,21.739570,93.708390,Inf,Inf,33.538261
06/22/2026 16:36:13,0.000000,0.000000,74.556730,74.058312,63.198020,74.362501,74.878485,76.715486,74.794309,74.647687,34.620828,29.754837,29.734772,29.493084,32.649156,28.979719,28.909861,28.944211,33.400821,37.549140,34.948155,34.056788,34.081204,33.139976,33.699073,32.998808,32.910942,33.473575,36.564972,33.116753,32.604715,33.911195,33.445285,32.543782,32.112330,32.938749,34.521586,77.164725,37.904348,31.713073,25.520763,23.840008,24.738141,32.809341,31.644210,31.590165,79.371815,43.055253,31.175535,23.739013,23.340756,23.412436,29.987682,29.923342,30.176123,33.927555,33.909529,27.199444,26.646126,33.337553,33.491279,24.546779,27.526045,32.501367,37.897680,30.193863,33.962020,31.967321,36.971034,36.882852,33.225390,29.496291,32.524114,31.978151,36.873631,31.287387,35.959604,30.053080,33.458544,31.479674,36.675365,31.933767,35.767371,30.496814,32.768930,31.926061,36.304787,32.521029,36.658550,31.626384,34.231357,32.390407,35.624684,83.620258,86.952617,133.591422,88.823543,134.910816,50.592674,42.977798,156.395114,122.580000,3.820400,398.290000,121.400000,2.932400,272.880000,641544.783864,10.153481,9.615943,21.559592,92.483069,Inf,Inf,33.521250
06/22/2026 16:37:13,0.000000,0.000000,74.527559,74.060417,63.228853,74.383671,74.842609,76.746714,74.800416,74.685065,34.573555,29.775099,29.715349,29.490864,32.654057,29.028796,28.880588,28.963562,33.390354,37.479496,34.923518,34.060792,34.073666,33.155541,33.700574,33.021203,32.865035,33.421036,36.265198,33.022852,32.783210,34.148438,33.514318,32.921039,32.105934,32.867452,34.374107,75.467192,37.999347,31.725564,25.497391,23.825559,24.722875,32.831076,31.542135,31.671551,78.036775,43.206113,31.137039,23.754512,23.325470,23.412384,30.035780,29.939697,30.144330,33.885233,33.866284,27.144783,26.602321,33.332202,33.454386,24.604489,27.138172,32.497102,37.869145,30.189589,33.964211,31.996247,36.963486,36.889034,33.236933,29.529280,32.519636,32.012856,36.874172,31.310656,35.960146,30.065588,33.467454,31.523807,36.714287,31.975179,35.766584,30.529897,32.797931,31.959941,36.322519,32.580209,36.693049,31.662009,34.244181,32.441073,35.652993,82.035526,85.443980,133.261543,87.609581,134.620137,50.619597,43.156781,152.842796,122.420000,3.795500,395.030000,121.480000,2.911200,269.460000,641604.780463,9.990650,9.402125,21.734914,90.914221,Inf,Inf,33.540306
06/22/2026 16:38:13,0.000000,0.000000,74.509193,74.009901,63.566978,74.359562,74.860761,76.745014,74.791985,74.665224,34.578373,29.775928,29.709936,29.468978,32.766973,28.979694,28.871869,28.966442,33.388515,37.454237,34.859152,33.981734,34.052323,33.128840,33.639039,33.024072,32.889194,33.460727,36.499951,33.184345,32.595192,33.953637,33.829309,32.856218,32.202514,32.929708,34.266725,73.340155,37.965756,31.740692,25.456843,23.754947,24.616773,32.781230,31.622727,31.635261,76.555404,44.215213,31.160149,23.677418,23.221924,23.359473,30.020129,29.963568,30.163295,33.873484,33.869331,27.171072,26.609093,33.354932,33.466450,24.516843,27.517360,32.517623,37.872297,30.204807,33.998413,31.967308,36.973674,36.906338,33.247207,29.550292,32.528035,32.005682,36.870912,31.330542,35.955111,30.077914,33.482848,31.516077,36.679282,31.958648,35.789455,30.509675,32.789764,31.961566,36.293146,32.586724,36.679282,31.675324,34.268645,32.415326,35.645515,80.419851,83.672366,133.341885,86.374039,134.710247,50.610011,43.147555,150.046360,122.530000,3.759400,390.180000,121.440000,2.880800,266.070000,641664.778626,10.014806,9.434263,21.725886,89.661960,Inf,Inf,33.541914
06/22/2026 16:39:13,0.000000,0.000000,74.542711,73.998190,63.597937,74.344898,74.862160,76.734606,74.815203,74.656753,34.669370,29.776429,29.709545,29.432517,32.677701,28.986940,28.922508,28.961764,33.394345,37.487445,34.874729,34.004485,34.062198,33.123615,33.745860,32.989183,32.862349,33.459670,36.432507,33.133954,32.748393,34.151855,33.917450,32.932019,32.289466,32.864986,34.349902,75.391357,35.255944,31.755580,25.522609,23.794388,24.718252,32.922514,31.781222,31.741067,75.433756,40.795118,31.137922,23.713748,23.281414,23.365195,29.972770,29.945958,30.210772,33.904788,33.875600,27.169338,26.568788,33.354396,33.485017,24.619682,26.922583,32.501693,37.867519,30.180371,33.956139,31.990376,36.946598,36.892787,33.224705,29.520577,32.517828,31.992792,36.852710,31.326467,35.923601,30.057647,33.451100,31.500278,36.656964,31.949989,35.761483,30.529667,32.780362,31.953789,36.289401,32.590522,36.651654,31.661319,34.251889,32.435009,35.627458,77.638901,80.914075,134.081577,84.890938,135.407406,50.602786,42.646343,139.618116,122.640000,3.674100,378.710000,121.570000,2.799600,254.330000,641724.774727,10.521746,9.904088,21.233834,84.849973,Inf,Inf,33.528090
06/22/2026 16:40:13,0.000000,0.000000,74.522825,74.053143,63.144807,74.366796,74.854472,76.735787,74.780156,74.673676,34.642032,29.783284,29.657986,29.423538,32.658963,28.979296,28.860390,29.019199,33.366963,37.520762,34.887755,33.959139,34.090993,33.121777,33.618282,32.998409,32.882662,33.433764,36.326577,33.162705,32.685031,33.871943,33.907909,32.777524,32.272302,32.921193,34.555974,78.162340,36.199875,31.712245,25.576756,23.935039,24.793245,32.857872,31.785945,31.865967,78.760176,41.364288,31.148285,23.809702,23.380249,23.479253,30.016284,29.912238,30.136044,33.914277,33.892587,27.200268,26.592556,33.340263,33.492656,24.621559,27.289176,32.478476,37.854619,30.170476,33.948583,31.952504,36.932435,36.892789,33.223818,29.511213,32.500036,31.998582,36.851821,31.282798,35.919168,30.077395,33.454786,31.503083,36.675733,31.950174,35.756163,30.540361,32.771909,31.934765,36.311666,32.575087,36.644316,31.663286,34.231980,32.423062,35.629737,79.627187,84.158795,134.546811,87.993515,136.006626,50.549387,43.273513,139.624428,122.720000,3.746500,386.730000,121.650000,2.836200,258.690000,641784.773402,9.863207,9.299247,21.849038,84.852957,Inf,Inf,33.522027
06/22/2026 16:41:13,0.000000,0.000000,74.530767,74.036985,63.055180,74.349081,74.894646,76.747630,74.793950,74.654935,34.683853,29.784744,29.750857,29.468451,32.627703,28.939911,28.875764,28.959630,33.383970,37.413024,34.915373,33.973218,34.085094,33.124760,33.684223,32.972388,32.881771,33.418656,36.205272,33.165814,32.787702,34.155585,33.625859,32.772139,31.986893,32.867251,34.458217,79.087988,38.662505,31.701867,25.490389,23.848550,24.718057,32.809837,31.661636,31.670785,81.175712,43.802493,31.124311,23.707681,23.297348,23.418312,29.991300,29.941159,30.078029,33.904893,33.898891,27.077536,26.657254,33.316184,33.450811,24.589253,27.275025,32.511530,37.861827,30.175519,33.960448,31.941245,36.953545,36.877020,33.229308,29.515830,32.517718,31.982436,36.881083,31.270832,35.925433,30.050735,33.453986,31.486242,36.678637,31.915234,35.767745,30.521260,32.775531,31.912582,36.318838,32.554717,36.657840,31.645717,34.229876,32.398266,35.638713,85.739376,89.077270,134.367803,90.709745,135.766291,50.541114,43.211068,160.227771,122.810000,3.856500,403.320000,121.520000,2.961300,277.450000,641844.769032,9.913858,9.336302,21.788009,94.149180,Inf,Inf,33.520323
06/22/2026 16:42:13,0.000000,0.000000,74.525315,74.015884,63.544348,74.357234,74.869841,76.718664,74.798624,74.657074,34.637164,29.755204,29.698129,29.417639,32.603716,28.954215,28.869230,28.965141,33.324763,37.466845,34.836321,33.956819,34.028298,33.101676,33.779865,32.944538,32.866551,33.438545,36.291942,33.323024,32.551405,34.078634,33.678558,32.574088,32.234963,32.822973,34.477923,78.107606,38.341215,31.675245,25.444711,23.761607,24.660094,32.820716,31.649816,31.636554,80.383651,43.495058,31.135941,23.666073,23.242896,23.334745,30.010234,29.849832,30.095044,33.877881,33.867409,27.084727,26.605621,33.310156,33.464776,24.486961,27.234387,32.464381,37.864920,30.164820,33.968374,31.965678,36.953921,36.886535,33.229978,29.524085,32.501717,31.980221,36.841200,31.293042,35.890818,30.067284,33.453151,31.490305,36.662054,31.908785,35.749071,30.512722,32.767459,31.906844,36.284803,32.584569,36.625326,31.656642,34.202789,32.405371,35.622751,84.763495,88.024657,134.076133,89.745057,135.361676,50.537041,43.029560,158.817009,122.720000,3.831300,400.620000,121.640000,2.943100,274.930000,641904.766319,10.064908,9.525604,21.610337,93.539042,Inf,Inf,33.514321
06/22/2026 16:43:13,0.000000,0.000000,74.567107,74.012452,63.502336,74.351299,74.876584,76.757851,74.820284,74.648312,34.614183,29.702231,29.683948,29.404588,32.661413,28.940714,28.885194,28.926236,33.385724,37.443061,34.794719,33.975349,34.049934,33.090891,33.734028,32.959113,32.918321,33.379652,36.435560,33.315223,32.576708,33.679842,33.951613,32.803504,32.323998,32.856813,34.367483,77.097660,37.827396,31.671121,25.454300,23.766731,24.677300,32.785791,31.494977,31.511288,79.319264,43.026260,31.120782,23.673232,23.263709,23.352868,29.988144,29.872495,30.113691,33.856935,33.888271,27.118216,26.581519,33.313735,33.459913,24.509810,27.203631,32.502249,37.870722,30.179145,33.984899,31.971121,36.968173,36.917587,33.246064,29.532645,32.511312,32.000965,36.869200,31.322134,35.942767,30.081442,33.492582,31.520938,36.681360,31.927775,35.785526,30.530681,32.804939,31.928563,36.304175,32.585351,36.646846,31.648013,34.268310,32.437678,35.653598,83.543000,86.893018,133.494031,88.788598,135.033303,50.534488,42.959151,156.163332,122.700000,3.816400,397.230000,121.370000,2.929500,272.290000,641964.765027,10.129818,9.579479,21.541303,92.381436,Inf,Inf,33.537225
06/22/2026 16:44:13,0.000000,0.000000,74.541811,74.024355,63.337953,74.331324,74.867605,76.700414,74.790709,74.650847,34.617999,29.725686,29.669056,29.392775,32.612276,28.911946,28.875251,28.889527,33.348668,37.436255,34.818493,33.914748,34.023080,33.061782,33.626416,32.936313,32.852013,33.416910,36.620490,33.048061,32.579856,34.128782,33.831760,32.687481,31.984886,32.805670,34.441576,75.682904,37.891121,31.680134,25.420584,23.715947,24.614490,32.750503,31.711336,31.507711,78.071812,42.774657,31.115707,23.630059,23.214260,23.300735,29.967029,29.908597,30.105654,33.869356,33.856127,27.176548,26.524630,33.291818,33.435779,24.450140,27.062847,32.498146,37.856484,30.183057,33.977677,31.960758,36.971594,36.905851,33.252939,29.524828,32.520942,31.983438,36.865446,31.284044,35.919078,30.031575,33.489982,31.488480,36.677773,31.915701,35.780438,30.513973,32.770485,31.913483,36.310880,32.576966,36.645471,31.670241,34.223123,32.411960,35.636402,82.185729,85.574892,133.361994,87.724768,134.693564,50.577442,43.057335,153.204065,122.580000,3.793700,394.960000,121.470000,2.911500,269.650000,642024.761477,10.042582,9.478155,21.637552,91.074879,Inf,Inf,33.525374
06/22/2026 16:45:13,0.000000,0.000000,74.581464,74.023436,63.331883,74.341650,74.847507,76.722093,74.786305,74.665881,34.609381,29.681351,29.627842,29.392263,32.611765,28.943553,28.875078,28.901398,33.311154,37.433414,34.823626,33.924007,33.995933,33.078607,33.698641,32.941475,32.812518,33.394326,36.425834,33.158809,32.772702,34.197427,34.021196,32.707336,32.146085,32.870218,34.485138,73.252939,38.005487,31.690324,25.428737,23.693657,24.558230,32.775975,31.612116,31.687079,76.565655,44.168882,31.132466,23.585989,23.175405,23.273981,29.954227,29.852690,30.041728,33.826553,33.853733,27.112061,26.566577,33.306429,33.452608,24.485445,27.193151,32.472239,37.870958,30.133465,33.975012,31.955411,36.961419,36.861965,33.231516,29.500654,32.511653,31.970572,36.869634,31.292719,35.924158,30.016778,33.468128,31.471910,36.663100,31.915184,35.773114,30.507496,32.776029,31.901816,36.299285,32.556421,36.629913,31.640766,34.232961,32.414258,35.628944,80.461655,83.699199,133.486041,86.438304,134.798465,50.564544,43.029851,150.088119,122.530000,3.763500,390.800000,121.470000,2.884000,266.240000,642084.758007,10.079702,9.521844,21.610622,89.680774,Inf,Inf,33.514249
06/22/2026 16:46:13,0.000000,0.000000,74.583030,74.046570,63.418267,74.360733,74.868691,76.726790,74.804057,74.676453,34.635761,29.733283,29.639197,29.404224,32.630364,28.955963,28.873482,28.980099,33.318915,37.457933,34.862860,33.962111,34.058894,33.079416,33.633539,32.944330,32.816275,33.410965,36.295449,33.235004,32.679764,34.052272,33.970583,32.812275,32.048582,32.876402,34.294285,74.726429,35.550990,31.693092,25.438293,23.677251,24.601043,32.809175,31.818677,31.598787,75.057769,41.954986,31.122532,23.616764,23.179737,23.240227,29.992866,29.918595,30.145521,33.841570,33.867368,27.129796,26.505947,33.306565,33.429641,24.499455,27.094297,32.469418,37.887154,30.159615,33.962278,31.923480,36.973945,36.891508,33.235863,29.519733,32.498390,31.968871,36.864008,31.272348,35.915867,30.006131,33.492616,31.475082,36.663379,31.896310,35.760835,30.484890,32.778822,31.906769,36.304208,32.556030,36.618687,31.646393,34.211026,32.389604,35.617681,78.256402,81.355637,134.156287,85.079188,135.258025,50.594850,42.762785,142.607001,122.520000,3.685600,381.390000,121.530000,2.818900,257.470000,642144.754973,10.344656,9.774096,21.348436,86.252936,Inf,Inf,33.511698
06/22/2026 16:47:13,0.000000,0.000000,74.563719,74.029360,63.599953,74.338154,74.876543,76.731253,74.805640,74.670852,34.589018,29.733120,29.663113,29.399947,32.569171,28.930272,28.856370,28.958974,33.310309,37.399418,34.861810,33.992483,34.018677,33.058263,33.608506,32.973956,32.781987,33.466448,36.248914,33.165180,32.749934,34.255480,33.912329,32.781505,32.210976,32.817677,34.493492,77.404126,35.512053,31.672211,25.452882,23.789495,24.661007,32.826070,31.726460,31.595813,77.751774,40.186481,31.131069,23.662073,23.265765,23.361196,29.955414,29.920969,30.122038,33.878126,33.862554,27.135226,26.592635,33.294574,33.467412,24.513784,26.926357,32.484545,37.853578,30.144461,33.967949,31.955007,36.960575,36.915499,33.229746,29.521622,32.498674,31.961583,36.845304,31.310096,35.905113,30.032853,33.461934,31.475500,36.646408,31.883679,35.752294,30.523988,32.763135,31.910751,36.283816,32.590693,36.609237,31.644008,34.218925,32.401080,35.612717,78.702664,82.917238,134.625622,86.841182,135.907270,50.543807,42.932736,137.794290,122.510000,3.714400,383.240000,121.530000,2.812800,255.690000,642204.751887,10.156824,9.615682,21.515387,83.984061,Inf,Inf,33.512159
06/22/2026 16:48:13,0.000000,0.000000,74.608089,74.048387,63.081298,74.371167,74.858418,76.724549,74.809633,74.669775,34.618202,29.710283,29.682191,29.391523,32.614140,28.896864,28.842430,28.897747,33.315990,37.436015,34.798293,33.895741,33.950354,33.060979,33.655477,32.918276,32.826398,33.383315,36.258159,33.180239,32.766755,34.282921,33.850976,32.711171,32.105725,32.763200,34.581995,79.359427,38.618272,31.659897,25.404137,23.786359,24.622083,32.722918,31.536681,31.603189,81.193859,43.706118,31.083854,23.633874,23.212453,23.320882,30.013827,29.900708,30.069680,33.873045,33.879890,27.118273,26.561756,33.310966,33.426933,24.492699,27.186181,32.459958,37.848156,30.139435,33.975552,31.917643,36.965053,36.866151,33.232166,29.519591,32.504283,31.947155,36.865640,31.257952,35.921931,30.033637,33.460938,31.460689,36.664870,31.884447,35.775760,30.485197,32.784910,31.872333,36.316468,32.539882,36.609114,31.636311,34.225244,32.384726,35.628773,84.764995,88.778026,134.415269,90.636338,135.987410,50.588111,43.073845,155.270032,122.650000,3.858800,402.520000,121.550000,2.949900,275.220000,642264.751008,10.006172,9.430129,21.653725,91.988791,Inf,Inf,33.506132
06/22/2026 16:49:13,0.000000,0.000000,74.579109,74.023193,63.660070,74.391743,74.853634,76.722726,74.806885,74.668717,34.683483,29.728190,29.660412,29.401363,32.562132,28.924105,28.821125,28.873321,33.283178,37.401161,34.879525,33.946386,34.008099,33.051673,33.695115,32.915717,32.839235,33.409027,36.237294,33.068178,32.583443,33.848218,34.226461,32.662161,32.052262,32.740019,34.326800,78.474688,38.168274,31.658935,25.376592,23.734144,24.559933,32.820352,31.708703,31.556236,80.637446,43.485282,31.102080,23.634726,23.195930,23.299432,29.954140,29.851490,30.054795,33.860882,33.868746,27.174056,26.515662,33.277122,33.414421,24.535144,27.225601,32.469419,37.848275,30.147134,33.958184,31.924718,36.969866,36.879136,33.230101,29.505031,32.491772,31.946207,36.866492,31.281534,35.897538,30.017786,33.459803,31.447076,36.644335,31.871347,35.746932,30.484273,32.763978,31.870750,36.280365,32.541415,36.590791,31.624101,34.198974,32.391760,35.613626,85.188707,88.420755,134.232065,90.129169,135.669849,50.572875,43.028783,159.493741,122.560000,3.844700,400.920000,121.350000,2.954500,275.940000,642324.748197,10.049359,9.492504,21.609576,93.832172,Inf,Inf,33.498757
06/22/2026 16:50:13,0.000000,0.000000,74.630383,74.011915,63.457686,74.423166,74.867718,76.736780,74.796582,74.646157,34.588170,29.668949,29.598494,29.328552,32.577139,28.940049,28.830219,28.898920,33.286798,37.427308,34.834796,33.860575,34.007985,33.046224,33.656201,32.935893,32.799508,33.410649,36.376144,33.036909,32.620231,33.905818,34.027470,32.887029,31.947400,32.767807,34.277757,77.587832,38.076396,31.662046,25.387780,23.739078,24.584172,32.686581,31.576906,31.569486,79.746001,43.136719,31.097153,23.614545,23.218855,23.302641,29.951091,29.854941,30.072957,33.860323,33.819874,27.168671,26.509955,33.296776,33.414967,24.468113,26.989328,32.479642,37.852685,30.144897,33.965493,31.908887,36.974494,36.871255,33.225739,29.504668,32.482732,31.937153,36.861339,31.259857,35.910537,30.015316,33.487551,31.443716,36.670756,31.865872,35.767465,30.491115,32.771693,31.852245,36.306687,32.559410,36.598628,31.648474,34.219708,32.397416,35.611283,84.051611,87.340756,133.939615,89.212096,135.175558,50.543805,42.873690,157.136266,122.440000,3.827500,398.700000,121.230000,2.936600,273.120000,642384.744421,10.204621,9.639728,21.457425,92.807376,Inf,Inf,33.502890
06/22/2026 16:51:13,0.000000,0.000000,74.664078,74.042252,63.276844,74.458238,74.884606,76.738456,74.825725,74.681644,34.640252,29.700787,29.600010,29.362086,32.592790,28.883479,28.832078,28.931560,33.270089,37.419969,34.819007,33.911723,33.980543,33.054754,33.685589,32.961307,32.820595,33.355744,36.041619,33.137994,32.629550,34.176160,33.896029,32.793639,32.310565,32.764244,34.267100,76.254712,37.921271,31.618762,25.340200,23.660526,24.541387,32.718330,31.555252,31.563902,78.647863,42.706641,31.091509,23.581101,23.147786,23.250845,29.971777,29.814574,30.030812,33.814348,33.855992,27.043318,26.497287,33.255737,33.423696,24.441102,27.208119,32.456899,37.855721,30.126562,33.987459,31.929590,36.952145,36.893288,33.253650,29.528217,32.499155,31.937119,36.874060,31.237025,35.909987,30.012417,33.459784,31.446166,36.656848,31.845633,35.758055,30.486104,32.777810,31.852466,36.306022,32.543175,36.598436,31.627789,34.208328,32.360652,35.605683,82.755911,86.107503,133.625173,88.158726,134.804604,50.547495,42.854170,154.652217,122.430000,3.806200,396.180000,121.390000,2.914800,270.490000,642444.741567,10.180508,9.653255,21.438254,91.716349,Inf,Inf,33.499541
06/22/2026 16:52:13,0.000000,0.000000,74.647942,74.037521,63.273766,74.476085,74.871183,76.749089,74.811126,74.676762,34.616658,29.674396,29.595914,29.333010,32.550896,28.852164,28.792329,28.916349,33.281116,37.396457,34.786548,33.904089,34.021746,33.066225,33.645127,32.942592,32.783541,33.388918,36.501001,33.027170,32.693787,33.831396,34.002341,32.691563,31.986680,32.786118,34.333312,74.496536,38.140745,31.634285,25.372171,23.671494,24.504762,32.693057,31.574483,31.508073,77.436801,43.550170,31.061889,23.564317,23.129936,23.241062,29.892935,29.839405,30.048506,33.841297,33.814485,27.052935,26.393153,33.235721,33.386801,24.447349,27.433361,32.478871,37.840431,30.126292,33.941171,31.907204,36.940090,36.883448,33.207323,29.500905,32.468596,31.943489,36.837485,31.244743,35.881340,30.001585,33.456543,31.424648,36.633935,31.847959,35.733833,30.496053,32.738379,31.825161,36.275345,32.552384,36.546756,31.636797,34.178665,32.379413,35.590694,81.432192,84.772394,133.546664,87.125445,134.739632,50.539747,42.850480,152.222229,122.760000,3.780600,393.290000,121.560000,2.895600,268.070000,642504.739742,10.199656,9.627260,21.434629,90.637657,Inf,Inf,33.483985
06/22/2026 16:53:13,0.000000,0.000000,74.667817,74.035421,63.608657,74.513708,74.907099,76.742352,74.847479,74.694951,34.658581,29.663473,29.608625,29.338535,32.604439,28.904532,28.834841,28.899973,33.290672,37.355122,34.800077,33.917137,33.966865,33.054395,33.712323,32.921383,32.763403,33.336804,36.470778,33.309699,32.638643,33.947288,33.679513,32.708017,31.946838,32.737898,34.389918,73.272889,36.665921,31.614202,25.367945,23.618440,24.517699,32.680563,31.488900,31.505938,75.622547,44.137059,31.044781,23.548911,23.123620,23.219512,29.968241,29.876058,30.067323,33.803644,33.786778,27.007647,26.367007,33.266601,33.363914,24.466366,27.492933,32.462597,37.842382,30.124694,33.950978,31.916598,36.940129,36.884200,33.236077,29.511474,32.477001,31.957252,36.832308,31.259580,35.874829,30.021049,33.447950,31.463258,36.654722,31.849729,35.746813,30.510450,32.734510,31.841045,36.267668,32.558903,36.563120,31.660397,34.198559,32.386896,35.593273,79.662352,82.791067,133.718485,85.897230,134.923491,50.547150,42.926715,147.568785,122.530000,3.734300,387.410000,121.530000,2.859200,263.080000,642564.735442,10.104723,9.535302,21.509479,88.539401,Inf,Inf,33.492281
06/22/2026 16:54:13,0.000000,0.000000,74.677124,74.046003,63.263083,74.511431,74.874406,76.746404,74.808791,74.668933,34.583058,29.697700,29.658906,29.394018,32.464513,28.884193,28.827049,28.867645,33.266568,37.301518,34.730777,33.870251,33.953282,33.019016,33.637943,32.910950,32.790404,33.331350,36.381246,32.995802,32.560137,34.006552,33.770772,32.578817,32.213263,32.795953,34.292536,76.008950,34.609526,31.641219,25.373461,23.687117,24.565303,32.642482,31.498867,31.514663,76.107220,40.198752,31.053728,23.618374,23.165908,23.278822,29.957707,29.886128,30.041281,33.822999,33.838325,27.108177,26.483707,33.248008,33.406194,24.467780,27.303329,32.480119,37.865088,30.128880,33.958410,31.896435,36.933378,36.891393,33.212195,29.503117,32.458960,31.940966,36.835164,31.233939,35.867501,29.996251,33.444563,31.447386,36.625868,31.828255,35.735496,30.498172,32.722706,31.840768,36.268720,32.545728,36.549752,31.630011,34.164107,32.379503,35.564198,77.753107,81.273291,134.484375,85.254348,135.692762,50.601006,42.620705,138.361767,122.630000,3.679800,378.260000,121.460000,2.794100,253.220000,642624.733076,10.432641,9.845150,21.208578,84.254297,Inf,Inf,33.481568
06/22/2026 16:55:13,0.000000,0.000000,74.693239,74.032952,63.592885,74.529744,74.867786,76.753709,74.821610,74.664429,34.651097,29.677800,29.594413,29.355310,32.464160,28.871793,28.788939,28.874594,33.255624,37.242876,34.773967,33.833930,33.986228,33.003549,33.633758,32.916097,32.769387,33.402322,36.231056,33.110808,32.687888,34.034189,33.787759,32.781269,32.300205,32.773900,34.309579,78.720434,36.961291,31.600678,25.384300,23.714991,24.604861,32.664003,31.517754,31.592971,79.587922,41.739095,31.070669,23.606737,23.181319,23.288855,29.984632,29.854368,30.070601,33.826448,33.851211,27.024217,26.500255,33.250691,33.413319,24.417668,27.143308,32.440832,37.856552,30.097977,33.961096,31.900466,36.955074,36.896046,33.214203,29.491308,32.483523,31.903646,36.866092,31.249495,35.880749,30.006161,33.466879,31.443479,36.649137,31.815597,35.756721,30.495904,32.741788,31.826615,36.265723,32.551167,36.562845,31.620025,34.180228,32.366299,35.588267,80.975316,85.582279,134.864605,88.976951,136.130145,50.599703,42.947498,142.776953,122.470000,3.774500,391.530000,121.440000,2.865600,262.340000,642684.730845,10.070807,9.540798,21.529871,86.332121,Inf,Inf,33.484463
06/22/2026 16:56:13,0.000000,0.000000,74.736558,74.046281,63.482209,74.561011,74.897350,76.764240,74.834299,74.662753,34.652826,29.680430,29.614880,29.343718,32.546007,28.931129,28.831321,28.937495,33.311569,37.303848,34.785897,33.865461,33.978684,33.006664,33.582232,32.931213,32.806145,33.395511,36.311039,33.128439,32.796241,33.943028,33.786281,32.671732,32.033559,32.786252,34.438172,78.937160,38.506348,31.615105,25.338947,23.688831,24.493091,32.645438,31.627019,31.393078,81.047660,43.415864,31.052836,23.553872,23.107496,23.240131,29.939269,29.883500,30.074318,33.862566,33.842320,27.000088,26.541236,33.240344,33.376760,24.469012,27.255377,32.454151,37.863595,30.121133,33.961152,31.876913,36.945842,36.849010,33.228723,29.487595,32.484182,31.889159,36.856321,31.233416,35.880268,29.966128,33.454975,31.391442,36.627725,31.803842,35.763327,30.446390,32.750642,31.802206,36.286622,32.514787,36.541874,31.618962,34.178497,32.348993,35.578563,85.655207,88.855055,134.773981,90.561378,135.755763,50.542228,43.017421,160.326343,122.360000,3.851400,401.720000,121.370000,2.962700,276.790000,642744.728385,10.016665,9.454396,21.598440,94.191676,Inf,Inf,33.473548
06/22/2026 16:57:13,0.000000,0.000000,74.762385,74.037454,63.249283,74.560572,74.866917,76.736824,74.817930,74.648493,34.595587,29.601936,29.586774,29.330106,32.515531,28.859520,28.801283,28.884707,33.278674,37.283497,34.776570,33.883436,33.950038,33.001988,33.607848,32.932843,32.708858,33.322735,36.298738,33.051194,32.563887,33.979661,33.660820,32.474928,31.985739,32.805187,34.331931,78.042929,38.209322,31.590300,25.323759,23.635551,24.516998,32.707882,31.695812,31.659254,80.204377,43.173368,31.083382,23.522315,23.127400,23.223739,29.933213,29.819938,30.056682,33.819245,33.833683,27.038745,26.514134,33.262716,33.416900,24.444997,27.229759,32.437974,37.856806,30.111162,33.990632,31.886446,36.980519,36.889496,33.252950,29.507894,32.497947,31.925218,36.862802,31.240835,35.920418,30.004621,33.473785,31.418326,36.642110,31.825451,35.771146,30.489024,32.772720,31.801911,36.296953,32.566532,36.566438,31.646364,34.199575,32.374123,35.595173,84.675688,87.936382,134.151623,89.724646,135.479331,50.580459,42.989063,158.465775,122.470000,3.834800,399.320000,121.350000,2.943900,274.330000,642804.725721,10.019661,9.512743,21.570639,93.386572,Inf,Inf,33.493512
06/22/2026 16:58:13,0.000000,0.000000,74.776723,74.052227,63.205564,74.610975,74.886041,76.750004,74.836231,74.673136,34.623453,29.624595,29.588475,29.341570,32.524740,28.833959,28.792205,28.905965,33.227931,37.318786,34.755641,33.862879,33.909946,33.038307,33.643672,32.924242,32.781536,33.377585,36.524233,33.202506,32.776963,33.810992,33.622682,32.653341,32.216864,32.780877,34.502470,77.074795,37.939059,31.588140,25.328889,23.705632,24.518470,32.628408,31.403679,31.454916,79.294667,42.901341,31.037850,23.581810,23.142765,23.266435,29.934680,29.838821,30.021173,33.828282,33.810957,27.071718,26.474335,33.237355,33.387102,24.440491,27.082818,32.468216,37.849289,30.112493,33.966985,31.886329,36.955634,36.892976,33.213341,29.508281,32.477705,31.930783,36.824302,31.245278,35.875671,29.984224,33.451682,31.402397,36.646742,31.798485,35.744997,30.481880,32.747362,31.775293,36.266960,32.531505,36.549386,31.605140,34.172335,32.353939,35.590578,83.509025,86.828062,133.902460,88.776165,135.208782,50.583306,43.023053,155.868586,122.440000,3.820700,397.290000,121.380000,2.926700,272.320000,642864.722282,9.984180,9.433890,21.603960,92.252049,Inf,Inf,33.477006
06/22/2026 16:59:13,0.000000,0.000000,74.794762,74.071550,63.191298,74.635892,74.895741,76.790876,74.819274,74.709842,34.613605,29.656612,29.565644,29.318629,32.469834,28.840010,28.800356,28.882888,33.251396,37.322677,34.784826,33.886663,33.938169,33.036779,33.604260,32.906579,32.769693,33.369749,36.346905,33.079556,32.645085,33.852927,33.655300,32.568589,32.209664,32.686080,34.267643,75.806804,37.871053,31.584162,25.308440,23.638573,24.449265,32.609449,31.435923,31.505239,78.266429,42.767829,31.026631,23.508270,23.117389,23.216866,29.956246,29.845486,30.086686,33.813605,33.791783,26.995261,26.459280,33.248157,33.376574,24.428991,27.158815,32.444712,37.841406,30.089382,33.974713,31.874483,36.962448,36.904254,33.218005,29.516082,32.461010,31.935446,36.836604,31.240291,35.889760,30.004694,33.469859,31.413943,36.632943,31.797067,35.750671,30.493383,32.749055,31.810893,36.300567,32.553706,36.515227,31.634016,34.154139,32.365954,35.571085,82.393712,85.735794,133.752508,87.889018,134.930201,50.603225,42.926424,153.802457,122.660000,3.796300,394.960000,121.440000,2.910200,270.020000,642924.718535,10.074969,9.517438,21.509193,91.340431,Inf,Inf,33.480193
06/22/2026 17:00:13,0.000000,0.000000,74.840933,74.067441,63.541744,74.611706,74.916343,76.764222,74.858131,74.687857,34.688879,29.643541,29.566396,29.304221,32.513290,28.851027,28.801343,28.866923,33.258367,37.347740,34.873833,33.899405,33.904733,33.037088,33.589252,32.889336,32.796828,33.374648,36.052046,33.056899,32.687165,33.610716,33.922028,32.780991,32.106235,32.701010,34.215081,73.800807,38.005391,31.564149,25.326235,23.553822,24.454862,32.621237,31.560897,31.351411,77.059905,43.656061,31.039204,23.470737,23.069218,23.163322,29.927937,29.794540,30.023709,33.769082,33.816746,26.973917,26.477972,33.219197,33.389385,24.415489,27.225922,32.415914,37.842406,30.078800,33.977459,31.882583,36.951472,36.895367,33.195300,29.501772,32.477809,31.910396,36.840263,31.243086,35.864633,29.985793,33.467463,31.422679,36.620616,31.792675,35.741931,30.459629,32.754512,31.808936,36.266748,32.548639,36.522371,31.621605,34.167056,32.355766,35.565370,81.034594,84.251923,133.874765,86.841811,134.832567,50.571356,42.822705,150.629214,122.580000,3.774800,391.660000,121.420000,2.890900,267.030000,642984.717301,10.156809,9.631864,21.407340,89.924244,Inf,Inf,33.472635
06/22/2026 17:01:13,0.000000,0.000000,74.877648,74.075012,63.284327,74.650028,74.911140,76.773784,74.832929,74.690540,34.695112,29.611904,29.530744,29.311220,32.488688,28.891486,28.805265,28.886458,33.203729,37.269505,34.764751,33.904596,33.943669,33.035173,33.622917,32.913250,32.789985,33.354036,36.047888,33.070949,32.590401,33.982153,33.884472,32.707362,32.019191,32.757225,34.276959,73.752787,36.421243,31.577282,25.303206,23.534790,24.414672,32.701822,31.473220,31.564575,75.309132,43.650114,31.029051,23.446195,23.027185,23.117260,29.931150,29.802317,30.007411,33.773275,33.760443,26.958826,26.393848,33.243522,33.342170,24.417161,27.145277,32.444573,37.834641,30.081218,33.961364,31.891826,36.946937,36.869899,33.215933,29.487246,32.467122,31.879648,36.836411,31.236978,35.871849,29.974899,33.440613,31.390405,36.623989,31.775134,35.730986,30.465108,32.733742,31.800724,36.282050,32.530654,36.504944,31.619210,34.151860,32.345874,35.562164,79.397976,82.410252,134.058915,85.701774,135.114929,50.599310,42.885538,146.686493,122.640000,3.718900,385.480000,121.480000,2.849100,261.490000,643044.713342,10.108223,9.559992,21.469059,88.136612,Inf,Inf,33.465267
06/22/2026 17:02:13,0.000000,0.000000,74.878585,74.081024,63.575194,74.643994,74.890323,76.745846,74.837238,74.668650,34.663052,29.634970,29.577445,29.277799,32.467812,28.870994,28.773439,28.834558,33.217384,37.253466,34.750436,33.846457,33.882424,32.993418,33.561912,32.869530,32.788635,33.313141,36.269257,32.955803,32.443299,34.047096,33.858399,32.662128,31.930406,32.737504,34.327397,76.246769,34.415974,31.556465,25.360445,23.660646,24.533181,32.578094,31.367531,31.317022,76.438061,39.922219,31.045896,23.593929,23.157942,23.261896,29.982773,29.866245,30.011591,33.772998,33.754582,27.083802,26.478571,33.246456,33.383760,24.477853,27.355728,32.441125,37.835634,30.097379,33.954553,31.848910,36.929978,36.877270,33.245557,29.479960,32.472055,31.880579,36.836372,31.207975,35.864723,29.955506,33.461273,31.380381,36.633575,31.764738,35.734933,30.463285,32.742596,31.779119,36.275631,32.532656,36.505680,31.613714,34.167277,32.359102,35.580212,77.807479,81.447440,134.546592,85.473601,135.841376,50.619032,42.587783,137.653149,122.560000,3.679300,379.200000,121.550000,2.794400,253.300000,643104.710415,10.380332,9.869763,21.176133,83.916734,Inf,Inf,33.464058
06/22/2026 17:03:13,0.000000,0.000000,74.915106,74.120116,63.680280,74.705970,74.896096,76.772261,74.843369,74.711545,34.653995,29.672241,29.616501,29.346244,32.421311,28.820790,28.731291,28.889220,33.187423,37.311646,34.814121,33.807141,33.954117,32.988735,33.582136,32.923114,32.750738,33.331702,36.154486,33.001489,32.568676,33.819265,33.880544,32.510410,31.949811,32.786221,34.242878,78.898101,36.715979,31.547434,25.339901,23.687995,24.545840,32.601793,31.416224,31.508434,80.089951,42.635271,31.017664,23.561072,23.175994,23.258888,29.905324,29.766196,29.945880,33.826115,33.810824,26.992527,26.436082,33.224642,33.342399,24.401726,27.255669,32.409957,37.822793,30.051877,33.944081,31.835284,36.934142,36.875056,33.209559,29.501364,32.446861,31.874949,36.829597,31.202489,35.849967,29.939643,33.441912,31.384133,36.616135,31.740943,35.699796,30.446653,32.727338,31.770842,36.231103,32.545742,36.491336,31.603284,34.123390,32.336915,35.556786,81.792026,86.374589,134.941207,89.399451,136.087836,50.602042,42.931765,144.567598,122.620000,3.793200,393.370000,121.530000,2.879600,264.090000,643164.708939,10.032999,9.503229,21.514435,87.162643,Inf,Inf,33.448131
06/22/2026 17:04:13,0.000000,0.000000,74.876603,74.083691,63.858722,74.666142,74.919223,76.767939,74.849142,74.664922,34.688850,29.620324,29.623445,29.306170,32.449401,28.758397,28.746189,28.854599,33.192566,37.292002,34.719900,33.829854,33.929318,32.992801,33.471697,32.842818,32.821950,33.261562,36.275865,33.124237,32.446318,33.783701,33.910256,32.771426,32.051382,32.760929,34.526933,78.870765,38.085994,31.569705,25.316488,23.621998,24.502987,32.645488,31.484056,31.362147,81.079358,43.903034,31.025423,23.515566,23.121885,23.216881,29.927281,29.799934,29.982735,33.830407,33.819443,27.044522,26.557275,33.216301,33.371383,24.386611,26.988153,32.435768,37.842686,30.079974,33.960078,31.848662,36.933713,36.884591,33.207584,29.494923,32.436491,31.887728,36.816252,31.215782,35.842364,29.944029,33.449392,31.380942,36.600874,31.735826,35.720545,30.443905,32.727709,31.729339,36.260693,32.537219,36.480498,31.588811,34.133994,32.329747,35.558509,85.620053,88.860325,134.459550,90.549214,135.950688,50.561004,42.869320,160.317603,122.480000,3.854400,401.550000,121.490000,2.960500,276.250000,643224.705609,10.116571,9.572289,21.453134,94.187909,Inf,Inf,33.450288
06/22/2026 17:05:13,0.000000,0.000000,74.895386,74.089807,63.284750,74.685000,74.909350,76.788437,74.851216,74.680940,34.682766,29.617330,29.545089,29.318114,32.447969,28.787744,28.736444,28.796227,33.186916,37.258967,34.742205,33.887926,33.936324,32.998926,33.645011,32.837998,32.759984,33.265401,36.256226,32.993840,32.385349,34.016789,33.926660,32.549488,32.106233,32.687223,34.413455,78.049350,37.864882,31.569921,25.289726,23.584894,24.469370,32.591624,31.465294,31.560088,80.255769,43.388155,30.991555,23.465842,23.057305,23.139311,29.938377,29.804515,30.026995,33.791006,33.831877,27.032909,26.490299,33.208792,33.382537,24.337869,27.062439,32.447030,37.849895,30.056487,33.977452,31.846493,36.958099,36.864648,33.225324,29.477048,32.463001,31.875521,36.850840,31.198041,35.871679,29.933775,33.452502,31.372031,36.620416,31.733670,35.741890,30.447553,32.770923,31.739586,36.284157,32.518538,36.513320,31.594673,34.149621,32.325389,35.556827,84.698433,87.982019,134.289531,89.741538,135.739470,50.582314,42.833679,158.335964,122.630000,3.837100,399.390000,121.390000,2.940900,274.000000,643284.702700,10.151797,9.573431,21.418124,93.330164,Inf,Inf,33.457214
06/22/2026 17:06:13,0.000000,0.000000,74.909807,74.112275,63.549464,74.704148,74.900611,76.791098,74.860733,74.708207,34.647706,29.638718,29.579856,29.326881,32.426908,28.734054,28.680826,28.808423,33.161123,37.233305,34.731543,33.882890,33.913083,33.021889,33.576757,32.860379,32.721151,33.303914,36.237486,33.069260,32.607438,34.264609,33.893045,32.478896,31.964965,32.705301,34.448799,77.228498,37.708765,31.583149,25.243204,23.557117,24.421827,32.681360,31.401481,31.519130,79.553578,43.232831,30.979906,23.472499,23.035693,23.163856,29.854010,29.777793,30.017663,33.781267,33.786075,27.110561,26.470970,33.212677,33.321105,24.340887,26.836542,32.439589,37.801854,30.067308,33.954565,31.848476,36.948568,36.891092,33.215003,29.485422,32.447143,31.898841,36.846406,31.210508,35.851295,29.941948,33.453538,31.389555,36.623131,31.742640,35.733464,30.450663,32.732672,31.744634,36.261726,32.530695,36.494349,31.620573,34.160749,32.334319,35.563948,83.797517,87.104798,133.964701,89.006984,135.387875,50.574648,42.740060,156.318716,122.670000,3.812600,398.020000,121.510000,2.929400,272.170000,643344.699438,10.257066,9.653823,21.326083,92.449581,Inf,Inf,33.456156
06/22/2026 17:07:13,0.000000,0.000000,74.888478,74.120949,63.226347,74.672870,74.900602,76.781395,74.841835,74.676207,34.691858,29.594809,29.508297,29.299825,32.375899,28.768557,28.699299,28.785851,33.148471,37.232214,34.780126,33.844407,33.924333,32.998479,33.473875,32.845887,32.726675,33.292549,36.138939,32.996104,32.527449,33.815406,33.890450,32.607062,32.097216,32.759144,34.314823,76.210012,37.422778,31.597388,25.231421,23.535013,24.418233,32.554151,31.438448,31.410976,78.620842,42.806661,30.990190,23.437144,23.020443,23.140094,29.844634,29.764973,29.963828,33.797809,33.792771,26.960075,26.476544,33.204889,33.369304,24.330804,27.258511,32.406560,37.809697,30.056051,33.970054,31.854662,36.940998,36.897364,33.215527,29.471231,32.466513,31.878147,36.827838,31.211411,35.834918,29.943619,33.451649,31.369839,36.618484,31.750881,35.726388,30.464939,32.714897,31.749867,36.275781,32.536365,36.473768,31.610995,34.131943,32.351716,35.557791,82.811129,86.153315,133.902114,88.201103,135.202905,50.610742,42.841642,154.567888,122.660000,3.803300,395.660000,121.530000,2.915100,270.530000,643404.697287,10.171441,9.564243,21.425947,91.679105,Inf,Inf,33.452330
06/22/2026 17:08:13,0.000000,0.000000,74.920360,74.119455,63.643649,74.661387,74.883207,76.789751,74.865780,74.691283,34.668389,29.606445,29.530636,29.282095,32.463199,28.789636,28.709539,28.771553,33.153845,37.217663,34.755773,33.846737,33.860058,32.964359,33.585354,32.845865,32.734028,33.279011,36.296348,32.883869,32.600149,33.774309,33.888877,32.591699,32.052517,32.702475,34.240067,74.254865,37.695095,31.562239,25.240895,23.540022,24.332219,32.649253,31.423671,31.461943,77.412987,43.600824,30.990801,23.422078,22.985411,23.115821,29.906534,29.770500,29.961329,33.769562,33.774728,27.047786,26.282500,33.215451,33.332765,24.316375,27.206715,32.406568,37.822520,30.032877,33.978471,31.815887,36.967962,36.869907,33.239494,29.472984,32.475380,31.866090,36.858290,31.201089,35.883125,29.921248,33.464454,31.352829,36.648233,31.715344,35.752009,30.430989,32.757957,31.731969,36.265078,32.514492,36.473426,31.601740,34.144823,32.332593,35.555140,81.459342,84.736584,133.947619,87.176778,135.044856,50.585909,42.842710,152.202968,122.700000,3.778300,393.060000,121.490000,2.899600,268.030000,643464.694509,10.135243,9.563805,21.426996,90.629061,Inf,Inf,33.451766
06/22/2026 17:09:13,0.000000,0.000000,74.904142,74.157768,63.324465,74.656269,74.899636,76.773686,74.856971,74.700642,34.668602,29.607105,29.525944,29.291976,32.408107,28.773197,28.731261,28.793275,33.140281,37.200188,34.697879,33.865899,33.926731,33.014659,33.510588,32.865289,32.692759,33.251547,36.265445,32.914187,32.709419,33.903399,33.722218,32.654721,32.020924,32.638889,34.493908,73.203808,37.076797,31.566440,25.289465,23.505349,24.401801,32.560506,31.309366,31.384745,76.356247,44.459217,31.018648,23.449177,23.005782,23.103029,29.916546,29.783756,29.997322,33.748570,33.796261,27.104727,26.426660,33.201939,33.350359,24.363642,27.116117,32.424871,37.843791,30.053003,33.978530,31.823073,36.972001,36.858416,33.223951,29.456940,32.466137,31.847924,36.810953,31.188166,35.840602,29.915246,33.457141,31.358416,36.619555,31.718993,35.731187,30.428314,32.725495,31.705034,36.276827,32.537860,36.482364,31.619201,34.120824,32.319661,35.553338,80.381219,83.522653,133.935121,86.376123,135.195172,50.622879,42.903796,149.343083,122.700000,3.750700,389.740000,121.650000,2.873700,265.060000,643524.691686,10.079456,9.531664,21.486984,89.344579,Inf,Inf,33.445260
06/22/2026 17:10:13,0.000000,0.000000,74.891426,74.146732,63.237474,74.640031,74.910018,76.786996,74.853945,74.710714,34.691313,29.689687,29.586234,29.346131,32.419863,28.771603,28.717142,28.787633,33.134591,37.182145,34.730347,33.893619,33.887846,33.002847,33.541841,32.865447,32.710571,33.297785,36.300443,33.128022,32.683782,33.952395,34.069157,32.838079,31.913174,32.684282,34.310673,75.284174,34.815723,31.585911,25.291452,23.548997,24.435265,32.612883,31.417086,31.359078,75.411634,41.136924,30.955893,23.446120,23.010159,23.133396,29.883894,29.804888,29.992148,33.775391,33.817655,27.083814,26.419871,33.216518,33.310726,24.383250,27.254172,32.401348,37.816451,30.036116,33.969188,31.799890,36.956943,36.843011,33.217364,29.466831,32.456582,31.820537,36.824650,31.162750,35.833055,29.899238,33.452297,31.331725,36.603647,31.691396,35.725853,30.424285,32.719252,31.694385,36.273328,32.501875,36.459371,31.569772,34.124277,32.304437,35.557228,78.200672,81.436647,134.432422,85.167364,135.580843,50.616256,42.349462,141.323461,122.590000,3.679700,379.420000,121.420000,2.808400,255.560000,643584.687434,10.645060,10.015042,20.940851,85.652867,Inf,Inf,33.431236
06/22/2026 17:11:13,0.000000,0.000000,74.892184,74.155524,63.281504,74.610887,74.926085,76.779423,74.863592,74.693742,34.759985,29.669540,29.625395,29.346325,32.472547,28.770012,28.714925,28.833597,33.174954,37.262100,34.788371,33.820988,33.924449,33.005707,33.601822,32.838783,32.794767,33.231284,36.026966,33.159733,32.634444,34.257829,33.656665,32.439184,32.171084,32.668425,34.299286,77.571164,35.085917,31.599862,25.300988,23.594830,24.509324,32.607756,31.449821,31.440500,78.057563,40.438172,31.006205,23.457275,23.093277,23.186931,29.909964,29.789615,30.007639,33.813913,33.864238,26.985508,26.480664,33.192987,33.356516,24.311207,27.140081,32.398027,37.842314,30.024763,33.975854,31.794551,36.937045,36.844492,33.211297,29.478581,32.443226,31.837899,36.821437,31.172436,35.830281,29.913649,33.419119,31.329195,36.597186,31.688455,35.723522,30.431746,32.718691,31.671362,36.257533,32.524258,36.436090,31.580642,34.127546,32.326399,35.533905,78.914664,83.254147,134.885786,87.099103,136.265365,50.601311,42.697523,138.267565,122.470000,3.718700,383.810000,121.440000,2.816100,255.800000,643644.684942,10.315635,9.721978,21.284227,84.209488,Inf,Inf,33.429717
06/22/2026 17:12:13,0.000000,0.000000,74.870856,74.183648,63.721486,74.604020,74.902322,76.768358,74.871195,74.714446,34.696530,29.656137,29.594600,29.322651,32.478738,28.819050,28.658656,28.793839,33.123818,37.224932,34.715603,33.894219,33.881786,32.971442,33.508484,32.834285,32.758655,33.266295,36.105251,32.949392,32.473338,34.097939,33.856858,32.476007,32.130949,32.652331,34.162943,79.127105,37.862330,31.584722,25.288074,23.611459,24.448367,32.651696,31.414089,31.382187,80.855772,43.149715,30.944665,23.491724,23.058233,23.179224,29.873760,29.782534,29.964000,33.814410,33.808243,27.085960,26.400833,33.211362,33.329121,24.363286,26.943182,32.400768,37.795107,30.030185,33.975252,31.775237,36.959004,36.840442,33.207673,29.460227,32.445485,31.822788,36.829800,31.179522,35.830681,29.887405,33.445393,31.306088,36.601682,31.672043,35.705759,30.406295,32.715090,31.683898,36.234130,32.511421,36.455636,31.568685,34.108407,32.297874,35.528537,83.792117,88.072734,134.924483,90.240953,136.194681,50.605583,42.863299,151.110258,122.430000,3.839700,399.450000,121.300000,2.929300,271.010000,643704.683418,10.137501,9.497444,21.447221,90.140203,Inf,Inf,33.422684
06/22/2026 17:13:13,0.000000,0.000000,74.835466,74.160491,63.410307,74.581490,74.902191,76.753051,74.863225,74.699291,34.671077,29.658644,29.597553,29.291194,32.368180,28.757247,28.728772,28.797477,33.119650,37.214153,34.749590,33.810946,33.933945,32.977874,33.579184,32.853916,32.736953,33.291266,36.305458,32.910801,32.468860,33.977156,33.852388,32.473309,32.066567,32.678715,34.275383,78.656692,37.680389,31.569690,25.240641,23.523642,24.418110,32.630527,31.359464,31.461118,80.774027,43.558334,30.968860,23.414357,22.990293,23.095160,29.888652,29.769228,30.019354,33.803379,33.833241,27.103063,26.417657,33.188097,33.342740,24.356415,27.264833,32.385721,37.828325,30.028926,33.974633,31.784416,36.952637,36.856821,33.224127,29.450427,32.433833,31.812455,36.832196,31.162776,35.826436,29.881869,33.444764,31.299664,36.599770,31.664326,35.731195,30.413168,32.737955,31.672575,36.268478,32.484992,36.450182,31.584134,34.107539,32.295669,35.540520,85.269688,88.526848,134.336522,90.258711,135.885892,50.590338,42.756181,159.696712,122.390000,3.842100,400.510000,121.290000,2.950900,275.220000,643764.679505,10.227749,9.626919,21.341941,93.919928,Inf,Inf,33.424351
06/22/2026 17:14:13,0.000000,0.000000,74.775047,74.167677,63.630396,74.567063,74.909315,76.758474,74.851688,74.702119,34.646363,29.617748,29.531683,29.279694,32.322007,28.727005,28.657186,28.762478,33.121556,37.242579,34.809595,33.859000,33.871878,32.969968,33.543892,32.836377,32.721787,33.319213,36.249630,33.029446,32.464551,33.953764,33.901815,32.726509,32.031322,32.696418,34.279735,77.797841,37.706927,31.555010,25.225287,23.514537,24.373078,32.587560,31.402856,31.551463,80.030147,43.234838,30.947461,23.410764,23.003016,23.101608,29.827296,29.707597,29.878369,33.770863,33.788381,27.042759,26.406305,33.178584,33.305680,24.355338,27.176223,32.378419,37.800746,30.000208,33.978764,31.779651,36.953656,36.870563,33.219711,29.448226,32.463874,31.817147,36.852431,31.152856,35.824548,29.873744,33.455771,31.314268,36.600370,31.662703,35.712916,30.397895,32.718272,31.665348,36.248014,32.507133,36.454765,31.570482,34.125509,32.281646,35.555356,84.451845,87.792835,134.052358,89.589283,135.582440,50.591934,42.841836,158.027137,122.480000,3.831700,398.770000,121.300000,2.939300,273.270000,643824.676697,10.128872,9.521323,21.426138,93.195842,Inf,Inf,33.422833
06/22/2026 17:15:13,0.000000,0.000000,74.736224,74.143626,63.074970,74.515399,74.896538,76.761321,74.820930,74.707272,34.692304,29.604622,29.554678,29.272089,32.342894,28.677904,28.640359,28.750113,33.101806,37.155716,34.689643,33.819456,33.833222,32.956608,33.468497,32.816051,32.720574,33.232237,36.046073,33.026011,32.630975,33.824628,33.858377,32.524678,32.105501,32.717619,34.372344,76.911013,37.768668,31.543746,25.267155,23.528695,24.437128,32.612066,31.455920,31.520225,79.295754,42.955164,30.982360,23.418521,23.034880,23.139742,29.867469,29.748122,29.955896,33.776141,33.799179,27.030393,26.439996,33.179649,33.321408,24.366706,27.212541,32.399915,37.834911,30.027101,33.965402,31.791637,36.942556,36.849490,33.223428,29.451064,32.444827,31.811883,36.819337,31.177005,35.802929,29.887358,33.449344,31.284207,36.604808,31.654251,35.727621,30.401548,32.690788,31.660239,36.245151,32.504256,36.433090,31.579851,34.095694,32.278902,35.547750,83.487420,86.877818,133.902233,88.776757,135.285993,50.558262,42.760939,155.934787,122.530000,3.814200,396.810000,121.360000,2.923400,271.470000,643884.673373,10.197126,9.635740,21.346620,92.281124,Inf,Inf,33.419545
06/22/2026 17:16:13,0.000000,0.000000,74.735399,74.138572,63.570953,74.504019,74.898259,76.749128,74.848545,74.695171,34.669675,29.610413,29.537280,29.280362,32.375170,28.728119,28.651815,28.753538,33.131134,37.158364,34.703388,33.891192,33.917833,32.979969,33.487901,32.839472,32.673199,33.290214,36.233133,33.053778,32.572276,33.830409,33.814422,32.728373,32.280659,32.717012,34.500862,75.690096,37.664014,31.585704,25.215815,23.501914,24.347084,32.599981,31.436685,31.411614,78.222607,42.894671,30.976725,23.394487,22.971612,23.090372,29.905736,29.784784,29.970262,33.764694,33.792230,26.988565,26.345962,33.206567,33.334547,24.370093,26.851107,32.392704,37.813610,29.992679,33.974528,31.784311,36.931743,36.859888,33.222764,29.460655,32.449697,31.810969,36.833236,31.186994,35.823047,29.895139,33.434884,31.313816,36.596480,31.648094,35.717174,30.411095,32.716321,31.655540,36.243580,32.515578,36.441580,31.572803,34.110483,32.297284,35.534596,82.374302,85.728018,133.713079,87.864616,135.113708,50.582634,42.780751,153.526326,122.680000,3.797100,394.980000,121.510000,2.908400,269.730000,643944.671531,10.219602,9.610623,21.366102,91.217977,Inf,Inf,33.421376
06/22/2026 17:17:13,0.000000,0.000000,74.728119,74.104648,63.400428,74.477458,74.901705,76.744136,74.851272,74.681420,34.712995,29.586181,29.549168,29.228680,32.343194,28.719698,28.664934,28.747472,33.102537,37.177228,34.684606,33.798884,33.925880,32.954685,33.575149,32.781849,32.761502,33.276694,36.252425,33.052700,32.416146,34.239283,33.598128,32.557596,32.050854,32.774185,34.426130,73.762312,37.598433,31.575285,25.178322,23.445998,24.271256,32.611366,31.393735,31.568966,77.154837,43.648735,30.927539,23.357136,22.910479,23.068683,29.872564,29.769258,29.937795,33.743456,33.749876,26.993758,26.346235,33.207283,33.322376,24.330082,26.995436,32.379408,37.800403,30.002982,33.961359,31.772880,36.942951,36.876371,33.197548,29.456757,32.433527,31.806358,36.811142,31.154046,35.788522,29.874519,33.428554,31.312815,36.597227,31.632363,35.704795,30.399531,32.699004,31.660776,36.239928,32.511909,36.420196,31.588257,34.087000,32.291100,35.531982,81.094006,84.382209,133.677233,86.862560,135.028914,50.593181,42.712382,151.336051,122.620000,3.773300,392.230000,121.470000,2.892200,267.330000,644004.668458,10.276434,9.628688,21.298851,90.241412,Inf,Inf,33.412140
06/22/2026 17:18:13,0.000000,0.000000,74.717733,74.130196,63.645533,74.489184,74.887233,76.741919,74.850238,74.693907,34.653761,29.568551,29.512362,29.260165,32.392394,28.744946,28.672732,28.747240,33.054740,37.171243,34.690579,33.870196,33.870640,32.980287,33.545155,32.797180,32.650707,33.198413,36.287774,33.003736,32.585624,33.989816,33.774460,32.682575,32.028333,32.724559,34.224827,73.790604,36.466124,31.571223,25.182310,23.397130,24.266745,32.614445,31.288994,31.487840,75.706278,43.829846,30.926010,23.326029,22.856658,22.999185,29.786476,29.779028,29.915909,33.718546,33.767892,26.948005,26.338990,33.196078,33.295621,24.319244,27.335597,32.384147,37.788762,30.001491,33.944793,31.784324,36.920697,36.861911,33.193243,29.470721,32.414768,31.808955,36.776702,31.175058,35.780617,29.885070,33.424850,31.310883,36.568807,31.655431,35.692459,30.411190,32.697739,31.649934,36.221628,32.520655,36.382032,31.593060,34.084071,32.293059,35.497596,79.693892,82.740824,134.138243,85.875530,135.295709,50.597812,42.462213,146.880238,122.660000,3.725900,386.490000,121.580000,2.851900,262.140000,644064.666459,10.518967,9.873754,21.052256,88.225199,Inf,Inf,33.406488
06/22/2026 17:19:13,0.000000,0.000000,74.716537,74.124771,63.455067,74.487774,74.882022,76.772550,74.830944,74.688132,34.691949,29.640831,29.515970,29.285278,32.310671,28.716975,28.676033,28.726895,33.078782,37.167744,34.695941,33.806832,33.867224,32.981312,33.479585,32.813364,32.701348,33.238354,36.264699,33.050799,32.688500,34.338847,34.110268,32.639137,32.109298,32.654264,34.277165,75.679068,34.658883,31.590102,25.220847,23.470669,24.389763,32.593465,31.410109,31.519404,75.800747,40.165992,30.950135,23.374476,22.969080,23.078878,29.873790,29.737044,29.902464,33.753561,33.798595,27.122706,26.384924,33.181763,33.296861,24.324969,27.208204,32.364454,37.801900,29.963921,33.988339,31.760302,36.944175,36.849449,33.205167,29.454591,32.437866,31.783528,36.811425,31.139181,35.802538,29.872527,33.437676,31.289883,36.592877,31.620410,35.709952,30.406503,32.713074,31.641411,36.248133,32.493464,36.413189,31.546009,34.081484,32.273114,35.524260,77.763578,81.155019,134.574904,85.076088,135.828191,50.601056,42.352278,138.882791,122.700000,3.670100,378.220000,121.600000,2.791800,253.380000,644124.662226,10.646466,10.006499,20.943636,84.501765,Inf,Inf,33.405693
06/22/2026 17:20:13,0.000000,0.000000,74.679091,74.103367,63.782331,74.458280,74.888873,76.743978,74.842077,74.673068,34.650268,29.552108,29.504392,29.274700,32.325033,28.699255,28.659096,28.743865,33.098355,37.121770,34.650268,33.854472,33.859800,32.962767,33.508034,32.769361,32.623603,33.173551,36.358185,33.124662,32.380570,33.834859,33.633675,32.672796,31.989596,32.642728,34.365506,78.489550,36.604295,31.575325,25.259915,23.558175,24.448170,32.518519,31.310525,31.466275,79.457510,41.642189,30.941371,23.421665,23.028459,23.135562,29.971652,29.767700,30.002222,33.786759,33.843594,27.028168,26.446127,33.181747,33.337725,24.356286,26.922323,32.355970,37.805404,29.986182,33.976270,31.741065,36.943652,36.836988,33.221090,29.443366,32.446780,31.757262,36.822215,31.142028,35.812012,29.836620,33.444548,31.261129,36.593941,31.612125,35.711010,30.341151,32.714136,31.596177,36.245684,32.482552,36.414254,31.556882,34.093727,32.265363,35.524517,80.831481,85.370991,134.974739,88.720340,136.151327,50.619724,42.864658,142.112684,122.550000,3.765500,389.970000,121.670000,2.859300,261.260000,644184.660835,10.126770,9.492816,21.448555,86.022264,Inf,Inf,33.399470
06/22/2026 17:21:13,0.000000,0.000000,74.696463,74.133859,63.148184,74.476330,74.880722,76.769567,74.823873,74.689510,34.661375,29.591367,29.536071,29.254114,32.340091,28.739340,28.647074,28.809472,33.072593,37.170432,34.713719,33.845522,33.815326,32.976479,33.509391,32.816963,32.729362,33.245464,36.034454,33.045908,32.447085,33.936774,33.867951,32.654795,32.006889,32.718253,34.300196,79.007936,38.067548,31.503874,25.253723,23.570338,24.384086,32.647419,31.465497,31.584542,81.055100,43.372309,30.948868,23.448913,23.035998,23.151166,29.885970,29.751405,29.943128,33.776746,33.798665,27.051315,26.374879,33.179328,33.287760,24.335050,26.960934,32.351272,37.803830,29.969882,33.965256,31.762535,36.935776,36.846088,33.220455,29.424445,32.440904,31.758060,36.812022,31.134881,35.802250,29.834212,33.419045,31.252929,36.588929,31.596387,35.704348,30.366542,32.710562,31.608918,36.254803,32.494828,36.372944,31.545598,34.079318,32.258485,35.507475,85.269867,88.902782,134.707105,90.641783,136.142598,50.600383,43.001397,158.197898,122.770000,3.850200,402.420000,121.560000,2.955800,275.840000,644244.656644,9.921142,9.366136,21.582732,93.270135,Inf,Inf,33.394099
06/22/2026 17:22:13,0.000000,0.000000,74.695095,74.095279,63.585346,74.451575,74.912589,76.760054,74.858369,74.677531,34.696402,29.602498,29.586445,29.241509,32.286140,28.762422,28.700872,28.765564,33.111245,37.154052,34.678215,33.814321,33.841409,32.956358,33.499875,32.795878,32.731701,33.222027,36.241349,32.946895,32.435148,33.482503,33.866692,32.377762,31.969464,32.666656,34.110214,78.271812,37.951304,31.552371,25.221685,23.508690,24.349765,32.539933,31.173797,31.431117,80.461674,43.176850,30.906375,23.414708,22.954128,23.096193,29.920890,29.762835,29.938953,33.781025,33.755875,27.039098,26.379951,33.160373,33.301247,24.352216,27.064903,32.356509,37.787380,29.972455,33.958932,31.766881,36.928590,36.878572,33.199315,29.479044,32.431967,31.789203,36.798406,31.159488,35.791274,29.888532,33.418081,31.305431,36.566951,31.633514,35.702675,30.396061,32.710216,31.621762,36.233034,32.509431,36.364682,31.574707,34.079444,32.269734,35.494307,85.000729,88.197917,134.447689,89.967380,135.785648,50.575373,42.769485,159.012696,122.670000,3.833400,400.650000,121.670000,2.943200,274.900000,644304.653447,10.197347,9.551351,21.355024,93.623891,Inf,Inf,33.402219
06/22/2026 17:23:13,0.000000,0.000000,74.661931,74.116218,63.162869,74.456937,74.881194,76.730835,74.817153,74.692086,34.657492,29.545992,29.501398,29.247281,32.299462,28.728043,28.652168,28.746307,33.028698,37.155948,34.677898,33.825841,33.849376,32.980338,33.524680,32.844270,32.598258,33.223775,36.338713,33.096666,32.428488,34.116218,33.773895,32.436940,32.009511,32.641271,34.360503,77.549376,37.701155,31.529142,25.183462,23.508485,24.338756,32.570358,31.251954,31.356635,79.706622,43.134199,30.940750,23.394162,22.957895,23.094134,29.818968,29.745370,29.906776,33.735207,33.773700,27.037819,26.356651,33.168311,33.311405,24.277400,27.163162,32.366743,37.802847,29.973348,33.965824,31.769786,36.926610,36.862112,33.210333,29.468694,32.432181,31.777389,36.802259,31.140643,35.798676,29.872186,33.432450,31.280185,36.590192,31.614588,35.699887,30.383896,32.703416,31.616568,36.235399,32.502020,36.381289,31.557562,34.074746,32.283268,35.495378,84.114901,87.379104,134.171070,89.226264,135.495590,50.604742,42.734524,157.252157,122.760000,3.824100,398.210000,121.590000,2.930500,273.240000,644364.651783,10.208505,9.620113,21.320637,92.857994,Inf,Inf,33.400683
06/22/2026 17:24:13,0.000000,0.000000,74.662566,74.100362,63.443623,74.450862,74.879769,76.739531,74.852219,74.677718,34.672823,29.539106,29.505214,29.252526,32.282448,28.686444,28.654278,28.743063,33.075174,37.108876,34.709197,33.884349,33.875468,32.974452,33.517897,32.733434,32.678082,33.226214,36.050699,32.987981,32.436455,33.912844,33.816931,32.699757,32.026930,32.672463,34.361896,76.308869,37.456543,31.539640,25.177794,23.463388,24.317564,32.578655,31.322646,31.439390,78.751970,42.820614,30.933166,23.343528,22.944295,23.057681,29.928943,29.735890,29.885258,33.748858,33.784349,27.066395,26.446650,33.165824,33.304030,24.285190,26.968431,32.354290,37.786060,29.967557,33.962985,31.716598,36.917589,36.829933,33.178006,29.433579,32.432683,31.753391,36.803655,31.118433,35.766407,29.831567,33.409301,31.244494,36.545797,31.561876,35.701728,30.345630,32.687921,31.594246,36.211446,32.470838,36.377165,31.529798,34.052770,32.239440,35.492053,82.924826,86.284552,133.869183,88.259658,135.192540,50.524630,42.799688,154.826862,122.710000,3.801800,395.730000,121.520000,2.918500,270.860000,644424.649443,10.154921,9.548447,21.384719,91.793437,Inf,Inf,33.377241
06/22/2026 17:25:13,0.000000,0.000000,74.623238,74.110059,63.262004,74.433283,74.907825,76.743919,74.833568,74.688221,34.669395,29.539674,29.513809,29.207429,32.309094,28.685948,28.661853,28.711377,33.052626,37.121379,34.699559,33.816804,33.882968,32.935727,33.552981,32.817463,32.674375,33.202956,36.110773,32.943377,32.492415,33.633865,33.878566,32.519547,31.994372,32.687520,34.325443,75.110021,37.596872,31.501982,25.153894,23.458715,24.315634,32.541601,31.341221,31.319866,77.857299,43.051882,30.929575,23.363214,22.940570,23.070537,29.876193,29.721058,29.857944,33.720763,33.760342,26.964978,26.259345,33.167093,33.269306,24.304822,27.089393,32.320398,37.800120,29.954547,33.975506,31.736734,36.930948,36.837259,33.197809,29.443640,32.427466,31.745493,36.813049,31.114081,35.793089,29.842876,33.415239,31.238418,36.558882,31.593314,35.704933,30.354649,32.697363,31.602428,36.220019,32.493686,36.369448,31.539852,34.068114,32.243695,35.488315,81.871428,85.205936,133.841632,87.457066,135.133812,50.541967,42.843002,152.483631,122.600000,3.786400,393.360000,121.460000,2.900500,268.850000,644484.645150,10.074699,9.502292,21.427283,90.754246,Inf,Inf,33.384046
06/22/2026 17:26:13,0.000000,0.000000,74.616823,74.116749,63.115856,74.469459,74.873432,76.793065,74.826051,74.684083,34.681729,29.550736,29.477600,29.247771,32.261687,28.712918,28.658286,28.755548,33.065429,37.097854,34.615632,33.784142,33.837431,32.958599,33.470799,32.817020,32.638091,33.250245,36.356670,33.028910,32.370945,33.884755,33.914060,32.470591,32.143928,32.669303,34.352973,73.245642,37.115642,31.490627,25.122914,23.337192,24.209850,32.521002,31.419500,31.383863,76.297634,44.286107,30.905868,23.266352,22.830618,22.965081,29.884526,29.711532,29.893005,33.741474,33.728723,27.014470,26.292887,33.128006,33.295103,24.327675,27.266681,32.333287,37.780223,29.950521,33.944467,31.717619,36.897369,36.849187,33.168016,29.452988,32.416547,31.762179,36.799793,31.102512,35.771843,29.828107,33.408075,31.251285,36.523624,31.580988,35.677925,30.364919,32.678259,31.598363,36.208010,32.481621,36.331526,31.560494,34.029569,32.250447,35.471110,80.318857,83.424075,134.016346,86.271616,135.194505,50.574138,42.597203,149.283519,122.630000,3.747400,389.420000,121.390000,2.872900,264.390000,644544.643559,10.305209,9.720450,21.185418,89.317653,Inf,Inf,33.373029
06/22/2026 17:27:13,0.000000,0.000000,74.629258,74.108472,63.211994,74.438911,74.887680,76.760070,74.831919,74.690797,34.691655,29.564727,29.474200,29.240757,32.329436,28.728655,28.665573,28.781126,33.074931,37.090945,34.691211,33.847765,33.843769,32.956942,33.476277,32.763811,32.629954,33.195896,36.304745,32.948318,32.559430,34.029376,33.933477,32.788010,31.910861,32.655290,34.324345,74.889034,35.087749,31.554033,25.191762,23.406149,24.309941,32.591096,31.373427,31.517079,75.209641,42.026021,30.936346,23.341797,22.880190,23.004786,29.840650,29.737393,29.959435,33.740141,33.750215,27.002139,26.363835,33.163011,33.274556,24.320406,26.987654,32.345854,37.779891,29.953306,33.952531,31.721700,36.907615,36.861356,33.197129,29.454553,32.427229,31.757284,36.798058,31.134630,35.773207,29.848063,33.419074,31.236918,36.556078,31.564206,35.690365,30.380109,32.690300,31.593354,36.231368,32.487295,36.352036,31.531683,34.063728,32.244639,35.476403,78.652349,81.716995,134.341791,85.283325,135.604072,50.582797,42.427349,143.330834,122.570000,3.691000,382.370000,121.590000,2.825400,257.850000,644604.639853,10.536207,9.918520,21.017826,86.589754,Inf,Inf,33.380999
06/22/2026 17:28:13,0.000000,0.000000,74.638358,74.107006,63.569818,74.427407,74.895615,76.743118,74.853777,74.684348,34.690843,29.551870,29.494789,29.207387,32.330853,28.697060,28.689039,28.753285,33.070561,37.141877,34.669107,33.837633,33.867385,32.975695,33.486760,32.782751,32.716253,33.210588,36.159999,33.083033,32.473589,33.713668,33.837126,32.486044,31.874431,32.626036,34.290270,77.008127,34.712285,31.551514,25.196095,23.531887,24.432137,32.565300,31.364516,31.576123,77.377301,39.914967,30.902854,23.428192,22.992686,23.131609,29.822815,29.714442,29.907952,33.755475,33.752366,27.014129,26.253260,33.157041,33.284585,24.372136,27.120100,32.331856,37.772174,29.926794,33.936947,31.707400,36.935881,36.841828,33.198399,29.428623,32.440014,31.730439,36.808066,31.092575,35.767723,29.812648,33.399335,31.220241,36.546156,31.555109,35.679564,30.338485,32.695024,31.559750,36.244017,32.467533,36.347424,31.527932,34.057868,32.230312,35.487393,78.400288,82.511760,134.817897,86.410859,136.154945,50.617003,42.630902,137.480122,122.430000,3.698000,381.480000,121.490000,2.801500,254.610000,644664.637751,10.332890,9.684230,21.218624,83.834135,Inf,Inf,33.369584
06/22/2026 17:29:13,0.000000,0.000000,74.658807,74.075458,63.722399,74.412895,74.890827,76.717684,74.860846,74.671135,34.684425,29.563256,29.502162,29.222462,32.280933,28.668416,28.653962,28.704379,33.035238,37.126634,34.633854,33.841985,33.869516,32.983607,33.522025,32.743791,32.633847,33.186899,36.382546,32.902419,32.732353,33.954271,33.650521,32.714566,32.085921,32.612668,34.200147,79.197352,37.780197,31.493887,25.226902,23.538551,24.388435,32.585475,31.428837,31.313172,80.887280,42.906552,30.912911,23.376927,22.995985,23.098162,29.958071,29.724615,29.980989,33.757170,33.799692,26.971503,26.450789,33.166385,33.300148,24.320671,27.061700,32.309274,37.802770,29.905502,33.960995,31.718164,36.921798,36.842702,33.189500,29.421922,32.415073,31.738429,36.800851,31.125411,35.784419,29.835365,33.409976,31.235368,36.559748,31.565674,35.697591,30.336564,32.701111,31.555717,36.202820,32.486637,36.331803,31.539833,34.068910,32.246273,35.489996,83.603545,87.967725,135.138123,90.222117,136.343319,50.574692,42.774438,150.063840,122.380000,3.838300,398.980000,121.340000,2.921400,269.910000,644724.634771,10.133992,9.553016,21.359895,89.669836,Inf,Inf,33.373340
06/22/2026 17:30:13,0.000000,0.000000,74.639525,74.069272,63.451106,74.385071,74.890902,76.716916,74.824693,74.653990,34.671031,29.529724,29.478886,29.217692,32.291301,28.693091,28.658529,28.719207,33.064488,37.119472,34.643971,33.822137,33.847004,32.985520,33.474151,32.739005,32.613572,33.187970,35.944388,32.983511,32.541106,33.839254,33.515026,32.640286,32.141582,32.636273,34.213052,78.707831,37.853426,31.495995,25.195196,23.473201,24.359098,32.630152,31.507899,31.424635,80.800927,43.628138,30.924821,23.360676,22.950027,23.068342,29.892289,29.777305,29.948963,33.781226,33.782251,27.089297,26.362877,33.159391,33.308708,24.344513,27.413306,32.338781,37.795843,29.919913,33.944005,31.707800,36.909295,36.841283,33.187186,29.431642,32.410873,31.735559,36.796238,31.116755,35.758980,29.835378,33.384219,31.233598,36.560033,31.552595,35.681010,30.324784,32.680910,31.554839,36.204604,32.488429,36.313938,31.547249,34.055126,32.240912,35.477122,85.464557,88.634525,134.688012,90.363685,135.964050,50.552635,42.790171,159.980289,122.470000,3.839900,401.300000,121.270000,2.951700,275.740000,644784.631896,10.120632,9.549458,21.375363,94.042408,Inf,Inf,33.367630
06/22/2026 17:31:13,0.000000,0.000000,74.639269,74.088467,63.571170,74.417321,74.885535,76.741490,74.848559,74.712088,34.692249,29.546595,29.474351,29.225462,32.216739,28.673648,28.609460,28.699140,33.030187,37.076942,34.634137,33.798344,33.856961,32.959924,33.511478,32.766139,32.641539,33.229693,36.232605,32.996350,32.503718,34.482852,34.146457,32.636258,31.733812,32.550135,34.217190,77.922241,37.770779,31.484391,25.164980,23.461754,24.316206,32.604881,31.259807,31.452576,80.023868,43.046112,30.917656,23.338240,22.907081,23.035707,29.883897,29.738830,29.937242,33.710928,33.779552,26.968219,26.391299,33.117437,33.283203,24.340307,27.067596,32.318706,37.800649,29.920750,33.956633,31.707551,36.918337,36.858606,33.192589,29.446875,32.413935,31.725261,36.795491,31.095950,35.766649,29.816288,33.419846,31.211402,36.533649,31.535835,35.672730,30.341416,32.694834,31.556259,36.213984,32.491626,36.343767,31.530489,34.052796,32.232792,35.459729,84.511669,87.763057,134.277202,89.564136,135.718472,50.566188,42.570982,157.740809,122.310000,3.831600,398.950000,121.110000,2.937100,273.510000,644844.628478,10.324820,9.758085,21.159571,93.071149,Inf,Inf,33.367514
06/22/2026 17:32:13,0.000000,0.000000,74.640488,74.090109,63.566410,74.393146,74.871090,76.718224,74.849088,74.696983,34.663773,29.522874,29.467576,29.198401,32.202201,28.663533,28.646610,28.708627,33.093664,37.131696,34.602998,33.860215,33.863323,32.943622,33.572009,32.742689,32.644929,33.187307,36.044699,32.999295,32.490221,34.077943,33.976278,32.657007,31.864329,32.683104,34.350325,77.205508,37.858309,31.490226,25.166933,23.459230,24.320190,32.564364,31.291398,31.309258,79.335468,42.614610,30.913899,23.345663,22.939306,23.054933,29.873152,29.749235,29.991339,33.725733,33.777140,27.022520,26.340933,33.142900,33.267335,24.325666,26.910219,32.322115,37.769127,29.901874,33.965114,31.714724,36.913074,36.844773,33.204024,29.440512,32.447356,31.726210,36.817118,31.102583,35.766155,29.835220,33.414274,31.216509,36.558101,31.531938,35.699704,30.353400,32.694338,31.559583,36.199135,32.488717,36.331040,31.523027,34.050174,32.221710,35.480156,83.685839,86.970688,134.079438,88.842407,135.296237,50.553811,42.657706,156.283916,122.400000,3.818800,397.620000,121.090000,2.928000,272.140000,644904.626057,10.245201,9.668874,21.245025,92.434323,Inf,Inf,33.369726
06/22/2026 17:33:13,0.000000,0.000000,74.604798,74.089494,63.020980,74.381227,74.882836,76.753550,74.804399,74.703416,34.655312,29.514814,29.429190,29.208873,32.194404,28.662407,28.640180,28.744135,33.053628,37.090977,34.657974,33.828455,33.784935,32.981620,33.439886,32.790973,32.587399,33.251143,36.276996,33.036920,32.386342,34.200226,33.851722,32.557597,32.056277,32.632411,34.283762,76.089370,37.711844,31.479772,25.161958,23.486949,24.315851,32.644999,31.540594,31.557938,78.473974,42.678803,30.934696,23.358507,22.943477,23.070307,29.878193,29.720766,29.951281,33.749783,33.747682,26.991552,26.357829,33.135705,33.275249,24.287084,26.939661,32.300720,37.794717,29.919669,33.933779,31.652098,36.902645,36.830818,33.184229,29.413065,32.398175,31.688985,36.780088,31.071079,35.751227,29.790311,33.408178,31.188561,36.534315,31.512893,35.678129,30.306284,32.674016,31.516491,36.219182,32.455035,36.318758,31.497745,34.013898,32.203594,35.455910,82.576314,85.955146,133.708933,88.033772,135.051086,50.544685,42.735495,154.272334,122.440000,3.799300,395.480000,121.350000,2.912500,269.900000,644964.623380,10.158179,9.613103,21.321593,91.548467,Inf,Inf,33.346486
06/22/2026 17:34:13,0.000000,0.000000,74.596634,74.064411,63.201629,74.364445,74.882962,76.726698,74.811041,74.688086,34.663609,29.526722,29.491047,29.168677,32.275778,28.639153,28.648865,28.699728,33.056163,37.102344,34.655624,33.762678,33.779110,32.932667,33.458752,32.799184,32.703689,33.178476,35.933155,32.957566,32.611715,33.755659,33.765873,32.561013,32.059987,32.604986,34.382430,74.474155,37.880575,31.481492,25.138880,23.392160,24.252745,32.499572,31.149405,31.396104,77.458572,43.404802,30.944125,23.311535,22.887911,23.014299,29.848776,29.713080,29.924425,33.719034,33.735317,27.044774,26.329257,33.117954,33.278388,24.309494,27.097901,32.318641,37.806771,29.907309,33.939105,31.659224,36.908837,36.836025,33.186348,29.418313,32.427045,31.684039,36.790375,31.056041,35.753111,29.795604,33.397013,31.196970,36.532423,31.496731,35.683557,30.326901,32.671015,31.524453,36.211598,32.455867,36.316422,31.506978,34.029998,32.189918,35.456027,81.455710,84.753504,133.757903,87.122849,135.071140,50.536280,42.749965,151.929264,122.490000,3.777700,392.420000,121.340000,2.894200,267.540000,645024.619771,10.145665,9.608298,21.335827,90.506832,Inf,Inf,33.349422
06/22/2026 17:35:13,0.000000,0.000000,74.574857,74.082370,63.546585,74.382839,74.867549,76.739561,74.853636,74.699841,34.646465,29.545609,29.492542,29.187415,32.241967,28.674851,28.634785,28.742310,33.026982,37.103827,34.661548,33.834180,33.880805,32.957123,33.407412,32.783818,32.677110,33.218577,36.303876,32.929663,32.554609,33.915787,33.802111,32.431397,32.085630,32.583914,34.321908,73.372843,36.825716,31.475273,25.125151,23.329576,24.177336,32.610565,31.411200,31.389732,75.932384,43.995083,30.898714,23.239892,22.814200,22.931633,29.896729,29.747726,29.912253,33.703356,33.738026,27.079657,26.322322,33.127947,33.295488,24.256889,26.744644,32.283119,37.766632,29.903369,33.945307,31.678367,36.916343,36.837686,33.186239,29.447192,32.421949,31.720812,36.791445,31.083409,35.743993,29.800365,33.400424,31.205292,36.526657,31.510084,35.674439,30.334220,32.680985,31.539457,36.207470,32.473516,36.320394,31.515431,34.021497,32.211655,35.457291,79.916952,82.959470,134.150657,85.975787,135.165873,50.554927,42.577489,147.892180,122.480000,3.734800,387.300000,121.310000,2.861400,262.900000,645084.618092,10.309287,9.732728,21.165986,88.686638,Inf,Inf,33.353501
06/22/2026 17:36:13,0.000000,0.000000,74.574906,74.087493,63.040802,74.393425,74.851090,76.749696,74.822588,74.689493,34.649183,29.528274,29.421690,29.173354,32.239064,28.702725,28.652505,28.715860,33.022149,37.077347,34.649626,33.755344,33.821069,32.987563,33.409952,32.788138,32.608751,33.215150,36.357568,33.064927,32.500501,33.936812,33.905731,32.431998,31.848200,32.632314,34.507757,75.742802,34.584359,31.418577,25.163152,23.406614,24.303663,32.558616,31.446930,31.390848,75.861708,40.307164,30.912154,23.336740,22.908415,23.021356,29.902613,29.759990,29.895089,33.676043,33.727437,27.020770,26.259401,33.124482,33.265806,24.371572,26.958899,32.290963,37.758514,29.883140,33.930271,31.640114,36.903131,36.824817,33.177755,29.410137,32.404589,31.684270,36.769282,31.047272,35.762999,29.771953,33.389885,31.166650,36.512372,31.486793,35.665536,30.312781,32.660041,31.506612,36.212464,32.437609,36.287955,31.500159,34.023275,32.173390,35.424499,78.080089,81.390015,134.604328,85.200246,135.925881,50.510471,42.362087,139.969997,122.420000,3.675900,378.880000,121.460000,2.800300,254.470000,645144.614220,10.465243,9.958820,20.953334,85.016173,Inf,Inf,33.333974
06/22/2026 17:37:13,0.000000,0.000000,74.642653,74.083819,63.351923,74.378156,74.889906,76.744586,74.845177,74.686733,34.660980,29.533891,29.478147,29.196447,32.218495,28.725824,28.677260,28.718753,33.034860,37.065669,34.684047,33.741032,33.845392,32.940340,33.491913,32.797691,32.694584,33.272923,36.089715,33.010699,32.609165,33.797965,33.985789,32.626954,31.905931,32.673938,34.259076,78.086138,35.449038,31.469412,25.159301,23.478913,24.324928,32.569961,31.271162,31.424963,78.616381,40.903615,30.884036,23.368058,22.914917,23.076257,29.928699,29.752217,29.891330,33.732701,33.790457,26.953281,26.351693,33.162935,33.301586,24.350319,26.694310,32.304624,37.753522,29.893263,33.961329,31.647665,36.934959,36.817831,33.198291,29.406662,32.440032,31.660960,36.808631,31.066407,35.761201,29.764418,33.424141,31.168923,36.558278,31.508503,35.689433,30.290912,32.693368,31.493737,36.220478,32.459896,36.299787,31.516522,34.045379,32.179971,35.456757,79.848826,84.267673,134.954968,87.824377,136.294588,50.557917,42.594484,140.096732,122.510000,3.737300,386.060000,121.330000,2.832800,258.240000,645204.611410,10.286674,9.701298,21.182738,85.075965,Inf,Inf,33.347529
06/22/2026 17:38:13,0.000000,0.000000,74.592149,74.085295,63.452773,74.393645,74.869899,76.749494,74.855924,74.699171,34.655429,29.519837,29.422173,29.202682,32.219821,28.695476,28.661397,28.716275,33.044855,36.991580,34.551176,33.823623,33.817406,32.966115,33.491222,32.764096,32.621593,33.209318,36.445154,34.125605,32.331520,33.709068,34.104246,32.557052,32.053346,32.631261,34.443257,79.133550,38.206148,31.475271,25.162904,23.488793,24.318337,32.506924,31.185288,31.239505,81.051991,43.378271,30.922029,23.351597,22.906973,23.065177,29.883344,29.753896,29.899250,33.725490,33.774140,27.090965,26.257087,33.137736,33.267949,24.333445,26.917505,32.272423,37.765288,29.882395,33.929325,31.606197,36.884937,36.817912,33.157486,29.407636,32.404549,31.653491,36.779733,31.052452,35.712773,29.756012,33.387329,31.140025,36.508875,31.466789,35.674672,30.266698,32.657650,31.483110,36.195307,32.466189,36.281359,31.506887,33.996341,32.159743,35.423317,84.620627,88.554520,134.881537,90.427414,136.267042,50.577687,42.810274,154.707411,122.400000,3.847900,401.270000,121.420000,2.947600,273.630000,645264.609050,10.080147,9.526905,21.395124,91.740718,Inf,Inf,33.323230
06/22/2026 17:39:13,0.000000,0.000000,74.577204,74.057655,63.245758,74.384206,74.876941,76.716053,74.826338,74.691976,35.017915,30.530676,30.409437,30.295722,32.743079,29.802197,29.656621,29.752044,33.401409,37.307913,35.215205,34.488270,34.423488,33.401361,34.077976,33.417587,33.320238,33.811089,37.617488,34.530164,33.964709,35.331907,35.366922,34.223068,34.022386,34.691590,35.408100,78.848854,38.702334,32.067198,26.308621,24.637478,25.602896,32.937957,31.724083,32.112692,81.111225,43.988535,31.536433,24.467434,23.984500,24.092851,30.758960,30.625521,30.816717,34.658589,34.933220,27.802222,27.344149,34.262904,34.461268,25.263845,27.859115,32.288299,37.773102,29.849706,33.926937,31.626967,36.897598,36.812516,33.168953,29.407548,32.398738,31.671284,36.767614,31.041583,35.733864,29.761400,33.375815,31.144519,36.510489,31.446582,35.658992,30.295053,32.655252,31.484038,36.210840,32.450657,36.272348,31.485344,34.002071,32.165041,35.419730,85.165930,88.504076,134.367067,90.310684,135.886381,50.591993,44.037033,160.236512,122.410000,3.859600,402.910000,121.290000,2.968900,277.640000,645324.606001,9.475925,8.945160,22.591273,94.152949,Inf,Inf,33.323429
06/22/2026 17:40:13,0.000000,0.000000,74.600625,74.050221,63.375285,74.396157,74.860580,76.699306,74.817678,74.665145,34.995487,30.375747,30.216608,30.135405,32.669870,29.537046,29.505773,29.546800,33.424698,37.358500,35.165741,34.436520,34.331350,33.432626,33.985512,33.357482,33.207804,33.718267,36.665808,33.585462,33.083916,34.435318,34.564432,33.393213,32.637407,33.374424,34.629519,78.226020,39.080224,32.308990,26.214950,24.525331,25.384102,33.120971,31.956051,32.160179,80.204725,43.546294,31.755154,24.451299,24.013927,24.140631,30.700008,30.584833,30.748847,34.370511,34.479864,27.900853,27.319491,33.827299,33.941415,25.289688,27.963367,32.293883,37.772019,29.864219,33.965616,31.639938,36.939230,36.806667,33.191965,29.402098,32.412272,31.652315,36.792701,31.057938,35.751896,29.760548,33.409178,31.136984,36.557130,31.442299,35.678355,30.280211,32.695588,31.470267,36.219292,32.452032,36.284915,31.487744,34.023680,32.169346,35.463016,84.396536,87.728926,133.961941,89.630584,135.407635,50.815407,43.691303,157.950416,122.420000,3.841500,400.120000,121.320000,2.949500,275.090000,645384.603660,10.052905,9.499069,22.256085,93.162446,Inf,Inf,33.335778
06/22/2026 17:41:13,0.000000,0.000000,74.567980,74.051385,63.656074,74.377630,74.871214,76.720877,74.836940,74.670888,35.033973,30.220083,30.113538,29.967837,32.629017,29.412239,29.412876,29.406186,33.427717,37.365483,35.055255,34.309222,34.298571,33.405141,33.997806,33.318689,33.142766,33.711897,36.642204,33.306749,32.973657,34.305274,34.186328,33.062560,32.671354,33.175939,34.519198,77.501752,39.539606,32.250972,26.013098,24.331701,25.122265,33.212783,31.987492,32.230450,79.264573,43.144727,31.691784,24.238125,24.118955,23.952397,30.556307,30.408292,30.573656,34.240443,34.320894,27.744501,27.110697,33.669407,33.791539,25.194631,27.951084,32.291429,37.760302,29.869785,33.960933,31.620092,36.902273,36.826689,33.174302,29.396861,32.396260,31.643408,36.784290,31.049912,35.739929,29.757641,33.387620,31.150120,36.503253,31.437069,35.668603,30.260591,32.643997,31.458897,36.177886,32.460697,36.283703,31.502118,34.013004,32.171550,35.438620,83.335473,86.722146,133.530401,88.689610,135.137186,50.800949,43.511737,155.895779,122.600000,3.822500,398.370000,121.420000,2.934400,272.910000,645444.600791,10.169566,9.610378,22.081406,92.263993,Inf,Inf,33.324394
06/22/2026 17:42:13,0.000000,0.000000,74.601975,74.016472,63.540234,74.367278,74.886216,76.726573,74.839194,74.666382,35.028025,30.108450,30.003682,29.767861,32.635014,29.334408,29.328541,29.364666,33.407540,37.256535,35.076797,34.317426,34.264169,33.371589,33.931165,33.264433,33.204445,33.693147,36.592546,33.401739,32.991409,34.043361,34.197839,33.060753,32.456692,33.052984,34.583246,76.258714,38.980661,32.022118,25.888264,24.156999,24.997115,33.071110,31.715859,32.027306,78.226014,42.937303,31.598094,24.114878,23.684256,23.828016,30.526549,30.393362,30.543128,34.135917,34.199152,27.683204,26.961724,33.611871,33.720689,25.118350,27.414238,32.265853,37.744623,29.875812,33.968626,31.618010,36.925420,36.808015,33.185764,29.417282,32.433336,31.644898,36.799253,31.056962,35.746495,29.757213,33.413408,31.153703,36.523210,31.449587,35.680485,30.272547,32.687054,31.471390,36.219523,32.448705,36.286844,31.488348,34.023826,32.156587,35.453411,82.111179,85.544455,133.306988,87.756422,134.877786,50.812867,43.468715,153.022783,121.730000,3.802800,394.890000,120.480000,2.913600,269.670000,645504.596861,9.982624,9.558600,22.039494,90.994294,Inf,Inf,33.332540
06/22/2026 17:43:13,0.000000,0.000000,74.586789,74.071897,63.324859,74.366431,74.871428,76.722355,74.821874,74.689202,35.000123,30.030911,29.939960,29.701339,32.585120,29.319161,29.265617,29.325381,33.373806,37.348975,35.006775,34.285833,34.278732,33.363508,33.843209,33.243509,33.086891,33.661392,36.594097,33.380636,32.991435,34.054486,34.106868,32.971875,32.438471,33.030331,34.489205,75.139940,39.765743,31.945621,25.746395,23.971938,24.805614,33.020422,31.666395,32.037722,77.038676,43.551485,31.512506,23.918718,23.476406,23.634974,30.407970,30.306620,30.444803,34.081939,34.169809,27.524212,26.779802,33.546016,33.691707,25.050242,27.867468,32.263256,37.760602,29.845119,33.946709,31.627650,36.885447,36.821815,33.171628,29.443234,32.396371,31.651984,36.798065,31.049526,35.732458,29.780094,33.399330,31.145822,36.521690,31.456967,35.678852,30.293193,32.663624,31.477767,36.206822,32.471976,36.264516,31.480580,34.012351,32.180240,35.425117,80.883375,84.145472,133.731634,86.782345,135.000647,50.814505,43.385779,150.575153,121.710000,3.770800,390.980000,120.570000,2.888100,267.000000,645564.594290,9.986988,9.553873,21.958633,89.899945,Inf,Inf,33.328427
06/22/2026 17:44:13,0.000000,0.000000,74.576706,74.059271,63.553596,74.360105,74.873555,76.703822,74.807368,74.683145,34.999961,29.942472,29.847059,29.605809,32.610366,29.286052,29.237711,29.301936,33.376309,37.361634,35.001735,34.234245,34.195186,33.353629,33.798106,33.245923,33.070849,33.632036,36.357710,33.325498,32.894685,34.389308,34.430132,32.712829,32.528376,32.991710,34.570893,74.740285,37.648475,31.845801,25.725047,23.937124,24.827572,32.995118,31.692712,31.946194,75.343179,42.747108,31.499957,23.865803,23.485399,23.574987,30.469515,30.318413,30.458378,34.036860,34.090278,27.495115,26.717895,33.519996,33.674130,24.956935,27.704002,32.263178,37.782177,29.859755,33.950636,31.613324,36.900861,36.805979,33.172609,29.415230,32.412955,31.649435,36.777400,31.046091,35.709107,29.738898,33.375608,31.115793,36.503479,31.438189,35.667019,30.275046,32.663309,31.441951,36.195138,32.456233,36.277289,31.508138,34.003772,32.162297,35.427190,78.910118,81.974913,134.069869,85.457562,135.262185,50.736639,43.106184,144.455592,121.710000,3.711600,384.190000,120.750000,2.837600,260.460000,645624.591018,10.160408,9.814564,21.685393,87.110894,Inf,Inf,33.320270
06/22/2026 17:45:13,0.000000,0.000000,74.555728,74.027285,63.815325,74.348782,74.888854,76.687892,74.833036,74.671209,34.996859,29.904577,29.837697,29.584740,32.566670,29.240449,29.221934,29.294188,33.399415,37.281611,34.994642,34.167557,34.187531,33.353963,33.831689,33.211094,33.128089,33.672803,36.389042,33.221418,32.709502,34.125018,34.223114,32.787764,32.508424,32.996219,34.699162,76.900089,36.385746,31.753614,25.657804,23.903812,24.772358,32.978492,31.737528,31.822373,76.905714,39.850073,31.434642,23.852549,23.453861,23.554203,30.435015,30.202530,30.416497,34.008466,34.058494,27.427871,26.721388,33.496815,33.643847,24.953275,27.491327,32.251457,37.750210,29.823486,33.934448,31.589507,36.887387,36.806451,33.161083,29.405002,32.398666,31.638244,36.770137,31.028082,35.710695,29.726930,33.358351,31.110963,36.485964,31.411199,35.662405,30.242765,32.640444,31.435784,36.177056,32.434952,36.244716,31.455754,33.992504,32.159903,35.412396,78.353910,82.145017,134.582808,85.964026,136.007434,50.736183,42.907195,137.979618,121.860000,3.689200,380.550000,120.800000,2.800100,254.630000,645684.588620,10.263293,9.944321,21.490321,84.072396,Inf,Inf,33.303565
06/22/2026 17:46:13,0.000000,0.000000,74.528828,74.026165,63.842441,74.354822,74.872923,76.707827,74.834549,74.680750,34.944873,29.864789,29.783195,29.529667,32.614482,29.192056,29.145178,29.204946,33.383315,37.253650,34.975026,34.152687,34.180651,33.362628,33.870283,33.185724,33.034769,33.595982,36.452358,33.219661,32.868628,34.342443,34.161805,32.945540,32.199379,32.911906,34.587966,79.312905,38.687705,31.696117,25.591611,23.917676,24.762886,32.839265,31.603804,31.705137,80.096048,42.220770,31.389917,23.827748,23.421980,23.539794,30.383680,30.214493,30.374523,34.011500,34.055660,27.362506,26.713750,33.471894,33.618487,24.830644,27.201837,32.261566,37.761134,29.835401,33.926909,31.594417,36.884299,36.828422,33.157822,29.394594,32.373445,31.636154,36.752337,31.030206,35.706605,29.715131,33.369698,31.117887,36.507045,31.433758,35.642808,30.245336,32.634114,31.432460,36.167111,32.448982,36.239683,31.486777,33.992947,32.143436,35.407520,81.771562,86.380351,134.582214,89.316291,136.171843,50.730044,43.225830,144.825925,121.740000,3.798900,393.240000,120.600000,2.877800,264.070000,645744.586800,9.893676,9.587476,21.802441,87.281892,Inf,Inf,33.304267
06/22/2026 17:47:13,0.000000,0.000000,74.551387,74.037319,63.723174,74.360972,74.881181,76.685294,74.815519,74.668900,34.908738,29.826228,29.752212,29.470619,32.579165,29.188752,29.146271,29.195335,33.356884,37.307820,34.911842,34.142296,34.102345,33.349561,33.838067,33.167258,33.028080,33.593296,36.199126,33.105866,32.689101,34.079350,33.879115,33.207007,32.232862,32.912905,34.538831,79.521350,39.696072,31.566488,25.573883,23.890966,24.733740,32.853877,31.762340,31.864141,81.170275,43.540630,31.378460,23.800559,23.395039,23.521815,30.363560,30.164531,30.337047,33.994152,33.989194,27.349683,26.737084,33.452448,33.602154,24.908149,27.678646,32.250811,37.761500,29.823286,33.929202,31.606073,36.878621,36.821044,33.139743,29.404996,32.402880,31.639346,36.770427,31.052437,35.704340,29.741451,33.382151,31.117454,36.507589,31.407128,35.663581,30.268021,32.657190,31.429799,36.159596,32.469901,36.243770,31.476633,33.980479,32.171880,35.421222,85.285880,88.842762,134.481989,90.604284,135.967564,50.710174,43.288858,158.025357,121.740000,3.854800,402.380000,120.660000,2.961100,276.010000,645804.583021,9.702461,9.514433,21.864027,93.195068,Inf,Inf,33.309418
06/22/2026 17:48:13,0.000000,0.000000,74.554461,74.004026,63.789642,74.332299,74.886323,76.693798,74.839484,74.670896,34.951365,29.756281,29.721501,29.399901,32.547331,29.149245,29.139448,29.154168,33.378267,37.272946,34.896820,34.043936,34.057699,33.299984,33.840156,33.208902,33.029948,33.522312,36.305468,34.035681,32.621692,34.018717,34.208708,32.758214,32.324483,32.880417,34.783221,78.935958,39.438267,31.517599,25.518190,23.815936,24.631671,32.843607,31.734231,31.678820,80.615690,43.137779,31.359679,23.720774,23.321073,23.450546,30.304231,30.146254,30.329024,33.955527,33.989570,27.397842,26.549194,33.440211,33.573484,24.836320,27.241170,32.235347,37.752770,29.821165,33.945432,31.565333,36.887271,36.790620,33.150513,29.396179,32.390364,31.614337,36.769836,31.005052,35.713495,29.703374,33.380199,31.082521,36.497208,31.394450,35.647926,30.217498,32.650815,31.399327,36.172705,32.436809,36.254636,31.466628,33.974577,32.125023,35.418432,84.982687,88.255472,134.118786,90.031460,135.778289,50.642501,43.155421,158.871555,121.810000,3.844000,400.240000,120.520000,2.951100,275.310000,645864.580391,9.784016,9.626096,21.733583,93.562700,Inf,Inf,33.295328
06/22/2026 17:49:13,0.000000,0.000000,74.568802,74.017108,63.236385,74.325789,74.873058,76.678031,74.831555,74.662121,35.247514,30.734753,30.622886,30.462711,33.072788,30.201496,30.100986,30.161615,33.729185,37.494422,35.506788,34.731656,34.693509,33.734351,34.484793,33.790547,33.725881,34.123270,37.279371,34.943618,34.324612,35.554288,35.455469,34.378752,34.120120,34.796783,35.534468,78.732013,39.700601,32.211896,26.653228,25.001785,25.947202,33.345571,32.250429,32.415793,80.454289,43.516246,31.932972,24.850538,24.361952,24.511891,31.233607,31.022255,31.188019,34.902188,35.123932,28.072775,27.467059,34.560765,34.706271,25.805473,28.439154,32.236967,37.736262,29.821006,33.944213,31.585940,36.880306,36.782571,33.143316,29.395647,32.413164,31.610885,36.748779,31.029297,35.725194,29.728643,33.363612,31.092177,36.508777,31.419462,35.659626,30.264932,32.648772,31.424576,36.200010,32.459793,36.247171,31.477383,33.976731,32.152993,35.396651,84.297198,87.664594,133.943124,89.595880,135.329195,50.687601,44.340907,158.045427,121.580000,3.854100,401.470000,120.550000,2.960900,275.910000,645924.577826,9.327238,9.048314,22.884658,93.203802,Inf,Inf,33.302495
06/22/2026 17:50:13,0.000000,0.000000,74.622520,74.024345,63.336659,74.330675,74.904133,76.696394,74.837536,74.652890,35.257748,30.573897,30.461576,30.288725,32.975742,29.928958,29.987474,29.927731,33.738550,37.491808,35.371660,34.587786,34.577583,33.712446,34.299034,33.701009,33.573178,34.057659,36.777460,33.971087,33.335310,34.860153,34.634829,33.656058,32.866421,33.569467,34.877031,78.082641,40.452082,32.402553,26.513635,24.814135,25.639658,33.414035,32.161474,32.446579,79.875809,43.568107,32.110182,24.793287,24.349459,24.492238,31.107990,30.933668,31.074930,34.546097,34.657418,28.139297,27.468243,34.055570,34.169654,25.747197,28.159840,32.222778,37.738962,29.831756,33.953502,31.576994,36.886906,36.816427,33.170216,29.406585,32.403185,31.617822,36.774191,31.004091,35.693933,29.708529,33.360454,31.092129,36.509001,31.411668,35.665135,30.238380,32.652524,31.417398,36.189778,32.422378,36.250494,31.462014,33.981844,32.131417,35.418596,83.710128,87.090000,133.636466,89.095282,135.056571,50.876015,43.952446,156.572025,121.720000,3.835100,399.610000,120.500000,2.941200,274.190000,645984.575382,9.893151,9.600780,22.509402,92.560574,Inf,Inf,33.300303
06/22/2026 17:51:13,0.000000,0.000000,74.605757,74.017720,63.301253,74.339894,74.868987,76.677342,74.836373,74.661447,35.229248,30.379875,30.267989,30.058007,32.937713,29.811007,29.849884,29.871732,33.726428,37.513780,35.266483,34.483726,34.525433,33.703322,34.279240,33.668320,33.500020,33.980550,36.793084,33.633727,33.241891,34.631621,34.369844,33.210339,32.929175,33.425154,34.748035,77.264039,40.209361,32.334467,26.275294,24.604106,25.385149,33.358428,32.162741,32.293841,78.662269,42.728709,32.023644,24.568450,24.106312,24.285828,30.921207,30.837709,30.945555,34.434585,34.477984,27.980647,27.211875,33.943644,34.025780,25.642975,28.038693,32.228370,37.733911,29.824429,33.923062,31.572290,36.889314,36.810833,33.140152,29.408528,32.409693,31.616765,36.760014,31.015657,35.714292,29.688917,33.377790,31.090354,36.497080,31.372934,35.650052,30.246384,32.616926,31.417851,36.172075,32.421941,36.236356,31.468281,33.974709,32.128271,35.382223,82.727334,86.136873,133.464653,88.229209,134.714649,50.856430,43.927584,154.666784,121.620000,3.815800,397.080000,120.510000,2.929400,271.960000,646044.572188,9.849145,9.538322,22.485322,91.722781,Inf,Inf,33.292982
06/22/2026 17:52:13,0.000000,0.000000,74.607851,74.029541,63.403592,74.355668,74.887287,76.689279,74.848643,74.672874,35.214619,30.306325,30.207808,29.934084,32.919060,29.720510,29.738376,29.746848,33.720654,37.554887,35.256288,34.493062,34.512584,33.639827,34.300506,33.611429,33.484034,33.964130,36.874492,33.610193,33.183852,34.216909,34.292360,33.314502,32.782666,33.282737,34.942942,76.189624,40.582531,32.140587,26.124428,24.395295,25.235532,33.327534,32.054810,32.158049,77.813009,43.096569,31.952508,24.348811,23.950261,24.086375,30.915177,30.719527,30.891998,34.328447,34.385361,27.831673,27.060165,33.845209,33.984630,25.536248,27.908837,32.230629,37.755155,29.826247,33.938566,31.525920,36.883527,36.797195,33.155785,29.378725,32.408109,31.581320,36.749511,30.983689,35.675864,29.684739,33.363851,31.059888,36.493023,31.367959,35.647953,30.225549,32.638834,31.388726,36.179881,32.432452,36.237610,31.443256,33.974540,32.103180,35.401111,81.635577,84.965985,133.346215,87.358486,134.612971,50.823966,43.865528,152.194713,121.660000,3.798600,394.480000,120.620000,2.910100,269.940000,646104.569679,9.715404,9.527325,22.425183,90.625377,Inf,Inf,33.284426
06/22/2026 17:53:13,0.000000,0.000000,74.591302,74.001986,63.541837,74.362738,74.871962,76.629720,74.808939,74.645839,35.172303,30.143411,30.091698,29.778402,32.928766,29.660239,29.670256,29.631907,33.668044,37.452577,35.227716,34.434862,34.414451,33.664182,34.239805,33.533795,33.446690,33.902831,36.698382,33.549756,33.268237,34.413902,34.357102,33.094467,32.661055,33.302519,34.794605,75.026081,40.188531,32.023298,25.962546,24.226913,25.039718,33.224990,31.962755,31.987496,76.455761,44.044974,31.847338,24.203287,23.749301,23.919024,30.872948,30.708739,30.797873,34.254684,34.280587,27.816454,26.843130,33.820392,33.945165,25.424503,27.760643,32.228416,37.725560,29.820017,33.936440,31.522450,36.881409,36.789698,33.158920,29.360463,32.402990,31.578421,36.771419,30.970550,35.695587,29.667907,33.362187,31.047523,36.492301,31.341835,35.636662,30.201707,32.638619,31.367452,36.188848,32.415216,36.248841,31.430945,33.986001,32.097758,35.404575,80.130296,83.299609,133.646964,86.265134,134.905418,50.859820,43.527373,148.403168,121.810000,3.753600,389.070000,120.610000,2.872500,264.320000,646164.566017,9.926666,9.750706,22.096632,88.918845,Inf,Inf,33.279024
06/22/2026 17:54:13,0.000000,0.000000,74.617584,74.036321,63.162037,74.404854,74.875187,76.697862,74.816065,74.688462,35.155248,30.077221,30.002768,29.724114,32.878195,29.657674,29.612524,29.643292,33.662504,37.428939,35.194703,34.382611,34.398142,33.674952,34.199650,33.569125,33.403024,33.951546,36.681885,33.425683,32.967099,34.325355,34.075020,33.279551,32.602373,33.214109,34.770233,75.635652,37.705116,31.879286,25.917962,24.179578,25.036785,33.194079,31.850697,32.002033,75.546400,41.709306,31.787204,24.152705,23.719046,23.868174,30.758166,30.625680,30.759385,34.175963,34.198039,27.547251,26.810832,33.790948,33.854450,25.355496,28.170221,32.239801,37.741728,29.810023,33.934724,31.567953,36.893855,36.820528,33.153892,29.394218,32.413681,31.606948,36.775771,31.012366,35.698173,29.699338,33.369512,31.087400,36.503867,31.401599,35.649882,30.247996,32.642549,31.416234,36.199247,32.473706,36.256870,31.487588,33.986764,32.122554,35.407109,78.413263,81.548645,134.123212,85.280967,135.327314,50.841948,43.200580,141.902430,121.770000,3.688500,381.360000,120.720000,2.818200,257.770000,646224.563880,10.101531,10.009449,21.777755,85.923988,Inf,Inf,33.300529
06/22/2026 17:55:13,0.000000,0.000000,74.591128,74.047061,63.806662,74.425395,74.868679,76.697691,74.827827,74.690930,35.104329,30.035380,29.939525,29.653610,32.853691,29.509129,29.481616,29.578386,33.635476,37.439172,35.233335,34.385667,34.347059,33.646919,34.112404,33.508464,33.415104,33.906341,36.708074,33.419991,32.967261,34.179498,34.424032,32.987266,32.677473,33.179831,34.753763,77.629014,37.316199,31.784909,25.883256,24.205705,25.047580,33.122583,31.828481,31.865024,77.676110,40.365460,31.726085,24.145006,23.738810,23.865994,30.738169,30.538067,30.703421,34.149964,34.173983,27.665032,26.710923,33.715610,33.850613,25.246528,27.855562,32.220687,37.746607,29.806029,33.924872,31.541139,36.892002,36.788954,33.154172,29.390486,32.419640,31.572374,36.779701,31.003402,35.699893,29.675215,33.361914,31.055717,36.483740,31.384010,35.637425,30.212727,32.639829,31.379209,36.174852,32.443414,36.228325,31.462872,33.971643,32.110513,35.397334,79.002883,83.041325,134.553867,86.708062,135.678844,50.816652,43.164259,138.710573,121.810000,3.714300,382.970000,120.680000,2.819000,256.180000,646284.560116,10.042679,9.983855,21.742230,84.420036,Inf,Inf,33.285290
06/22/2026 17:56:13,0.000000,0.000000,74.705965,74.087974,63.362128,74.450896,74.916134,76.708791,74.850519,74.706864,35.126792,29.969694,29.917530,29.613873,32.869646,29.587563,29.496028,29.556230,33.626445,37.407637,35.157826,34.316831,34.327039,33.614888,34.259907,33.502829,33.421015,33.847864,36.608206,33.521863,32.804771,34.113144,34.207246,33.009721,32.761434,33.181081,34.832628,79.541272,40.066461,31.646419,25.813317,24.186256,24.950878,32.993608,31.537053,31.908245,80.149765,42.229529,31.671996,24.117959,23.680515,23.847561,30.683724,30.518466,30.641035,34.137989,34.117426,27.592966,26.713607,33.729826,33.799106,25.236693,27.830286,32.211955,37.735284,29.813331,33.947977,31.538482,36.895558,36.810946,33.134488,29.416223,32.412547,31.589329,36.764251,30.994079,35.693282,29.690209,33.353306,31.076049,36.475195,31.379418,35.628155,30.226135,32.651871,31.383498,36.184870,32.433906,36.225090,31.456943,33.994153,32.117500,35.408281,82.120883,86.664261,134.554218,89.489181,135.969806,50.760998,43.458615,145.700448,121.750000,3.808500,395.040000,120.620000,2.890500,265.540000,646344.557451,9.616767,9.642344,22.029652,87.684541,Inf,Inf,33.288077
06/22/2026 17:57:13,0.000000,0.000000,74.725423,74.054167,63.796734,74.477409,74.899122,76.702354,74.859773,74.681471,35.076297,29.952799,29.914456,29.562970,32.846015,29.517930,29.447436,29.476870,33.619829,37.380717,35.148119,34.246643,34.261733,33.578397,34.186247,33.455311,33.336387,33.829449,36.624814,33.294174,32.780081,33.868280,34.177273,33.028600,32.658652,33.171244,34.554442,79.703414,40.520144,31.584910,25.720845,24.061869,24.870170,32.997434,31.609051,31.867103,81.017883,43.244720,31.607515,24.008385,23.562091,23.734978,30.575244,30.480865,30.655138,34.115636,34.105114,27.528345,26.671239,33.685931,33.776087,25.156702,27.550835,32.215094,37.699072,29.792399,33.955718,31.530211,36.874516,36.803358,33.147754,29.400101,32.430104,31.597111,36.784943,30.997986,35.714002,29.688723,33.361601,31.066097,36.501873,31.356818,35.665269,30.221574,32.657994,31.395825,36.178081,32.442210,36.242921,31.451274,34.006936,32.104947,35.411291,85.137527,88.734166,134.543973,90.553160,135.802433,50.707787,43.508435,157.326288,121.650000,3.856800,401.800000,120.540000,2.961800,275.790000,646404.554002,9.506720,9.529325,22.078190,92.890359,Inf,Inf,33.289860
06/22/2026 17:58:13,0.000000,0.000000,74.697056,74.061299,63.355240,74.486958,74.878249,76.684055,74.814687,74.671872,35.040753,29.890306,29.826993,29.507051,32.801378,29.439712,29.402946,29.468057,33.607762,37.347043,35.039423,34.272209,34.225164,33.568006,34.068720,33.396327,33.266230,33.783761,36.650531,33.518152,32.778267,34.485668,34.246922,32.944993,32.442020,33.092106,34.766901,79.200890,40.648772,31.574268,25.679144,23.999960,24.797971,33.034166,31.755457,31.969127,80.630662,43.343039,31.592951,23.962405,23.502799,23.676143,30.598703,30.455027,30.573143,34.074809,34.062635,27.500800,26.557872,33.652292,33.744672,25.126403,27.708889,32.211096,37.742385,29.805336,33.948663,31.531151,36.891376,36.783603,33.134575,29.361901,32.405272,31.561104,36.761329,30.983115,35.692129,29.675951,33.370646,31.044421,36.498098,31.364603,35.641179,30.207144,32.640930,31.373261,36.177354,32.447707,36.247115,31.443465,33.979083,32.098834,35.405203,85.083784,88.317653,134.220239,90.145814,135.554566,50.723692,43.343534,158.952808,121.730000,3.848500,400.750000,120.660000,2.951100,275.690000,646464.550283,9.656856,9.675539,21.917412,93.597931,Inf,Inf,33.280934
06/22/2026 17:59:13,0.000000,0.000000,74.721709,74.040724,63.675677,74.509238,74.884887,76.694894,74.853686,74.678763,35.368057,30.876008,30.683481,30.542540,33.303487,30.513123,30.368607,30.432795,33.945422,37.604461,35.532027,34.878950,34.816416,34.000821,34.658857,34.036685,33.896606,34.427040,37.566034,35.015654,34.534268,35.701158,35.658627,34.836795,34.400583,35.202028,35.928268,78.954491,40.307855,32.202583,26.781282,25.109430,26.091524,33.409496,32.301094,32.596084,80.437219,43.718187,32.219502,25.015047,24.549875,24.689497,31.489744,31.271935,31.459959,34.981268,35.233746,28.184226,27.457722,34.778610,34.912990,26.113503,28.664080,32.193848,37.746026,29.795187,33.958422,31.535597,36.881634,36.804912,33.155537,29.387842,32.431115,31.574956,36.756899,30.993359,35.694339,29.669495,33.363324,31.046882,36.491308,31.370243,35.641174,30.206246,32.630251,31.371712,36.180684,32.447939,36.231911,31.458461,33.984748,32.094277,35.403768,84.359898,87.732372,133.835840,89.639422,135.099973,50.744466,44.304974,158.188996,121.650000,3.852300,402.050000,120.470000,2.961500,276.550000,646524.548398,9.352558,9.369477,22.850025,93.266264,Inf,Inf,33.283403
06/22/2026 18:00:13,0.000000,0.000000,74.681627,74.070808,63.327610,74.505110,74.881184,76.707640,74.808623,74.683977,35.367949,30.661088,30.502862,30.315353,33.171197,30.208813,30.208548,30.209440,33.949310,37.629988,35.382574,34.730065,34.662197,33.940134,34.449865,33.986045,33.834049,34.279761,36.859912,34.064483,33.443612,34.887097,34.544218,33.369415,33.169128,33.722696,35.180750,77.931213,40.760417,32.390205,26.648495,24.975126,25.765494,33.481764,32.341431,32.517762,79.506139,43.455801,32.340378,24.966139,24.520187,24.669657,31.352367,31.193472,31.260308,34.633507,34.746729,28.371516,27.463112,34.251104,34.372704,26.083589,28.458399,32.209882,37.728364,29.788513,33.964491,31.501145,36.909800,36.783350,33.160987,29.375917,32.402980,31.536977,36.756337,30.969174,35.683586,29.656142,33.347353,31.017941,36.477513,31.348780,35.645041,30.206571,32.648364,31.367281,36.187350,32.408372,36.227851,31.430762,33.975490,32.072091,35.401174,83.336939,86.767746,133.234074,88.795801,134.691542,50.897402,44.138422,155.729388,121.660000,3.832100,398.420000,120.620000,2.943400,273.870000,646584.545676,9.700916,9.651089,22.689289,92.190887,Inf,Inf,33.272986
06/22/2026 18:01:13,0.000000,0.000000,74.737596,74.032096,63.664374,74.507072,74.917786,76.693156,74.853040,74.669666,35.361639,30.494288,30.395335,30.137680,33.187390,30.055205,30.075603,30.080061,33.934997,37.532646,35.459139,34.614480,34.602059,33.920347,34.519429,33.863402,33.729328,34.218153,36.880345,33.773739,33.291414,34.710334,34.346965,33.582862,33.057586,33.512617,35.038452,77.033895,40.719691,32.312124,26.395672,24.700931,25.494413,33.481643,32.245207,32.319729,78.372086,43.248160,32.268878,24.672309,24.246583,24.435029,31.205208,31.035654,31.166661,34.459516,34.569862,28.186889,27.383414,34.112847,34.231361,25.856293,28.124347,32.192732,37.716635,29.782921,33.934030,31.519141,36.862640,36.798838,33.132546,29.377705,32.415922,31.586471,36.757374,30.972892,35.679308,29.680208,33.359337,31.037090,36.470980,31.359135,35.613736,30.186218,32.640512,31.368159,36.162985,32.418146,36.219988,31.457601,33.982633,32.086371,35.369302,82.198818,85.555175,133.228872,87.852845,134.601349,50.924149,43.986825,153.437304,121.380000,3.815000,395.900000,119.990000,2.917800,270.860000,646644.542627,9.769436,9.726190,22.542688,91.178467,Inf,Inf,33.271385
06/22/2026 18:02:13,0.000000,0.000000,74.765346,74.080590,63.254426,74.547008,74.890534,76.718235,74.842825,74.693676,35.312193,30.375918,30.283645,30.042512,33.090291,29.933728,29.932019,29.904376,33.893454,37.582344,35.399063,34.612053,34.590315,33.911701,34.446193,33.801651,33.675780,34.118917,36.805330,33.544301,33.266244,34.167819,34.712711,33.541710,32.882174,33.462154,34.964140,75.468099,41.432021,32.244797,26.188622,24.519553,25.252331,33.353109,32.042151,32.249386,77.057067,43.705307,32.115745,24.449379,24.005137,24.202577,31.082089,30.962972,31.085963,34.420423,34.464649,28.002049,27.045435,34.031700,34.128031,25.694096,28.183436,32.195132,37.740672,29.786664,33.944206,31.519996,36.870567,36.811477,33.123465,29.398920,32.402059,31.568578,36.748450,30.971034,35.644232,29.676598,33.329523,31.042394,36.471201,31.351783,35.637586,30.223143,32.620423,31.375690,36.185966,32.423886,36.209140,31.455596,33.948797,32.093843,35.374528,80.917292,84.132851,133.398304,86.800178,134.564967,50.927925,43.848533,150.945000,121.740000,3.781000,392.750000,120.570000,2.899500,268.350000,646704.540490,9.836092,9.707040,22.408705,90.066064,Inf,Inf,33.271518
06/22/2026 18:03:13,0.000000,0.000000,74.729563,74.082413,63.635685,74.544717,74.887823,76.710892,74.839229,74.710362,35.307551,30.257580,30.168869,29.948462,33.138314,29.893177,29.855637,29.839140,33.885252,37.597163,35.380239,34.573478,34.548633,33.916607,34.407449,33.775311,33.647441,34.143862,36.785950,33.560380,33.287503,34.519219,34.286254,33.499437,32.980977,33.453378,34.915914,75.337025,39.293396,32.103536,26.081088,24.316531,25.143900,33.370252,32.085580,32.340633,75.865860,43.430272,32.021884,24.327229,23.875543,24.043456,30.980748,30.883242,30.974598,34.337923,34.373727,27.791400,27.147720,33.985978,34.051684,25.606467,28.066683,32.193088,37.718757,29.778374,33.944810,31.523276,36.852589,36.806532,33.132276,29.390813,32.425854,31.556321,36.752559,30.992552,35.679803,29.671715,33.344653,31.033949,36.474378,31.340723,35.629738,30.181813,32.638785,31.355216,36.161193,32.449708,36.228699,31.440972,33.962251,32.078847,35.380424,79.216790,82.334518,133.953747,85.749815,134.906333,50.902751,43.436279,145.002513,121.870000,3.723500,385.170000,120.750000,2.846200,261.290000,646764.536889,10.095656,10.014004,22.007880,87.363327,Inf,Inf,33.270689
06/22/2026 18:04:13,0.000000,0.000000,74.761913,74.072503,63.656476,74.535077,74.903111,76.714345,74.871216,74.689113,35.291683,30.190803,30.137307,29.807519,33.113818,29.750000,29.784865,29.768368,33.859143,37.498243,35.300548,34.479368,34.506433,33.873485,34.423989,33.734131,33.585089,34.085544,36.736231,33.537558,33.263176,34.914553,34.274384,33.255177,32.833508,33.414411,34.916488,76.571594,36.602495,31.937476,26.012467,24.334202,25.181929,33.232953,31.756021,32.054008,76.293997,40.275316,31.958613,24.307498,23.882716,24.034061,30.970061,30.800289,30.925070,34.264190,34.313338,27.850736,27.036723,33.912043,34.006613,25.550340,28.259477,32.192189,37.735098,29.797091,33.960634,31.520442,36.881184,36.810874,33.141971,29.410798,32.441991,31.569364,36.751500,30.983464,35.666337,29.671278,33.360213,31.038860,36.481693,31.344968,35.635323,30.216854,32.628381,31.366364,36.168286,32.439486,36.224505,31.431850,33.978267,32.097126,35.411923,77.405412,81.082100,134.094068,85.246040,135.424226,50.918297,43.281088,136.614663,121.950000,3.669900,377.580000,120.700000,2.785400,252.300000,646824.535317,10.081038,10.102175,21.856438,83.419946,Inf,Inf,33.278610
06/22/2026 18:05:13,0.000000,0.000000,74.720942,74.068289,63.273234,74.518269,74.891802,76.692098,74.843265,74.679749,35.260156,30.095791,30.088212,29.729619,33.074389,29.730065,29.745112,29.724601,33.847986,37.490231,35.268134,34.479053,34.503456,33.865178,34.401289,33.681654,33.553037,34.063279,36.989205,33.598346,33.324056,34.462099,34.440357,33.319613,32.838104,33.329697,35.105528,79.697461,39.939008,31.789318,25.981899,24.334031,25.101554,33.174431,31.747697,32.097331,80.250810,42.532543,31.911725,24.271124,23.841659,24.009577,30.974657,30.764343,30.851247,34.262568,34.291034,27.728303,26.891906,33.911949,33.982101,25.433085,27.876913,32.201922,37.729297,29.780537,33.954827,31.497685,36.864781,36.772769,33.118802,29.370157,32.425647,31.530274,36.747410,30.972215,35.670217,29.648948,33.335741,31.004513,36.469878,31.311242,35.636102,30.180191,32.620712,31.329349,36.196588,32.436783,36.245892,31.434215,33.968534,32.082920,35.389798,82.314940,86.827444,134.643422,89.497334,135.786458,50.873626,43.654302,146.069001,121.720000,3.809000,394.810000,120.800000,2.890300,265.990000,646884.531460,9.569194,9.691601,22.220124,87.853749,Inf,Inf,33.264265
06/22/2026 18:06:13,0.000000,0.000000,74.751457,74.056118,63.224498,74.540548,74.914072,76.706312,74.864207,74.688441,35.267383,30.063828,30.059370,29.700135,33.059667,29.687649,29.662253,29.706398,33.802827,37.508931,35.325005,34.365847,34.432852,33.791409,34.439085,33.629766,33.579563,34.036072,36.801517,33.413414,32.939309,34.507060,34.511941,33.301098,32.709960,33.269624,35.001693,79.752854,40.707146,31.720207,25.889956,24.201671,25.019594,33.151223,31.769428,31.955731,81.043032,43.467626,31.832375,24.164523,23.726914,23.892611,30.841759,30.683644,30.823584,34.221703,34.228841,27.670655,26.730029,33.842961,33.936651,25.410114,28.215524,32.182183,37.739744,29.776810,33.971426,31.481817,36.861855,36.781441,33.131958,29.379791,32.428639,31.544854,36.752344,30.963815,35.682689,29.675076,33.343114,31.011908,36.464787,31.323494,35.636169,30.193632,32.617666,31.350109,36.191538,32.424147,36.215121,31.443793,33.977165,32.084005,35.377140,85.501861,88.836520,134.150970,90.588513,135.694321,50.853590,43.522031,159.670005,121.910000,3.858400,402.210000,120.690000,2.962400,276.890000,646944.529197,9.628777,9.740945,22.091430,93.908385,Inf,Inf,33.266941
06/22/2026 18:07:13,0.000000,0.000000,74.719801,74.065033,63.224961,74.518600,74.881572,76.719831,74.838620,74.666230,35.218426,29.955293,29.916505,29.623444,33.014778,29.643956,29.619262,29.588048,33.774652,37.500336,35.208230,34.384934,34.396028,33.761661,34.357254,33.608264,33.464538,33.961073,36.502420,33.470758,33.043938,34.571556,34.212563,33.115944,32.762752,33.212174,34.652972,78.910974,40.726431,31.666659,25.797007,24.139033,24.911335,33.089449,31.762306,31.950510,80.308829,43.251846,31.766832,24.085670,23.640928,23.794993,30.750404,30.627610,30.748836,34.156579,34.180404,27.680865,26.671426,33.790484,33.879296,25.375601,27.736552,32.209299,37.693758,29.776337,33.946510,31.474191,36.873747,36.791204,33.125321,29.375807,32.436830,31.530336,36.741202,30.961951,35.679950,29.651348,33.363459,31.012705,36.462681,31.301769,35.636531,30.181960,32.628259,31.323727,36.200299,32.419159,36.225411,31.420286,33.966112,32.051118,35.399346,84.679484,88.005066,133.725161,89.783640,135.236011,50.799087,43.459295,157.973400,121.900000,3.841000,399.920000,120.810000,2.947800,275.000000,647004.526209,9.636345,9.736518,22.030314,93.172452,Inf,Inf,33.262020
06/22/2026 18:08:13,0.000000,0.000000,74.712457,74.068677,63.159687,74.527496,74.878635,76.742614,74.828883,74.684380,35.142046,29.931086,29.860641,29.576330,32.952697,29.596842,29.536309,29.531849,33.718564,37.451139,35.161995,34.364675,34.297220,33.756041,34.159742,33.580714,33.375245,33.922898,36.604658,34.012139,33.015590,34.046202,34.248170,33.258704,32.667741,33.226546,35.167538,77.996265,40.248051,31.540462,25.747356,24.044540,24.864948,33.108703,31.832389,32.135516,79.216933,42.611962,31.744271,24.016432,23.592697,23.751247,30.754557,30.614507,30.700525,34.144416,34.147716,27.660042,26.763200,33.768468,33.882149,25.279634,27.618237,32.183930,37.699940,29.780344,33.956835,31.483661,36.865897,36.789172,33.133058,29.370637,32.447260,31.524297,36.749340,30.959899,35.675694,29.636494,33.348214,30.999198,36.491376,31.311942,35.641579,30.170991,32.649781,31.323143,36.198391,32.428808,36.211169,31.425558,33.987205,32.070482,35.394254,83.450039,86.798630,133.231747,88.780471,134.812551,50.679787,43.258266,155.767425,121.980000,3.825400,397.670000,120.800000,2.931200,272.800000,647064.522626,9.706321,9.910130,21.834141,92.207604,Inf,Inf,33.263618
06/22/2026 18:09:13,0.000000,0.000000,74.691411,74.071295,63.612868,74.518117,74.892918,76.728202,74.823879,74.699658,35.433848,30.902056,30.791535,30.596382,33.393598,30.577217,30.485511,30.560391,34.070376,37.682002,35.593817,34.985289,34.862896,34.164540,34.801359,34.201491,34.061854,34.537165,37.450310,35.056976,34.627385,35.857924,36.012494,34.920563,34.651508,35.396418,35.880238,77.275704,40.475708,32.218202,26.852432,25.222718,26.132737,33.538425,32.408404,32.740309,78.912807,43.283084,32.310923,25.134247,24.657371,24.827405,31.566913,31.442723,31.575490,35.016436,35.303990,28.349557,27.508469,34.887116,35.015713,26.228212,28.629602,32.183935,37.731763,29.772324,33.950270,31.468608,36.858472,36.796035,33.148397,29.390935,32.428544,31.550996,36.752589,30.960052,35.646162,29.640751,33.349345,31.009245,36.468311,31.296297,35.624895,30.162228,32.633923,31.342100,36.183579,32.435278,36.231928,31.438874,34.004842,32.049888,35.399007,82.465188,85.966150,133.126400,88.161654,134.427850,50.692957,44.658862,154.740592,121.980000,3.824700,398.380000,120.760000,2.937500,273.160000,647124.520734,9.027775,9.120496,23.190427,91.755365,Inf,Inf,33.263652
06/22/2026 18:10:13,0.000000,0.000000,74.730420,74.082002,63.642547,74.509534,74.873777,76.733551,74.819429,74.678728,35.452871,30.769663,30.627045,30.414050,33.284259,30.303057,30.325158,30.370625,34.092538,37.673129,35.564983,34.752871,34.763073,34.072176,34.640459,34.080868,33.950836,34.428432,36.960777,33.914428,33.450142,35.329872,34.847937,33.971106,33.423762,33.891017,35.124020,75.776687,41.058080,32.430803,26.672236,24.952372,25.762084,33.541902,32.421229,32.619714,77.324814,44.438596,32.474760,24.935305,24.502452,24.659084,31.408673,31.319224,31.427939,34.708574,34.835470,28.448750,27.331037,34.354166,34.487729,26.171292,28.912730,32.194001,37.724524,29.779288,33.970338,31.493201,36.865195,36.780344,33.141523,29.370212,32.426642,31.534389,36.746934,30.970399,35.660880,29.637706,33.350755,30.995507,36.463155,31.315167,35.628980,30.181049,32.645139,31.335047,36.187197,32.418895,36.224557,31.441704,34.003528,32.070378,35.386616,80.836861,84.091648,133.357298,86.841181,134.371774,50.954137,44.370333,150.477390,121.970000,3.777600,392.680000,120.830000,2.899000,268.210000,647184.517109,9.517794,9.561751,22.913009,89.855988,Inf,Inf,33.264775
06/22/2026 18:11:13,0.000000,0.000000,74.739917,74.074592,63.191381,74.512591,74.898378,76.736601,74.829976,74.686740,35.444583,30.586173,30.483213,30.240615,33.260229,30.185784,30.193159,30.219460,34.048277,37.666632,35.530552,34.711587,34.696061,34.075694,34.644402,33.989809,33.851110,34.340304,36.907874,33.825354,33.523006,34.782303,34.485968,33.672699,33.016725,33.655238,35.047796,74.479747,39.227542,32.373928,26.447604,24.667916,25.511647,33.504540,32.248562,32.344046,75.284887,44.172217,32.384116,24.678583,24.219070,24.367236,31.325307,31.173638,31.307311,34.564073,34.685212,28.151641,27.195651,34.196982,34.336342,25.976786,28.532946,32.174758,37.734580,29.756885,33.969003,31.478049,36.894388,36.803238,33.149856,29.356274,32.443286,31.500714,36.773738,30.951496,35.676200,29.614986,33.345445,30.984834,36.497443,31.320279,35.641200,30.159464,32.652957,31.335070,36.213341,32.423811,36.236277,31.428102,34.012480,32.061105,35.404416,78.663521,81.701537,133.511001,85.313425,134.674760,50.923967,43.716359,144.750337,121.950000,3.717400,384.740000,120.830000,2.843200,260.660000,647244.514392,10.093501,10.103689,22.280427,87.247013,Inf,Inf,33.266456
06/22/2026 18:12:13,0.000000,0.000000,74.738853,74.062533,63.397175,74.509820,74.902790,76.710651,74.848375,74.679367,35.421344,30.462069,30.432205,30.093735,33.256461,30.073227,30.050985,30.026019,34.064953,37.622244,35.513520,34.683872,34.685202,34.037302,34.564586,33.895275,33.811549,34.277245,36.929510,33.775134,33.153319,34.915352,34.577364,33.410163,33.081459,33.480502,35.202804,77.474826,37.660934,32.315072,26.327367,24.608368,25.436047,33.552492,32.306822,32.471621,77.376645,40.942666,32.263642,24.595891,24.168905,24.356021,31.272260,31.075062,31.153488,34.476570,34.569966,28.120047,27.209807,34.125383,34.232799,25.843435,28.020568,32.182268,37.722594,29.759060,33.972968,31.483810,36.885510,36.808599,33.149019,29.400032,32.443125,31.538868,36.755132,30.949244,35.680608,29.654206,33.351200,31.001746,36.473764,31.313372,35.637632,30.182622,32.649821,31.328810,36.213320,32.427348,36.223216,31.423869,33.997212,32.071613,35.410891,78.825272,82.657797,134.305810,86.349499,135.582751,50.937206,43.680329,138.982981,121.990000,3.705600,382.390000,120.850000,2.816400,255.990000,647304.512093,10.069651,10.018221,22.245421,84.549281,Inf,Inf,33.269716
06/22/2026 18:13:13,0.000000,0.000000,74.725100,74.041157,63.384093,74.488125,74.901383,76.736649,74.839789,74.670779,35.404216,30.355247,30.304876,29.984201,33.265488,29.964139,29.958176,29.867668,34.009615,37.603394,35.438340,34.611702,34.616582,34.013024,34.547651,33.840582,33.710020,34.222381,37.072987,33.715350,33.422563,34.674476,34.612815,33.471433,32.992635,33.419713,34.994947,79.626355,40.456100,32.183707,26.189273,24.475450,25.305696,33.454106,32.153105,32.270254,80.249386,42.628566,32.160289,24.447185,24.044233,24.187051,31.134366,30.954907,31.093940,34.451440,34.504626,28.065028,27.018290,34.085960,34.186724,25.687490,28.194261,32.150301,37.734598,29.735054,33.967523,31.466762,36.872565,36.779356,33.136531,29.355837,32.453321,31.527249,36.746231,30.932703,35.661948,29.616343,33.345464,30.984408,36.465170,31.284669,35.619414,30.154931,32.615969,31.325286,36.184582,32.404702,36.213733,31.408089,33.978007,32.042569,35.375764,81.807748,86.464860,134.412485,89.439148,135.859080,50.951599,43.951669,145.008016,121.850000,3.803400,394.330000,120.780000,2.885500,265.150000,647364.508897,9.675057,9.651639,22.508650,87.365863,Inf,Inf,33.251303
06/22/2026 18:14:13,0.000000,0.000000,74.706471,74.034353,63.258564,74.472559,74.881600,76.730397,74.840159,74.665233,35.354602,30.239819,30.203265,29.887643,33.139464,29.902802,29.835370,29.848746,33.935940,37.572481,35.391832,34.581281,34.532478,33.970148,34.457832,33.809303,33.656806,34.190063,36.873141,33.675461,33.229723,34.155309,34.360356,33.414571,33.135300,33.406812,35.118633,79.978290,41.545752,31.969112,26.081056,24.361260,25.181801,33.435001,32.217626,32.427719,81.113336,43.557842,32.083479,24.329646,23.928263,24.065275,31.040342,30.912546,31.060493,34.398610,34.469751,27.880412,27.003201,34.015915,34.133999,25.632145,28.356664,32.173401,37.751350,29.744378,33.976736,31.475117,36.884399,36.807732,33.129925,29.379089,32.466591,31.540541,36.738975,30.959262,35.668859,29.642590,33.362730,30.999942,36.490810,31.301125,35.625882,30.151631,32.646033,31.360868,36.199573,32.439782,36.242480,31.419197,34.000844,32.083264,35.418062,85.321719,88.829785,134.276269,90.668906,135.770455,50.921829,43.675279,158.324310,121.770000,3.862700,402.580000,120.500000,2.965100,276.730000,647424.505350,9.728598,9.842965,22.240514,93.325099,Inf,Inf,33.269372
06/22/2026 18:15:13,0.000000,0.000000,74.693030,74.095328,63.214528,74.497274,74.890672,76.769379,74.838475,74.730735,35.344468,30.247012,30.188168,29.800241,33.184341,29.844829,29.781119,29.827491,33.916463,37.617181,35.332501,34.500966,34.528474,33.969249,34.338610,33.786801,33.665587,34.210822,36.828357,33.816585,33.195735,34.587320,34.409843,33.267282,32.993039,33.255268,35.089348,79.383419,40.994905,31.888915,25.973871,24.280781,25.098875,33.269982,31.836797,32.300985,80.573455,43.133107,31.980132,24.216764,23.800016,23.942865,30.939457,30.763308,30.885418,34.343640,34.358297,27.862926,26.792333,33.922649,34.064720,25.459960,27.932788,32.163731,37.729816,29.762333,33.962357,31.476726,36.852819,36.812126,33.138785,29.379951,32.454468,31.535972,36.741443,30.946598,35.666900,29.614023,33.347150,30.974958,36.457275,31.313704,35.623481,30.147432,32.635617,31.322968,36.201759,32.424184,36.242140,31.425538,33.981345,32.054372,35.393279,85.039571,88.283090,133.980885,90.122115,135.419441,50.870620,43.658284,159.151895,121.870000,3.842900,400.930000,120.770000,2.956300,275.820000,647484.502366,9.664920,9.756137,22.223995,93.684204,Inf,Inf,33.259442
06/22/2026 18:16:13,0.000000,0.000000,74.695453,74.047431,63.121457,74.450455,74.900485,76.712567,74.833969,74.686087,35.287773,30.142736,30.090577,29.726366,33.098260,29.745539,29.710912,29.735882,33.857002,37.567276,35.303730,34.519298,34.476260,33.913890,34.460882,33.714210,33.605313,34.134166,37.033738,33.372081,33.210193,34.302244,34.392774,33.587850,32.736182,33.383362,34.935608,78.677032,40.682711,31.771662,25.923706,24.229201,25.023094,33.230696,31.984956,32.091353,79.976443,42.934629,31.900804,24.180018,23.729076,23.917161,30.950418,30.769945,30.896511,34.291668,34.328527,27.845480,26.700926,33.925487,34.011620,25.529895,28.007692,32.162756,37.716474,29.763586,33.940346,31.484490,36.864067,36.810679,33.115108,29.374478,32.433941,31.535907,36.715358,30.944389,35.646983,29.636693,33.333749,30.979788,36.453353,31.294160,35.620399,30.173754,32.616514,31.319777,36.187962,32.438347,36.205454,31.433619,33.988142,32.073201,35.388541,84.275762,87.594076,133.734442,89.412119,135.048897,50.797552,43.529024,157.249081,121.800000,3.831400,399.210000,120.840000,2.942500,273.890000,647544.498817,9.673422,9.802564,22.098240,92.856651,Inf,Inf,33.255067
06/22/2026 18:17:13,0.000000,0.000000,74.693524,74.049306,63.660391,74.497073,74.898498,76.722388,74.848539,74.718829,35.276809,30.095153,30.084008,29.672746,33.100371,29.741860,29.674802,29.687733,33.803388,37.502859,35.249326,34.443758,34.424234,33.884917,34.372143,33.711997,33.549458,34.075239,36.987410,33.446392,33.098588,34.251154,34.334589,33.275911,32.890834,33.389504,34.963023,77.777066,40.386499,31.685391,25.858159,24.118344,24.951963,33.244473,31.931502,32.088738,79.083212,42.944782,31.883504,24.077120,23.653833,23.834766,30.909419,30.745488,30.868045,34.216717,34.257147,27.723235,26.629007,33.879320,33.953915,25.385464,28.022116,32.166456,37.712637,29.774874,33.983596,31.476654,36.889022,36.810774,33.123648,29.392859,32.450663,31.526369,36.746282,30.945677,35.670416,29.619423,33.334314,30.996398,36.471799,31.313176,35.630984,30.165235,32.641815,31.343067,36.184097,32.449589,36.238959,31.440158,34.011116,32.073979,35.403498,83.177228,86.529351,133.426841,88.525110,134.758716,50.783651,43.413554,155.246239,122.010000,3.813400,396.910000,120.720000,2.927600,272.080000,647604.498051,9.699668,9.897781,21.985723,91.978313,Inf,Inf,33.266251
06/22/2026 18:18:13,0.000000,0.000000,74.684248,74.070894,63.247175,74.484121,74.891889,76.703989,74.808124,74.693620,35.220482,30.006849,29.973411,29.559405,33.028288,29.636551,29.590228,29.627240,33.782485,37.404250,35.235997,34.451225,34.373571,33.871076,34.335904,33.647746,33.482096,34.037223,36.966783,34.048321,33.010172,34.181065,34.398087,33.305723,32.879404,33.190558,35.322694,77.050424,39.935300,31.626527,25.824859,24.119916,24.917251,33.122439,31.744141,32.079781,78.308029,42.792361,31.818450,24.050242,23.638340,23.803154,30.829831,30.650055,30.777074,34.154519,34.234941,27.667861,26.504401,33.820313,33.944642,25.288019,27.627064,32.149564,37.727237,29.731194,33.974696,31.458366,36.871306,36.803777,33.130397,29.373764,32.444410,31.517433,36.745034,30.935508,35.682901,29.629879,33.347843,30.983674,36.482410,31.285984,35.651445,30.162195,32.638337,31.308958,36.218387,32.418649,36.243374,31.426334,34.009816,32.045083,35.420370,82.236192,85.615323,133.393625,87.860818,134.810533,50.757429,43.382185,152.962733,121.890000,3.795900,395.010000,120.830000,2.909500,269.960000,647664.494865,9.671400,9.863323,21.955127,90.967586,Inf,Inf,33.260611
06/22/2026 18:19:13,0.000000,0.000000,74.663597,74.053611,63.333749,74.480241,74.887166,76.718667,74.822640,74.682362,35.494143,30.971155,30.877126,30.667093,33.562706,30.698291,30.595165,30.678510,34.200462,37.689982,35.677581,35.010410,34.966511,34.264252,34.841728,34.278284,34.195439,34.626754,37.925796,35.012610,34.617022,35.958749,35.970706,35.048553,34.760862,35.337263,35.951780,75.626623,41.022628,32.332684,26.849929,25.229605,26.086714,33.498013,32.306984,32.652029,77.637607,44.774510,32.372256,25.118977,24.585336,24.824734,31.668057,31.528034,31.654115,35.103552,35.380606,28.403938,27.403921,34.952242,35.124277,26.349258,28.924064,32.172378,37.706586,29.757176,33.960816,31.476962,36.881808,36.818837,33.139749,29.383148,32.464992,31.543840,36.740921,30.955875,35.672580,29.631596,33.348221,30.980488,36.473616,31.294955,35.646440,30.169641,32.639984,31.310674,36.208581,32.404793,36.229266,31.439314,33.995470,32.059630,35.394083,81.066671,84.372327,133.284322,87.051415,134.387064,50.764881,44.756074,151.538699,122.010000,3.794300,394.370000,120.830000,2.911900,269.960000,647724.491907,9.049017,9.088589,23.283667,90.332160,Inf,Inf,33.263414
06/22/2026 18:20:13,0.000000,0.000000,74.698579,74.066206,63.376056,74.463011,74.907542,76.710757,74.844103,74.670869,35.506779,30.783322,30.694633,30.463916,33.502357,30.467036,30.466520,30.400551,34.171395,37.689768,35.636163,34.924894,34.803378,34.248340,34.774036,34.179030,34.054793,34.474647,36.905552,33.983316,33.691413,35.149524,34.948670,33.940980,33.436377,33.995532,35.300626,75.287043,39.598818,32.502459,26.769814,24.975374,25.803412,33.663806,32.415197,32.717013,76.133855,44.384161,32.549570,24.993996,24.522341,24.705372,31.533174,31.406014,31.485766,34.747959,34.890546,28.502380,27.695027,34.421707,34.553485,26.292498,28.852177,32.165195,37.695033,29.733480,33.963061,31.460057,36.849097,36.788312,33.121527,29.375568,32.434286,31.529124,36.709753,30.940081,35.650231,29.625771,33.338862,30.975112,36.456581,31.280478,35.624977,30.163648,32.617995,31.317329,36.184644,32.430566,36.228164,31.405680,33.999287,32.060341,35.404985,79.335069,82.420682,133.727324,85.846067,134.786866,51.029399,44.075879,145.874447,121.960000,3.726500,386.460000,120.750000,2.857400,262.370000,647784.488607,9.873618,9.920729,22.628841,87.764462,Inf,Inf,33.250974
06/22/2026 18:21:13,0.000000,0.000000,74.640953,74.052940,63.180585,74.463543,74.908075,76.711288,74.838839,74.666026,35.523098,30.650879,30.538116,30.320047,33.403836,30.303108,30.260507,30.232423,34.122935,37.672456,35.592223,34.789736,34.816347,34.202287,34.785049,34.092396,33.969240,34.410440,37.263030,33.877330,33.516098,35.241427,34.630799,33.743960,33.274412,33.693789,35.102241,75.885679,37.725642,32.457173,26.513262,24.739485,25.593176,33.653050,32.491611,32.658414,75.663891,41.626346,32.457626,24.743130,24.316356,24.460482,31.432386,31.272003,31.368690,34.638052,34.755406,28.345884,27.266448,34.297522,34.416452,26.089215,28.565118,32.147659,37.746115,29.732407,33.956825,31.475631,36.865002,36.806795,33.129429,29.378145,32.442733,31.532238,36.729204,30.944074,35.660404,29.626326,33.332306,30.970766,36.473260,31.297269,35.622301,30.169872,32.634878,31.308973,36.196265,32.445799,36.218726,31.423807,33.987132,32.055722,35.405704,77.727145,80.998464,133.909953,84.970346,134.975617,51.020618,43.594188,139.978413,121.950000,3.676500,379.400000,121.010000,2.806000,255.680000,647844.486263,10.295510,10.295963,22.161663,85.020145,Inf,Inf,33.257192
06/22/2026 18:22:13,0.000000,0.000000,74.671570,74.042137,63.597904,74.452259,74.910315,76.726170,74.850078,74.681493,35.501346,30.500636,30.414610,30.139127,33.380354,30.142693,30.114420,30.089900,34.099813,37.667998,35.550976,34.763633,34.709076,34.169952,34.727963,34.015726,33.936130,34.373797,37.200429,33.782046,33.493561,34.923208,34.864670,33.603727,33.142443,33.539234,35.302189,79.114021,39.102860,32.348279,26.379547,24.676730,25.486281,33.567298,32.167256,32.565620,79.371922,42.084611,32.356173,24.647344,24.237995,24.418833,31.285775,31.130019,31.259685,34.554805,34.647147,28.046392,27.265494,34.213135,34.326308,25.932259,28.238627,32.158939,37.725057,29.766004,33.959954,31.447137,36.857945,36.794387,33.115630,29.385260,32.457145,31.517268,36.734882,30.929739,35.650583,29.619668,33.334114,30.971242,36.465504,31.279214,35.636848,30.139037,32.635693,31.321925,36.199394,32.429371,36.237090,31.418673,34.010801,32.037169,35.413820,80.714928,85.093191,134.475649,88.365838,135.728276,50.956675,43.921466,142.194747,121.950000,3.764100,389.570000,120.850000,2.855200,261.590000,647904.483182,9.868884,9.876778,22.479395,86.060596,Inf,Inf,33.254983
06/22/2026 18:23:13,0.000000,0.000000,74.683894,74.087877,63.075894,74.499457,74.894967,76.731511,74.825342,74.704079,35.473072,30.441887,30.391518,30.045439,33.344297,30.052127,30.051182,30.021312,34.092797,37.637590,35.508523,34.679289,34.701469,34.161895,34.536387,33.970952,33.858490,34.334366,36.956806,33.740809,33.255004,34.701048,35.020804,33.407857,33.084898,33.598105,35.023575,80.154396,41.190037,32.200729,26.201056,24.525739,25.320643,33.432523,32.055832,32.358836,81.200633,43.811013,32.224468,24.476380,24.000543,24.204698,31.216542,31.020013,31.164389,34.516265,34.530905,28.059774,27.107946,34.145769,34.227884,25.769636,28.019076,32.170101,37.706976,29.753556,33.966305,31.478461,36.863831,36.813945,33.123278,29.388474,32.462660,31.541504,36.727643,30.957654,35.660613,29.641971,33.325234,30.974814,36.464005,31.308894,35.642891,30.189252,32.622635,31.324606,36.209585,32.444503,36.224964,31.426074,34.002498,32.060889,35.392235,84.519065,88.546169,134.306650,90.558486,135.723788,50.964397,43.881746,153.860241,121.840000,3.861600,402.100000,120.850000,2.954600,274.430000,647964.480588,9.759824,9.783563,22.440905,91.366038,Inf,Inf,33.262335
06/22/2026 18:24:13,0.000000,0.000000,74.685831,74.061060,63.161395,74.464878,74.898848,76.722315,74.843788,74.692104,35.383958,30.331306,30.308572,29.978426,33.349935,29.944096,29.926206,29.933785,34.042153,37.614131,35.451765,34.648543,34.620151,34.128022,34.589041,33.875792,33.792248,34.261507,36.752790,33.784255,33.468445,34.899024,34.680808,33.627031,32.974494,33.448232,35.001682,79.559326,40.958211,32.062868,26.095918,24.436120,25.191800,33.382287,32.085174,32.418572,80.827023,43.790084,32.103551,24.379376,23.899315,24.120950,31.072138,30.987608,31.062026,34.494205,34.479558,28.025973,27.113969,34.078067,34.153530,25.702790,27.967640,32.171776,37.726316,29.748992,33.999315,31.483072,36.880354,36.804346,33.137635,29.379690,32.492869,31.516516,36.747406,30.968645,35.683503,29.664711,33.341229,30.976149,36.473413,31.292522,35.642743,30.169488,32.625155,31.324158,36.214453,32.443166,36.235703,31.418169,34.023224,32.046508,35.420903,85.262623,88.481767,134.060284,90.278046,135.283824,50.907742,43.732091,159.617077,122.010000,3.854400,401.800000,120.780000,2.962700,276.620000,648024.476483,9.767161,9.807844,22.295707,93.885506,Inf,Inf,33.268404
06/22/2026 18:25:13,0.000000,0.000000,74.702777,74.099585,63.583283,74.454537,74.917661,76.709894,74.861240,74.703221,35.415854,30.278246,30.246596,29.891506,33.267306,29.896856,29.832057,29.812439,33.975101,37.568593,35.405661,34.591779,34.562942,34.058347,34.547266,33.857071,33.728095,34.332313,36.911410,33.540655,33.158536,34.829644,34.727187,33.553986,32.775358,33.435835,35.088185,78.594059,40.821271,31.903848,26.002615,24.304642,25.088926,33.308979,31.834908,32.186469,79.842779,43.308505,32.030629,24.237544,23.795430,23.992459,31.073927,30.945861,31.018052,34.384747,34.453888,27.879631,26.774245,34.053848,34.094246,25.619825,27.747329,32.157744,37.715916,29.753213,33.971063,31.469424,36.832296,36.814115,33.109670,29.405146,32.451812,31.531976,36.744382,30.964709,35.629082,29.636605,33.336327,30.984603,36.459425,31.288688,35.629082,30.162875,32.615445,31.346868,36.175478,32.431587,36.209314,31.438394,33.995791,32.064402,35.390858,84.183086,87.423100,133.597637,89.320023,134.990137,50.840046,43.617690,157.245520,121.990000,3.832300,398.790000,120.700000,2.941000,274.020000,648084.474111,9.719324,9.846105,22.184524,92.855096,Inf,Inf,33.257210
06/22/2026 18:26:13,0.000000,0.000000,74.724888,74.083232,63.376597,74.461337,74.908827,76.715411,74.852824,74.697339,35.339395,30.171921,30.163005,29.781947,33.280317,29.808254,29.791814,29.766845,33.952230,37.603724,35.413853,34.572827,34.573714,34.079780,34.536061,33.812107,33.677793,34.169757,36.771057,33.536542,33.205628,34.536859,34.638896,33.403810,32.857010,33.397466,35.114627,77.862622,40.387916,31.840071,25.927308,24.253848,25.038973,33.206919,31.806992,32.185857,79.041693,42.906689,31.955774,24.216459,23.747660,23.967086,31.015255,30.851217,30.943019,34.318901,34.322936,27.820661,26.789252,33.986186,34.039461,25.559726,28.064469,32.156617,37.706843,29.739154,33.960404,31.466747,36.847776,36.806573,33.115871,29.391746,32.471877,31.516430,36.730641,30.941065,35.667603,29.643238,33.340715,30.975634,36.465557,31.300208,35.623297,30.151705,32.634099,31.317406,36.186934,32.433756,36.234929,31.414270,33.997786,32.046375,35.405703,83.124917,86.475517,133.351961,88.480964,134.756676,50.834579,43.514068,154.934013,121.910000,3.817400,396.970000,120.740000,2.930900,272.040000,648144.470661,9.756395,9.872098,22.083676,91.840705,Inf,Inf,33.256365
06/22/2026 18:27:13,0.000000,0.000000,74.697385,74.057822,63.213802,74.432322,74.902218,76.689845,74.842037,74.660351,35.300834,30.118870,30.096134,29.705259,33.166557,29.695895,29.732491,29.694144,33.945570,37.558642,35.329201,34.503621,34.500958,34.008311,34.427778,33.736591,33.636361,34.121691,37.054038,33.562625,33.170686,34.711812,34.663905,33.442186,32.895810,33.398031,34.990157,76.606399,40.092415,31.763542,25.858533,24.183633,24.939485,33.252075,31.897250,32.127078,77.838439,42.880745,31.899542,24.098612,23.651194,23.875565,30.939325,30.785220,30.854297,34.305992,34.293985,27.937510,26.654223,33.949670,34.014491,25.490752,28.038517,32.157443,37.705895,29.755587,33.974313,31.465111,36.837746,36.817904,33.122810,29.365260,32.462346,31.521586,36.740716,30.948093,35.656868,29.632136,33.346982,30.965431,36.463558,31.293295,35.617435,30.160964,32.621988,31.310768,36.191408,32.430688,36.234257,31.417159,34.009051,32.063898,35.404095,81.920436,85.235459,133.245458,87.509827,134.404399,50.801483,43.502317,152.611014,121.950000,3.791100,394.470000,120.840000,2.908200,269.400000,648204.467721,9.691311,9.827311,22.072231,90.811012,Inf,Inf,33.256493
06/22/2026 18:28:13,0.000000,0.000000,74.692533,74.060578,63.229016,74.467757,74.903415,76.708746,74.837581,74.664345,35.299143,30.109145,30.073926,29.658312,33.141986,29.703349,29.689818,29.684913,33.868837,37.495958,35.300473,34.467111,34.441819,33.975775,34.459415,33.692311,33.595753,34.079776,36.772514,34.221375,33.193135,34.313168,34.610455,33.362440,32.785931,33.378422,35.287132,75.296614,40.699668,31.689920,25.800853,24.063192,24.866615,33.129026,31.691493,31.965071,76.679080,44.040439,31.877840,24.001581,23.569730,23.769486,30.916207,30.773655,30.885069,34.234116,34.284347,27.816665,26.625207,33.900853,33.997645,25.472442,28.179560,32.160563,37.712971,29.751133,33.980700,31.473303,36.857825,36.822310,33.116126,29.402705,32.451920,31.543667,36.728800,30.943222,35.670633,29.645235,33.339150,30.975402,36.469993,31.294426,35.636961,30.164561,32.630024,31.330986,36.222123,32.427296,36.222985,31.425419,34.004059,32.052218,35.407533,80.357703,83.460407,133.443689,86.322837,134.596855,50.794995,43.490566,148.746956,122.010000,3.751300,389.640000,120.870000,2.876100,265.320000,648264.465884,9.629136,9.817056,22.060784,89.074771,Inf,Inf,33.262142
06/22/2026 18:29:13,0.000000,0.000000,74.642299,74.057670,63.313875,74.445374,74.876819,76.725627,74.823157,74.694710,35.569526,31.005522,30.910157,30.660527,33.658325,30.750555,30.653965,30.705219,34.238686,37.720527,35.845528,35.140880,35.035359,34.406381,34.956997,34.325738,34.181296,34.648108,37.798609,35.339837,35.094813,35.818049,36.008942,34.980862,34.685099,35.398955,36.033353,75.769249,38.064112,32.370469,26.887116,25.176041,26.092046,33.653009,32.491126,32.909397,75.458931,42.659342,32.419835,25.102404,24.574117,24.768773,31.769599,31.633538,31.766296,35.146917,35.434653,28.459249,27.517895,35.001573,35.143009,26.318535,28.919384,32.144125,37.721394,29.734216,33.996428,31.470819,36.884998,36.818270,33.139623,29.382131,32.483594,31.530393,36.733071,30.937274,35.681555,29.629903,33.355865,30.964982,36.498882,31.276279,35.649656,30.145683,32.640544,31.326805,36.220182,32.426681,36.250112,31.425541,34.031999,32.058864,35.433650,78.006284,81.166848,133.703594,85.050708,134.699124,50.841500,44.215045,142.399336,122.010000,3.696300,382.620000,120.990000,2.833800,259.240000,648324.462127,9.607190,9.656556,22.763279,86.156095,Inf,Inf,33.266451
06/22/2026 18:30:13,0.000000,0.000000,74.663681,74.076530,63.370238,74.437433,74.887048,76.683139,74.838604,74.664100,35.583153,30.862364,30.747829,30.538102,33.539424,30.438259,30.492941,30.419396,34.274083,37.692578,35.730688,34.931741,34.900255,34.304899,34.827381,34.253275,34.102458,34.540478,36.953490,34.098463,33.809762,35.077030,35.061069,34.024221,33.542547,33.936031,35.567852,78.372740,38.272357,32.581092,26.802711,25.117915,25.934529,33.786960,32.594584,32.868868,78.561276,41.706950,32.602357,25.087798,24.643753,24.823185,31.584096,31.427188,31.515850,34.835123,34.963134,28.587911,27.638189,34.511642,34.641187,26.293253,28.588819,32.139256,37.707721,29.736918,34.009329,31.449905,36.842113,36.806848,33.127260,29.392915,32.479475,31.515575,36.740173,30.910558,35.692210,29.637445,33.338498,30.976976,36.469766,31.287068,35.637273,30.154621,32.661912,31.331222,36.236968,32.412852,36.244451,31.406923,34.015340,32.040829,35.435634,79.551125,83.784187,134.239090,87.357442,135.416581,51.055291,44.231361,139.660523,122.020000,3.740600,385.860000,120.900000,2.834900,258.780000,648384.459068,9.802067,9.823332,22.779025,84.870017,Inf,Inf,33.261268
06/22/2026 18:31:13,0.000000,0.000000,74.652644,74.082399,63.187724,74.489805,74.906864,76.742117,74.828437,74.684357,35.524042,30.703973,30.624640,30.394622,33.473277,30.333108,30.305423,30.284918,34.200227,37.685329,35.566580,34.919369,34.858613,34.329797,34.694457,34.148665,34.020322,34.487671,37.232544,33.861369,33.581068,34.653094,34.815880,33.752511,33.481098,33.725402,35.231326,80.185233,41.550078,32.484324,26.571776,24.899199,25.634110,33.683051,32.303234,32.697432,81.169286,43.616370,32.518524,24.861211,24.379714,24.621392,31.511490,31.355207,31.417584,34.732420,34.801049,28.417241,27.646335,34.352897,34.471819,26.107888,28.477900,32.169702,37.725581,29.759398,34.026512,31.463139,36.861005,36.807243,33.143656,29.388853,32.478542,31.517314,36.767575,30.948853,35.677561,29.637774,33.353488,30.967500,36.481123,31.282461,35.633699,30.171978,32.648987,31.353829,36.238180,32.436312,36.259354,31.422812,34.041813,32.047340,35.431482,83.740684,88.189163,134.227002,90.447549,135.618982,51.048754,44.225534,150.923473,121.920000,3.855800,401.460000,120.760000,2.939500,272.370000,648444.457668,9.710922,9.745122,22.773402,90.056402,Inf,Inf,33.271436
06/22/2026 18:32:13,0.000000,0.000000,74.663864,74.075444,63.640189,74.485271,74.896840,76.720733,74.851157,74.691868,35.490157,30.565154,30.501417,30.211317,33.462519,30.250100,30.184546,30.124809,34.143205,37.684239,35.616885,34.856301,34.780903,34.290204,34.665109,34.067803,33.894698,34.479710,37.144572,33.877824,33.511449,34.779191,34.883415,33.662921,33.105792,33.719364,35.106933,79.856372,41.291811,32.357039,26.336045,24.640327,25.428891,33.492519,32.051401,32.364744,81.014117,43.898409,32.401604,24.583852,24.159950,24.358258,31.413055,31.244273,31.388636,34.596248,34.717287,28.301732,27.259644,34.295199,34.379961,25.976023,28.211853,32.175407,37.711804,29.758427,34.004752,31.470707,36.856574,36.819317,33.129120,29.397457,32.476746,31.554276,36.750209,30.959437,35.663273,29.658052,33.343924,30.989102,36.467337,31.295316,35.627828,30.150468,32.642205,31.320177,36.206956,32.447644,36.248220,31.428537,34.034295,32.046924,35.423090,85.465006,88.713704,134.326797,90.540623,135.465470,50.995868,43.976919,160.074329,121.950000,3.858500,402.440000,120.900000,2.970600,277.310000,648504.452931,9.823940,9.868505,22.533099,94.082993,Inf,Inf,33.268586
06/22/2026 18:33:13,0.000000,0.000000,74.699316,74.068212,63.461595,74.491591,74.902313,76.714812,74.861421,74.687345,35.509753,30.472097,30.411923,30.104704,33.392255,30.085088,30.088800,30.048230,34.101576,37.692733,35.515514,34.763982,34.756885,34.223119,34.701584,34.015074,33.943828,34.408560,37.083830,33.823939,33.433288,34.739301,34.773898,33.759326,33.085308,33.539434,35.095367,79.259813,41.393501,32.239650,26.179466,24.460706,25.253850,33.587412,32.319107,32.501672,80.312858,43.478979,32.246833,24.419208,23.937703,24.197383,31.233322,31.139477,31.255775,34.589067,34.610878,28.239308,27.053711,34.198399,34.256098,25.815045,28.185100,32.158967,37.705200,29.744184,33.988405,31.483262,36.849576,36.830018,33.135870,29.393528,32.474829,31.534980,36.748457,30.957226,35.656644,29.628243,33.339103,30.987387,36.475843,31.313682,35.626959,30.152715,32.663568,31.342523,36.218091,32.438815,36.259384,31.435763,34.034360,32.053666,35.432463,84.747864,87.939554,133.863871,89.834110,135.040637,50.975936,43.739666,158.263613,121.970000,3.841700,400.470000,120.760000,2.952800,275.220000,648564.450898,9.936587,9.943770,22.303063,93.298712,Inf,Inf,33.268790
06/22/2026 18:34:13,0.000000,0.000000,74.674088,74.071721,63.123787,74.490393,74.866473,76.720362,74.825903,74.686470,35.415618,30.366269,30.301188,29.984682,33.324178,30.022132,29.945261,29.971120,34.040127,37.601506,35.557866,34.722192,34.673399,34.237227,34.626634,33.935620,33.771849,34.345857,36.858998,33.803379,33.363348,34.724036,34.809196,33.649885,32.867409,33.607322,35.084651,78.491816,40.894757,32.149129,26.107904,24.423506,25.169336,33.515914,32.154052,32.507730,79.718073,43.448538,32.180105,24.352086,23.884886,24.117716,31.192795,31.068903,31.156241,34.489960,34.540355,28.084903,26.878225,34.174485,34.205999,25.774864,28.075391,32.173291,37.727821,29.754524,34.006626,31.469023,36.868617,36.831703,33.124674,29.397010,32.467057,31.531205,36.726927,30.961834,35.662111,29.659752,33.343396,30.979660,36.484636,31.288226,35.643503,30.170252,32.626362,31.355739,36.213514,32.454678,36.230549,31.433923,34.038910,32.070688,35.407311,83.851254,87.141709,133.578348,89.103240,134.821476,50.906874,43.623031,156.253001,121.770000,3.823100,398.200000,120.750000,2.937800,273.100000,648624.448182,9.959410,9.990386,22.189719,92.420767,Inf,Inf,33.270117
06/22/2026 18:35:13,0.000000,0.000000,74.678436,74.042665,63.410030,74.480235,74.901101,76.735102,74.848803,74.686133,35.434005,30.275106,30.219384,29.907933,33.338334,29.909271,29.903304,29.971073,34.019479,37.594651,35.419823,34.628532,34.621877,34.189672,34.541408,33.916036,33.760153,34.275145,36.873448,33.629133,33.399784,34.631770,34.874836,33.486862,32.826599,33.482591,35.091396,77.483415,40.374459,31.960545,26.014970,24.318357,25.099923,33.496733,32.235848,32.333941,78.624048,43.040955,32.109304,24.284001,23.791213,24.043763,31.108054,30.997751,31.058355,34.455053,34.455565,27.972825,26.947741,34.096194,34.156121,25.632519,28.253656,32.157460,37.690887,29.777452,34.002718,31.442825,36.848797,36.792601,33.134725,29.388811,32.483058,31.517382,36.733233,30.924068,35.659122,29.634275,33.334450,30.954200,36.443881,31.278387,35.621462,30.142725,32.654048,31.322708,36.223638,32.415918,36.236711,31.397351,34.032987,32.031817,35.423558,82.650418,85.954060,133.525852,88.120890,134.570989,50.888912,43.590886,153.972247,121.840000,3.808600,396.050000,120.620000,2.917700,271.150000,648684.446157,9.802094,9.950853,22.158451,91.415654,Inf,Inf,33.256708
06/22/2026 18:36:13,0.000000,0.000000,74.669370,74.049661,63.753219,74.493367,74.902398,76.733867,74.880288,74.671143,35.399573,30.258304,30.175834,29.794326,33.263326,29.828213,29.841181,29.797040,33.984542,37.575339,35.388936,34.610875,34.584257,34.136052,34.564774,33.852392,33.777574,34.268588,37.306959,33.829087,33.343554,34.602246,34.463821,33.237351,33.189737,33.427022,34.972531,76.188304,40.824184,31.847994,25.959204,24.220880,25.009014,33.293587,32.021254,32.326502,77.534501,43.238603,32.014766,24.178613,23.717666,23.939337,31.041559,30.929695,31.043329,34.362880,34.399024,27.917733,26.835946,34.012614,34.121377,25.530896,28.025371,32.148342,37.690229,29.736213,34.004663,31.467944,36.851177,36.823360,33.120736,29.408222,32.491929,31.519138,36.737718,30.951758,35.663613,29.643705,33.334071,30.974764,36.461477,31.292091,35.646777,30.155269,32.635875,31.345942,36.213963,32.437335,36.245901,31.421302,34.038860,32.054617,35.429864,81.470787,84.723915,133.166595,87.173723,134.498832,50.872040,43.514165,151.988343,121.840000,3.792900,394.040000,120.670000,2.907400,269.260000,648744.443270,9.764224,9.930996,22.083770,90.533228,Inf,Inf,33.264895
06/22/2026 18:37:13,0.000000,0.000000,74.621155,74.042432,63.204638,74.469665,74.879552,76.698424,74.837791,74.660752,35.316888,30.167115,30.093111,29.793456,33.270458,29.793456,29.790564,29.791456,33.931459,37.472987,35.440984,34.590046,34.539470,34.142732,34.505978,33.782441,33.626368,34.194711,36.836189,33.574842,33.274291,34.618273,34.534424,33.355163,33.031598,33.454657,35.001444,75.149082,40.161315,31.746783,25.881002,24.085706,24.939287,33.308757,31.864979,32.280279,76.311072,44.068169,32.019728,24.051979,23.599486,23.799685,31.049642,30.923504,31.066549,34.295472,34.390659,27.795933,26.892286,33.993578,34.120544,25.500543,27.814542,32.134409,37.739144,29.739641,34.010889,31.453698,36.867114,36.797306,33.101228,29.380174,32.475613,31.513489,36.726945,30.936006,35.656370,29.633607,33.332451,30.950858,36.466376,31.263159,35.632002,30.147981,32.631718,31.329169,36.229172,32.445500,36.271608,31.404847,34.051972,32.045063,35.427441,79.782398,82.832283,133.738852,85.993767,134.729206,50.846740,43.390732,146.895129,121.900000,3.732700,386.950000,120.860000,2.862500,263.230000,648804.439941,9.783318,10.056263,21.963465,88.232005,Inf,Inf,33.259832
06/22/2026 18:38:13,0.000000,0.000000,74.656275,74.045014,63.832413,74.506294,74.903491,76.730742,74.842056,74.708542,35.320960,30.140897,30.110136,29.740561,33.253292,29.819037,29.752340,29.717560,33.947971,37.520809,35.322733,34.566254,34.457995,34.138458,34.386739,33.788780,33.616208,34.188553,36.885791,34.203200,33.056981,34.478093,34.597440,33.344072,32.976538,33.424062,35.236034,75.642417,37.232138,31.738082,25.836070,24.066226,24.923313,33.184460,31.785370,32.126392,75.262017,41.247213,31.948176,24.044518,23.584837,23.796235,31.052448,30.848263,30.931598,34.296877,34.300277,27.805904,26.608771,33.965328,34.056340,25.426476,27.752905,32.149062,37.697572,29.752986,34.031463,31.465880,36.879209,36.812756,33.155861,29.388167,32.498605,31.528498,36.758794,30.949812,35.687375,29.636224,33.373716,30.979320,36.487745,31.288682,35.643514,30.151539,32.686410,31.334458,36.234870,32.460122,36.300066,31.421013,34.067428,32.046762,35.469904,77.570442,80.704709,134.055852,84.750611,135.167584,50.856791,43.070931,139.421943,122.040000,3.665100,378.220000,120.940000,2.796200,254.670000,648864.437026,10.087211,10.297305,21.650871,84.757196,Inf,Inf,33.277927
06/22/2026 18:39:13,0.000000,0.000000,74.695267,74.066275,63.198377,74.512575,74.929623,76.740800,74.833556,74.701307,35.638955,31.062426,30.967064,30.725444,33.719020,30.786947,30.708313,30.730597,34.298911,37.778723,35.793568,35.121664,35.105703,34.498078,34.954754,34.379852,34.304839,34.725893,37.740437,35.355950,34.735430,35.991047,36.031789,35.431072,34.754588,35.454645,35.939758,79.825208,39.518091,32.461493,26.939556,25.311295,26.215385,33.565043,32.350536,32.797133,80.205123,42.781652,32.470403,25.181881,24.666286,24.879271,31.807002,31.658709,31.793247,35.235799,35.493450,28.594305,27.534023,35.065919,35.174095,26.433434,29.001504,32.172200,37.715247,29.755659,34.005170,31.463106,36.847701,36.822320,33.122803,29.416094,32.482529,31.542246,36.723343,30.945747,35.660295,29.658324,33.327754,30.970212,36.465775,31.299982,35.616875,30.167533,32.629876,31.338272,36.243973,32.457702,36.262595,31.433203,34.048098,32.064768,35.428450,81.349123,85.810012,134.436805,88.858862,135.689088,50.900117,44.616131,144.239510,121.870000,3.790100,392.670000,120.860000,2.881600,264.870000,648924.433050,9.312088,9.320998,23.149405,87.010986,Inf,Inf,33.269595
06/22/2026 18:40:13,0.000000,0.000000,74.627564,74.060686,63.520774,74.514361,74.892966,76.718554,74.844560,74.683158,35.604612,30.903109,30.768967,30.534190,33.578614,30.526613,30.522494,30.484162,34.284481,37.722376,35.753029,34.950465,34.965985,34.401741,34.849691,34.255629,34.128323,34.585849,37.512520,34.154512,33.711796,34.874122,35.033759,34.209065,33.383409,34.034504,35.175524,80.182276,41.760702,32.584382,26.755711,25.062801,25.831708,33.671487,32.409099,32.564126,81.484283,44.439478,32.621909,25.025154,24.576176,24.778439,31.689233,31.535318,31.618630,34.861155,35.008790,28.626266,27.532693,34.553222,34.659250,26.314577,28.241238,32.165993,37.702896,29.750331,34.012621,31.456772,36.861761,36.823651,33.149918,29.382203,32.487686,31.515335,36.720704,30.931057,35.643032,29.634463,33.356410,30.962855,36.464990,31.276022,35.654994,30.141692,32.631671,31.333144,36.214084,32.419664,36.257826,31.421274,34.048824,32.044578,35.429618,85.643476,89.069543,134.079634,90.858810,135.416527,51.105733,44.375674,159.903891,121.890000,3.869000,403.890000,120.730000,2.977300,278.440000,648984.430632,9.666229,9.703756,22.918153,94.009425,Inf,Inf,33.263202
06/22/2026 18:41:13,0.000000,0.000000,74.597696,74.069279,63.481517,74.509009,74.884236,76.746517,74.835473,74.690971,35.555471,30.764553,30.627283,30.378410,33.498879,30.353448,30.291346,30.256575,34.201527,37.732140,35.649847,34.946255,34.858892,34.381998,34.886691,34.136422,34.055148,34.518484,37.339300,33.882438,33.542726,34.843681,34.741226,33.781238,33.282108,33.784530,35.255326,79.398169,41.550620,32.523125,26.548235,24.834017,25.628643,33.694942,32.539346,32.759173,80.578125,43.589542,32.539281,24.818110,24.339327,24.566693,31.566188,31.394793,31.468307,34.776263,34.837269,28.593792,27.311582,34.400509,34.491028,26.144222,28.411454,32.155948,37.715459,29.757210,34.011092,31.474842,36.858910,36.826868,33.111371,29.414880,32.489483,31.538074,36.724652,30.948402,35.652745,29.654564,33.336005,30.989627,36.468664,31.300663,35.637681,30.174201,32.632971,31.363922,36.216332,32.445055,36.281423,31.437448,34.043240,32.063013,35.450191,84.927013,88.217128,133.740884,90.060028,135.024902,51.089165,44.088990,158.869937,121.870000,3.852600,401.510000,120.720000,2.960800,276.390000,649044.427969,9.881608,9.897764,22.641517,93.561998,Inf,Inf,33.272498
06/22/2026 18:42:13,0.000000,0.000000,74.635395,74.052453,63.350135,74.492436,74.895553,76.716498,74.858334,74.673270,35.547387,30.627619,30.534021,30.205202,33.442208,30.206539,30.174345,30.157851,34.201418,37.671931,35.604989,34.821833,34.800100,34.310744,34.765852,34.093159,33.973742,34.469960,37.020308,34.120687,33.619616,34.947496,35.048151,33.554763,33.120648,33.654263,35.036625,78.685722,40.887268,32.380045,26.336573,24.618929,25.399024,33.591676,32.219709,32.522199,79.772064,43.611979,32.414173,24.592916,24.119754,24.374020,31.428745,31.313766,31.377927,34.653459,34.732038,28.239813,27.060675,34.302074,34.364647,25.921706,28.369314,32.164656,37.713942,29.765935,34.034698,31.453533,36.864295,36.808262,33.124680,29.383637,32.501870,31.514838,36.747960,30.931770,35.664122,29.612408,33.341987,30.946607,36.464047,31.271063,35.648615,30.141515,32.644835,31.333385,36.232919,32.429246,36.239617,31.420771,34.058312,32.024271,35.432885,83.876215,87.214180,133.506714,89.188845,134.781559,51.023992,43.855039,156.666713,121.880000,3.828200,399.320000,120.770000,2.943000,273.710000,649104.425114,9.965031,9.999159,22.415014,92.602032,Inf,Inf,33.263889
06/22/2026 18:43:13,0.000000,0.000000,74.678406,74.066315,63.084895,74.508667,74.908396,76.722569,74.850064,74.684015,35.508145,30.489200,30.468251,30.075551,33.456947,30.108096,30.107087,30.039769,34.181641,37.656659,35.653035,34.844529,34.832998,34.336118,34.690947,34.062585,33.920339,34.458301,37.151536,33.873272,33.380654,35.000307,34.567419,33.665852,33.212503,33.667446,35.295826,77.612652,40.765429,32.231988,26.189421,24.456800,25.244535,33.611919,32.258675,32.576786,78.696361,42.814808,32.303123,24.444950,23.961961,24.202832,31.324741,31.156356,31.218738,34.584576,34.604452,28.153849,26.938764,34.255945,34.306539,25.760795,28.224778,32.163375,37.712229,29.761086,34.049807,31.450874,36.884216,36.801494,33.144992,29.380382,32.526697,31.507628,36.756044,30.938576,35.701456,29.659084,33.365392,30.968298,36.474604,31.280354,35.655381,30.183095,32.638285,31.324774,36.250483,32.434439,36.258146,31.420705,34.059013,32.045002,35.451755,82.834866,86.212667,133.239710,88.287351,134.490791,50.957427,43.751806,154.607867,121.810000,3.815900,396.530000,120.750000,2.927300,271.860000,649164.424277,9.917137,9.988272,22.314851,91.696763,Inf,Inf,33.274922
06/22/2026 18:44:13,0.000000,0.000000,74.636129,74.045998,63.446380,74.517043,74.931554,76.748629,74.846138,74.694032,35.483718,30.409804,30.314859,29.991493,33.412720,30.068175,30.050843,29.973268,34.113228,37.572189,35.584305,34.766670,34.724976,34.334100,34.710394,34.009684,33.852128,34.363510,37.172047,33.699360,33.286583,35.023049,34.257818,33.793443,33.188889,33.562114,35.271830,76.647805,40.824904,32.142593,26.099777,24.390303,25.123250,33.514124,32.273289,32.428736,77.735284,43.055479,32.229841,24.306774,23.859348,24.080095,31.287690,31.141275,31.195637,34.507448,34.573085,27.983482,26.831540,34.170708,34.249270,25.609207,28.083943,32.140879,37.732753,29.765297,34.034031,31.453309,36.879998,36.836053,33.149488,29.399611,32.515694,31.527794,36.751270,30.923072,35.675854,29.655766,33.335426,30.990383,36.478588,31.280354,35.632435,30.147525,32.655278,31.353539,36.244533,32.440916,36.268328,31.418477,34.073224,32.053908,35.446885,81.510363,84.773674,133.423986,87.302047,134.564919,50.961141,43.613222,151.387037,121.940000,3.789900,393.790000,120.740000,2.904800,268.750000,649224.425540,9.962414,10.049662,22.180179,90.264252,Inf,Inf,33.275356
06/22/2026 18:45:13,0.000000,0.000000,74.641173,74.057389,63.311021,74.526582,74.918699,76.745075,74.831423,74.673398,35.433956,30.281744,30.223347,29.896579,33.354122,29.975048,29.980974,29.911868,34.088241,37.558802,35.563352,34.658047,34.683775,34.274238,34.579655,33.920569,33.763554,34.310054,36.885684,33.700934,33.423754,34.909848,34.653042,33.510830,33.033663,33.579330,35.300977,74.512335,40.614470,32.029566,26.007183,24.243412,25.033287,33.502970,32.006237,32.437957,76.136627,44.528590,32.121963,24.205414,23.752268,23.990499,31.240411,31.085008,31.142936,34.419916,34.496583,27.938653,26.861604,34.150868,34.208127,25.547636,28.039977,32.167798,37.727669,29.768193,34.017209,31.464050,36.870314,36.829198,33.131490,29.386011,32.505895,31.548275,36.736288,30.927144,35.676358,29.641766,33.346802,30.961241,36.464992,31.296075,35.647117,30.165418,32.652226,31.335094,36.250555,32.420277,36.260041,31.429296,34.054932,32.028448,35.433499,79.908684,82.962053,133.357331,86.005886,134.515742,50.970272,43.736947,148.537349,121.840000,3.745700,389.000000,120.810000,2.872000,264.980000,649284.424787,9.729143,9.821540,22.300423,88.979732,Inf,Inf,33.271456
06/22/2026 18:46:13,0.000000,0.000000,74.627818,74.049945,63.870790,74.525861,74.879113,76.755738,74.822636,74.675596,35.401861,30.226281,30.197304,29.836168,33.297916,29.908843,29.847913,29.856831,33.996158,37.521487,35.424464,34.681339,34.575757,34.251385,34.557720,33.899060,33.710808,34.269327,36.953908,33.653069,33.432069,34.419546,34.754939,33.574672,33.173382,33.463985,35.082582,76.306103,37.775838,31.904250,25.963464,24.170530,25.028751,33.351405,32.181962,32.284187,76.098812,41.733072,32.095248,24.158393,23.724438,23.891030,31.151677,30.994263,31.067790,34.381914,34.439775,27.897573,26.660468,34.085511,34.188050,25.508629,28.118198,32.142992,37.698615,29.756713,34.038078,31.479201,36.856604,36.811780,33.117103,29.391643,32.495444,31.531124,36.742810,30.956886,35.679344,29.674298,33.363667,30.986621,36.466858,31.305528,35.618646,30.162182,32.663229,31.349778,36.227071,32.450951,36.283158,31.424491,34.060643,32.043075,35.456483,78.551841,81.845928,134.374876,85.571128,135.282005,50.955859,43.145321,140.793696,121.920000,3.693800,380.740000,120.820000,2.814400,256.810000,649344.426373,10.180550,10.371548,21.723700,85.404140,Inf,Inf,33.274501
06/22/2026 18:47:13,0.000000,0.000000,74.675435,74.063342,63.756367,74.557652,74.918495,76.738127,74.868197,74.687361,35.371027,30.222905,30.196158,29.797246,33.325780,29.881069,29.852073,29.779841,34.014550,37.516372,35.476060,34.565423,34.568529,34.213972,34.498857,33.848586,33.702525,34.269038,36.889923,33.740720,33.240306,34.635806,34.678836,33.547322,32.891685,33.458775,35.064525,78.197612,37.873401,31.832888,25.944000,24.220427,25.014812,33.388213,32.035034,32.310468,78.129363,41.024417,32.031835,24.161758,23.693912,23.927230,31.135565,30.989391,31.075395,34.387713,34.396961,27.912980,26.787269,34.056580,34.116953,25.445053,27.987304,32.149995,37.723246,29.753029,34.026957,31.461358,36.875604,36.837108,33.133659,29.406026,32.508515,31.547781,36.746738,30.944800,35.681063,29.659663,33.360192,30.983582,36.490875,31.298517,35.645176,30.145634,32.654726,31.352977,36.241761,32.446138,36.305852,31.435747,34.087829,32.062764,35.447726,78.759297,83.125764,134.428444,87.205786,135.727336,50.955344,43.340814,137.203667,121.860000,3.713500,383.090000,120.730000,2.811700,255.250000,649404.426726,9.918131,10.117078,21.914757,83.702018,Inf,Inf,33.280501
06/22/2026 18:48:13,0.000000,0.000000,74.722422,74.078227,63.364676,74.570953,74.919540,76.766569,74.849959,74.683486,35.345147,30.163886,30.115739,29.745710,33.307749,29.761763,29.771109,29.788499,33.939343,37.515757,35.363762,34.528786,34.542096,34.215046,34.456891,33.812802,33.634393,34.169885,36.932213,34.202730,33.226108,34.417097,34.245796,33.402959,32.939225,33.366776,35.361502,80.106329,40.892327,31.784204,25.855184,24.157895,24.938522,33.218233,31.751066,32.126915,81.231148,43.659148,31.976880,24.067100,23.648886,23.845941,31.047544,30.863493,30.974902,34.324025,34.394996,27.773957,26.611517,34.009790,34.085261,25.382268,27.891866,32.145631,37.725099,29.744643,34.029175,31.468039,36.857464,36.835868,33.110191,29.400317,32.493632,31.533319,36.727848,30.930230,35.653287,29.655816,33.349250,30.977955,36.468545,31.312573,35.633792,30.156469,32.634849,31.366064,36.234842,32.450752,36.283074,31.423516,34.072025,32.063387,35.443029,84.838421,88.684886,134.384804,90.580318,135.823149,50.921270,43.599335,155.356141,121.790000,3.856700,401.470000,120.710000,2.953800,274.480000,649464.425971,9.617534,9.810210,22.166670,92.026706,Inf,Inf,33.272689
06/22/2026 18:49:13,0.000000,0.000000,74.703449,74.044862,63.300903,74.577402,74.914158,76.755719,74.855380,74.680880,35.635929,31.113301,31.029972,30.756987,33.744235,30.802891,30.712662,30.788872,34.327833,37.737703,35.856543,35.146835,35.148165,34.611555,34.951543,34.385514,34.297204,34.748868,37.933875,35.127128,34.996254,36.041142,36.181952,35.205518,34.691843,35.550602,35.876663,79.826566,41.045857,32.443803,26.896420,25.193856,26.110676,33.714603,32.434491,32.896890,81.133046,44.369940,32.503701,25.106670,24.569499,24.806216,31.817123,31.711888,31.830386,35.277630,35.561185,28.662061,27.366437,35.095927,35.223161,26.293422,28.752312,32.147908,37.721615,29.731318,34.052119,31.488392,36.871923,36.827747,33.123810,29.405955,32.515519,31.533856,36.737305,30.943767,35.688010,29.631387,33.365786,30.964683,36.489402,31.288122,35.656997,30.168673,32.654139,31.349675,36.257074,32.456186,36.276931,31.446739,34.098995,32.057492,35.457987,85.118478,88.446106,133.856241,90.269433,135.318688,50.930885,44.580102,160.145385,121.850000,3.864500,403.590000,120.630000,2.971600,278.080000,649524.426311,9.329003,9.388901,23.114800,94.113648,Inf,Inf,33.280317
06/22/2026 18:50:13,0.000000,0.000000,74.763264,74.053134,63.819231,74.572445,74.887658,76.741922,74.867822,74.665436,35.636037,30.928032,30.798348,30.602679,33.647313,30.506406,30.520148,30.471564,34.287999,37.762556,35.778246,35.038998,34.944550,34.504534,34.956449,34.306994,34.191374,34.639105,37.344996,34.244192,33.873758,35.109005,34.878428,34.143244,33.718122,34.107968,35.473149,78.919731,41.167374,32.636013,26.816484,25.051635,25.872166,33.827147,32.542767,32.970195,80.198516,44.070932,32.671437,25.025318,24.551339,24.762107,31.694802,31.593781,31.718077,34.931323,35.053292,28.759831,27.788502,34.585598,34.703598,26.184516,28.734013,32.163476,37.725143,29.763415,34.055629,31.475876,36.861707,36.815748,33.142423,29.409469,32.526545,31.554256,36.754437,30.962359,35.689216,29.658736,33.355714,30.974188,36.484867,31.308063,35.655101,30.165428,32.666912,31.351159,36.233313,32.470123,36.299400,31.426580,34.078310,32.060341,35.490073,84.310487,87.587548,133.696579,89.526481,134.863669,51.150004,44.213103,157.590604,121.780000,3.843500,400.410000,120.610000,2.955000,275.320000,649584.427483,9.874609,9.910033,22.761404,93.005675,Inf,Inf,33.285934
06/22/2026 18:51:13,0.000000,0.000000,74.747538,74.053464,63.295482,74.587318,74.904214,76.748747,74.849730,74.668890,35.617474,30.753382,30.675388,30.361868,33.633426,30.340472,30.347878,30.289037,34.199723,37.678198,35.720703,34.917382,34.947537,34.539466,34.786824,34.182950,34.072932,34.568202,37.226136,34.001457,33.769001,34.752957,34.834566,33.680177,33.364223,33.815970,35.218887,78.240228,41.220872,32.534423,26.539979,24.790849,25.575555,33.662196,32.341960,32.782292,79.297208,43.493457,32.590579,24.759646,24.302296,24.518034,31.642046,31.436670,31.507510,34.776703,34.882654,28.634098,27.325187,34.449970,34.509426,26.037605,28.583359,32.149831,37.721315,29.753310,34.048487,31.494994,36.873612,36.848377,33.125425,29.398210,32.508981,31.554039,36.742758,30.946139,35.696571,29.662528,33.373266,30.978869,36.480777,31.311520,35.638533,30.178625,32.654728,31.368760,36.264970,32.480578,36.292210,31.454987,34.093065,32.064453,35.480429,83.287090,86.630074,133.411278,88.735777,134.755824,51.147278,43.998576,155.525122,121.850000,3.828400,398.580000,120.660000,2.933800,273.430000,649644.426100,9.980361,10.036517,22.554062,92.101069,Inf,Inf,33.288012
06/22/2026 18:52:13,0.000000,0.000000,74.697102,74.073185,63.492324,74.619328,74.921005,76.771403,74.869035,74.697073,35.572908,30.628777,30.516904,30.221927,33.495750,30.256252,30.235611,30.224466,34.221213,37.697385,35.659307,34.923620,34.853551,34.517312,34.780237,34.132414,34.032110,34.506995,37.297344,34.168835,33.709851,34.941359,35.171031,33.902579,33.303663,33.663066,35.302536,77.211079,41.140258,32.431134,26.318252,24.595659,25.392664,33.608457,32.158204,32.575098,78.464256,43.106861,32.452561,24.543374,24.114283,24.332294,31.471864,31.274081,31.406858,34.631692,34.786282,28.367578,26.955750,34.306550,34.408173,25.923533,28.577670,32.123242,37.725845,29.740937,34.083191,31.472796,36.865726,36.813981,33.147759,29.411255,32.527118,31.528099,36.753355,30.949237,35.694334,29.673179,33.339446,30.977481,36.489414,31.297046,35.647372,30.149626,32.660932,31.335293,36.262263,32.446276,36.303506,31.414673,34.095853,32.042771,35.465044,82.391909,85.748479,133.205248,87.967417,134.373333,51.095621,43.830469,153.700324,121.790000,3.809000,396.170000,120.660000,2.923500,271.010000,649704.426353,10.039948,10.061375,22.391186,91.295156,Inf,Inf,33.281235
06/22/2026 18:53:13,0.000000,0.000000,74.748912,74.071754,63.284026,74.613913,74.931645,76.765159,74.859179,74.690596,35.570392,30.522396,30.442165,30.135861,33.453074,30.138536,30.134794,30.129445,34.188067,37.673222,35.614258,34.827801,34.776796,34.428544,34.758436,34.117254,33.943214,34.436345,37.177857,33.764262,33.498250,34.906603,34.671976,33.677262,33.437396,33.647513,35.282582,76.280079,40.923921,32.286738,26.209816,24.460665,25.236367,33.543396,32.032053,32.273877,77.333470,43.662338,32.352169,24.385530,23.926469,24.178989,31.432894,31.210749,31.306993,34.559319,34.680417,28.150833,26.901576,34.248731,34.340598,25.745927,28.120014,32.158152,37.725602,29.748718,34.059741,31.454161,36.870670,36.831307,33.145609,29.402854,32.522648,31.541888,36.754877,30.946759,35.680795,29.669764,33.354262,30.978080,36.465902,31.296991,35.642693,30.178798,32.662461,31.357723,36.252232,32.433973,36.302123,31.439123,34.093704,32.032159,35.463341,81.077691,84.338615,133.426565,87.006560,134.517282,51.056902,43.920204,150.730375,121.820000,3.778200,392.300000,120.730000,2.898900,267.940000,649764.427848,9.808565,9.873996,22.478173,89.969697,Inf,Inf,33.282237
06/22/2026 18:54:13,0.000000,0.000000,74.767959,74.056141,63.777329,74.605773,74.942095,76.738070,74.882033,74.685988,35.519897,30.419452,30.390479,29.974049,33.455316,30.090410,30.066646,30.002001,34.133489,37.637002,35.632886,34.834031,34.773712,34.392178,34.694623,34.043179,33.856370,34.392156,37.114360,33.902549,33.375780,34.842006,34.581629,33.985148,33.151301,33.673792,35.095136,74.705763,39.631388,32.088185,26.102136,24.306276,25.113547,33.460950,31.955201,32.349702,75.652055,44.410977,32.246829,24.287607,23.822317,24.051579,31.310997,31.173511,31.250596,34.528009,34.613536,28.136655,26.947181,34.249218,34.308688,25.693661,27.977165,32.179491,37.744583,29.792840,34.066763,31.504425,36.861299,36.842154,33.124062,29.429844,32.509152,31.578268,36.749311,31.002650,35.681424,29.705774,33.371482,31.016740,36.474696,31.341489,35.649082,30.181215,32.654199,31.385239,36.240613,32.486354,36.289227,31.472480,34.075928,32.097118,35.469084,79.318526,82.285649,133.702222,85.651909,134.709217,51.059011,43.628664,146.241219,121.890000,3.728300,385.850000,120.800000,2.855600,262.360000,649824.426725,9.892988,10.051632,22.195197,87.932719,Inf,Inf,33.299233
06/22/2026 18:55:13,0.000000,0.000000,74.737712,74.077460,63.807043,74.580302,74.908607,76.745121,74.876905,74.687620,35.502451,30.381844,30.307849,29.962801,33.410341,29.989106,29.986639,29.961226,34.085827,37.569658,35.603922,34.676913,34.715948,34.315304,34.682887,34.002132,33.856261,34.391603,37.110714,33.713265,33.511594,34.799738,34.894203,33.598216,32.997951,33.527650,35.266252,76.837219,37.869373,31.980730,26.034873,24.256819,25.121493,33.391982,32.015665,32.505658,76.706005,41.114532,32.161138,24.226916,23.773847,24.003118,31.219550,31.075739,31.141243,34.450178,34.540966,28.137290,26.747212,34.156164,34.245379,25.513174,27.977175,32.153692,37.717637,29.752274,34.070151,31.492232,36.871754,36.860101,33.142982,29.433220,32.526122,31.574772,36.742991,30.991827,35.682627,29.707662,33.396024,31.001694,36.505597,31.323586,35.640094,30.177967,32.667413,31.389354,36.253557,32.481121,36.327661,31.465716,34.116171,32.106309,35.478236,78.586370,82.151692,134.275930,85.831783,135.491690,51.047679,43.285750,139.854915,121.950000,3.695900,380.770000,120.860000,2.811300,256.080000,649884.427802,10.119738,10.300146,21.860992,84.961848,Inf,Inf,33.301685
06/22/2026 18:56:13,0.000000,0.000000,74.797639,74.086269,63.227626,74.545167,74.920379,76.743378,74.860519,74.680105,35.424885,30.310065,30.264596,29.896992,33.353201,29.877374,29.923624,29.902223,34.046304,37.524560,35.533900,34.661119,34.659788,34.268436,34.642812,33.899862,33.759487,34.279361,37.330513,33.750605,33.464878,34.820514,34.702975,33.434668,33.043007,33.520259,35.167115,78.574932,38.482366,31.942392,26.001300,24.307353,25.109034,33.376496,32.049555,32.305524,78.645133,41.393085,32.110856,24.205879,23.777942,23.997810,31.153222,31.057522,31.205460,34.410295,34.528103,28.011875,26.682248,34.113811,34.203475,25.492867,28.138322,32.145701,37.743729,29.760766,34.064086,31.484363,36.869249,36.839325,33.132775,29.407815,32.540855,31.555225,36.755390,30.944601,35.692827,29.672319,33.387909,30.970829,36.488820,31.309815,35.654726,30.173074,32.650080,31.368295,36.273362,32.467659,36.313536,31.450163,34.119874,32.055727,35.488137,79.360130,83.884115,134.428921,87.695904,135.862067,51.016501,43.525042,138.312400,121.920000,3.732600,385.210000,120.830000,2.827100,257.080000,649944.427700,9.848030,10.016494,22.094362,84.230817,Inf,Inf,33.292701
06/22/2026 18:57:13,0.000000,0.000000,74.764555,74.093752,63.464764,74.537668,74.933160,76.742221,74.868155,74.691968,35.398316,30.239209,30.200426,29.814011,33.366925,29.948661,29.872321,29.865633,34.030787,37.500713,35.493597,34.605174,34.614046,34.256403,34.638791,33.854986,33.748764,34.255774,37.048324,33.627957,33.235298,34.707993,34.608626,33.620051,32.978597,33.504311,35.079820,80.067617,41.090294,31.810847,25.935775,24.253375,25.027927,33.323038,31.944778,32.333559,81.139062,43.403987,32.106350,24.142701,23.736601,23.925580,31.176254,31.042376,31.219278,34.430268,34.475249,27.949329,26.650505,34.094256,34.188804,25.478534,27.764382,32.162283,37.736332,29.759991,34.087688,31.475972,36.865783,36.837956,33.141178,29.386813,32.537853,31.529050,36.763680,30.929333,35.693154,29.653741,33.379618,30.963404,36.508924,31.293963,35.659926,30.125703,32.674867,31.344386,36.297418,32.442454,36.324791,31.417828,34.119442,32.040607,35.489478,84.627851,88.598746,134.433767,90.524237,135.785566,50.930510,43.554856,154.686045,121.900000,3.854100,402.080000,120.670000,2.947200,274.140000,650004.427502,9.687459,9.982962,22.123388,91.731285,Inf,Inf,33.288121
06/22/2026 18:58:13,0.000000,0.000000,74.739530,74.073782,63.773784,74.498223,74.890353,76.735338,74.859532,74.708696,35.345051,30.181621,30.118763,29.751339,33.312913,29.817776,29.813308,29.765153,33.991194,37.458638,35.436792,34.592949,34.546809,34.238403,34.597820,33.805981,33.698139,34.196748,36.812560,34.327675,33.145140,34.607797,34.576742,33.352224,32.902336,33.477859,35.220116,79.611056,41.007118,31.713286,25.854813,24.115889,24.926488,33.204501,31.784522,32.146513,80.720256,43.477538,32.006708,24.051866,23.616234,23.848225,31.079673,30.931248,31.066717,34.367977,34.434033,27.840461,26.605919,34.052175,34.132080,25.365931,28.136061,32.155017,37.742374,29.773667,34.084204,31.484059,36.874698,36.847451,33.139162,29.408426,32.533936,31.567005,36.768329,30.958080,35.696481,29.687255,33.383243,31.000462,36.508092,31.299364,35.650405,30.148220,32.667534,31.373418,36.249233,32.457204,36.335468,31.437931,34.116423,32.074964,35.500201,85.231293,88.431382,134.189173,90.210334,135.525518,50.870764,43.470657,159.077278,121.920000,3.846900,401.000000,120.720000,2.957700,275.910000,650064.427274,9.671899,9.965321,22.041387,93.651878,Inf,Inf,33.297410
06/22/2026 18:59:13,0.000000,0.000000,74.743161,74.071495,63.120132,74.506626,74.913539,76.736132,74.883339,74.707578,35.644804,31.115543,31.028204,30.738999,33.798698,30.817436,30.783807,30.839960,34.348261,37.771300,35.933181,35.185687,35.143571,34.646441,35.028093,34.440376,34.358373,34.828629,38.026131,35.288858,34.807199,35.909472,35.937374,35.288716,34.670803,35.464444,36.043438,79.346104,41.067171,32.390169,26.891047,25.199211,26.078031,33.757666,32.598604,33.053558,80.638205,44.073797,32.538746,25.066763,24.544869,24.807094,31.864327,31.699159,31.804740,35.255214,35.559762,28.596378,27.441352,35.121541,35.272264,26.300023,28.568693,32.155230,37.709884,29.743560,34.081346,31.503468,36.855482,36.834383,33.144255,29.404617,32.535961,31.569925,36.756305,30.957109,35.689756,29.685138,33.378023,31.002356,36.481444,31.331351,35.651655,30.173105,32.668788,31.386897,36.275907,32.483116,36.311028,31.478827,34.127712,32.073821,35.499064,84.443891,87.834266,133.606650,89.697490,135.046953,50.892650,44.649053,158.249855,121.830000,3.851500,401.950000,120.780000,2.959200,277.140000,650124.427770,9.209157,9.357734,23.181012,93.292730,Inf,Inf,33.298317
06/22/2026 19:00:13,0.000000,0.000000,74.789617,74.057520,63.249476,74.468956,74.897009,76.760105,74.874137,74.684007,35.607475,30.942532,30.857414,30.586519,33.708047,30.533034,30.609304,30.504562,34.358800,37.762352,35.875048,35.070807,35.080118,34.583392,34.959124,34.351386,34.227877,34.672039,37.521488,34.170176,33.828851,35.114710,35.046875,33.945631,33.403167,34.156789,35.405780,78.248449,40.964113,32.603600,26.791722,25.061731,25.848553,33.908930,32.698060,32.982435,79.489330,43.839636,32.710235,25.010666,24.555000,24.799773,31.757251,31.636788,31.734798,34.958166,35.052515,28.778680,27.555535,34.644681,34.728962,26.277109,28.596275,32.170723,37.745155,29.774690,34.084890,31.482965,36.885999,36.825837,33.148114,29.393773,32.542672,31.545907,36.764354,30.962989,35.737245,29.673580,33.399829,30.988577,36.518138,31.315270,35.641550,30.169625,32.687552,31.354852,36.290552,32.466693,36.337106,31.455618,34.122567,32.057537,35.497915,83.342083,86.722276,133.308059,88.800737,134.702956,51.082252,44.329253,155.894160,122.060000,3.827400,398.620000,120.800000,2.943800,273.970000,650184.427914,9.730172,9.836807,22.873428,92.263282,Inf,Inf,33.301409
06/22/2026 19:01:13,0.000000,0.000000,74.687023,74.076631,63.657658,74.459734,74.899621,76.716342,74.872745,74.705432,35.622209,30.781764,30.664551,30.402362,33.632024,30.388544,30.391083,30.305944,34.306989,37.776603,35.747587,35.064528,34.947911,34.526531,34.837352,34.238843,34.128517,34.592254,37.144424,33.950051,33.633649,34.878137,35.101619,33.733582,33.585888,33.886998,35.331012,77.318442,40.917503,32.536932,26.564877,24.808176,25.614811,33.885039,32.616319,32.909933,78.564796,43.730387,32.613628,24.765385,24.326375,24.554191,31.598739,31.505321,31.634076,34.799362,34.921159,28.457772,27.377401,34.449050,34.558197,26.071543,28.686303,32.149264,37.745941,29.766119,34.085631,31.485937,36.869927,36.865535,33.138218,29.424426,32.534860,31.568823,36.754510,30.978474,35.705237,29.685535,33.377086,30.991613,36.495809,31.340020,35.672010,30.181995,32.678991,31.396650,36.263021,32.462161,36.338676,31.469229,34.131630,32.071964,35.500316,82.385877,85.802128,133.285465,88.002206,134.506042,51.068979,44.178045,153.767981,121.870000,3.809900,396.390000,120.810000,2.923400,271.480000,650244.427722,9.809373,9.886069,22.727559,91.325150,Inf,Inf,33.304320
06/22/2026 19:02:13,0.000000,0.000000,74.661472,74.051061,63.493044,74.446133,74.893208,76.706570,74.847024,74.710130,35.580133,30.661895,30.583452,30.284539,33.583909,30.280527,30.295568,30.209533,34.280378,37.664376,35.663430,35.031131,34.910962,34.516183,34.903309,34.212534,34.001295,34.542751,37.239240,33.875642,33.591671,34.896538,34.848198,34.003778,33.341369,33.755382,35.219582,76.477304,41.282858,32.435180,26.382956,24.606754,25.387978,33.697965,32.273237,32.633831,77.636798,44.129902,32.521551,24.546551,24.098399,24.336556,31.557638,31.375695,31.461240,34.668538,34.778343,28.355573,27.166456,34.373009,34.448445,25.891685,28.440685,32.153059,37.724963,29.746735,34.077192,31.497516,36.870364,36.862532,33.152979,29.429426,32.546925,31.576898,36.772594,30.996689,35.701637,29.702322,33.382705,31.018638,36.499300,31.337297,35.668410,30.185952,32.686496,31.399612,36.273932,32.486469,36.334200,31.470515,34.121617,32.085958,35.496524,81.205973,84.490217,133.321210,87.098555,134.638999,51.086452,43.956525,151.045191,122.040000,3.786500,392.870000,120.750000,2.902000,268.120000,650304.426729,9.921828,10.008199,22.513352,90.111019,Inf,Inf,33.308649
06/22/2026 19:03:13,0.000000,0.000000,74.632732,74.084040,63.410391,74.409490,74.895029,76.707966,74.824019,74.699376,35.545280,30.573353,30.488221,30.160656,33.499108,30.203452,30.181470,30.114154,34.220613,37.660108,35.719403,34.901694,34.865329,34.470084,34.816406,34.154408,33.992592,34.507877,37.138594,33.991260,33.541709,34.938456,34.867502,33.506170,33.083636,33.659472,35.204976,74.517468,40.491675,32.277494,26.217683,24.395139,25.217286,33.607067,32.206650,32.734484,76.049605,44.924059,32.397427,24.384962,23.926621,24.155413,31.432599,31.320597,31.406589,34.582182,34.684734,28.181508,26.913961,34.302754,34.352902,25.755641,28.512467,32.176139,37.728439,29.784576,34.094975,31.496651,36.881450,36.869588,33.160068,29.418254,32.567583,31.574869,36.774439,30.935714,35.709687,29.680509,33.393404,30.995947,36.512523,31.330113,35.686650,30.164629,32.679011,31.405440,36.293446,32.429122,36.345655,31.444619,34.134616,32.063831,35.511716,79.580403,82.572359,133.409998,85.760236,134.644252,51.052767,43.663917,147.403851,121.910000,3.738600,387.940000,120.870000,2.867500,263.570000,650364.427135,10.048024,10.167957,22.229470,88.464227,Inf,Inf,33.308122
06/22/2026 19:04:13,0.000000,0.000000,74.627271,74.056164,63.352181,74.386259,74.901384,76.712199,74.846593,74.667443,35.519178,30.466869,30.418729,30.041603,33.473319,30.079943,30.091207,30.046179,34.137652,37.641588,35.610457,34.826723,34.766847,34.483373,34.807769,34.097823,33.902513,34.435162,37.373878,33.889192,33.513691,35.113567,34.750824,33.796176,33.098274,33.624797,35.232873,76.929490,37.940471,32.160065,26.157145,24.382404,25.222414,33.622820,32.224210,32.863053,76.691114,41.509455,32.275064,24.343317,23.886080,24.130102,31.328547,31.190113,31.302398,34.563174,34.614183,28.213624,26.846846,34.250719,34.312408,25.639283,28.176477,32.146809,37.736875,29.776590,34.109090,31.496561,36.884899,36.856088,33.143838,29.422930,32.558394,31.560318,36.775149,30.960939,35.710398,29.701893,33.383610,31.002167,36.487585,31.330404,35.667424,30.189863,32.676167,31.396064,36.281032,32.483816,36.332664,31.450257,34.140851,32.085659,35.495341,78.616066,82.195032,134.126607,85.881612,135.505698,51.039244,43.410543,139.808300,121.950000,3.691900,381.310000,120.960000,2.810800,256.280000,650424.426857,10.177278,10.292277,21.982787,84.939835,Inf,Inf,33.308123
06/22/2026 19:05:13,0.000000,0.000000,74.601308,74.062322,63.124547,74.395165,74.887894,76.711806,74.831585,74.686237,35.459729,30.395037,30.372303,29.978284,33.423105,30.057196,30.029754,29.984725,34.132257,37.619864,35.639631,34.799214,34.727804,34.435442,34.716913,34.050393,33.855852,34.401401,37.034678,33.978400,33.420764,34.869169,34.434435,33.550931,33.043494,33.643344,35.290390,79.481204,39.683490,32.059785,26.098394,24.355795,25.172872,33.571845,32.161130,32.547605,79.646929,42.381889,32.238047,24.260866,23.862454,24.059471,31.313505,31.169898,31.285748,34.521750,34.606111,28.111779,26.686277,34.219017,34.287810,25.569786,28.252339,32.130337,37.754543,29.764990,34.116013,31.490588,36.876315,36.842450,33.155026,29.396695,32.583080,31.550741,36.783558,30.961387,35.719704,29.681281,33.403504,30.990481,36.515701,31.331085,35.679832,30.185408,32.685064,31.383043,36.305723,32.476155,36.355916,31.483462,34.153111,32.066798,35.522203,80.652228,85.389816,134.618638,88.948594,135.913325,51.060046,43.657507,141.071932,121.900000,3.768400,389.250000,120.760000,2.851700,260.390000,650484.427455,9.836545,10.014807,22.223240,85.534851,Inf,Inf,33.311473
06/22/2026 19:06:13,0.000000,0.000000,74.576818,74.053463,63.507466,74.389463,74.873323,76.723403,74.850251,74.705329,35.456558,30.348163,30.282190,29.898805,33.427874,30.018736,29.946760,29.936951,34.058498,37.610956,35.524358,34.705063,34.689095,34.402931,34.568235,33.977515,33.817431,34.349249,37.191444,33.837858,33.274537,34.507604,34.981320,33.626402,32.996548,33.564451,35.099498,80.089218,41.420467,31.937112,26.009131,24.233276,25.055387,33.485378,32.227145,32.505294,81.221700,43.708482,32.176471,24.155045,23.759614,23.951276,31.243263,31.105231,31.238462,34.484868,34.540282,28.044212,26.657802,34.176524,34.242658,25.488968,28.122897,32.170817,37.731108,29.748477,34.107375,31.524690,36.858417,36.859986,33.141088,29.436671,32.549783,31.591344,36.765973,31.010073,35.718044,29.710228,33.400802,31.040799,36.510894,31.351196,35.670197,30.189087,32.670946,31.420878,36.276469,32.497024,36.343140,31.488424,34.142697,32.091070,35.522885,85.399570,88.901173,134.204185,90.687881,135.645566,50.949795,43.652263,158.139953,121.770000,3.857700,402.300000,120.670000,2.966200,276.530000,650544.427824,9.718970,9.958329,22.218142,93.244931,Inf,Inf,33.318019
06/22/2026 19:07:13,0.000000,0.000000,74.554960,74.036243,63.163671,74.344412,74.869279,76.729063,74.800320,74.676518,35.409134,30.280402,30.176981,29.842316,33.349366,29.907411,29.860245,29.865595,34.022090,37.559239,35.476052,34.650637,34.623576,34.395078,34.575758,33.906900,33.713109,34.359497,37.073851,33.992416,33.479136,34.452800,34.739389,33.547105,33.076097,33.408057,35.100811,79.440521,41.045904,31.834070,25.945279,24.221260,25.009772,33.388539,31.845625,32.245432,80.541619,43.408782,32.093804,24.135900,23.698719,23.923080,31.169756,31.037887,31.136812,34.422248,34.485369,28.052797,26.650242,34.141936,34.188099,25.402247,27.835459,32.170834,37.760290,29.794867,34.106433,31.497903,36.874731,36.865106,33.159565,29.419534,32.577428,31.578493,36.774268,30.964953,35.695782,29.708416,33.389221,31.018489,36.512256,31.325834,35.666099,30.169806,32.686399,31.379859,36.298133,32.475645,36.351142,31.443460,34.177246,32.081206,35.517495,84.892305,88.164585,133.913277,89.999708,135.347588,50.867289,43.435016,158.560139,121.950000,3.843900,400.700000,120.710000,2.951700,275.370000,650604.427764,9.827421,10.087155,22.006649,93.427558,Inf,Inf,33.314696
06/22/2026 19:08:13,0.000000,0.000000,74.586404,74.060518,63.098300,74.354736,74.885933,76.711536,74.800733,74.675241,35.390629,30.200272,30.149897,29.704600,33.319658,29.823652,29.807511,29.796364,34.003997,37.460335,35.420766,34.541564,34.551769,34.315262,34.527722,33.857048,33.755707,34.256055,37.174644,34.319963,33.224979,34.591670,34.689708,33.624839,32.959212,33.468945,35.364143,78.473433,40.600364,31.765860,25.858588,24.133547,24.890842,33.389056,31.947709,32.345495,79.627036,43.256900,32.009682,24.073661,23.608766,23.842550,31.131062,30.995064,31.081513,34.398243,34.408155,27.877816,26.551752,34.100459,34.142186,25.385504,28.139552,32.168733,37.734783,29.781168,34.104568,31.499596,36.867122,36.875311,33.148040,29.415551,32.559348,31.567956,36.771066,30.951478,35.710296,29.693624,33.372261,31.001034,36.501440,31.333659,35.681056,30.184857,32.691185,31.397159,36.307796,32.473789,36.360244,31.475788,34.164539,32.081817,35.514558,83.931941,87.212461,133.547035,89.101530,134.836846,50.871536,43.343631,156.338625,121.840000,3.827700,398.590000,120.600000,2.937700,273.330000,650664.426268,9.848353,10.092175,21.917507,92.458309,Inf,Inf,33.312994
06/22/2026 19:09:13,0.000000,0.000000,74.572738,74.029505,63.427965,74.372430,74.888830,76.711476,74.849870,74.676637,35.661752,31.107635,31.013165,30.762560,33.815069,30.817377,30.758544,30.813361,34.330178,37.779366,35.940379,35.256110,35.176761,34.739090,35.102720,34.449834,34.413008,34.798523,38.151628,35.435614,34.930060,36.460276,36.060505,35.001896,34.802900,35.417829,36.051326,77.817294,40.483634,32.449547,26.898585,25.215257,26.096992,33.687238,32.334567,32.829068,79.075354,43.940951,32.564785,25.073270,24.582202,24.827864,31.925989,31.778468,31.913892,35.261431,35.612731,28.625177,27.690544,35.132677,35.273203,26.329124,28.976220,32.174122,37.749856,29.770070,34.093052,31.509870,36.849453,36.867071,33.127761,29.416609,32.524457,31.584688,36.738037,30.975252,35.696274,29.704448,33.369272,31.027447,36.492966,31.325573,35.658172,30.172976,32.656208,31.407528,36.247708,32.487700,36.333177,31.484188,34.126843,32.077846,35.493322,82.558069,85.938651,133.257482,88.164177,134.408499,50.874876,44.716257,154.402468,121.870000,3.818900,397.960000,120.760000,2.936200,272.890000,650724.426101,9.204056,9.319294,23.245491,91.606008,Inf,Inf,33.304732
06/22/2026 19:10:13,0.000000,0.000000,74.628684,74.035587,63.493647,74.351968,74.917808,76.698236,74.843199,74.691515,35.693664,30.966388,30.867011,30.577525,33.715962,30.536074,30.610135,30.449676,34.348830,37.717514,35.842951,35.060974,35.049446,34.681352,35.036217,34.372183,34.299954,34.656690,37.408500,34.342114,33.824907,35.329758,35.145797,34.057120,33.527759,34.093508,35.341712,76.768393,41.274692,32.678221,26.849454,25.084204,25.848251,33.803835,32.378406,32.711086,78.071567,44.222279,32.752558,24.999561,24.582891,24.784258,31.845600,31.671401,31.735107,34.921224,35.096930,28.829171,27.470267,34.656671,34.737846,26.238688,28.703332,32.166693,37.772086,29.768423,34.104560,31.503598,36.852957,36.862367,33.142147,29.434612,32.546784,31.575865,36.755938,30.970109,35.690275,29.726417,33.376057,31.029795,36.508972,31.326984,35.667237,30.179868,32.678203,31.415223,36.273948,32.484706,36.346973,31.467331,34.149571,32.097517,35.512022,81.631919,84.938822,133.291561,87.413424,134.411694,51.113131,44.381210,152.166711,121.900000,3.797700,394.790000,120.890000,2.913900,270.160000,650784.427089,9.754736,9.829073,22.923485,90.612878,Inf,Inf,33.312908
06/22/2026 19:11:13,0.000000,0.000000,74.557863,74.052680,63.675365,74.408096,74.874202,76.741142,74.821128,74.702822,35.633238,30.825837,30.667178,30.428566,33.619049,30.443276,30.409095,30.332871,34.276763,37.721761,35.816201,35.105667,34.945157,34.686144,34.893856,34.274530,34.094643,34.654668,37.490476,34.143029,33.815432,35.096436,34.967851,34.017902,33.444595,33.914502,35.174955,75.390790,40.976132,32.585503,26.555935,24.737474,25.562746,33.791592,32.393723,32.830127,76.656099,45.050668,32.641575,24.720567,24.269329,24.500290,31.693882,31.534502,31.615141,34.785389,34.925522,28.636626,27.317378,34.523851,34.578865,26.044986,28.740283,32.157715,37.742844,29.775924,34.117427,31.505374,36.885245,36.849269,33.153876,29.418732,32.561544,31.576394,36.773234,30.970596,35.719998,29.690790,33.404981,31.010233,36.511089,31.334908,35.669050,30.169210,32.678689,31.421950,36.282847,32.478078,36.379634,31.471691,34.175726,32.105939,35.523510,80.060335,83.117288,133.491113,86.208108,134.645407,51.086612,44.166876,148.318840,122.010000,3.753000,389.320000,120.920000,2.876800,265.140000,650844.426047,9.868730,9.924802,22.716773,88.880560,Inf,Inf,33.317217
06/22/2026 19:12:13,0.000000,0.000000,74.553851,74.033865,63.389983,74.429531,74.896471,76.725845,74.843387,74.660856,35.623194,30.670891,30.612060,30.255038,33.607816,30.293375,30.311268,30.243511,34.260045,37.694509,35.782683,34.984494,34.925517,34.632784,34.822248,34.216182,34.048637,34.492455,37.220509,34.124992,33.703266,34.822141,34.987997,33.866690,33.375172,33.812259,35.217399,75.591288,38.834700,32.432018,26.383414,24.560670,25.381429,33.728324,32.243584,32.570793,75.532188,43.269841,32.509870,24.536140,24.083335,24.303143,31.565815,31.483633,31.493881,34.693495,34.802177,28.357241,27.045047,34.413907,34.481796,25.791619,28.673051,32.161411,37.735909,29.752429,34.121220,31.520319,36.899642,36.868022,33.145606,29.434961,32.584448,31.593100,36.785240,30.967092,35.743982,29.707747,33.396107,31.010691,36.516905,31.341208,35.679744,30.212067,32.698317,31.417507,36.321373,32.489211,36.379696,31.474427,34.177188,32.084708,35.537820,78.493178,81.556847,133.861939,85.264508,134.988914,51.131480,43.542425,142.727424,121.970000,3.701200,382.150000,121.040000,2.825900,258.980000,650904.426656,10.320731,10.398583,22.111287,86.309051,Inf,Inf,33.325270
06/22/2026 19:13:13,0.000000,0.000000,74.594109,74.038626,63.615328,74.428530,74.931378,76.728641,74.853587,74.685848,35.585431,30.595912,30.497855,30.175325,33.557260,30.253783,30.187966,30.159435,34.234645,37.716062,35.705942,34.999652,34.874600,34.605805,34.844600,34.169754,34.026125,34.487703,37.125120,33.871170,33.386812,35.251176,34.872088,33.792807,33.118121,33.753889,35.348852,78.109988,38.006287,32.297549,26.263463,24.528262,25.324843,33.712102,32.299857,32.696440,77.872912,41.015500,32.398707,24.453835,24.014597,24.243819,31.450635,31.369362,31.474510,34.625413,34.744562,28.260893,26.939208,34.366003,34.425021,25.737096,28.311796,32.136670,37.734318,29.767322,34.111259,31.500075,36.870251,36.857424,33.137625,29.421601,32.554046,31.592050,36.761740,30.968377,35.707160,29.722955,33.379272,31.026335,36.513449,31.347977,35.665958,30.174569,32.676475,31.421120,36.295745,32.490594,36.341269,31.483423,34.168584,32.096108,35.534992,79.159534,83.241272,134.618656,86.886336,135.621529,51.096554,43.666442,138.600509,122.140000,3.717500,383.340000,120.940000,2.820600,256.680000,650964.425092,10.065624,10.166782,22.231925,84.367768,Inf,Inf,33.315291
06/22/2026 19:14:13,0.000000,0.000000,74.621407,74.042684,63.277282,74.432972,74.884701,76.703140,74.838535,74.678821,35.512186,30.466521,30.425959,30.042500,33.521748,30.098228,30.105266,30.030368,34.179919,37.626217,35.666823,34.907887,34.807214,34.597846,34.709540,34.083856,33.896653,34.472347,37.232749,33.917522,33.576509,34.931956,34.671164,33.792363,33.151782,33.664057,35.200686,80.149483,40.864058,32.179059,26.158590,24.434877,25.233864,33.622198,32.007308,32.511650,80.723075,43.297063,32.300324,24.353064,23.933366,24.173349,31.409014,31.218539,31.286267,34.612771,34.673084,28.245210,26.839660,34.344767,34.363405,25.620019,27.990327,32.182378,37.762916,29.793949,34.128136,31.481816,36.872913,36.858838,33.155935,29.423919,32.568508,31.554411,36.783876,30.959479,35.722681,29.698658,33.395938,30.998934,36.522218,31.331408,35.688125,30.192415,32.686273,31.405307,36.324303,32.477476,36.367304,31.468191,34.170853,32.076131,35.538586,82.923993,87.541788,134.450179,90.065887,135.778263,51.029091,43.738598,147.670918,122.000000,3.824400,397.930000,120.920000,2.908000,268.470000,651024.424550,9.877033,9.998298,22.302026,88.585924,Inf,Inf,33.319729
06/22/2026 19:15:13,0.000000,0.000000,74.629192,74.053434,63.331857,74.460492,74.891930,76.723421,74.842935,74.704350,35.498995,30.381043,30.340034,29.970280,33.498652,30.072375,30.027162,30.027162,34.116102,37.600244,35.597808,34.816089,34.749116,34.614265,34.694817,34.046925,33.953872,34.437678,37.045185,33.955648,33.458655,34.778376,34.877278,33.820652,33.048035,33.605241,35.149519,79.841600,41.439986,32.071297,26.061026,24.322402,25.121045,33.411974,31.868231,32.308209,81.032541,43.633897,32.246439,24.250956,23.806985,24.043861,31.366141,31.196117,31.278995,34.533216,34.626900,28.089847,26.762844,34.244932,34.326149,25.536870,28.545220,32.164749,37.758225,29.790998,34.124223,31.517987,36.891576,36.876036,33.146546,29.410484,32.576981,31.581164,36.789816,30.974820,35.729957,29.711880,33.404669,31.018386,36.531035,31.331373,35.681668,30.188593,32.688241,31.402033,36.316623,32.483103,36.386746,31.468602,34.185300,32.100406,35.546804,85.482188,88.686984,134.171653,90.446330,135.415592,50.971858,43.618952,159.739605,122.150000,3.851900,402.190000,120.990000,2.965600,277.200000,651084.425541,9.885545,10.060687,22.185752,93.938463,Inf,Inf,33.325967
06/22/2026 19:16:13,0.000000,0.000000,74.634479,74.053650,63.297812,74.458712,74.917187,76.742723,74.835051,74.713366,35.461404,30.309799,30.259873,29.892674,33.452420,29.989423,29.955043,29.954151,34.094427,37.597226,35.582377,34.734006,34.661703,34.554344,34.699802,34.018617,33.821975,34.386628,37.214099,33.895242,33.347192,34.520697,34.965582,33.632402,32.994762,33.455605,35.131412,79.091659,41.014205,31.934287,25.994487,24.247709,25.035386,33.399761,31.911668,32.291017,80.154781,43.585360,32.166494,24.183957,23.717645,23.968868,31.288840,31.101812,31.185583,34.508086,34.557398,28.046256,26.706111,34.205877,34.252480,25.449227,28.149665,32.176591,37.765123,29.781462,34.128869,31.538688,36.865681,36.877840,33.152358,29.423898,32.557087,31.595096,36.776514,30.994844,35.721068,29.715710,33.379605,31.025333,36.507596,31.344757,35.654613,30.188118,32.678873,31.418781,36.310686,32.503382,36.369500,31.485995,34.190544,32.094539,35.534758,84.559005,87.764901,133.924133,89.640732,135.306281,50.904305,43.484351,157.737086,122.130000,3.835600,400.340000,120.900000,2.949000,274.890000,651144.425514,9.879558,10.111765,22.054729,93.069527,Inf,Inf,33.325264
06/22/2026 19:17:13,0.000000,0.000000,74.639830,74.065348,63.081345,74.435161,74.897028,76.707431,74.840074,74.680783,35.423746,30.274148,30.222438,29.809782,33.404032,29.891822,29.908001,29.846918,34.086003,37.464633,35.525227,34.705213,34.634682,34.504692,34.529222,33.933590,33.786934,34.310785,37.314068,33.796704,33.453036,34.735064,34.533219,33.635167,33.090261,33.467531,35.227985,78.289046,40.566347,31.807178,25.940909,24.210616,24.998596,33.393434,31.841623,32.200252,79.423488,43.114498,32.110163,24.122361,23.684395,23.914132,31.212986,31.089339,31.174002,34.437541,34.519870,28.049119,26.515627,34.166222,34.238126,25.432081,28.012282,32.161548,37.779791,29.767726,34.156126,31.511692,36.897269,36.868113,33.171475,29.438174,32.585669,31.604569,36.796912,30.963251,35.732632,29.720262,33.408133,31.025426,36.527979,31.355030,35.696305,30.195297,32.703823,31.421547,36.324502,32.488796,36.401395,31.479337,34.176439,32.122674,35.550809,83.594025,86.902015,133.375911,88.852447,134.828025,50.934756,43.491343,156.085154,122.060000,3.820700,398.020000,121.070000,2.934300,272.860000,651204.423257,9.745637,10.048622,22.061541,92.347134,Inf,Inf,33.334423
06/22/2026 19:18:13,0.000000,0.000000,74.645232,74.050879,63.619170,74.476801,74.889219,76.693316,74.856195,74.693949,35.354103,30.211232,30.143025,29.728647,33.358728,29.857061,29.857689,29.803738,34.037109,37.431417,35.436536,34.591222,34.600982,34.473205,34.568778,33.891034,33.722016,34.262774,37.015937,34.232594,33.268815,34.784027,34.700639,33.697521,32.954965,33.530006,35.232697,77.434782,40.508580,31.701962,25.855578,24.155604,24.928188,33.337281,31.775078,32.261116,78.504719,43.105186,32.036126,24.069370,23.610322,23.879482,31.161128,31.052258,31.078549,34.390853,34.438513,27.906123,26.607547,34.112391,34.164770,25.378294,27.964670,32.171485,37.731330,29.791060,34.133367,31.521818,36.878569,36.871347,33.131169,29.423596,32.571691,31.597250,36.767381,31.012829,35.727872,29.731447,33.411282,31.029475,36.526342,31.354273,35.676924,30.182482,32.696820,31.439852,36.313472,32.495062,36.384708,31.494174,34.192642,32.094417,35.534637,82.428781,85.753032,133.420182,87.919529,134.708188,50.903503,43.434530,153.724118,122.220000,3.798700,394.980000,120.990000,2.912000,270.090000,651264.424304,9.695787,10.029951,22.006175,91.305705,Inf,Inf,33.329626
06/22/2026 19:19:13,0.000000,0.000000,74.640118,74.061408,63.712884,74.479384,74.898983,76.696313,74.834500,74.676476,35.659831,31.155164,31.030840,30.770344,33.837479,30.852345,30.782609,30.799098,34.397037,37.750495,35.979204,35.316599,35.202679,34.796513,35.037985,34.481335,34.420186,34.873111,38.158773,35.610726,35.041333,35.667154,36.238032,35.242163,34.759005,35.696112,35.915823,76.214166,41.344037,32.414300,26.906294,25.174670,26.024257,33.743763,32.453466,32.916101,77.942384,44.516843,32.608376,25.015120,24.527277,24.800245,32.024089,31.813107,31.897747,35.289249,35.671219,28.756353,27.382297,35.175071,35.348831,26.189969,28.770771,32.159644,37.770831,29.776520,34.147550,31.505758,36.881202,36.875219,33.155948,29.425716,32.551972,31.584181,36.758457,30.961505,35.722036,29.732252,33.402753,31.028496,36.514815,31.349798,35.677291,30.184189,32.687405,31.429963,36.290366,32.494530,36.380704,31.490144,34.215288,32.092201,35.544395,81.233243,84.608676,133.093776,87.097546,134.413856,50.909285,44.688871,152.092418,122.160000,3.799300,396.030000,121.020000,2.915800,270.540000,651324.423146,9.195078,9.389154,23.219222,90.579710,Inf,Inf,33.326371
06/22/2026 19:20:13,0.000000,0.000000,74.659053,74.029611,63.179228,74.461661,74.909996,76.666411,74.830546,74.670409,35.654788,30.962934,30.898763,30.594381,33.734978,30.565410,30.641197,30.529770,34.380892,37.711438,35.863880,35.127840,35.047591,34.731395,34.961588,34.340983,34.221178,34.719460,37.366283,34.156817,33.777894,34.809740,34.850099,33.988810,33.557749,34.174524,35.432351,75.546144,40.089671,32.666439,26.794781,24.974429,25.803168,33.882502,32.545730,32.906795,76.548776,45.068379,32.777455,24.954373,24.457649,24.725264,31.810477,31.696865,31.782845,34.951006,35.115547,28.822475,27.310101,34.688750,34.780567,26.176259,28.827352,32.177811,37.760149,29.775996,34.160585,31.527306,36.898174,36.893090,33.171235,29.439718,32.604214,31.614681,36.788678,30.999966,35.748310,29.739937,33.429515,31.037068,36.540951,31.361406,35.701794,30.221326,32.704885,31.434969,36.333853,32.524881,36.401975,31.506207,34.212972,32.114800,35.555819,79.640704,82.849161,133.642025,86.045196,134.622596,51.149323,44.216891,146.770659,122.160000,3.739600,387.840000,121.000000,2.864600,263.540000,651384.422970,9.901379,10.012395,22.765060,88.175105,Inf,Inf,33.346076
06/22/2026 19:21:13,0.000000,0.000000,74.678352,74.077256,63.195793,74.494111,74.914970,76.698355,74.818994,74.693927,35.636002,30.818368,30.727897,30.440601,33.664798,30.445058,30.442219,30.374021,34.312373,37.682978,35.826938,35.065320,35.009453,34.781509,34.937897,34.279995,34.124937,34.613520,37.464061,34.076551,33.707971,35.038808,35.309231,34.113359,33.553570,33.959925,35.296991,76.358394,37.926499,32.605991,26.602992,24.799365,25.636828,33.780347,32.371337,32.861525,75.958777,41.497827,32.656279,24.745205,24.296492,24.532370,31.728488,31.572201,31.661303,34.810057,34.950826,28.704471,27.366702,34.542243,34.613671,25.987081,28.936915,32.158053,37.759529,29.782505,34.149270,31.512385,36.885571,36.879655,33.157293,29.437323,32.581959,31.611545,36.770874,30.986044,35.745101,29.732658,33.398714,31.029793,36.537879,31.364997,35.687952,30.208290,32.698996,31.441953,36.296081,32.494935,36.389607,31.489304,34.197837,32.110306,35.546027,77.744682,81.069143,134.219497,85.136720,135.145740,51.151729,43.666927,139.076859,122.210000,3.676900,379.210000,121.100000,2.802400,254.750000,651444.423420,10.373595,10.423883,22.232396,84.593783,Inf,Inf,33.334748
06/22/2026 19:22:13,0.000000,0.000000,74.740241,74.070265,63.482944,74.486561,74.923055,76.720756,74.852131,74.695801,35.635412,30.730869,30.612316,30.276913,33.654487,30.347344,30.332127,30.258130,34.247874,37.720395,35.829006,34.990291,35.005810,34.721978,34.864290,34.229406,34.132029,34.592215,37.374752,34.104063,33.678767,34.942252,34.719169,33.817773,33.301970,33.787060,35.316361,78.742843,38.730983,32.444468,26.420177,24.697727,25.438584,33.693595,32.028113,32.596498,78.783551,41.806974,32.530938,24.611040,24.145927,24.414062,31.584885,31.454136,31.525422,34.746632,34.861769,28.368115,26.912767,34.457327,34.549171,25.876494,28.564545,32.164887,37.748199,29.792029,34.180546,31.492096,36.904354,36.854756,33.182055,29.397504,32.607944,31.588123,36.808962,30.964248,35.754001,29.717647,33.443737,31.040638,36.549188,31.334946,35.713688,30.183812,32.723939,31.430519,36.342712,32.487967,36.428362,31.471284,34.220777,32.082128,35.593298,80.117650,84.398247,134.553943,87.757581,135.547799,51.109887,43.856593,140.608368,122.100000,3.743900,387.040000,121.100000,2.843500,259.530000,651504.422672,10.027948,10.114418,22.416520,85.316981,Inf,Inf,33.340145
06/22/2026 19:23:13,0.000000,0.000000,74.777811,74.073190,63.596805,74.506005,74.909961,76.732561,74.877660,74.705277,35.599083,30.620341,30.556160,30.178790,33.598914,30.217574,30.254665,30.175762,34.246544,37.630685,35.740413,34.952548,34.934367,34.707733,34.835563,34.225513,34.051916,34.532113,37.397975,34.050140,33.662190,34.859624,34.946100,33.685285,33.306997,33.697044,35.453891,80.192675,41.097266,32.284011,26.292948,24.532727,25.344550,33.709465,32.191763,32.757930,81.045165,43.822110,32.432360,24.460839,24.020446,24.262649,31.475167,31.391765,31.511615,34.700505,34.795856,28.411125,27.140751,34.406932,34.460623,25.689361,28.400149,32.192288,37.780269,29.808784,34.157997,31.539411,36.880997,36.906582,33.163458,29.470266,32.594174,31.631355,36.778819,31.007860,35.723819,29.762057,33.424010,31.057837,36.530864,31.399816,35.679959,30.213621,32.712318,31.475339,36.311546,32.514032,36.395870,31.516992,34.202632,32.118674,35.559233,83.562247,87.853100,134.566800,90.204910,135.680309,51.172662,43.897090,150.227318,122.030000,3.836100,399.310000,120.940000,2.924500,270.440000,651564.422079,9.828235,9.976584,22.455776,89.743464,Inf,Inf,33.350363
06/22/2026 19:24:13,0.000000,0.000000,74.716309,74.066612,63.716869,74.494926,74.906068,76.736686,74.849917,74.702882,35.523422,30.537995,30.467125,30.112332,33.555792,30.184106,30.150722,30.129769,34.192061,37.675872,35.645271,34.926795,34.828785,34.722337,34.746783,34.137552,33.957599,34.509733,37.361970,33.953159,33.409739,35.157907,34.740630,33.807729,33.211649,33.641275,35.174844,79.962982,41.655939,32.152741,26.135673,24.398052,25.147886,33.519488,31.938170,32.363864,80.996929,43.844916,32.302014,24.308211,23.805196,24.095351,31.390202,31.307555,31.346764,34.619770,34.699165,28.283499,26.913364,34.347871,34.375385,25.552945,28.265138,32.184483,37.729655,29.792937,34.149349,31.536077,36.889631,36.879365,33.144557,29.432125,32.584459,31.612712,36.765683,30.999086,35.753637,29.726034,33.397890,31.042780,36.512383,31.391014,35.675223,30.192807,32.696002,31.460730,36.320493,32.507898,36.432716,31.511755,34.215830,32.108321,35.567534,85.398219,88.649681,134.242166,90.488351,135.487198,51.031245,43.758507,159.373318,122.130000,3.851100,401.570000,120.920000,2.962200,276.740000,651624.421551,9.831385,9.980658,22.321356,93.780072,Inf,Inf,33.340439
06/22/2026 19:25:13,0.000000,0.000000,74.697758,74.043395,63.714770,74.492668,74.902966,76.706612,74.869254,74.692644,35.512886,30.460094,30.383427,30.010674,33.503806,30.086909,30.054772,30.015539,34.160202,37.534098,35.660434,34.868245,34.761802,34.642923,34.776844,34.022032,33.948996,34.416831,37.146027,33.969419,33.623585,34.850349,34.703538,33.776368,33.209164,33.622357,35.308452,79.386599,41.044005,32.017890,26.051449,24.256857,25.071868,33.539061,32.017028,32.459227,80.455397,43.756044,32.262638,24.177720,23.748795,23.989713,31.291315,31.192761,31.264053,34.581781,34.693177,28.200267,26.677398,34.269670,34.362423,25.521103,28.246543,32.179292,37.789015,29.793086,34.140609,31.534433,36.878708,36.873240,33.154848,29.429518,32.594692,31.612716,36.784656,31.019978,35.751370,29.736808,33.412624,31.039734,36.504946,31.370605,35.665868,30.192309,32.697285,31.471941,36.316581,32.523539,36.401375,31.507386,34.212090,32.125042,35.565130,84.803151,88.003232,133.933521,89.864021,135.273778,51.015128,43.469686,158.117454,121.980000,3.835900,400.470000,120.850000,2.949900,274.870000,651684.420310,9.977450,10.222198,22.040440,93.235143,Inf,Inf,33.342647
06/22/2026 19:26:13,0.000000,0.000000,74.671209,74.040507,63.527318,74.517100,74.904575,76.739412,74.843926,74.712102,35.435189,30.379268,30.299032,29.910662,33.476564,30.025689,29.982940,29.961540,34.066835,37.556495,35.637250,34.863225,34.775853,34.623705,34.643275,34.009548,33.904075,34.399449,37.163198,33.997314,33.504756,34.873629,35.186223,33.718853,33.008172,33.490331,35.147445,78.701409,40.635582,31.959186,25.991068,24.237570,25.039230,33.447119,31.717704,32.319600,79.856727,43.475783,32.205096,24.168623,23.696412,23.952118,31.289996,31.151827,31.269461,34.515292,34.614960,28.199678,26.535994,34.221075,34.296526,25.385832,28.376453,32.179784,37.785969,29.801159,34.143685,31.538857,36.884428,36.875202,33.158597,29.434172,32.594541,31.617465,36.773255,30.991562,35.739955,29.738398,33.419096,31.057810,36.528832,31.366137,35.678376,30.215148,32.678266,31.458827,36.309306,32.516673,36.401805,31.496235,34.226920,32.123891,35.556451,84.051716,87.298699,133.642450,89.182595,134.931737,50.983091,43.485322,156.733399,121.810000,3.828200,398.210000,120.710000,2.940800,273.590000,651744.419244,9.903511,10.149421,22.055675,92.631220,Inf,Inf,33.343027
06/22/2026 19:27:13,0.000000,0.000000,74.689806,74.062501,63.758512,74.501580,74.926659,76.729412,74.865360,74.703539,35.452364,30.303826,30.273514,29.830483,33.430880,29.912968,29.911759,29.876982,34.083596,37.462678,35.585745,34.765727,34.659270,34.546587,34.707306,33.923124,33.821021,34.339080,37.215802,33.805479,33.327061,34.729950,34.921103,33.681568,33.149522,33.564522,35.201978,78.035644,40.542071,31.847658,25.955383,24.172286,24.974190,33.342979,31.779900,32.227084,79.055841,43.008834,32.157254,24.116908,23.668918,23.929108,31.355321,31.128686,31.203546,34.464741,34.539755,28.077604,26.497796,34.163156,34.267461,25.281855,27.931100,32.166944,37.759520,29.808803,34.173150,31.534571,36.883712,36.880700,33.168120,29.453093,32.595097,31.615350,36.794743,31.009195,35.742422,29.760094,33.434494,31.050974,36.545297,31.378703,35.702108,30.192666,32.699864,31.471150,36.325977,32.508515,36.425798,31.503900,34.226627,32.121372,35.576984,83.105886,86.416335,133.572443,88.499684,134.855895,50.917229,43.454925,154.482103,121.810000,3.814400,396.650000,120.750000,2.925000,271.460000,651804.420279,9.821603,10.131199,22.026055,91.641204,Inf,Inf,33.350331
06/22/2026 19:28:13,0.000000,0.000000,74.684167,74.050514,63.409414,74.499653,74.893895,76.717373,74.824020,74.690503,35.388991,30.248997,30.179009,29.785053,33.349621,29.825182,29.837714,29.841281,34.017006,37.512629,35.461672,34.767107,34.618063,34.589227,34.455283,33.878689,33.751516,34.310450,36.885194,34.247872,33.444938,34.389356,34.797060,33.600864,32.834143,33.515450,35.162760,77.350860,40.512880,31.757544,25.862479,24.132967,24.868737,33.356439,31.715435,32.177520,78.361311,43.008225,32.045907,24.037123,23.562000,23.858488,31.183906,31.037164,31.098658,34.421972,34.476662,28.012348,26.533313,34.187786,34.209535,25.289229,27.922356,32.192490,37.763237,29.807649,34.178657,31.522723,36.908664,36.882076,33.164615,29.410330,32.622415,31.611529,36.797816,30.975303,35.768535,29.730721,33.445212,31.038998,36.544805,31.359494,35.709615,30.199329,32.714960,31.432444,36.340197,32.504568,36.433272,31.475781,34.227793,32.106519,35.578590,82.407505,85.791884,133.337502,87.942057,134.803113,50.913352,43.389955,153.263629,121.730000,3.801300,395.470000,120.820000,2.915500,270.360000,651864.419646,9.794837,10.083200,21.962707,91.101343,Inf,Inf,33.348278
06/22/2026 19:29:13,0.000000,0.000000,74.676363,74.063848,63.325273,74.514173,74.887709,76.722160,74.840839,74.696761,35.683360,31.161450,31.042919,30.772369,33.829284,30.883338,30.797897,30.824191,34.447227,37.769543,35.930534,35.269856,35.195385,35.480378,34.973383,34.476590,34.378809,34.854375,38.257592,35.440902,34.976070,36.075453,35.877489,35.313889,34.850816,35.708962,35.962771,77.010862,41.063614,32.491555,26.906616,25.190648,26.073016,33.748242,32.512220,33.027802,78.506386,44.576118,32.605958,25.029239,24.508519,24.790440,32.352967,31.913460,31.868022,35.327932,35.665265,28.914976,27.296182,35.193759,35.316988,26.100202,29.033161,32.179305,37.762516,29.790424,34.168130,31.538443,36.899057,36.891776,33.167693,29.460246,32.610184,31.619770,36.781644,31.000012,35.749241,29.777235,33.454683,31.067213,36.530507,31.382526,35.709813,30.241432,32.723163,31.473574,36.340337,32.518052,36.424727,31.518416,34.244578,32.125575,35.581612,81.724566,85.083105,133.370966,87.589766,134.641248,50.971022,44.881062,152.525391,121.890000,3.809900,396.070000,120.680000,2.920800,271.350000,651924.419375,9.088174,9.202577,23.403381,90.772859,Inf,Inf,33.357729
06/22/2026 19:30:13,0.000000,0.000000,74.705466,74.039691,63.358196,74.509712,74.906061,76.687358,74.828745,74.686777,35.675198,30.989257,30.871609,30.607498,33.776471,30.611510,30.622348,30.549698,34.454582,37.680091,35.901558,35.216695,35.107194,35.518963,34.910905,34.355498,34.211687,34.761429,37.690994,34.217014,34.033259,35.437568,35.183591,33.962224,33.744825,34.176827,35.365955,75.651368,41.183523,32.696805,26.785984,24.975462,25.772036,33.759213,32.216242,32.767596,77.124926,45.141909,32.752745,24.921011,24.447070,24.721847,32.163735,31.733807,31.690149,34.957180,35.146771,28.773592,27.365542,34.693255,34.809021,26.074423,28.825281,32.168626,37.757656,29.800680,34.198956,31.542652,36.900583,36.883150,33.190137,29.436833,32.626886,31.634719,36.806482,31.009433,35.775440,29.751883,33.428534,31.057473,36.568737,31.388490,35.721837,30.203157,32.723670,31.479875,36.352796,32.525677,36.443488,31.507004,34.261059,32.122519,35.617117,80.648957,83.830524,133.208964,86.713402,134.683469,51.195732,44.332166,150.117901,121.850000,3.770600,391.470000,120.790000,2.894300,267.270000,651984.418754,9.820570,9.876510,22.876235,89.694190,Inf,Inf,33.362852
06/22/2026 19:31:13,0.000000,0.000000,74.676609,74.043374,63.663804,74.488857,74.866628,76.720937,74.836629,74.676070,35.641964,30.864028,30.774451,30.481202,33.709252,30.426823,30.441980,30.349711,34.366273,37.699531,35.873206,35.107480,34.993973,35.531213,34.990428,34.310823,34.179935,34.648965,37.388865,34.164843,33.988423,34.940624,35.140593,33.982208,33.545157,33.921324,35.237178,75.704724,39.419536,32.621833,26.544571,24.714906,25.556308,33.783866,32.164854,32.574493,76.119315,44.156023,32.686977,24.692418,24.220806,24.450881,31.971681,31.616541,31.594711,34.844440,35.030655,28.648714,27.314708,34.563790,34.630336,25.953808,28.634884,32.190984,37.782509,29.816394,34.170575,31.532432,36.896186,36.884021,33.174568,29.443509,32.586773,31.619040,36.801594,30.988912,35.743523,29.745278,33.449498,31.051764,36.535443,31.371901,35.703209,30.210714,32.706750,31.475949,36.325433,32.507079,36.447368,31.508682,34.238532,32.120847,35.590198,79.165247,82.212211,133.861555,85.699747,134.940315,51.185367,43.773754,144.877072,122.040000,3.716600,385.040000,120.770000,2.846900,261.480000,652044.416805,10.285676,10.350820,22.336157,87.305485,Inf,Inf,33.353989
06/22/2026 19:32:13,0.000000,0.000000,74.721937,74.079433,63.127317,74.536318,74.887876,76.716004,74.833132,74.699617,35.640859,30.740360,30.636961,30.312061,33.655307,30.327217,30.336107,30.258543,34.349635,37.672356,35.793700,35.083335,34.933020,35.551393,34.828334,34.250678,34.053635,34.700191,37.339562,34.282675,33.773824,35.119183,34.900139,33.863970,33.391709,33.881629,35.330528,76.550916,37.584281,32.479921,26.448069,24.621394,25.457924,33.658173,32.007750,32.585211,76.200769,41.484465,32.555394,24.581050,24.104849,24.365832,31.984147,31.560004,31.501194,34.752230,34.873736,28.509116,27.137461,34.460016,34.504386,25.814828,28.489455,32.165204,37.789608,29.791901,34.198363,31.545176,36.924322,36.898732,33.213346,29.446298,32.628109,31.623024,36.825809,30.991468,35.784603,29.767133,33.447728,31.068703,36.564556,31.401211,35.724799,30.223969,32.727977,31.485757,36.354213,32.515092,36.454354,31.510814,34.262770,32.114444,35.607306,77.800805,81.290114,133.880844,85.267338,135.288735,51.149708,43.525139,138.705879,121.930000,3.674700,379.140000,120.870000,2.800300,254.660000,652104.417104,10.385464,10.460937,22.094457,84.417807,Inf,Inf,33.368560
06/22/2026 19:33:13,0.000000,0.000000,74.733185,74.056437,63.504910,74.513892,74.914042,76.723566,74.846183,74.697035,35.620465,30.632491,30.603966,30.191796,33.619424,30.174856,30.189419,30.136815,34.314563,37.655107,35.783055,34.978345,34.911829,35.443362,34.896160,34.170314,34.082194,34.580119,37.117734,33.895281,33.564715,35.072273,34.689107,33.805885,33.435961,33.674505,35.227959,79.302536,39.608475,32.339601,26.311323,24.535465,25.357434,33.607224,31.964679,32.362123,79.515014,42.159555,32.417176,24.408413,24.003347,24.237495,31.835940,31.422101,31.417200,34.690342,34.850793,28.364210,26.898189,34.371847,34.446395,25.505111,28.378790,32.164759,37.783864,29.797697,34.188719,31.528367,36.902324,36.894318,33.188024,29.440064,32.621581,31.617376,36.806991,31.001924,35.754243,29.759664,33.436731,31.050544,36.551051,31.405437,35.715702,30.201887,32.720179,31.468938,36.332632,32.526767,36.448815,31.527960,34.258691,32.120590,35.607222,80.912721,85.333455,134.553779,88.478374,135.863557,51.128693,43.779289,142.321806,121.920000,3.756500,389.390000,120.900000,2.854500,261.540000,652164.416973,9.998072,10.075647,22.341529,86.119915,Inf,Inf,33.360769
06/22/2026 19:34:13,0.000000,0.000000,74.728317,74.068904,63.054529,74.501923,74.924890,76.724274,74.843154,74.702034,35.572893,30.524020,30.461173,30.130633,33.606010,30.193045,30.163265,30.121359,34.263806,37.600583,35.734163,34.992446,34.889123,35.470749,34.803616,34.158031,34.022613,34.529893,37.047764,34.045254,33.584051,34.604169,35.221467,33.443227,33.269187,33.736976,35.252188,80.246250,41.443785,32.182833,26.128957,24.390430,25.175462,33.641044,32.146352,32.623852,81.222773,43.498155,32.321652,24.311856,23.871764,24.125638,31.817739,31.423173,31.322033,34.663464,34.761770,28.265265,26.797997,34.288732,34.404557,25.525552,28.368226,32.205844,37.795056,29.814787,34.179695,31.578564,36.884484,36.935720,33.165622,29.476006,32.591879,31.654003,36.777385,31.024241,35.749407,29.789105,33.433634,31.086206,36.550737,31.422052,35.692258,30.263441,32.697537,31.516177,36.337957,32.541458,36.418845,31.544573,34.238319,32.172254,35.579352,84.616916,88.617992,134.375751,90.557131,135.775413,51.063792,43.742483,154.253396,121.960000,3.856400,401.730000,120.790000,2.952300,273.960000,652224.415289,9.877035,10.015854,22.305798,91.540091,Inf,Inf,33.370553
06/22/2026 19:35:13,0.000000,0.000000,74.729112,74.077733,63.142729,74.502887,74.926276,76.705001,74.847905,74.697912,35.544898,30.436577,30.409387,30.003945,33.606823,30.057444,30.085246,30.033085,34.245529,37.519176,35.699528,34.899248,34.813654,35.401983,34.736639,34.079458,33.988214,34.467119,37.166515,34.035274,33.594749,34.730188,34.572264,33.644941,33.366029,33.619696,35.179906,79.697456,41.388451,32.110836,26.050021,24.305114,25.079436,33.517257,31.827685,32.367907,80.790988,43.355369,32.252029,24.181820,23.729500,23.976243,31.643252,31.234519,31.218033,34.608718,34.740708,28.162848,26.703122,34.301437,34.352472,25.465017,28.104818,32.179046,37.807772,29.812012,34.195934,31.564123,36.887839,36.896579,33.163186,29.432533,32.625606,31.633883,36.788042,31.027400,35.785770,29.763935,33.440542,31.055258,36.578913,31.404973,35.733054,30.226035,32.734929,31.478997,36.370957,32.529249,36.459862,31.532396,34.254567,32.124465,35.610637,85.142895,88.439468,133.990772,90.174824,135.548206,51.019385,43.508047,158.975145,121.950000,3.848700,400.920000,120.870000,2.955300,275.860000,652284.415291,10.033024,10.174217,22.077812,93.607614,Inf,Inf,33.369950
06/22/2026 19:36:13,0.000000,0.000000,74.673641,74.075502,63.461698,74.498905,74.912157,76.720842,74.837945,74.686260,35.491585,30.383841,30.316087,29.920656,33.495407,29.982182,29.988293,29.946384,34.205889,37.574732,35.667492,34.850991,34.739222,35.406940,34.773689,34.021538,33.876219,34.428854,37.289337,33.834478,33.412403,35.029331,34.539671,33.731787,33.102990,33.629955,35.166649,79.052612,40.663418,31.977994,25.967337,24.239321,25.006900,33.393684,31.678381,32.167591,80.129426,43.551408,32.162799,24.118010,23.808254,23.920653,31.625366,31.201897,31.151991,34.550506,34.640223,28.178678,26.507095,34.234090,34.277585,25.403418,28.221550,32.226903,37.769572,29.841686,34.196243,31.516762,36.906285,36.866721,33.178076,29.426068,32.643075,31.626879,36.815052,30.991773,35.790222,29.762141,33.440088,31.074409,36.571571,31.377531,35.728646,30.206443,32.739398,31.462502,36.370062,32.501661,36.438798,31.496045,34.258005,32.130137,35.604321,84.264454,87.561333,133.746450,89.447986,135.210249,51.055600,43.396073,157.162810,122.000000,3.830600,399.310000,120.840000,2.938900,274.070000,652344.414454,10.009319,10.194124,21.968675,92.818972,Inf,Inf,33.365236
06/22/2026 19:37:13,0.000000,0.000000,74.673429,74.075290,63.596790,74.537913,74.926223,76.724761,74.858914,74.706387,35.464222,30.318428,30.285887,29.846530,33.434430,29.915639,29.878130,29.899977,34.186472,37.494398,35.561267,34.767054,34.718263,35.391317,34.641909,33.978435,33.869871,34.389673,37.329440,33.967554,33.470656,35.080816,34.632446,33.722069,33.185143,33.581025,35.112493,78.247098,40.503073,31.894630,25.902754,24.162109,24.962776,33.350305,31.716858,32.109918,79.410881,43.394505,32.096315,24.068135,23.824990,23.876936,31.539991,31.132562,31.113401,34.490786,34.586811,28.044157,26.513957,34.180542,34.223596,25.194712,28.009493,32.199260,37.777914,29.796597,34.172662,31.563485,36.892957,36.920825,33.162212,29.466787,32.595794,31.649906,36.792059,31.011838,35.755239,29.780873,33.425431,31.090455,36.543421,31.408003,35.698977,30.223841,32.723847,31.495922,36.333768,32.548813,36.461987,31.546564,34.245500,32.154979,35.592280,83.498503,86.780805,133.563957,88.765181,134.911450,50.958158,43.489595,155.418619,121.910000,3.818600,397.260000,120.790000,2.929900,272.670000,652404.413661,9.834792,10.036477,22.059838,92.054207,Inf,Inf,33.367740
06/22/2026 19:38:13,0.000000,0.000000,74.669449,74.062004,63.551225,74.541116,74.909570,76.754934,74.843487,74.705747,35.389834,30.239593,30.190111,29.779385,33.401734,29.825311,29.862300,29.822172,34.153247,37.533803,35.492206,34.775662,34.611093,35.325902,34.562718,33.934255,33.832104,34.339949,37.227723,34.083848,33.347979,34.815144,34.828449,33.661171,33.217409,33.509329,35.377840,77.357956,40.353821,31.732528,25.877927,24.104116,24.906598,33.232296,31.619931,32.048554,78.431237,43.176440,32.056918,24.018650,23.567207,23.816226,31.504541,31.108106,31.068893,34.453123,34.532009,28.027409,26.402753,34.155744,34.220548,25.249339,28.164254,32.202706,37.780451,29.833936,34.202250,31.569571,36.888826,36.906366,33.168130,29.428128,32.619234,31.635073,36.788865,31.032684,35.764001,29.745262,33.442373,31.064224,36.561852,31.394479,35.699765,30.208586,32.711743,31.475042,36.354633,32.520852,36.440584,31.525467,34.259317,32.126557,35.572842,82.298211,85.573731,133.635587,87.789785,134.686139,50.965085,43.409378,153.135922,121.970000,3.797000,394.690000,120.800000,2.909300,269.640000,652464.413027,9.750877,10.075267,21.981651,91.044595,Inf,Inf,33.364127
06/22/2026 19:39:13,0.000000,0.000000,74.687728,74.067610,63.741852,74.529117,74.905603,76.729477,74.862548,74.699881,35.680383,31.189647,31.059978,30.798271,33.872410,30.826793,30.802992,30.827503,34.478411,37.733432,36.040046,35.356784,35.197654,35.652354,35.027671,34.491424,34.441246,34.925201,37.852401,35.383601,35.028049,36.482840,36.373070,35.329502,34.931552,35.611515,36.315250,76.006039,41.438455,32.450615,26.909598,25.156508,26.040817,33.728685,32.334265,32.832617,77.750503,44.607644,32.595940,24.992322,24.482992,24.757313,32.301787,31.918783,31.869782,35.350515,35.716868,28.939278,27.340918,35.212014,35.324160,26.085086,28.826194,32.196236,37.790376,29.827008,34.214789,31.564337,36.892475,36.933397,33.167733,29.476786,32.600785,31.677180,36.809184,31.037554,35.775487,29.788205,33.444288,31.100011,36.562792,31.415029,35.711695,30.232627,32.724607,31.521069,36.337506,32.556127,36.476490,31.543788,34.271470,32.159213,35.613776,81.073286,84.320030,133.473480,86.959705,134.484274,50.952812,44.619142,151.700234,121.920000,3.795000,394.530000,120.830000,2.913100,270.330000,652524.412097,9.298318,9.443643,23.152297,90.404440,Inf,Inf,33.380734
06/22/2026 19:40:13,0.000000,0.000000,74.723725,74.074033,63.756916,74.533202,74.888985,76.713317,74.842756,74.698256,35.684770,31.057707,30.894161,30.651845,33.772252,30.580533,30.620593,30.525657,34.431334,37.730738,35.973575,35.230215,35.055985,35.633503,34.970355,34.395908,34.274026,34.808201,37.710640,34.516313,33.940759,35.280517,35.057528,34.410374,33.658545,34.161618,35.503222,75.791066,39.946587,32.681686,26.824829,24.936072,25.819636,33.924611,32.571898,32.959522,76.489577,44.656034,32.752349,24.893769,24.449967,24.679548,32.216452,31.765294,31.726091,35.007588,35.214646,28.820484,27.320012,34.686175,34.829884,26.021698,29.023900,32.188311,37.820064,29.817283,34.208174,31.566607,36.888094,36.927653,33.171739,29.457616,32.632758,31.662431,36.818880,31.020137,35.758617,29.776650,33.458987,31.088017,36.573361,31.418096,35.717417,30.222336,32.739688,31.512642,36.332674,32.531257,36.476439,31.529925,34.299527,32.139286,35.621405,79.452900,82.560777,133.875141,85.959752,134.858635,51.189395,44.086756,145.695593,122.020000,3.734000,386.930000,120.920000,2.859300,262.990000,652584.411872,10.042329,10.112992,22.639357,87.682310,Inf,Inf,33.379202
06/22/2026 19:41:13,0.000000,0.000000,74.694228,74.085532,63.381496,74.524547,74.907372,76.733350,74.847881,74.719438,35.686164,30.904031,30.789052,30.476018,33.713413,30.453732,30.478485,30.390229,34.405219,37.731686,35.855827,35.116510,35.019854,35.593410,34.940718,34.324979,34.195522,34.723540,37.671363,34.409433,33.826227,35.258382,35.158640,33.982966,33.389837,34.003634,35.541825,76.495806,37.782397,32.629943,26.591593,24.778553,25.604633,33.858503,32.335300,32.769625,76.156769,41.681356,32.661980,24.713354,24.266500,24.508649,32.164442,31.733612,31.614218,34.870068,35.096181,28.766851,27.223341,34.567519,34.665117,25.899006,28.568575,32.195606,37.808750,29.829051,34.221009,31.531820,36.908849,36.898326,33.184495,29.452578,32.641993,31.637823,36.818714,31.011504,35.771740,29.788637,33.442942,31.075935,36.561977,31.424902,35.712821,30.249362,32.747526,31.495215,36.360954,32.521421,36.473020,31.514009,34.272206,32.146601,35.628689,77.807230,81.226787,134.025635,85.203050,135.268578,51.183329,43.748116,139.166044,122.050000,3.676400,379.770000,121.000000,2.804900,255.330000,652644.410035,10.318675,10.350712,22.311268,84.636042,Inf,Inf,33.377616
06/22/2026 19:42:13,0.000000,0.000000,74.729056,74.100089,63.270322,74.548791,74.910482,76.738140,74.853914,74.712796,35.647443,30.715339,30.635115,30.329944,33.690891,30.331727,30.314421,30.287229,34.377085,37.702786,35.823758,35.108659,34.949479,35.566954,34.890135,34.258379,34.152991,34.641556,37.507469,34.359814,33.662360,35.123184,34.759559,33.799148,33.335535,33.934277,35.336987,79.321956,39.786218,32.540316,26.414079,24.660744,25.458293,33.650988,31.997878,32.354301,79.506366,42.432170,32.550964,24.551978,24.121335,24.363964,31.943533,31.586242,31.528324,34.799198,34.946038,28.545722,26.954978,34.458436,34.523659,25.692522,28.663753,32.199306,37.787238,29.829192,34.214896,31.576473,36.901872,36.931750,33.169634,29.467544,32.635343,31.656110,36.810324,31.013747,35.773528,29.780042,33.430379,31.080713,36.560048,31.427416,35.723469,30.253389,32.728865,31.532516,36.365700,32.542647,36.487467,31.552610,34.280798,32.150321,35.615556,80.929421,85.272946,134.609535,88.435967,135.769196,51.173001,43.817359,142.382341,122.070000,3.762100,389.050000,120.910000,2.858100,261.320000,652704.409403,10.161846,10.172494,22.378470,86.148165,Inf,Inf,33.382630
06/22/2026 19:43:13,0.000000,0.000000,74.702674,74.099058,63.169045,74.541128,74.883812,76.732604,74.831764,74.717262,35.628669,30.628710,30.572551,30.177832,33.620612,30.285265,30.229722,30.189601,34.338312,37.673896,35.748731,34.972437,34.908581,35.523427,34.838688,34.194907,34.074238,34.589027,37.209307,34.215394,33.773029,34.859432,34.863423,33.800562,33.197502,33.916241,35.297264,80.384648,41.587471,32.348210,26.289573,24.540088,25.304840,33.728657,32.163378,32.598947,81.373725,43.893374,32.449441,24.424316,23.962334,24.251553,31.902940,31.478866,31.434312,34.751735,34.883846,28.394345,26.838186,34.433384,34.485742,25.641347,28.670433,32.197959,37.801366,29.819816,34.215555,31.572680,36.900759,36.900509,33.203132,29.443184,32.634776,31.627030,36.809794,31.007866,35.789387,29.764962,33.451340,31.071435,36.579839,31.433083,35.714521,30.248844,32.734113,31.500518,36.382601,32.534721,36.479377,31.522636,34.280355,32.144981,35.613341,84.459308,88.555323,134.512678,90.550194,135.798426,51.150216,43.815125,153.584595,122.000000,3.852600,401.710000,120.900000,2.948700,273.830000,652764.409792,9.971908,10.073139,22.376302,91.243829,Inf,Inf,33.379349
06/22/2026 19:44:13,0.000000,0.000000,74.719192,74.058502,63.333991,74.517033,74.934501,76.715316,74.851230,74.674193,35.619132,30.555826,30.535323,30.055233,33.619277,30.168468,30.160075,30.065564,34.293700,37.605603,35.697995,34.921882,34.803914,35.503041,34.857655,34.187259,34.023442,34.491677,37.465993,34.063841,33.752956,34.818098,34.760440,33.829339,33.238163,33.706859,35.246065,79.766942,41.415027,32.201354,26.183599,24.387860,25.210159,33.585331,31.940051,32.248602,80.922654,43.827343,32.348996,24.274908,23.832613,24.083810,31.895951,31.391735,31.337377,34.696927,34.817415,28.307420,26.826242,34.338981,34.427732,25.626709,28.347746,32.188982,37.826475,29.818402,34.211378,31.591208,36.918714,36.951163,33.191361,29.490684,32.640221,31.668125,36.822699,31.036016,35.771744,29.817317,33.450193,31.107270,36.590942,31.433123,35.742949,30.257389,32.742193,31.545702,36.377031,32.562928,36.456401,31.552080,34.305424,32.176793,35.626406,85.277132,88.447154,134.249656,90.274629,135.482039,51.085737,43.700529,159.216315,121.920000,3.850800,401.510000,120.840000,2.958200,276.540000,652824.408666,9.936305,10.083947,22.265049,93.712105,Inf,Inf,33.395710
06/22/2026 19:45:13,0.000000,0.000000,74.706351,74.081595,63.800528,74.536339,74.907753,76.719819,74.861049,74.695847,35.532330,30.483663,30.431067,30.027738,33.575004,30.084803,30.070105,30.012594,34.258239,37.590620,35.582401,34.944200,34.823575,35.491222,34.781010,34.094568,33.946457,34.510136,37.461838,34.045463,33.439698,35.064551,34.716868,33.822575,33.195513,33.678447,35.396778,79.047752,41.083103,32.089029,26.052264,24.248720,25.059707,33.576737,32.015165,32.529420,80.100161,43.444047,32.246338,24.159530,23.709748,23.967242,31.695775,31.282235,31.235005,34.638924,34.776729,28.310216,26.733156,34.316184,34.375650,25.450809,28.380149,32.207943,37.799792,29.809757,34.250954,31.564106,36.928520,36.925485,33.194004,29.459890,32.667378,31.662808,36.828585,31.024120,35.787825,29.794916,33.482518,31.103599,36.575196,31.431973,35.747514,30.231669,32.763227,31.510400,36.364531,32.545921,36.498633,31.550930,34.321390,32.169218,35.640131,84.312433,87.551892,134.029863,89.488827,135.062595,51.086993,43.484545,157.109073,122.050000,3.830000,398.950000,120.790000,2.940900,273.960000,652884.407468,10.034111,10.191420,22.054918,92.795495,Inf,Inf,33.394764
06/22/2026 19:46:13,0.000000,0.000000,74.761500,74.108877,63.504488,74.552388,74.898870,76.753110,74.846432,74.688833,35.480074,30.413271,30.348638,29.934364,33.554821,29.994107,29.992940,29.966190,34.196579,37.590654,35.622754,34.844226,34.777255,35.457793,34.737062,34.017730,33.926207,34.447747,37.355028,33.974159,33.510133,34.834647,34.833760,33.727781,33.090379,33.639561,35.202835,78.347821,40.927214,32.019063,26.005288,24.186900,25.027480,33.507864,31.908696,32.313203,79.399054,43.117507,32.209786,24.116037,23.682409,23.939462,31.764362,31.299591,31.160570,34.560823,34.702146,28.256597,26.547491,34.241816,34.326584,25.409861,28.226085,32.213626,37.809854,29.841758,34.232411,31.553958,36.910481,36.947961,33.187699,29.462036,32.648414,31.669649,36.832235,31.046067,35.793696,29.798312,33.472573,31.098525,36.587628,31.424440,35.743638,30.253625,32.772232,31.515129,36.421904,32.543081,36.510181,31.554090,34.326074,32.154780,35.650567,83.477821,86.810706,133.336259,88.784621,134.809382,51.052657,43.496102,155.403728,121.930000,3.817800,396.960000,120.870000,2.932500,272.320000,652944.405105,9.952886,10.143609,22.066177,92.047653,Inf,Inf,33.399221
