Timestamp,Defrost case 1,Always off,Ambient Dry Bulb Ta,Ambient Dry Bulb Tb,Ambient Wet Bulb,Ceiling Temp,Front Wall Temp,Right Wall Temp,Left Wall Temp,Rear Wall Temp,Discharge Air 2 in LE,Discharge Air 12 in LE,Discharge Air Center,Discharge Air 12in RE,Discharge Air 2 in RE,Secondary Air 2 in LE,Secondary Air 12 in LE,Secondary Air Center,Secondary Air 12in RE,Secondary Air 2 in RE,Return Air 2 in LE,Return Air 12 in LE,Return Air Center,Return Air 12in RE,Return Air 2 in RE,Left TXV Inlet,Into Distrubutor ,TXV Bulb,Coil Inlet 1,Coil Inlet 2,Coil Inlet 3,Coil Outlet 1,Coil Outlet 2,Coil Outlet 3,Air in evap 6 in LE,Air in evap 6 in RE,Air off evap 6 in LE,Air off evap 6 in RE,PS Top shelf LE Rear,PS Top shelf LE Front,PS Top shelf RE Rear ,PS Top shelf RE Front,PS Second shelf LE Rear ,PS Second shelf LE Front,PS Second shelf RE Rear ,PS Second shelf RE Front,PS Third shelf LE Rear ,PS Third shelf LE Front,PS Third shelf RE Rear ,PS Third shelf RE Front,PS Fourth shelf LE Rear ,PS Fourth shelf LE Front,PS Fourth shelf RE Rear ,PS Fourth shelf RE Front,PS BC LE Rear ,PS BC LE Front,PS BC RE Rear ,PS BC RE Front,Water in HeatX,Water out  HeatX,Ref Temp in HeatX,Ref Temp out HeatX,Discharge line from Comp,Suction line into Comp,Suction Pressure,Discharge Pressure,Case Volts,Case Amps,Case Watts,Compressor Volts,Compressor Amps,Compressor Watts,Run Time,S.H.,Evap,Liqcond,AVG Prod Temp,Total Case Watts,Total Compressor Watts
06/22/2026 06:15:52,0.000000,0.000000,75.589456,75.131765,66.083628,75.754490,78.720840,73.169865,75.925667,74.949996,35.545955,31.171645,31.581999,31.380344,37.347111,37.560624,35.318514,35.651758,35.323483,37.059515,34.933786,35.965198,33.867193,33.698884,33.181033,71.786579,33.034715,39.496092,24.152692,24.061807,23.910646,31.790043,32.575142,32.670316,35.284789,35.238689,29.659994,29.882485,33.793170,36.805916,32.670499,37.148143,35.408378,37.744987,31.253877,36.328014,33.247252,36.386445,31.229265,36.029823,31.275710,33.657650,30.427187,33.006802,32.823194,34.393835,31.337984,33.095042,82.104966,87.396001,125.778302,84.300643,132.837543,56.946221,47.545995,155.744984,118.200000,2.196000,216.100000,116.690000,1.661000,145.800000,22781.591973,13.583996,25.912096,92.197742,33.903159,1264.278231,821.218205
06/22/2026 06:16:52,0.000000,0.000000,75.543946,75.142825,65.951791,75.760999,78.665081,73.189092,75.896659,74.980940,35.375962,31.028787,31.344263,31.213620,36.949912,37.509269,35.144204,35.528038,35.114872,36.933194,35.181372,35.132072,33.696136,33.622850,32.976916,73.771464,32.820496,39.958118,24.214981,24.208713,24.017877,31.640572,32.317353,32.543333,35.164058,35.099774,29.306193,29.648345,33.795342,36.817370,32.666528,37.138888,35.409770,37.736211,31.265970,36.345857,33.234058,36.395877,31.218992,36.031570,31.282010,33.660822,30.405409,33.010496,32.790428,34.378885,31.333504,33.089684,84.197771,89.601128,126.843495,86.434007,133.975847,57.028472,47.674954,157.900770,118.130000,2.216000,218.900000,116.720000,1.680000,147.800000,22841.590566,13.926684,26.031434,93.140829,33.900384,1267.914423,823.683147
06/22/2026 06:17:52,0.000000,0.000000,75.528392,75.127686,65.816930,75.731141,78.683693,73.164224,73.386269,74.965472,35.893763,31.815483,32.217520,32.241036,37.884790,37.803049,35.564710,35.954985,35.653223,37.253250,36.550783,36.830361,35.197571,34.227923,33.625127,65.635900,33.340883,37.913754,23.697709,23.653816,23.392181,32.279513,32.830588,33.289303,35.818563,35.974912,30.564815,30.826978,33.822861,36.836821,32.718068,37.153436,35.430482,37.742722,31.304616,36.363677,33.263945,36.437597,31.260182,36.061878,31.313082,33.688685,30.364281,33.039058,32.804326,34.412723,31.361325,33.119660,76.641356,82.461426,125.437084,79.000693,131.795017,56.763369,47.067936,145.604540,118.160000,2.138000,208.600000,117.010000,1.608000,138.600000,22901.589447,12.445679,25.468075,87.640462,33.924971,1271.398831,825.995715
06/22/2026 06:18:52,0.000000,0.000000,75.491944,75.076438,65.930364,75.699262,78.662438,73.078907,72.230424,74.956891,35.576576,31.336555,31.706343,31.556451,37.236694,37.448026,35.197018,35.621589,35.327962,37.024622,35.701961,35.588782,34.175418,33.786493,33.240099,72.457896,33.339695,39.694153,24.462111,24.383784,24.206412,32.118505,32.834216,33.260046,35.482952,35.460352,29.640427,30.005032,33.847730,36.838151,32.718824,37.160379,35.457560,37.749395,31.333177,36.369821,33.283000,36.432676,31.284523,36.052414,31.346098,33.699389,30.413359,33.045673,32.814944,34.414889,31.391458,33.132384,82.727185,88.109711,126.057135,85.206426,133.036935,56.781965,48.114073,159.214472,118.440000,2.207000,218.600000,117.000000,1.678000,147.900000,22961.588395,13.257741,26.436412,93.711307,33.939292,1274.986492,828.411869
06/22/2026 06:19:52,0.000000,0.000000,75.422466,75.111253,65.869490,75.692485,78.682183,73.138152,71.846572,74.953692,35.481626,31.143498,31.511086,31.357179,37.145043,37.475760,35.175823,35.464369,35.186437,36.924978,35.361082,35.739745,33.845883,33.845883,32.965057,73.564722,33.095744,39.609538,24.387840,24.302346,24.209902,31.865948,32.593551,32.918599,35.291485,35.256024,29.491033,29.782164,33.831361,36.861215,32.727633,37.178426,35.459621,37.776638,31.344160,36.389998,33.280592,36.454621,31.312044,36.085964,31.339705,33.739649,30.364171,33.065933,32.796083,34.450201,31.369966,33.151835,83.257444,88.786361,127.167546,84.905873,134.327130,57.129494,47.393343,152.780294,118.530000,2.187000,215.800000,117.030000,1.658000,145.000000,23021.586575,13.838946,25.770592,90.886400,33.948991,1278.633659,830.885821
06/22/2026 06:20:52,0.000000,0.000000,75.431063,75.103382,65.724456,75.689963,78.647284,73.088208,71.741953,74.946196,35.222608,30.774335,31.109897,31.057072,37.093073,37.408339,34.960309,35.302567,34.982309,36.789429,34.753027,35.305699,33.647137,33.656020,32.607084,64.242569,32.807474,37.167617,22.677388,22.609692,22.328595,31.512295,32.323169,32.681680,35.012689,35.006482,29.182019,29.466407,33.830427,36.840821,32.740180,37.164813,35.474766,37.748435,31.372308,36.389052,33.300528,36.455889,31.325887,36.094852,31.362952,33.702865,30.419967,33.052538,32.807139,34.443485,31.390493,33.153200,75.618302,81.257036,125.117194,78.266224,131.781032,56.809442,46.362937,142.841186,118.540000,2.115000,206.900000,117.030000,1.597000,136.600000,23081.585483,12.359073,24.808544,86.362032,33.953530,1282.071512,833.151335
06/22/2026 06:21:52,0.000000,0.000000,75.399352,75.089397,65.816650,75.662848,78.643817,73.044922,71.702270,74.951019,35.231085,30.502517,30.919228,30.769553,37.243787,37.165077,34.850648,35.112710,34.802758,36.628426,34.765945,35.148252,33.387622,33.503578,32.517115,71.606671,32.620857,38.715346,23.695592,23.635127,23.498006,31.310065,32.104739,32.293853,34.890065,34.837733,28.900760,29.313669,33.845313,36.837512,32.773548,37.141836,35.495581,37.749748,31.402593,36.374010,33.316977,36.448815,31.349576,36.071456,31.360711,33.713955,30.445361,33.057880,32.808036,34.428406,31.419973,33.158606,81.739856,86.990626,125.941749,84.077742,132.905220,56.646585,46.985880,156.168049,118.410000,2.194000,216.600000,116.830000,1.664000,146.000000,23141.582834,13.323743,25.391603,92.383506,33.959995,1285.630328,835.540619
06/22/2026 06:22:52,0.000000,0.000000,75.360405,75.081269,65.921585,75.655602,78.606732,73.079990,71.657799,74.978531,34.939219,30.465835,30.844227,30.719915,36.891132,37.194538,34.611975,34.994291,34.671333,36.516774,34.354100,35.046112,33.476755,33.387454,32.268400,72.877540,32.271910,39.503477,23.526532,23.485769,23.300117,31.063335,31.761061,31.903167,34.809290,34.747639,28.907839,29.116668,33.867212,36.883218,32.806913,37.182536,35.509183,37.758451,31.436319,36.403166,33.369349,36.466460,31.381302,36.101658,31.396220,33.761785,30.442997,33.096935,32.822205,34.461182,31.424965,33.188030,83.929207,89.017602,126.995530,86.235346,134.133785,56.844721,47.087649,160.660402,118.060000,2.217000,219.100000,116.670000,1.683000,148.500000,23201.581086,14.017041,25.486436,94.335565,33.988004,1289.251305,837.989519
06/22/2026 06:23:52,0.000000,0.000000,75.378012,75.053689,65.874063,75.637191,78.616566,73.073377,71.630036,74.942428,34.903651,30.406014,30.725588,30.611013,36.738349,37.061272,34.529366,34.868261,34.520405,36.426835,34.345576,34.895193,33.182892,33.396631,32.365299,68.575637,32.116475,37.729731,22.849335,22.775823,22.589335,30.864185,31.607855,31.785163,34.605811,34.592059,28.812047,29.179955,33.873821,36.884494,32.798194,37.186247,35.495731,37.736640,31.424130,36.418190,33.339554,36.473074,31.383580,36.105693,31.390714,33.754520,30.433923,33.097354,32.812842,34.430541,31.404075,33.176525,78.452421,83.949337,126.755642,80.023975,133.510053,56.888594,45.875264,146.092505,118.220000,2.141000,209.300000,116.780000,1.615000,139.300000,23261.580134,13.380760,24.348971,87.864530,33.980992,1292.810638,840.373537
06/22/2026 06:24:52,0.000000,0.000000,75.327629,75.037923,65.644599,75.638886,78.537914,73.025966,71.677768,74.957871,34.596903,30.117342,30.521648,30.386955,36.876078,36.953932,34.439053,34.738067,34.398573,36.290242,34.519706,34.664695,32.992352,33.280799,32.021535,73.739794,32.087399,39.129196,23.464424,23.413355,23.303544,30.810504,31.549736,31.770260,34.529866,34.489491,28.432714,28.837185,33.894508,36.876791,32.840119,37.189472,35.501774,37.787297,31.456938,36.430976,33.347946,36.502677,31.402680,36.129104,31.408820,33.761465,30.496609,33.114638,32.813237,34.481518,31.424066,33.202688,83.873389,89.142470,127.237999,86.114629,134.574019,56.689410,46.805746,157.469774,118.660000,2.210000,218.800000,117.280000,1.681000,147.900000,23321.577803,13.905738,25.223458,92.952976,34.003166,1296.416525,842.808831
06/22/2026 06:25:52,0.000000,0.000000,75.282223,75.030940,65.638819,75.603494,78.548073,73.001897,71.670496,74.914298,34.441807,29.960604,30.364050,30.252156,36.682560,36.784766,34.245454,34.591567,34.302466,36.166026,34.024599,34.663186,32.870808,33.236183,31.878449,64.331395,31.735786,36.469393,21.849374,21.767713,21.516622,30.476723,31.254381,31.458446,34.363836,34.357623,28.373286,28.725739,33.903032,36.902536,32.844411,37.199047,35.514642,37.763011,31.487252,36.424161,33.381094,36.521090,31.423664,36.138888,31.439580,33.788572,30.470775,33.112684,32.807280,34.492878,31.440595,33.232506,74.621229,80.225789,125.642245,76.596240,132.409401,56.490900,45.513151,139.502472,118.830000,2.100000,204.200000,117.650000,1.575000,134.400000,23381.578122,12.463471,24.005922,84.795291,34.014385,1299.864045,845.082539
06/22/2026 06:26:52,0.000000,0.000000,75.217407,74.984268,65.790220,75.591129,78.500835,72.961973,71.689273,74.915683,34.251386,29.694376,30.136662,29.972599,36.563931,36.624558,34.013948,34.424505,34.051638,36.126577,34.158620,34.368991,32.883222,33.123709,31.847029,70.846092,31.737547,37.779721,22.921106,22.864184,22.741975,30.457929,31.192372,31.315351,34.240696,34.230488,28.019163,28.445177,33.915998,36.911915,32.865169,37.196256,35.514828,37.763196,31.488776,36.432338,33.370641,36.512448,31.429139,36.135031,31.429965,33.763889,30.476310,33.121339,32.794596,34.496638,31.424239,33.228635,81.015908,86.125546,125.831348,83.433973,133.105494,56.186090,46.310111,154.545221,118.820000,2.184000,215.800000,117.450000,1.651000,145.100000,23441.576122,13.020826,24.758895,91.669092,34.013567,1303.392928,847.441989
06/22/2026 06:27:52,0.000000,0.000000,75.171434,74.922230,65.702732,75.507150,78.464260,72.893401,71.681283,74.894627,34.993471,30.841706,31.247215,31.331021,37.228749,37.035935,34.631530,35.049308,34.702537,36.392111,35.472660,35.963116,34.376924,33.816704,33.283571,70.900259,32.156691,38.502412,23.977097,23.918439,23.754527,31.140619,31.644982,31.940335,35.163310,35.263051,29.808459,30.276141,33.947254,36.910762,32.901073,37.203666,35.554588,37.814334,31.523852,36.486522,33.401485,36.549809,31.447536,36.164383,31.471279,33.805957,30.532796,33.149526,32.819682,34.519895,31.457784,33.276758,83.224920,88.566118,126.953650,85.349318,134.219888,56.353659,47.278465,159.853277,118.850000,2.211000,218.900000,117.540000,1.678000,148.500000,23501.574018,12.838481,25.663931,93.987568,34.046947,1307.008884,849.886903
06/22/2026 06:28:52,0.000000,0.000000,75.175729,74.956097,65.679743,75.537912,78.446957,72.917059,71.678444,74.906585,34.820449,30.522079,30.806429,30.840456,36.532060,36.722782,34.360454,34.782809,34.463342,36.273404,34.604873,34.974490,33.268136,33.510284,32.319176,69.982123,32.400750,37.307562,23.435863,23.405848,23.238393,31.175288,31.827990,32.282071,34.744919,34.796813,28.964434,29.163867,33.939950,36.933123,32.880866,37.227787,35.548629,37.818112,31.510286,36.481089,33.393809,36.557211,31.457284,36.179383,31.485782,33.836398,30.528585,33.174737,32.826229,34.523323,31.484016,33.281592,75.981425,81.480705,127.141415,75.583042,134.127654,56.616133,46.207080,139.512668,119.010000,2.110000,205.900000,117.530000,1.586000,135.500000,23561.573516,12.645594,24.661968,84.800114,34.053410,1310.596576,852.299160
06/22/2026 06:29:52,0.000000,0.000000,75.145092,74.943616,65.582556,75.502897,78.444877,72.880242,71.694772,74.897081,34.481685,30.020736,30.341261,30.338655,36.331173,36.817083,34.159916,34.553983,34.294866,36.160657,34.124871,35.038403,33.009530,33.401500,31.968113,69.776084,32.314503,37.647110,22.862353,22.759705,22.582552,30.947015,31.773077,32.230784,34.506188,34.520830,28.215222,28.604971,33.960007,36.942046,32.903213,37.216407,35.557327,37.810879,31.539526,36.488919,33.405668,36.557959,31.466312,36.175514,31.482498,33.822024,30.562740,33.179044,32.814976,34.525404,31.481905,33.307037,80.342434,85.503614,125.891998,83.328980,132.973146,56.462860,46.599782,155.085463,118.990000,2.180000,215.400000,117.390000,1.657000,145.200000,23621.572247,12.616361,25.030749,91.907477,34.059970,1314.073753,854.608140
06/22/2026 06:30:52,0.000000,0.000000,75.118298,74.888935,65.543924,75.481912,78.416392,72.824892,71.727891,74.893323,34.416792,29.952858,30.350511,30.235128,36.281484,36.607690,34.162350,34.457918,34.181577,36.044976,33.896564,34.454136,32.988529,33.248982,31.899729,72.307275,31.812439,38.808682,23.087425,23.040819,22.924669,30.570511,31.310710,31.173472,34.394095,34.392764,28.465294,28.658476,33.956863,36.930067,32.918486,37.217448,35.560168,37.792944,31.538818,36.494429,33.431193,36.563027,31.465498,36.183118,31.488028,33.850182,30.578077,33.179688,32.819623,34.533590,31.469953,33.288451,83.354694,88.471811,127.207180,85.516745,134.645096,56.655208,46.281561,158.584568,118.900000,2.200000,217.500000,117.210000,1.676000,147.200000,23681.571025,14.076633,24.732049,93.438165,34.062983,1317.692652,857.054146
06/22/2026 06:31:52,0.000000,0.000000,75.086236,74.849681,65.725483,75.460097,78.424102,72.811902,71.736012,74.898879,34.359186,29.872241,30.240934,30.121685,36.605267,36.570306,34.012650,34.343776,34.073348,35.934784,34.060030,34.453037,32.840720,33.164333,32.057715,71.261160,31.648200,37.206157,23.079508,22.968365,22.946385,30.383952,31.123767,31.163870,34.305925,34.240240,28.363693,28.521494,33.984387,36.951297,32.947810,37.236002,35.594732,37.789853,31.557532,36.493160,33.441470,36.554234,31.514643,36.197422,31.518326,33.851517,30.589668,33.183302,32.833020,34.539416,31.505287,33.289476,77.224815,82.337226,127.566949,76.524322,134.769915,56.731083,45.591226,139.635185,118.950000,2.113000,206.000000,117.570000,1.588000,135.300000,23741.569395,13.126139,24.080018,84.858041,34.078628,1321.290413,859.475661
06/22/2026 06:32:52,0.000000,0.000000,75.068923,74.823069,65.734029,75.438430,78.406296,72.802025,71.732880,74.889422,34.107910,29.468182,29.820902,29.752321,36.126998,36.444414,33.883190,34.206381,33.911678,35.800069,33.957411,34.045845,32.664432,33.070351,31.714943,65.907534,31.593143,36.499850,21.828204,21.738015,21.465466,30.244051,31.068581,31.422369,34.107258,34.084618,27.592562,27.914684,33.984532,36.949230,32.954000,37.224472,35.590306,37.808417,31.571349,36.521673,33.448768,36.575222,31.497972,36.199451,31.521450,33.849746,30.599033,33.197268,32.831876,34.564894,31.490398,33.326172,78.070976,83.225650,125.677710,81.111538,132.623013,56.291424,45.821467,150.273303,118.900000,2.151000,211.600000,117.430000,1.633000,141.600000,23801.567939,12.201746,24.298104,89.764165,34.085311,1324.712831,861.728913
06/22/2026 06:33:52,0.000000,0.000000,75.012163,74.844455,65.619833,75.419274,78.371218,72.797632,71.723377,74.896853,34.077726,29.446333,29.879313,29.750289,36.049260,36.425578,33.714706,34.051727,33.756260,35.734067,34.128776,34.097093,32.418220,33.085216,31.333394,71.191162,31.260487,37.729448,22.589491,22.504751,22.426688,30.009372,30.739067,30.550093,34.040511,33.946389,27.977661,28.322297,34.012626,36.945372,32.983132,37.216748,35.597921,37.800545,31.579896,36.514840,33.476562,36.564850,31.516972,36.199294,31.546928,33.840947,30.597779,33.188630,32.840573,34.542960,31.504497,33.291799,82.046767,87.177413,126.804134,84.064974,134.245504,56.313390,46.076762,154.998551,118.700000,2.184000,215.200000,117.510000,1.656000,145.400000,23861.565786,13.190254,24.539194,91.869164,34.088144,1328.295814,864.139105
06/22/2026 06:34:52,0.000000,0.000000,75.023438,74.815174,65.612441,75.413201,78.361800,72.783070,71.710704,74.877467,33.997940,29.355033,29.770645,29.621104,36.163186,36.207019,33.631669,33.991812,33.678663,35.632293,33.595159,34.640830,32.475732,32.935096,31.552173,72.854083,31.000549,38.538013,22.722485,22.630134,22.480575,29.805695,30.461027,30.269353,33.941780,33.877842,27.692241,28.021291,33.995559,36.938541,32.978079,37.227640,35.582484,37.831105,31.580413,36.544083,33.443275,36.604711,31.522683,36.230205,31.531406,33.865885,30.608993,33.206439,32.827267,34.574049,31.491941,33.329488,84.458105,89.571660,127.716045,86.769507,135.303373,56.451255,46.099971,160.364710,119.000000,2.218000,220.000000,117.640000,1.683000,149.100000,23921.564757,13.976939,24.561074,94.208212,34.095712,1331.918696,866.588980
06/22/2026 06:35:52,0.000000,0.000000,75.025452,74.763952,65.371410,75.378961,78.298645,72.731783,71.689787,74.835504,33.795676,29.300388,29.664288,29.568297,36.231626,36.145731,33.607697,33.897698,33.597147,35.526162,33.656666,34.237298,32.394583,32.851771,30.996114,66.727207,30.899346,36.846283,21.718686,21.678299,21.404090,29.706932,30.366308,30.487995,33.827624,33.785437,27.723005,28.091416,34.006707,36.979285,32.990280,37.258349,35.602879,37.809909,31.583100,36.527582,33.461363,36.597504,31.513151,36.216748,31.554141,33.859238,30.626389,33.212090,32.828475,34.573923,31.499785,33.333312,79.809596,84.980633,127.116959,82.270415,134.130682,56.378046,45.147931,151.961030,118.900000,2.163000,213.000000,117.520000,1.635000,142.500000,23981.563107,13.187925,23.658358,90.521025,34.101711,1335.443931,868.940525
06/22/2026 06:36:52,0.000000,0.000000,75.030229,74.750985,65.532598,75.383065,78.356171,72.710487,71.758931,74.871018,33.852615,29.182293,29.558257,29.395223,35.817523,36.155872,33.482791,33.771505,33.496851,35.460233,33.816646,34.022853,32.098651,32.764135,31.458546,72.985709,30.990236,37.269962,22.668177,22.549368,22.536515,29.727559,30.448885,30.322293,33.799096,33.728928,27.590299,27.952370,33.998041,36.984363,32.997342,37.264046,35.594200,37.847648,31.570363,36.555894,33.468016,36.616521,31.524289,36.243754,31.551651,33.896720,30.650194,33.258740,32.812901,34.604522,31.519833,33.364415,81.755776,87.006450,128.018151,82.678946,135.545905,56.451246,45.245038,148.830934,119.040000,2.161000,213.000000,117.650000,1.634000,142.200000,24041.561281,13.519037,23.750925,89.112824,34.116173,1339.066210,871.388090
06/22/2026 06:37:52,0.000000,0.000000,74.984607,74.744222,65.413408,75.356156,78.321782,72.689847,71.729209,74.834645,34.534173,30.189385,30.588775,30.699841,36.785381,36.476067,33.961509,34.361443,34.158295,35.804723,35.034477,35.335572,33.842722,33.514942,32.635098,63.446009,31.648440,35.922126,22.316751,22.220327,21.926810,30.544523,31.074858,31.515524,34.567893,34.726261,28.975112,29.383113,34.013018,36.992206,33.013205,37.285130,35.587136,37.848557,31.581972,36.568076,33.483799,36.622950,31.541601,36.256530,31.560142,33.897189,30.653785,33.269195,32.833144,34.610967,31.516652,33.380791,76.450484,82.001235,126.058552,78.977699,133.036936,56.012355,46.169014,145.930011,119.080000,2.134000,209.000000,117.430000,1.607000,139.000000,24101.559200,11.296000,24.626126,87.789970,34.125802,1342.509201,873.659844
06/22/2026 06:38:52,0.000000,0.000000,75.066241,74.738419,65.469914,75.350269,78.305397,72.689872,71.709171,74.848902,34.139624,29.799252,30.147898,30.141121,36.245679,36.186352,33.738413,34.108274,33.854595,35.699706,33.966488,34.449753,32.789409,33.141043,31.907826,70.763943,31.941527,37.590530,22.998595,22.938539,22.774383,30.598908,31.287858,31.763680,34.265248,34.290545,28.187123,28.612505,34.019005,36.987998,33.017209,37.277175,35.598260,37.824744,31.598057,36.565103,33.492365,36.624844,31.557179,36.248104,31.561525,33.900344,30.668094,33.267542,32.826155,34.620408,31.514854,33.400770,81.785797,87.021294,126.854426,83.942990,134.114988,56.089201,46.323123,155.944864,118.980000,2.188000,216.000000,117.510000,1.661000,145.800000,24161.559195,12.819402,24.771128,92.285549,34.128487,1346.079423,876.057121
06/22/2026 06:39:52,0.000000,0.000000,75.058709,74.702152,65.637002,75.332739,78.320748,72.680758,71.748701,74.841814,34.002194,29.631337,29.991160,29.907529,36.065492,36.060178,33.630074,33.984446,33.783289,35.617930,34.009298,34.173290,32.620449,33.036169,31.800053,72.458643,31.702328,38.793161,22.957385,22.860124,22.730090,30.403320,31.128870,31.313786,34.123192,34.109875,28.035352,28.365598,34.032174,37.019252,33.031423,37.282470,35.614180,37.879059,31.601591,36.585163,33.473408,36.643133,31.548443,36.276167,31.562831,33.908750,30.673857,33.284575,32.830747,34.624990,31.515028,33.408497,84.119394,89.019683,127.692315,86.405853,135.291624,56.400840,46.315452,160.883425,118.760000,2.217000,219.000000,117.200000,1.681000,148.800000,24221.557807,14.029244,24.763917,94.431516,34.139787,1349.699507,878.503843
06/22/2026 06:40:52,0.000000,0.000000,75.038165,74.701036,65.701220,75.345868,78.328361,72.696469,71.739660,74.858577,34.014011,29.493372,29.817105,29.790551,36.246427,36.221191,33.610734,33.897182,33.662761,35.534015,33.367343,34.643053,32.567363,33.009783,31.291917,66.844859,31.305373,36.379507,21.965090,21.883438,21.693995,30.077861,30.795053,30.878836,33.952286,33.950954,28.071520,28.326116,34.021752,37.015504,33.036780,37.294874,35.605463,37.852694,31.613765,36.600330,33.489968,36.633962,31.550077,36.256984,31.568768,33.903123,30.677123,33.278031,32.820199,34.632210,31.519781,33.396797,74.265410,79.754686,127.012660,74.425624,134.066265,56.332762,44.916039,136.284494,118.690000,2.086000,203.100000,117.360000,1.570000,132.500000,24281.556336,12.942659,23.436848,83.261477,34.138409,1353.212446,880.840422
06/22/2026 06:41:52,0.000000,0.000000,75.078398,74.752693,65.572769,75.354531,78.309224,72.734384,71.739908,74.865584,33.722787,29.143778,29.487642,29.408722,35.993477,36.088687,33.430338,33.808335,33.506914,35.480020,33.742772,33.798299,32.336825,32.969215,31.418418,70.320398,31.371064,36.883275,22.307075,22.212444,22.074456,30.025702,30.804414,31.178739,33.816026,33.799151,27.375584,27.799031,34.047983,36.992984,33.061050,37.267726,35.638355,37.852798,31.608970,36.596673,33.524057,36.637384,31.567303,36.266133,31.583576,33.919212,30.698175,33.294355,32.834309,34.626769,31.524978,33.410422,80.614796,85.700100,126.436454,83.250304,133.652802,55.955188,45.822341,154.913097,118.750000,2.183000,215.200000,117.260000,1.655000,144.900000,24341.554034,12.584345,24.298930,91.831480,34.147661,1356.699896,883.158390
06/22/2026 06:42:52,0.000000,0.000000,75.109098,74.701012,65.618766,75.342674,78.299932,72.680982,71.756813,74.848207,33.684230,29.147875,29.521171,29.421600,36.124057,35.947807,33.416567,33.727511,33.438136,35.441991,33.716207,34.108153,32.381704,32.732184,31.322181,71.419759,30.900803,37.959127,22.364319,22.307366,22.169398,29.675101,30.395110,30.254695,33.756475,33.721835,27.636744,27.808637,34.041997,37.036558,33.054357,37.304841,35.625936,37.867365,31.608956,36.601964,33.502270,36.651526,31.561310,36.283641,31.593809,33.933407,30.708412,33.286782,32.838291,34.656028,31.523441,33.424439,82.831402,87.850894,127.514895,84.935470,134.953814,56.137824,45.876818,157.354378,118.840000,2.190000,216.400000,117.560000,1.667000,146.700000,24401.552872,13.608687,24.350440,92.902621,34.155267,1360.296771,885.580565
06/22/2026 06:43:52,0.000000,0.000000,75.068286,74.697366,65.706479,75.326990,78.310390,72.666519,71.749093,74.851077,33.719844,29.074808,29.447226,29.360284,35.657004,35.896657,33.296777,33.630865,33.368465,35.276313,33.859287,33.996952,32.149231,32.777323,31.464489,72.112344,30.788255,36.920036,22.512497,22.392326,22.354064,29.587591,30.292030,30.235863,33.683134,33.605849,27.517920,27.785470,34.048703,37.038374,33.076884,37.301605,35.617260,37.853412,31.624736,36.601550,33.527620,36.655094,31.579748,36.279827,31.592214,33.938921,30.711273,33.303696,32.840098,34.662711,31.530741,33.406838,79.651514,84.767534,128.187748,79.577991,135.558632,56.184846,45.176383,145.740166,118.980000,2.138000,209.800000,117.600000,1.610000,139.000000,24461.551374,13.234545,23.685491,87.702790,34.159565,1363.909124,888.016087
06/22/2026 06:44:52,0.000000,0.000000,75.090965,74.695969,65.699943,75.360484,78.320626,72.699271,71.748421,74.851675,33.600928,28.868389,29.286345,29.163773,36.143058,35.772809,33.284516,33.505779,33.223722,35.170485,33.484986,33.557035,32.099123,32.705910,31.079251,71.012784,30.816863,37.157186,21.975288,21.824991,21.698963,29.503598,30.254428,30.481762,33.581177,33.556301,27.148822,27.479366,34.040880,37.018638,33.055835,37.304101,35.596058,37.865849,31.598517,36.614057,33.494863,36.657866,31.553314,36.298273,31.589161,33.938987,30.685044,33.298037,32.811760,34.660610,31.517672,33.445787,82.510169,87.387879,127.345466,85.266386,134.719247,55.986410,45.358071,159.614878,118.920000,2.207000,218.400000,117.590000,1.669000,147.800000,24521.549874,13.298653,23.858533,93.884555,34.152265,1367.438371,890.373696
06/22/2026 06:45:52,0.000000,0.000000,75.115766,74.668385,65.559303,75.336658,78.289308,72.668170,71.740879,74.838246,33.550301,28.925056,29.280113,29.208041,35.806143,35.797727,33.128148,33.464529,33.185070,35.161630,33.269061,33.629550,31.936287,32.757603,31.026734,68.828227,30.544201,36.031487,21.834960,21.803104,21.644563,29.356328,30.030090,29.736268,33.527352,33.466045,27.514476,27.864206,34.076838,37.038983,33.092695,37.314238,35.619370,37.874956,31.625076,36.629677,33.533199,36.687643,31.604193,36.292608,31.622403,33.947252,30.768659,33.312388,32.865690,34.692236,31.548058,33.472533,74.895561,80.160407,127.647338,74.371556,134.825661,56.035756,44.401662,137.167686,118.930000,2.095000,204.000000,117.570000,1.567000,133.100000,24581.546379,13.088307,22.943180,83.684810,34.180935,1370.995164,892.753863
06/22/2026 06:46:52,0.000000,0.000000,75.098230,74.688871,65.481764,75.348200,78.274301,72.700503,71.753896,74.850793,33.386590,28.524190,28.993531,28.903352,35.843766,35.575740,33.110736,33.348044,33.095070,35.069636,33.224845,33.597985,31.842265,32.644179,31.094834,68.320814,30.781092,35.660086,21.634612,21.479775,21.393350,29.397483,30.193381,30.536611,33.374864,33.362423,26.797562,27.167976,34.062052,37.060518,33.076076,37.314508,35.604683,37.869148,31.598279,36.623350,33.512633,36.660963,31.557451,36.278921,31.597834,33.924986,30.726254,33.306035,32.822431,34.685451,31.512899,33.445915,79.325357,84.427013,126.333000,82.138667,133.534302,55.774800,45.325734,152.624760,118.890000,2.170000,213.800000,117.310000,1.640000,143.100000,24641.544864,11.832322,23.827764,90.817136,34.162019,1374.443687,895.031749
06/22/2026 06:47:52,0.000000,0.000000,75.066953,74.620814,65.588959,75.310464,78.283402,72.623256,71.723268,74.837176,34.140646,29.896587,30.350416,30.413611,36.113859,35.946022,33.631427,33.976919,33.721948,35.499568,34.868294,36.020424,33.675213,33.390907,32.391664,69.987195,31.279565,36.968490,22.989252,22.950709,22.828241,30.209840,30.713517,30.919857,34.372607,34.468010,28.999145,29.469215,34.092069,37.045754,33.092358,37.324513,35.623793,37.898807,31.617940,36.633302,33.552831,36.693038,31.613169,36.319677,31.609475,33.951240,30.761521,33.330691,32.840877,34.702524,31.526293,33.471711,82.221809,87.561256,127.529680,84.001381,134.852619,55.743281,46.237475,157.059010,118.780000,2.188000,217.000000,117.150000,1.665000,146.000000,24701.544686,12.277915,24.690575,92.773619,34.185079,1378.041898,897.457491
06/22/2026 06:48:52,0.000000,0.000000,75.120728,74.642080,65.693738,75.326381,78.298844,72.635836,71.732233,74.827518,33.884794,29.578533,29.900468,29.924902,35.691204,35.844921,33.384187,33.780414,33.520160,35.319504,33.922092,33.893587,32.660458,33.045488,31.577529,72.288101,31.625998,37.672165,23.010568,22.937067,22.882831,30.357297,31.030279,31.462488,34.040284,34.051827,27.955562,28.335763,34.089060,37.048506,33.109275,37.326309,35.619964,37.885269,31.615872,36.608358,33.543783,36.665442,31.590501,36.285642,31.623891,33.931863,30.754104,33.305645,32.834490,34.660220,31.536593,33.457102,83.285096,88.542349,128.280235,84.542559,135.826965,56.215294,46.026363,152.403840,118.920000,2.190000,215.000000,117.340000,1.651000,144.700000,24761.544659,13.180505,24.491660,90.718673,34.174594,1381.677896,899.918129
06/22/2026 06:49:52,0.000000,0.000000,75.114722,74.624660,65.706455,75.328250,78.307859,72.655500,71.725559,74.837346,33.668444,29.258248,29.614576,29.599752,35.538691,35.753129,33.255862,33.710336,33.484100,35.304357,34.017028,33.986730,32.263577,32.977824,31.279106,63.690651,31.473087,35.944894,21.435768,21.343747,21.091752,30.101196,30.922216,31.291174,33.784915,33.797794,27.686765,28.054111,34.086803,37.054218,33.096113,37.326480,35.622593,37.895401,31.616733,36.612326,33.532662,36.684453,31.600305,36.298926,31.609160,33.942046,30.754966,33.326069,32.858483,34.677949,31.549071,33.457106,75.764670,81.147078,126.487023,78.172296,133.335886,56.118223,44.922545,142.810921,118.770000,2.115000,206.200000,117.490000,1.596000,136.500000,24821.542467,12.501823,23.443071,86.347940,34.180093,1385.116102,902.182822
06/22/2026 06:50:52,0.000000,0.000000,75.090577,74.656283,65.698269,75.331693,78.313394,72.680132,71.751778,74.840655,33.522033,29.012653,29.369921,29.314416,35.803266,35.840031,33.173634,33.531763,33.323436,35.219422,33.766325,33.299240,32.163540,32.793844,31.173937,71.000685,31.251566,37.119822,22.466180,22.369770,22.252076,29.880806,30.675617,30.605643,33.713927,33.676620,27.380540,27.835322,34.099610,37.053709,33.107474,37.299758,35.614618,37.894076,31.602477,36.655974,33.539609,36.690930,31.595530,36.308347,31.615842,33.950925,30.713963,33.341016,32.837870,34.680006,31.517563,33.463894,81.601951,86.671470,127.007613,83.762112,134.527154,55.983003,45.804279,155.055845,118.740000,2.188000,215.500000,117.400000,1.652000,145.400000,24881.541485,12.837977,24.281845,91.894422,34.179160,1388.666628,904.561812
06/22/2026 06:51:52,0.000000,0.000000,75.093768,74.647643,65.724985,75.338284,78.318700,72.663448,71.696811,74.864049,33.388352,29.011359,29.374872,29.287352,35.488394,35.712150,33.180394,33.481212,33.218608,35.181786,33.658890,33.742727,32.023051,32.784203,31.276513,71.963608,30.611227,37.792668,22.267562,22.199839,22.110321,29.452709,30.125100,29.736319,33.645367,33.579628,27.492901,27.744784,34.106352,37.090943,33.139325,37.353990,35.631466,37.907783,31.631446,36.652087,33.558362,36.702088,31.592542,36.322200,31.624318,33.973136,30.770575,33.349998,32.844635,34.710709,31.535515,33.482684,83.745459,88.718944,128.006270,85.909874,135.568999,56.261412,45.496935,159.813463,118.670000,2.206000,218.500000,117.460000,1.674000,147.800000,24941.539538,13.802144,23.990524,93.970372,34.199008,1392.274511,906.994622
06/22/2026 06:52:52,0.000000,0.000000,75.097222,74.651521,65.593941,75.349043,78.328159,72.699654,71.695702,74.826188,33.449559,28.900177,29.300731,29.220326,35.569362,35.693420,33.191236,33.414747,33.173617,35.097891,33.637021,33.823427,32.018477,32.645783,31.141678,68.871179,30.555990,36.070213,21.758435,21.678113,21.526363,29.381135,30.044635,29.867635,33.567074,33.462233,27.490998,27.732092,34.119922,37.054929,33.132229,37.338089,35.623286,37.877094,31.621439,36.631743,33.561039,36.706966,31.576419,36.292014,31.631241,33.944516,30.799338,33.359785,32.841534,34.705841,31.547460,33.494150,77.370211,82.845562,128.131617,77.862068,135.249766,56.279064,44.496147,143.367508,118.860000,2.122000,207.500000,117.480000,1.595000,136.800000,25001.537766,13.036110,23.034103,86.606789,34.192952,1395.838349,909.382384
06/22/2026 06:53:52,0.000000,0.000000,75.128771,74.668297,65.590396,75.370216,78.361039,72.739952,71.726888,74.833178,33.265758,28.670568,29.119796,29.012906,35.595053,35.588850,32.946070,33.294969,33.079542,35.032864,33.130211,33.294361,31.924048,32.607972,30.817453,72.347514,30.764197,37.262792,22.046985,21.959060,21.908734,29.473949,30.192249,30.410675,33.464598,33.402843,27.007048,27.408957,34.080975,37.077602,33.105342,37.347156,35.598225,37.891426,31.609606,36.636742,33.549621,36.684089,31.571896,36.306999,31.615398,33.949595,30.764771,33.342144,32.843445,34.730813,31.532691,33.476313,83.435531,88.357136,127.935759,85.934437,135.454078,56.098139,45.400119,161.138656,118.780000,2.214000,218.900000,117.330000,1.679000,148.600000,25061.535427,13.364268,23.898524,94.541214,34.185742,1399.400266,911.773735
06/22/2026 06:54:52,0.000000,0.000000,75.153527,74.652078,65.673093,75.384170,78.386304,72.757761,71.762964,74.837014,33.368661,28.743105,29.212385,29.072404,35.596110,35.457413,32.989585,33.241150,33.068244,34.971931,33.385989,34.200513,31.951838,32.544098,31.285297,68.055294,30.437222,35.574783,21.681047,21.577830,21.506474,29.166020,29.928578,29.680224,33.378649,33.326663,27.342246,27.703477,34.117216,37.038522,33.131495,37.327633,35.615506,37.887892,31.600697,36.642571,33.555917,36.682395,31.602125,36.301620,31.627873,33.955367,30.743380,33.331112,32.836852,34.691854,31.531287,33.467805,74.490828,79.772860,127.731836,74.020705,134.991021,56.026851,44.048774,136.506061,118.980000,2.087000,203.000000,117.640000,1.566000,132.800000,25121.534938,12.972153,22.602630,83.367849,34.184456,1402.940652,914.139047
06/22/2026 06:55:52,0.000000,0.000000,75.129694,74.651050,65.623364,75.354719,78.417121,72.707042,71.764364,74.816862,33.095395,28.390204,28.769912,28.730314,35.712259,35.443302,32.795499,33.108463,32.845118,34.833607,33.019832,33.470106,31.702888,32.471666,30.849242,68.571919,30.586313,35.928956,21.320859,21.232868,21.018205,29.202771,30.011680,30.356723,33.256037,33.238261,26.588737,27.023747,34.105144,37.084432,33.123380,37.345645,35.599966,37.881675,31.603783,36.655045,33.545785,36.709471,31.567901,36.322950,31.615812,33.961551,30.787469,33.341861,32.833380,34.716779,31.537160,33.479882,79.582597,84.615490,126.532456,82.385018,133.886075,55.765262,45.209691,153.021120,120.760000,2.166000,213.800000,119.320000,1.639000,143.600000,25181.533869,12.211712,23.717244,90.993554,34.190954,1406.399314,916.425842
06/22/2026 06:56:52,0.000000,0.000000,75.241432,74.684258,65.857214,75.392084,78.447621,72.793651,71.801941,74.822196,33.117110,28.445473,28.880932,28.827956,35.417980,35.402912,32.794944,33.081685,32.856614,34.750604,33.238883,33.341197,31.691243,32.496514,30.676213,70.639495,30.135503,36.712791,21.668549,21.598092,21.470649,28.917642,29.627241,28.869909,33.236322,33.187438,27.025471,27.436669,34.115628,37.077187,33.138594,37.356358,35.607306,37.890319,31.601362,36.664260,33.555480,36.712933,31.583831,36.321514,31.628983,33.959138,30.798862,33.361334,32.850198,34.714040,31.550417,33.487770,82.268725,87.237330,127.687004,84.179853,135.160772,55.889688,45.023148,155.828496,120.560000,2.173000,216.000000,119.000000,1.655000,145.400000,25241.540679,13.173549,23.539242,92.234438,34.198776,1409.989112,918.838506
06/22/2026 06:57:52,0.000000,0.000000,75.199181,74.709167,65.670147,75.418392,78.461635,72.836979,71.752732,74.836958,33.845513,29.706305,30.118273,30.275155,36.225167,35.774337,33.346749,33.857122,33.532394,35.262120,34.463841,35.031995,33.296438,33.330652,32.102538,71.517258,30.996528,36.963100,23.185897,23.117338,22.999035,30.009256,30.455928,30.638671,34.204445,34.330934,28.807362,29.264718,34.105152,37.093727,33.125528,37.370772,35.611217,37.910566,31.593265,36.670347,33.568697,36.708400,31.574446,36.324141,31.610640,33.972381,30.770708,33.382108,32.837195,34.718368,31.528112,33.511286,83.267095,88.526536,128.558778,84.537535,136.178277,56.233391,46.140756,153.926000,120.670000,2.189000,216.800000,119.150000,1.659000,145.900000,25301.539544,12.363592,24.599508,91.395170,34.199353,1413.635375,921.307541
06/22/2026 06:58:52,0.000000,0.000000,75.292745,74.701380,65.925326,75.418038,78.465489,72.832812,71.783345,74.859856,33.651853,29.305367,29.609513,29.742649,35.541554,35.654983,33.192470,33.610557,33.302221,35.127770,33.880564,33.745376,32.304270,32.920237,31.475752,65.093378,31.394159,36.600920,21.650680,21.552845,21.298130,30.102832,30.782579,31.320434,33.825837,33.841379,27.753351,28.144580,34.124402,37.073987,33.145529,37.344246,35.607567,37.902067,31.602070,36.672526,33.565999,36.706597,31.558031,36.321996,31.623009,33.969168,30.780407,33.373633,32.849611,34.744504,31.537537,33.522461,79.128978,84.335005,127.399543,81.872535,134.512389,56.442911,45.626961,151.293093,120.300000,2.159000,212.600000,118.920000,1.631000,142.400000,25361.528392,12.487013,24.113907,90.222164,34.201267,1417.132110,923.628967
06/22/2026 06:59:52,0.000000,0.000000,75.377421,74.710904,65.950320,75.452003,78.503960,72.864340,71.824072,74.869596,33.480989,29.071805,29.420142,29.411143,35.480669,35.707970,33.132893,33.429286,33.229056,35.087581,33.994829,33.872648,32.216885,32.769781,31.288598,72.681044,31.334050,38.036998,22.600744,22.553668,22.446623,29.987730,30.739715,30.914858,33.665657,33.698968,27.657065,27.934417,34.107153,37.086876,33.133235,37.370922,35.603447,37.903702,31.582334,36.672732,33.565761,36.708130,31.555785,36.314451,31.610401,33.965927,30.771806,33.358732,32.849373,34.741606,31.534399,33.512668,84.078302,88.978406,128.363385,86.161835,136.124788,56.628757,45.593168,160.450164,120.230000,2.206000,218.900000,118.750000,1.673000,148.400000,25421.536986,13.955138,24.081860,94.245033,34.197472,1420.758533,926.078695
06/22/2026 07:00:52,0.000000,0.000000,75.338234,74.724506,65.671129,75.451209,78.543554,72.827125,71.826422,74.842365,33.375656,28.957126,29.317974,29.251300,35.594373,35.490242,33.022708,33.348024,33.174355,35.015272,33.681286,33.494505,31.975482,32.758488,31.098825,68.114282,30.921587,36.120393,21.877482,21.796272,21.693087,29.625742,30.399258,30.455867,33.568015,33.552024,27.552668,27.908497,34.119553,37.085077,33.131105,37.367919,35.612706,37.931932,31.590753,36.692885,33.565559,36.714123,31.567707,36.327626,31.631740,33.976981,30.802512,33.373637,32.847837,34.738299,31.532065,33.507231,74.654571,80.026724,128.018694,74.310103,135.264898,56.867289,44.610054,136.391798,120.140000,2.089000,203.600000,119.020000,1.570000,132.900000,25481.535464,12.976823,23.143570,83.313007,34.205862,1424.303676,928.445314
06/22/2026 07:01:52,0.000000,0.000000,75.378755,74.724915,65.960208,75.487260,78.574426,72.861169,71.878754,74.858602,33.410240,28.575159,29.014153,28.962809,35.399051,35.491230,32.879511,33.242215,33.016052,34.956669,33.385803,33.608327,31.931039,32.616287,30.872841,69.131830,30.984443,36.036280,21.737065,21.610517,21.515143,29.566209,30.414189,30.735990,33.441978,33.401548,26.856554,27.275552,34.117934,37.094079,33.146413,37.344241,35.589930,37.906571,31.571862,36.666958,33.575956,36.697932,31.574955,36.334827,31.610622,33.966590,30.791636,33.358711,32.848907,34.731826,31.529957,33.519789,79.943579,84.910071,126.942409,82.724734,134.354590,56.463613,45.273879,153.708479,120.740000,2.173000,214.500000,119.430000,1.643000,144.100000,25541.533806,12.257883,23.778397,91.298772,34.198985,1427.766749,930.734725
06/22/2026 07:02:52,0.000000,0.000000,75.390334,74.758474,65.837420,75.499038,78.585742,72.917870,71.855965,74.829978,33.237056,28.638182,29.057978,28.975714,35.537284,35.461508,32.839564,33.184510,32.963263,34.860104,33.371251,33.307525,31.791576,32.557992,31.026652,70.828137,30.317993,36.977063,21.905180,21.793910,21.706270,29.089389,29.849303,29.041214,33.371542,33.314667,27.211402,27.479872,34.113300,37.073098,33.130337,37.368040,35.572947,37.909077,31.570824,36.663335,33.541668,36.693866,31.555447,36.311018,31.592209,33.947353,30.773663,33.357738,32.836374,34.720653,31.520251,33.492785,82.534981,87.567423,128.135640,84.559987,135.736898,56.537877,45.056844,156.293479,120.870000,2.183000,216.700000,119.400000,1.657000,145.700000,25601.531370,13.405637,23.571426,92.438516,34.187199,1431.360771,933.151962
06/22/2026 07:03:52,0.000000,0.000000,75.409154,74.770549,65.857735,75.558509,78.630277,72.921206,71.860351,74.868569,33.235767,28.588700,28.968808,28.942925,35.158108,35.472807,32.791500,33.168023,32.913961,34.842852,33.058879,33.076648,31.835899,32.513735,30.961993,72.497642,30.082698,36.651973,22.027285,21.907953,21.912633,29.013077,29.642375,29.164736,33.324716,33.248286,27.182202,27.303505,34.129295,37.082843,33.146751,37.356514,35.601980,37.903564,31.555910,36.661249,33.586660,36.704170,31.561536,36.321052,31.616945,33.960017,30.799299,33.384080,32.853841,34.729651,31.519657,33.513961,81.979755,87.012497,128.961393,82.685442,136.690532,56.765038,45.001105,149.112384,120.910000,2.150000,212.800000,119.410000,1.629000,141.600000,25661.530892,13.133793,23.518180,89.240250,34.199449,1434.988437,935.598914
06/22/2026 07:04:52,0.000000,0.000000,75.486619,74.810048,65.798162,75.600326,78.643343,72.979666,71.892637,74.867789,33.052453,28.451511,28.816929,28.811751,35.454620,35.383711,32.750369,33.058906,32.829729,34.805838,33.200456,33.278845,31.776633,32.442992,31.019701,67.452008,30.290912,36.180603,21.191686,21.100541,20.906691,29.043392,29.740902,29.919697,33.185239,33.191461,26.837887,27.156853,34.104266,37.073386,33.132422,37.342260,35.585585,37.898704,31.543880,36.657700,33.547561,36.693098,31.531488,36.305804,31.579967,33.949804,30.791276,33.364965,32.848496,34.718553,31.517677,33.486665,81.057134,85.953856,128.022774,83.855191,135.413533,56.573398,44.853502,155.855525,120.700000,2.179000,215.500000,119.100000,1.650000,145.100000,25721.528136,12.803603,23.377000,92.246312,34.183678,1438.494470,937.928501
06/22/2026 07:05:52,0.000000,0.000000,75.493192,74.823808,65.751431,75.604117,78.643756,73.028349,71.884518,74.873217,33.068863,28.446120,28.853028,28.779487,35.140216,35.284730,32.654785,33.019815,32.760330,34.724190,33.026191,33.245374,31.629923,32.494004,31.137365,71.940596,30.081021,36.172710,21.916585,21.805316,21.825904,28.904542,29.598539,28.297731,33.216564,33.161900,27.007845,27.465428,34.116252,37.083116,33.144774,37.357642,35.592065,37.922838,31.572227,36.656619,33.573573,36.690690,31.548495,36.314291,31.610986,33.950082,30.815175,33.382542,32.850078,34.745414,31.521764,33.530721,79.804700,84.840894,129.042201,79.757654,136.625120,56.712022,44.421569,144.412546,120.840000,2.134000,209.500000,119.390000,1.606000,138.400000,25781.527495,13.210364,22.962346,87.090999,34.198967,1442.115972,940.368877
06/22/2026 07:06:52,0.000000,0.000000,75.583888,74.813605,66.083974,75.601487,78.675203,73.038835,71.901646,74.852685,32.962450,28.246024,28.661906,28.592479,35.576715,35.181822,32.665558,32.941232,32.697457,34.615780,32.871758,33.054198,31.557683,32.385842,30.643692,62.777486,30.181877,34.709030,20.534796,20.438645,20.174781,28.842619,29.579897,29.664176,33.034216,33.018658,26.561886,26.869221,34.106501,37.071190,33.146168,37.356376,35.576780,37.904063,31.543047,36.651634,33.560128,36.711369,31.550513,36.302131,31.600073,33.953414,30.774844,33.341101,32.831286,34.720457,31.497941,33.509634,76.973757,81.977056,126.908012,79.687653,134.198875,56.385132,44.338251,146.661878,120.760000,2.132000,209.200000,119.270000,1.608000,139.000000,25841.516149,11.826931,22.882099,88.125351,34.185433,1445.539520,942.615454
06/22/2026 07:07:52,0.000000,0.000000,75.520500,74.873951,65.804250,75.631958,78.682854,73.092683,71.848044,74.868980,33.785369,29.478240,29.898729,30.042932,35.954647,35.488155,33.179716,33.596033,33.378925,35.068194,34.550165,35.210700,33.132044,33.216930,31.939647,68.990761,31.086368,36.219031,22.766678,22.730816,22.568315,29.942436,30.448407,30.766191,34.024140,34.154652,28.523520,29.013411,34.112513,37.114328,33.155012,37.359869,35.582737,37.936068,31.535670,36.702823,33.558211,36.713884,31.527674,36.320607,31.608735,33.959826,30.787520,33.373841,32.844929,34.747374,31.504507,33.514848,81.698774,86.831892,127.792395,83.504937,135.351002,56.457112,45.937996,155.296671,120.770000,2.186000,216.300000,119.510000,1.657000,145.900000,25901.514419,11.810787,24.408244,92.000522,34.198049,1449.119554,945.020244
06/22/2026 07:08:52,0.000000,0.000000,75.537111,74.903670,65.850516,75.669517,78.707662,73.132894,71.853910,74.883274,33.379174,29.174767,29.532449,29.617002,35.419344,35.485818,32.982535,33.377185,33.178319,34.970894,34.020505,33.741477,32.210487,32.876767,31.388730,71.003682,31.304993,37.320532,22.529360,22.426230,22.316720,29.999018,30.673451,31.144047,33.707998,33.722210,27.537111,27.937348,34.134483,37.078281,33.152017,37.337436,35.581467,37.918897,31.551323,36.666764,33.589087,36.700392,31.537876,36.307724,31.598548,33.939906,30.783569,33.359849,32.864718,34.710340,31.523174,33.491258,84.030145,88.933014,128.726963,86.131723,136.412520,57.540580,45.966545,160.324248,120.800000,2.201000,219.200000,119.430000,1.676000,148.600000,25961.513399,12.885329,24.435203,94.190773,34.191355,1452.740465,947.462620
06/22/2026 07:09:52,0.000000,0.000000,75.554916,74.909238,65.810027,75.667848,78.708102,73.154927,71.851155,74.888555,33.326030,29.006335,29.339967,29.364273,35.295814,35.450936,32.933039,33.322825,33.069158,34.918743,33.880377,33.789566,31.998335,32.791972,31.147969,66.695974,31.041284,35.707429,21.583390,21.541651,21.336870,29.721314,30.492119,30.688229,33.541770,33.502678,27.593708,27.896295,34.105643,37.073430,33.159405,37.331964,35.579944,37.902358,31.537763,36.651027,33.562185,36.683329,31.527392,36.275614,31.606373,33.941488,30.802092,33.352489,32.857798,34.721623,31.522046,33.497241,76.695514,81.958564,128.314668,77.595079,135.506004,57.989788,44.892248,141.035960,120.940000,2.110000,206.100000,119.640000,1.581000,135.700000,26021.512561,12.293344,23.414085,85.517961,34.184560,1456.275109,949.815614
06/22/2026 07:10:52,0.000000,0.000000,75.539923,74.876913,65.755572,75.658672,78.709893,73.125404,71.913122,74.888625,33.197885,28.676042,29.010631,29.005615,35.180954,35.335212,32.897325,33.190696,32.976091,34.881328,33.436944,33.131110,31.917212,32.608708,30.875101,71.487070,30.959530,36.839670,22.081665,22.021555,21.905201,29.620273,30.416971,30.603282,33.414586,33.412364,27.008580,27.468751,34.092033,37.094810,33.140331,37.354991,35.574546,37.910229,31.509167,36.672764,33.563572,36.693561,31.514762,36.299365,31.583124,33.943627,30.769923,33.360542,32.835622,34.729662,31.474218,33.509080,82.831698,87.799168,128.410565,85.464635,136.072753,57.899388,45.475668,158.882202,120.880000,2.196000,218.300000,119.520000,1.668000,147.500000,26081.510917,12.869346,23.970324,93.567317,34.181296,1459.827401,952.190884
06/22/2026 07:11:52,0.000000,0.000000,75.550861,74.926725,65.792687,75.691770,78.756752,73.193736,71.906838,74.872224,33.161463,28.684541,29.036971,29.042525,35.417092,35.419751,32.736577,33.146015,32.922321,34.840992,33.520930,33.433612,31.756728,32.585023,31.112826,72.333031,30.330477,37.235337,22.243404,22.185546,22.069055,29.192249,29.879447,29.435763,33.403526,33.350653,27.242211,27.501481,34.107704,37.072388,33.137543,37.366365,35.567066,37.928837,31.525705,36.670991,33.567122,36.698424,31.498063,36.306236,31.580504,33.949008,30.780672,33.376978,32.850736,34.715021,31.500290,33.503535,83.887917,88.861836,129.527310,85.429157,137.363966,58.220558,45.368170,153.296743,120.920000,2.180000,216.500000,119.410000,1.651000,145.000000,26141.518250,13.367197,23.868140,91.116053,34.185159,1463.469345,954.652488
06/22/2026 07:12:52,0.000000,0.000000,75.513021,74.907022,65.926918,75.679689,78.746817,73.168073,71.885174,74.884432,33.160111,28.523896,28.906249,28.861169,35.415077,35.376963,32.720271,33.052823,32.857838,34.750494,33.192999,33.257858,31.697681,32.516285,30.815738,63.174693,30.283561,34.614589,20.775179,20.652997,20.468424,29.070763,29.817755,29.940812,33.164817,33.215037,26.949137,27.322974,34.099819,37.089299,33.141021,37.373803,35.560253,37.952528,31.497915,36.686609,33.540601,36.702980,31.491083,36.299744,31.566526,33.943069,30.735492,33.361115,32.845532,34.727572,31.494202,33.511681,75.542515,80.869262,127.763225,77.725530,134.941668,57.915930,44.244542,141.232116,120.930000,2.101000,205.900000,119.580000,1.588000,135.500000,26201.507229,11.822846,22.791743,85.610025,34.181042,1466.906932,956.912152
06/22/2026 07:13:52,0.000000,0.000000,75.516555,74.909292,65.903593,75.683190,78.748623,73.180050,71.891938,74.900890,33.049591,28.356266,28.735536,28.674252,34.981098,35.128745,32.573980,32.981723,32.694358,34.681448,33.163818,33.326749,31.439740,32.496729,30.586234,70.267957,30.419634,35.974151,21.789881,21.683085,21.578560,29.099388,29.876241,29.884267,33.147422,33.134534,26.655130,27.090052,34.100463,37.073577,33.119393,37.355827,35.539875,37.922932,31.497474,36.664772,33.547553,36.678047,31.486261,36.292739,31.567867,33.946625,30.746638,33.356960,32.840041,34.732296,31.484034,33.501986,81.626177,86.592207,128.281572,83.879927,135.973134,57.522375,45.359042,154.953073,121.030000,2.173000,215.600000,119.600000,1.651000,145.000000,26261.505666,12.114694,23.859457,91.849110,34.172768,1470.450091,959.279731
06/22/2026 07:14:52,0.000000,0.000000,75.513962,74.898248,65.897555,75.713134,78.742293,73.166906,71.879323,74.898458,33.088416,28.382750,28.724984,28.700806,35.058923,35.072224,32.581948,32.940787,32.664718,34.700677,33.151529,33.435390,31.551798,32.364395,30.612047,71.104295,29.831311,36.723722,21.662583,21.593024,21.400746,28.677742,29.295565,28.505514,33.137731,33.091508,26.956756,27.044508,34.108910,37.069609,33.145088,37.343365,35.562102,37.892519,31.487299,36.643345,33.562913,36.682727,31.506014,36.290231,31.573731,33.905849,30.767657,33.337221,32.862084,34.697510,31.499331,33.483921,83.681654,88.522448,129.263619,85.840388,137.079403,57.796963,45.146572,159.180970,121.030000,2.193000,218.100000,119.510000,1.665000,147.300000,26321.503843,13.066661,23.657061,93.696798,34.171071,1474.055398,961.705519
06/22/2026 07:15:52,0.000000,0.000000,75.587080,74.940582,66.023594,75.711796,78.767455,73.175300,71.923976,74.886767,33.123060,28.370678,28.733437,28.673421,35.076490,35.129692,32.517579,32.887117,32.694489,34.584427,33.099059,32.967256,31.488365,32.378018,30.911215,68.566413,29.752456,35.083686,21.355204,21.263625,21.146688,28.597470,29.187222,28.331968,33.055581,33.019132,26.854987,27.286831,34.094964,37.034928,33.125584,37.352259,35.536916,37.911146,31.479351,36.646312,33.529909,36.663126,31.486373,36.276912,31.568011,33.913912,30.738314,33.338867,32.840611,34.701371,31.483699,33.481217,77.849063,83.177459,129.360855,78.309508,136.840798,57.966818,44.226286,143.491320,120.900000,2.120000,207.800000,119.480000,1.592000,137.500000,26381.502198,12.309559,22.774127,86.664279,34.160189,1477.625993,964.094452
06/22/2026 07:16:52,0.000000,0.000000,75.511832,74.897806,65.816406,75.685697,78.698129,73.141079,71.887173,74.873751,32.947128,28.168161,28.520256,28.502843,35.137095,35.015168,32.502120,32.760509,32.562495,34.547695,33.087150,33.085806,31.328279,32.392119,30.375155,71.842557,30.053370,36.455575,21.540542,21.443594,21.302525,28.804981,29.460665,29.540044,33.012603,32.971262,26.506650,26.911017,34.081005,37.086477,33.143365,37.370830,35.536543,37.926237,31.472739,36.658657,33.544968,36.697596,31.468130,36.289775,31.571200,33.928191,30.763788,33.361040,32.837899,34.712416,31.465903,33.479020,83.785321,88.647991,129.367355,86.336164,137.133384,57.842187,44.936723,160.912234,120.680000,2.208000,219.400000,119.400000,1.674000,148.700000,26441.500937,12.998943,23.456632,94.443904,34.169789,1481.194141,966.486902
06/22/2026 07:17:52,0.000000,0.000000,75.383638,74.894998,65.798622,75.678829,78.654274,73.131228,71.841192,74.873981,33.666609,29.532465,29.888740,30.101461,35.836515,35.465238,33.120332,33.519356,33.258327,34.993968,34.518928,34.513218,33.135282,33.129949,32.098313,66.351383,30.616437,35.151996,22.144082,22.067379,21.879715,29.590037,29.993114,29.878085,33.924103,34.107014,28.599677,28.999705,34.096210,37.080396,33.133103,37.345591,35.554203,37.923523,31.485595,36.664654,33.548767,36.679698,31.479624,36.283488,31.565789,33.920578,30.736537,33.351509,32.839478,34.709999,31.464922,33.481152,74.179437,79.852409,128.841589,74.431395,135.945321,57.735212,44.883605,138.676735,120.720000,2.097000,204.800000,119.400000,1.580000,134.400000,26501.498625,11.746182,23.405814,84.403969,34.167241,1484.722338,968.835061
06/22/2026 07:18:52,0.000000,0.000000,75.433681,74.847483,65.759560,75.641581,78.634401,73.073124,71.828539,74.860529,33.357936,28.926845,29.314905,29.411663,35.145210,35.391665,32.774293,33.253038,33.072183,34.863223,33.612938,33.652004,31.919160,32.770744,31.339099,68.686109,31.120932,35.896905,21.976785,21.864626,21.669858,29.749363,30.477813,30.911463,33.588254,33.614017,27.123781,27.577293,34.084530,37.050626,33.110897,37.351796,35.540492,37.917362,31.429482,36.650028,33.540303,36.688967,31.474138,36.291318,31.545766,33.917495,30.743247,33.339933,32.826560,34.701991,31.462109,33.477903,80.436249,85.515089,127.930494,83.009532,135.460342,57.272383,45.709308,154.349550,120.570000,2.177000,215.500000,119.310000,1.645000,144.700000,26561.496469,11.704961,24.191944,91.582614,34.157247,1488.216294,971.155448
06/22/2026 07:19:52,0.000000,0.000000,75.361617,74.865360,65.833143,75.620238,78.586633,73.052986,71.813912,74.862430,33.324541,28.843799,29.221619,29.216273,35.188613,35.302978,32.869896,33.145499,32.979655,34.839648,33.834041,33.520478,31.830469,32.629289,31.182713,70.464371,30.913541,37.305288,22.118806,22.007559,21.831570,29.569387,30.333566,30.393742,33.447605,33.439163,27.361538,27.699877,34.082563,37.044244,33.090324,37.349459,35.520904,37.900925,31.449885,36.634970,33.529184,36.662405,31.449945,36.270820,31.546120,33.904972,30.723992,33.333255,32.814987,34.690889,31.452173,33.459554,82.690294,87.730995,129.008556,84.823937,136.649643,57.669514,45.433038,156.976630,120.700000,2.189000,217.200000,119.220000,1.654000,146.100000,26621.495362,13.375470,23.929818,92.737611,34.145578,1491.812810,973.573126
06/22/2026 07:20:52,0.000000,0.000000,75.239409,74.872365,65.666842,75.590117,78.517074,73.015576,71.769318,74.832361,33.249036,28.723381,29.043240,29.063092,35.234085,35.246054,32.786225,33.102304,32.901006,34.804204,33.403223,33.366126,31.801771,32.486329,30.795827,71.741574,30.579542,36.181726,22.250928,22.113232,22.058764,29.312253,30.033290,29.929855,33.363886,33.331450,27.096520,27.481874,34.071342,37.040141,33.088283,37.342566,35.515074,37.911901,31.419964,36.649378,33.507221,36.671502,31.458252,36.272876,31.541149,33.907122,30.711889,33.338836,32.800118,34.694242,31.417708,33.464283,79.521688,84.715329,129.691909,79.370412,137.405210,58.007059,45.074227,143.452154,120.670000,2.131000,208.900000,119.280000,1.596000,138.000000,26681.493478,12.593703,23.588023,86.646096,34.141192,1495.429226,976.006690
06/22/2026 07:21:52,0.000000,0.000000,75.183512,74.843905,65.660280,75.519779,78.486521,72.942061,71.778418,74.818613,33.240017,28.427870,28.815599,28.820725,34.955960,35.181638,32.595118,32.982402,32.809285,34.751736,33.195576,33.321554,31.631899,32.498646,30.737558,63.550536,30.577911,34.891969,20.769952,20.648219,20.396457,29.179970,29.999144,30.292926,33.208866,33.166646,26.773186,27.031841,34.081671,37.054854,33.091627,37.348987,35.521332,37.906654,31.442296,36.630543,33.537623,36.670810,31.465389,36.273327,31.519819,33.905401,30.727543,33.343917,32.828323,34.676248,31.442666,33.467401,77.637379,82.718460,127.724061,80.447399,135.057447,57.450642,44.893024,147.821179,119.580000,2.134000,210.000000,118.160000,1.618000,139.800000,26741.493217,11.477141,23.414828,88.654330,34.146822,1498.852184,978.254570
06/22/2026 07:22:52,0.000000,0.000000,75.066471,74.786394,65.656383,75.478334,78.411563,72.861532,71.774874,74.822687,33.107233,28.342738,28.824622,28.711192,35.277160,35.192050,32.559485,32.940118,32.717786,34.649813,33.057451,33.476388,31.613850,32.409006,30.534269,70.536540,30.180500,36.463617,21.681086,21.588191,21.419323,28.913472,29.599884,27.763910,33.110773,33.113885,26.863552,27.344233,34.063687,37.044014,33.083752,37.360607,35.498745,37.912852,31.412012,36.626773,33.511183,36.654208,31.425040,36.257141,31.504239,33.884989,30.714185,33.333023,32.804972,34.680898,31.424149,33.465819,82.053352,87.092331,128.645427,84.039359,136.341597,57.340991,44.874671,155.393131,119.550000,2.179000,215.200000,117.990000,1.651000,144.900000,26801.490735,13.066353,23.397264,92.042989,34.133114,1502.422926,980.650332
06/22/2026 07:23:52,0.000000,0.000000,75.020120,74.758619,65.560392,75.444900,78.369409,72.782682,71.729230,74.821992,33.163804,28.325014,28.677521,28.698588,34.998634,35.166226,32.556616,32.892793,32.608957,34.649938,33.250464,33.324325,31.511714,32.372861,30.544765,71.931807,29.804952,36.929387,21.778752,21.666121,21.583646,28.682874,29.286869,28.609702,33.092964,33.044960,26.873349,27.027552,34.068973,37.039993,33.063770,37.316415,35.518316,37.883323,31.397382,36.604996,33.516419,36.645707,31.424037,36.230023,31.522133,33.872628,30.713367,33.306267,32.805767,34.664834,31.433393,33.453712,84.338012,89.276544,129.521717,86.497200,137.380524,57.221925,45.118216,161.298722,119.450000,2.210000,219.100000,118.010000,1.679000,148.500000,26861.489568,13.299378,23.630009,94.609951,34.124073,1506.038995,983.090896
06/22/2026 07:24:52,0.000000,0.000000,74.938442,74.707339,65.528628,75.396972,78.290928,72.708345,71.756811,74.809336,33.014530,28.316159,28.691869,28.622828,35.081636,35.095824,32.585330,32.842803,32.589903,34.528007,32.762894,33.233762,31.526951,32.293313,30.696107,65.470836,29.778051,34.859490,20.671023,20.604087,20.397492,28.600168,29.258160,28.999454,32.988540,32.965869,26.881870,27.181145,34.048062,37.026678,33.066949,37.354063,35.487660,37.896939,31.413787,36.631720,33.502378,36.664023,31.418361,36.256260,31.514033,33.895638,30.726211,33.318883,32.824171,34.674767,31.413460,33.448052,74.200196,79.655021,128.474426,74.653739,135.808844,56.821611,43.786584,136.784274,119.540000,2.086000,203.000000,118.110000,1.565000,132.600000,26921.488025,12.510881,22.348609,83.501255,34.129105,1509.529210,985.401919
06/22/2026 07:25:52,0.000000,0.000000,74.865036,74.709131,65.343748,75.335618,78.203270,72.678987,71.688694,74.796390,32.885647,27.995747,28.392505,28.364325,34.988379,34.962216,32.419145,32.679339,32.468068,34.409574,32.833184,32.930482,31.366856,32.227761,30.544295,69.493638,30.181035,35.115290,21.199552,21.115591,20.992023,28.795366,29.525528,29.718166,32.931181,32.882277,26.282701,26.691308,34.074870,37.040117,33.069372,37.344977,35.492288,37.879906,31.421560,36.614032,33.519716,36.648548,31.442563,36.251088,31.507994,33.876299,30.742454,33.313564,32.830853,34.663246,31.442117,33.445084,80.602913,85.722494,128.006183,83.066909,135.572132,56.309760,44.761250,154.540366,119.480000,2.169000,214.800000,118.120000,1.651000,144.100000,26981.486976,11.826661,23.288629,91.666947,34.131032,1513.020538,987.719518
06/22/2026 07:26:52,0.000000,0.000000,74.875749,74.648011,65.466088,75.268839,78.173749,72.582347,71.710387,74.782937,32.940136,28.086160,28.546703,28.444497,34.878697,34.839669,32.254147,32.645154,32.425171,34.416037,32.823208,32.855642,31.273583,32.233395,30.515827,70.461643,29.587918,36.281210,21.303134,21.205713,21.097930,28.385254,29.035301,28.014828,32.895460,32.845220,26.653419,26.852900,34.058320,37.033801,33.074988,37.343932,35.513327,37.896905,31.407515,36.606069,33.509500,36.645010,31.404453,36.239784,31.498405,33.878286,30.730634,33.314899,32.826409,34.657038,31.428513,33.437294,82.702023,87.755141,128.979531,84.752949,136.738530,56.497637,44.880206,157.177643,119.560000,2.189000,216.500000,118.140000,1.653000,145.800000,27041.484610,12.878649,23.402561,92.825451,34.125254,1516.607257,990.130395
06/22/2026 07:27:52,0.000000,0.000000,74.793060,74.615589,65.378627,75.217694,78.133720,72.510706,71.710691,74.758312,33.607700,29.317674,29.772533,29.928133,35.962844,35.249048,32.924156,33.364601,33.142945,34.878837,34.313644,35.024277,32.930909,32.940689,31.731191,71.208928,30.552534,35.842681,22.849669,22.804845,22.684940,29.533164,29.942941,30.048157,33.836595,33.965805,28.438117,28.868599,34.034105,37.018964,33.060964,37.342361,35.496480,37.899106,31.387011,36.589385,33.514075,36.631867,31.399370,36.231190,31.485922,33.855632,30.734191,33.306589,32.811424,34.645193,31.422984,33.437112,80.005998,85.215934,129.620359,80.117694,137.208378,56.468425,45.378464,147.412518,119.570000,2.151000,210.700000,118.280000,1.619000,140.400000,27101.483464,11.964750,23.877931,88.468178,34.115196,1520.236244,992.583015
06/22/2026 07:28:52,0.000000,0.000000,74.774687,74.587070,65.536484,75.152199,78.070132,72.456441,71.704300,74.746872,33.363208,28.891989,29.213155,29.369749,35.129701,35.346022,32.778489,33.142573,33.007671,34.728331,33.746122,33.404131,32.047418,32.696936,31.135219,67.606801,31.013325,36.407209,21.647231,21.553884,21.320786,29.650937,30.368280,30.834484,33.472911,33.520890,27.278461,27.560795,34.059692,37.044899,33.070484,37.347852,35.484465,37.891545,31.384288,36.612650,33.501002,36.659998,31.394907,36.260403,31.484980,33.863131,30.691355,33.327728,32.810790,34.678717,31.414065,33.444213,81.415394,86.374293,128.445999,84.158381,135.963030,56.434978,45.245038,157.352436,119.310000,2.189000,216.300000,117.980000,1.658000,146.100000,27161.482371,12.656284,23.750925,92.901773,34.121358,1523.751125,994.925668
06/22/2026 07:29:52,0.000000,0.000000,74.739478,74.567490,65.427409,75.155404,78.043021,72.454571,71.655183,74.735115,33.175847,28.737796,29.130805,29.166157,35.356006,35.209288,32.690569,33.046692,32.881137,34.759545,33.559740,33.232846,31.689535,32.535729,30.932590,72.218420,30.900208,36.654676,22.244428,22.145306,22.092761,29.546293,30.283288,30.384921,33.388037,33.368487,27.309259,27.747288,34.036481,37.027525,33.063835,37.331954,35.466192,37.886582,31.377054,36.598467,33.490318,36.651126,31.381842,36.237681,31.470618,33.868355,30.686794,33.309043,32.819216,34.647199,31.391198,33.420967,81.272988,86.491154,129.558878,81.675441,137.278294,56.708638,44.818252,147.003049,119.550000,2.148000,211.100000,118.070000,1.619000,140.600000,27221.480768,13.311431,23.343245,88.281313,34.108122,1527.383472,997.381130
06/22/2026 07:30:52,0.000000,0.000000,74.686890,74.497986,65.279813,75.095441,78.001361,72.359674,71.687272,74.743427,33.052063,28.506004,28.844196,28.904927,35.185072,35.075567,32.623786,33.005722,32.787544,34.669276,33.376479,33.332550,31.638914,32.512322,30.722165,63.346468,30.735978,35.179136,20.911726,20.772942,20.555240,29.349182,30.161149,30.499481,33.214325,33.201437,26.857743,27.176292,34.049009,37.012142,33.043282,37.326101,35.486430,37.862135,31.375570,36.580725,33.495164,36.625420,31.379242,36.226243,31.471808,33.857551,30.713833,33.306780,32.801390,34.657361,31.392608,33.406822,76.889215,82.118826,127.445294,79.598337,134.867683,56.444530,44.670357,145.619268,119.530000,2.129000,209.100000,118.050000,1.604000,138.600000,27281.479152,11.977678,23.201458,87.647232,34.103481,1530.810102,999.633291
06/22/2026 07:31:52,0.000000,0.000000,74.646556,74.486383,65.499646,75.068942,77.994314,72.354699,71.686217,74.722939,33.012507,28.395793,28.744715,28.719412,34.943504,35.203763,32.581317,32.890809,32.722629,34.614275,33.511545,33.011745,31.512460,32.427878,30.539656,70.671174,30.427687,36.589095,21.778245,21.681321,21.590065,29.096549,29.916652,28.657577,33.152913,33.130246,26.769210,27.186950,34.027196,37.012082,33.034095,37.328458,35.463314,37.889014,31.342081,36.590123,33.467726,36.636588,31.363479,36.232716,31.471290,33.851706,30.651810,33.297999,32.805052,34.628632,31.386202,33.421316,81.871458,86.973980,128.452802,84.032617,136.218513,56.965655,45.195416,154.706096,119.420000,2.185000,215.400000,118.070000,1.648000,144.700000,27341.477438,12.885458,23.703637,91.740137,34.095044,1534.374362,1002.021751
06/22/2026 07:32:52,0.000000,0.000000,74.629124,74.525584,65.367530,75.074055,77.955633,72.354320,71.627899,74.740888,33.211214,28.383776,28.745639,28.727359,35.098168,35.079104,32.527216,32.828726,32.695090,34.557520,33.346747,33.130784,31.509704,32.431354,30.663723,71.690090,29.744715,36.722300,21.759863,21.701529,21.503822,28.593702,29.223598,28.416557,33.075408,33.023402,26.896801,26.997243,33.994897,37.010422,33.001206,37.318736,35.446842,37.868616,31.334877,36.581105,33.461782,36.608985,31.361972,36.198899,31.435125,33.825875,30.658420,33.278723,32.789322,34.625359,31.386032,33.400709,84.140183,89.145491,129.409063,86.373232,137.183868,57.713284,45.066944,160.579803,119.460000,2.209000,219.100000,118.130000,1.674000,148.000000,27401.475591,13.141230,23.581070,94.300867,34.079395,1537.986501,1004.457260
06/22/2026 07:33:52,0.000000,0.000000,74.607790,74.493259,65.369460,75.075203,77.950043,72.348693,71.629632,74.751911,32.917690,28.291685,28.658477,28.632317,34.824117,35.011256,32.457940,32.806164,32.581079,34.528077,32.896351,32.887623,31.440636,32.326800,30.558206,65.434778,29.780475,34.772754,20.736802,20.748930,20.519518,28.658428,29.278934,29.105429,32.975989,32.957318,26.836648,27.184690,34.024061,36.986401,33.030405,37.321251,35.453377,37.866295,31.343675,36.575564,33.482875,36.611851,31.359934,36.219896,31.450607,33.827095,30.671232,33.284712,32.802873,34.626014,31.378202,33.403119,74.399391,79.809686,128.623706,74.851561,135.956456,57.689593,43.947976,136.782979,119.420000,2.081000,202.900000,118.070000,1.564000,132.500000,27461.474461,12.267681,22.505073,83.500634,34.085972,1541.479100,1006.771298
06/22/2026 07:34:52,0.000000,0.000000,74.577053,74.436734,65.435367,75.001083,77.962889,72.256113,71.653529,74.703889,32.829062,28.013926,28.422729,28.350057,34.832292,35.032732,32.368750,32.682327,32.419016,34.398360,32.985108,32.856694,31.152102,32.191732,30.370780,69.478638,30.174444,35.013852,21.262502,21.116586,20.998908,28.785253,29.532811,29.766024,32.884374,32.843026,26.291512,26.660873,34.025982,36.998045,33.007354,37.318662,35.445981,37.856270,31.326882,36.560316,33.460904,36.596162,31.343886,36.194652,31.427131,33.818352,30.647749,33.264069,32.804895,34.617384,31.365273,33.404444,80.700558,85.770341,128.162904,83.224523,135.892633,57.267054,44.681816,154.194178,119.080000,2.177000,214.700000,117.730000,1.641000,144.100000,27521.472887,11.801399,23.212453,91.513893,34.074220,1544.970121,1009.090350
06/22/2026 07:35:52,0.000000,0.000000,74.555061,74.417275,65.294360,75.005063,77.905396,72.288497,71.640538,74.720101,32.851849,28.046622,28.465233,28.415468,34.834767,34.823680,32.327281,32.640429,32.399999,34.363415,32.994555,32.726227,31.260638,32.219578,30.318085,70.403620,29.572900,36.138790,21.350414,21.273649,21.168730,28.375742,29.014641,27.849082,32.870270,32.838703,26.590129,26.863783,34.020301,36.997693,33.022897,37.322626,35.447037,37.868368,31.323042,36.573328,33.454864,36.623777,31.352597,36.218361,31.449579,33.834952,30.663518,33.286911,32.795736,34.630428,31.363290,33.384251,82.815801,87.844122,129.183452,84.913225,136.968079,57.674815,44.828157,156.896031,119.210000,2.193000,216.400000,117.790000,1.657000,146.000000,27581.470961,12.786059,23.352731,92.702369,34.081678,1548.556534,1011.500300
06/22/2026 07:36:52,0.000000,0.000000,74.582311,74.375207,65.328319,74.994580,77.868006,72.246198,71.652956,74.689374,32.854079,28.016723,28.453191,28.381630,34.777629,34.885401,32.213059,32.569396,32.375093,34.323926,32.983449,32.847691,31.241109,32.210755,30.331585,71.122024,29.493290,35.433783,21.509526,21.419308,21.366704,28.359224,28.959767,28.317722,32.824894,32.768425,26.632994,26.735672,33.999089,36.962406,32.991085,37.286563,35.441862,37.841118,31.296007,36.549893,33.449997,36.583527,31.328700,36.176020,31.427000,33.803123,30.638258,33.263824,32.786864,34.599394,31.354097,33.351979,79.157533,84.301548,129.884036,78.979285,137.599569,57.913558,44.319023,143.333359,119.170000,2.129000,208.500000,117.990000,1.600000,137.400000,27641.468645,12.570215,22.863568,86.590927,34.056540,1552.156034,1013.924207
06/22/2026 07:37:52,0.000000,0.000000,74.518158,74.397274,65.136114,74.995606,77.853452,72.200187,71.609103,74.730190,33.477695,29.144326,29.455189,29.779323,35.571353,35.353320,32.866650,33.495510,33.048426,34.780974,34.323560,34.473051,32.763845,32.943021,31.715444,66.395901,30.614837,35.371595,21.989509,21.978294,21.672266,29.539945,29.983604,30.424042,33.732241,33.855696,27.945411,28.358640,34.031911,36.984048,33.034956,37.317376,35.455955,37.867097,31.303047,36.566754,33.467812,36.606140,31.343982,36.202717,31.429139,33.818576,30.682292,33.284309,32.805138,34.610086,31.364478,33.382769,81.570655,86.645775,128.835631,84.303958,136.362213,57.417878,45.716980,158.201155,119.250000,2.190000,217.200000,117.750000,1.667000,146.800000,27701.468129,11.172385,24.199210,93.271552,34.077929,1555.665643,1016.261243
06/22/2026 07:38:52,0.000000,0.000000,74.495172,74.346808,65.424799,74.948365,77.813105,72.160419,71.602414,74.700707,33.363610,28.934327,29.242104,29.342784,35.078511,35.150334,32.650060,33.145769,32.876484,34.694578,33.424036,33.342611,31.855707,32.572652,31.118372,71.697387,31.008192,37.275840,22.332023,22.258922,22.119929,29.695930,30.322769,30.755113,33.475436,33.467439,27.482835,27.819182,34.008089,36.990834,33.018330,37.306587,35.439455,37.861693,31.288686,36.560367,33.453402,36.600195,31.323070,36.208501,31.425026,33.812701,30.631380,33.270341,32.774710,34.616547,31.369853,33.376578,83.731369,88.800550,129.899492,85.205686,137.828199,57.784723,45.318743,153.321020,119.260000,2.187000,215.500000,117.820000,1.653000,145.100000,27761.466578,13.454730,23.821110,91.126835,34.066817,1559.309687,1018.730262
06/22/2026 07:39:52,0.000000,0.000000,74.495933,74.322205,65.288420,74.898868,77.778089,72.150600,71.597867,74.672514,33.168685,28.592741,28.959465,29.011123,35.238737,35.058745,32.600216,32.951934,32.790830,34.623758,33.313112,33.272588,31.810009,32.548376,30.891963,63.370024,30.897491,35.119913,20.922241,20.812205,20.526267,29.479635,30.246523,30.668186,33.241119,33.272226,27.056644,27.444477,33.985325,36.992925,32.999071,37.318824,35.429037,37.871189,31.271974,36.543048,33.434683,36.599693,31.314587,36.190332,31.398958,33.796933,30.636502,33.273837,32.791547,34.609834,31.345777,33.379671,75.969782,81.241886,127.866520,78.309511,135.353160,57.700965,44.701238,142.570904,119.440000,2.113000,206.400000,118.080000,1.590000,136.000000,27821.463932,11.888827,23.231086,86.236110,34.059187,1562.747617,1020.993077
06/22/2026 07:40:52,0.000000,0.000000,74.488875,74.311764,65.264193,74.890778,77.759501,72.129769,71.617168,74.702732,33.083517,28.351950,28.723636,28.737498,35.033757,35.055039,32.519424,32.865843,32.699840,34.593314,33.559856,32.896846,31.511363,32.350711,30.940248,70.725875,30.660304,36.492128,21.925362,21.821273,21.681325,29.287608,30.075973,29.579717,33.150894,33.095781,26.777008,27.162253,33.973343,36.990276,32.976408,37.322810,35.411880,37.860711,31.277002,36.561474,33.434966,36.588912,31.298395,36.192395,31.388838,33.811270,30.626379,33.261677,32.783381,34.603905,31.324683,33.368412,81.809438,86.895244,128.580922,84.096565,136.363194,57.493570,45.169489,155.321757,119.160000,2.179000,215.800000,117.590000,1.658000,145.200000,27881.462928,12.813210,23.678918,92.011568,34.052856,1566.294891,1023.368037
06/22/2026 07:41:52,0.000000,0.000000,74.595465,74.273803,65.286072,74.890685,77.817088,72.103397,71.673065,74.692509,33.157648,28.336237,28.727557,28.702117,34.868663,35.011010,32.504766,32.819623,32.631706,34.558616,33.319407,32.890487,31.451082,32.426204,30.454474,71.667839,30.043245,36.841563,21.826972,21.709859,21.559761,28.820634,29.517786,28.987922,33.073247,33.051912,26.841919,27.041792,33.982351,36.965192,32.982445,37.308477,35.413360,37.855559,31.263786,36.548160,33.434040,36.582679,31.279482,36.181128,31.389880,33.805203,30.629650,33.258973,32.779786,34.592333,31.320920,33.366880,83.818784,88.859608,129.571284,86.061417,137.434508,57.701534,45.124334,159.954916,119.210000,2.205000,218.400000,117.770000,1.671000,147.600000,27941.461163,13.205716,23.635847,94.031455,34.047014,1569.902063,1025.800355
06/22/2026 07:42:52,0.000000,0.000000,74.617771,74.269484,65.415011,74.890822,77.853852,72.078951,71.678957,74.674717,33.029516,28.285239,28.714049,28.644197,34.855883,35.024393,32.454387,32.763484,32.587107,34.484399,33.262849,32.943473,31.374084,32.239873,30.514087,66.937653,29.915800,35.074086,21.113375,21.028508,20.864881,28.692259,29.365826,29.134345,32.993933,32.957925,26.920344,27.132272,33.964406,36.970757,32.947348,37.301425,35.397788,37.862568,31.244565,36.560985,33.419813,36.590193,31.269275,36.183826,31.378235,33.784715,30.617109,33.260297,32.765104,34.601640,31.305366,33.360257,74.135371,79.489348,129.045926,73.938731,136.438686,57.670087,44.192007,135.475104,119.300000,2.085000,202.300000,117.970000,1.561000,131.800000,28001.460291,12.333046,22.741040,82.871920,34.039284,1573.424483,1028.143264
06/22/2026 07:43:52,0.000000,0.000000,74.631019,74.305143,65.259637,74.945525,77.875109,72.134260,71.706970,74.683194,32.859172,27.962471,28.440900,28.359339,34.856153,34.989189,32.384391,32.667722,32.418893,34.431961,32.943198,32.755673,31.242467,32.243258,30.354357,68.630504,30.261081,34.997156,21.071390,20.923199,20.764949,28.858003,29.592598,29.939945,32.914264,32.852021,26.192848,26.582636,33.978428,36.957303,32.966182,37.313524,35.418851,37.868103,31.256831,36.551957,33.436519,36.576740,31.288198,36.182705,31.375796,33.787169,30.640966,33.252565,32.772041,34.577063,31.338992,33.348468,79.958999,84.844394,128.015004,82.618281,135.538421,57.057366,44.591701,153.404209,119.420000,2.173000,214.200000,118.050000,1.637000,143.600000,28061.458723,11.871213,23.125943,91.163775,34.044420,1576.882978,1030.429651
06/22/2026 07:44:52,0.000000,0.000000,74.706289,74.300123,65.276783,74.966982,77.913331,72.162145,71.715551,74.725549,32.872653,28.050546,28.458001,28.424064,34.802951,34.900520,32.264858,32.641184,32.363873,34.381074,33.032692,33.088674,31.205503,32.178757,30.442760,70.280321,29.598083,36.236405,21.332670,21.246476,21.094079,28.374287,28.992222,27.511005,32.858611,32.819041,26.542221,26.804563,33.962332,36.952767,32.944565,37.296446,35.406967,37.855372,31.234189,36.526137,33.401267,36.564639,31.270807,36.155682,31.358948,33.762383,30.610296,33.247969,32.761217,34.583122,31.314918,33.338234,82.387277,87.239025,129.028161,84.328229,136.821567,57.010708,44.640448,155.837236,119.430000,2.183000,215.700000,117.970000,1.656000,145.000000,28121.456781,13.063653,23.172752,92.238278,34.027413,1580.464502,1032.833963
06/22/2026 07:45:52,0.000000,0.000000,74.736230,74.293300,65.404901,74.986065,77.941609,72.178749,71.693690,74.691512,32.782189,28.040967,28.421203,28.375132,34.951227,34.901117,32.227725,32.602735,32.274686,34.293000,33.019595,33.042601,31.135700,32.098366,30.145231,72.266941,29.524687,36.178588,21.496244,21.406922,21.357014,28.381274,28.950136,28.496847,32.858899,32.747741,26.526425,26.704529,33.961480,36.940418,32.965138,37.283746,35.395987,37.817914,31.228051,36.503384,33.418413,36.542330,31.263465,36.128905,31.359939,33.748271,30.630452,33.221123,32.783711,34.540793,31.315597,33.328247,82.995983,87.981656,129.791810,84.057442,137.863131,56.993455,44.641517,151.670841,119.280000,2.168000,214.300000,117.890000,1.644000,143.300000,28181.455543,13.004810,23.173778,90.391292,34.018868,1584.088260,1035.279884
06/22/2026 07:46:52,0.000000,0.000000,74.862953,74.344424,65.506974,75.032833,78.006736,72.244741,71.727275,74.681455,32.791084,27.926254,28.332849,28.261056,34.627617,34.899065,32.270722,32.486041,32.273798,34.240631,33.152940,33.111662,31.017335,32.136358,30.358150,65.830785,29.619641,35.088184,20.535683,20.448518,20.232122,28.359215,29.007934,28.957081,32.730466,32.706453,26.343285,26.705878,33.945949,36.944850,32.934350,37.307067,35.395376,37.848676,31.215406,36.543266,33.414909,36.558313,31.248030,36.170242,31.357097,33.765423,30.596856,33.244282,32.753526,34.577667,31.298825,33.341293,80.301872,85.350200,128.813903,83.044630,136.396568,56.639386,44.267556,153.780015,119.430000,2.170000,214.100000,117.890000,1.639000,143.600000,28241.453575,12.274241,22.813943,91.330484,34.023070,1587.582534,1037.598892
06/22/2026 07:47:52,0.000000,0.000000,74.872935,74.345958,65.445300,75.070056,78.037937,72.292681,71.703751,74.693931,33.596328,29.233556,29.644737,29.765163,35.617541,35.168142,32.823510,33.371986,33.009333,34.737087,34.499748,34.598274,32.745722,32.958689,31.447675,71.537107,30.690815,36.340510,22.873540,22.788823,22.690789,29.599184,30.011621,30.206439,33.717540,33.813909,28.370250,28.706332,33.952539,36.937261,32.950133,37.279876,35.376560,37.853335,31.208074,36.511569,33.410635,36.550957,31.243090,36.157806,31.356894,33.755894,30.614927,33.235119,32.759030,34.569850,31.302351,33.327035,82.986702,88.252828,129.885511,84.144301,137.663353,56.454259,45.519561,153.126805,119.240000,2.184000,215.800000,117.850000,1.652000,145.100000,28301.452416,12.328502,24.012008,91.040543,34.017647,1591.226936,1040.066983
06/22/2026 07:48:52,0.000000,0.000000,74.965412,74.357332,65.596051,75.093493,78.069711,72.342466,71.710904,74.708241,33.276693,28.831897,29.158873,29.307377,34.490215,35.083659,32.586027,33.072441,32.807299,34.610911,33.842177,33.693384,31.734363,32.635633,31.071592,63.279267,30.969724,35.053004,21.084392,21.011647,20.710973,29.613037,30.320142,30.843401,33.371256,33.386807,27.159309,27.537021,33.950367,36.945271,32.956516,37.287994,35.387892,37.876120,31.212783,36.512356,33.409648,36.549974,31.225793,36.161427,31.335760,33.753038,30.565707,33.233687,32.769159,34.570195,31.305996,33.351109,75.575512,80.983434,127.741390,77.840542,135.170488,56.449383,44.474395,142.622047,119.390000,2.108000,206.200000,117.980000,1.592000,136.300000,28361.450850,12.039824,23.013180,86.259949,34.018040,1594.670011,1042.336089
06/22/2026 07:49:52,0.000000,0.000000,74.954706,74.374942,65.540376,75.130296,78.097968,72.362015,71.733576,74.715622,33.122992,28.489307,28.835086,28.868736,34.840933,34.940714,32.526808,32.878114,32.710874,34.555521,33.507354,33.096959,31.572921,32.425525,30.650835,70.456083,30.861872,36.346186,21.956892,21.853255,21.679539,29.508376,30.283277,30.396945,33.207817,33.168264,26.923566,27.300710,33.948939,36.938539,32.937305,37.279056,35.379487,37.854044,31.199432,36.504240,33.392170,36.545842,31.229047,36.142523,31.350480,33.757051,30.588900,33.219316,32.765896,34.556292,31.309250,33.312586,81.353863,86.517780,128.345814,83.595359,135.973946,56.366157,45.183569,154.475304,119.300000,2.181000,215.300000,117.780000,1.646000,144.600000,28421.448518,12.653843,23.692343,91.638200,34.010520,1598.213847,1044.707359
06/22/2026 07:50:52,0.000000,0.000000,75.035507,74.416911,65.539217,75.148228,78.114996,72.421952,71.717357,74.719320,33.094624,28.401479,28.774045,28.806109,34.789316,35.023022,32.490418,32.820843,32.651362,34.531641,33.189291,32.970994,31.488993,32.322144,30.463720,71.565101,30.343179,37.198855,21.809838,21.725930,21.591941,29.086817,29.818197,29.556450,33.134922,33.087364,26.986539,27.120710,33.924495,36.916399,32.929263,37.279458,35.348476,37.841245,31.165581,36.501993,33.391691,36.552888,31.210525,36.140500,31.323760,33.740633,30.559943,33.210837,32.746741,34.541616,31.271123,33.315889,83.536324,88.542190,129.172758,85.746314,136.950375,56.668660,45.341951,159.203304,119.260000,2.201000,217.900000,117.890000,1.666000,147.200000,28481.447340,13.355659,23.843196,93.706470,33.995653,1601.813387,1047.132589
06/22/2026 07:51:52,0.000000,0.000000,75.041869,74.467658,65.513187,75.214900,78.159975,72.472740,71.757515,74.748773,33.124096,28.367255,28.721537,28.738531,34.753623,35.142078,32.580079,32.797537,32.591904,34.487853,33.238313,33.197912,31.347544,32.321933,30.866883,68.462776,30.205381,35.392606,21.431915,21.322836,21.181458,28.944762,29.633838,29.508530,33.014818,32.989924,26.888175,27.158636,33.941331,36.920344,32.913077,37.272646,35.382367,37.849404,31.174255,36.499726,33.395192,36.516987,31.209391,36.115463,31.331988,33.731514,30.567282,33.217894,32.734237,34.541119,31.274000,33.305871,75.966093,81.205511,129.077471,75.882970,136.498171,56.742346,44.025177,139.207265,119.440000,2.098000,204.900000,117.900000,1.582000,134.600000,28541.445423,12.812803,22.579803,84.655568,33.994704,1605.366163,1049.507235
06/22/2026 07:52:52,0.000000,0.000000,75.054495,74.459582,65.632740,75.226562,78.163600,72.504774,71.764403,74.725637,32.824771,28.073446,28.438503,28.451366,34.882863,35.081073,32.356270,32.676522,32.436966,34.395853,33.138613,32.844257,31.222072,32.147245,30.718413,70.560387,30.295345,35.951640,21.307939,21.210070,21.060873,28.922207,29.681300,29.948380,32.962996,32.878972,26.307980,26.703159,33.933923,36.919598,32.931504,37.264885,35.352460,37.841681,31.160674,36.494502,33.381505,36.517516,31.222111,36.112163,31.321973,33.717533,30.551023,33.209093,32.769896,34.516360,31.274244,33.280786,81.653619,86.619492,128.333099,84.329417,136.030558,56.402609,44.974789,157.193342,119.360000,2.189000,216.600000,117.890000,1.661000,146.200000,28601.444523,12.458611,23.493029,92.832309,33.988671,1608.872417,1051.841923
06/22/2026 07:53:52,0.000000,0.000000,75.115830,74.430933,65.821170,75.216301,78.210187,72.505919,71.774627,74.726107,33.032286,28.173324,28.515156,28.531954,34.740318,34.824146,32.364943,32.638053,32.382597,34.325198,33.072291,32.941890,31.127431,32.215152,30.506481,71.993745,29.642567,37.118169,21.538588,21.464531,21.285077,28.427126,29.034781,26.949826,32.936467,32.825319,26.697309,26.886972,33.935461,36.906091,32.921355,37.248159,35.362301,37.830725,31.161211,36.479915,33.400628,36.516649,31.224894,36.109614,31.321618,33.715404,30.546211,33.188668,32.765913,34.506617,31.280145,33.284005,84.086530,88.947105,129.509880,86.049536,137.438810,56.599479,44.931285,159.754066,119.300000,2.201000,218.200000,117.920000,1.672000,147.600000,28661.442235,13.666738,23.451431,93.944711,33.985279,1612.495723,1054.288663
06/22/2026 07:54:52,0.000000,0.000000,75.116298,74.417453,65.757588,75.230071,78.201605,72.534560,71.780539,74.716787,32.924605,28.089759,28.479801,28.452928,34.927875,34.758902,32.308582,32.594609,32.357580,34.274501,33.062853,33.349399,31.229425,32.130558,30.344819,66.790623,29.572854,34.609243,20.936842,20.773359,20.656925,28.393317,28.956823,28.571358,32.820283,32.769150,26.708332,26.878923,33.905704,36.915814,32.897752,37.264921,35.356225,37.835273,31.159558,36.488247,33.388555,36.519228,31.183071,36.099049,31.299470,33.711092,30.527622,33.201035,32.742713,34.512308,31.265058,33.286289,74.404840,79.743273,128.834897,74.371869,136.253162,56.618499,43.638301,136.822146,119.420000,2.089000,203.400000,118.110000,1.564000,132.900000,28721.440987,12.404676,22.204567,83.519401,33.977949,1616.011594,1056.626976
06/22/2026 07:55:52,0.000000,0.000000,75.105201,74.465099,65.806153,75.282082,78.268584,72.601985,71.783376,74.725531,32.778329,27.776405,28.207585,28.188593,34.765407,34.768512,32.130801,32.467157,32.222324,34.248759,33.090856,32.641118,31.091588,32.093028,30.301337,69.105354,30.029250,34.912445,20.920939,20.799674,20.645882,28.615717,29.327223,29.684875,32.729829,32.716933,25.958720,26.390738,33.904073,36.910651,32.896626,37.260706,35.359114,37.842129,31.136172,36.503431,33.354480,36.506972,31.194960,36.109092,31.293908,33.717095,30.511360,33.185617,32.735291,34.513776,31.259569,33.288369,80.429254,85.411323,128.057625,83.010928,135.621647,56.166077,44.572570,154.355700,119.500000,2.172000,215.100000,118.110000,1.648000,144.200000,28781.439446,11.804881,23.107564,91.585333,33.974170,1619.489145,1058.931445
06/22/2026 07:56:52,0.000000,0.000000,75.153463,74.482967,65.548735,75.285602,78.291869,72.592809,71.779511,74.724637,33.672402,30.073781,30.383600,30.497363,34.994974,34.917372,32.721452,32.924200,32.813842,34.335687,33.969483,33.492157,32.002971,32.507089,31.799840,63.706410,30.938885,31.124707,27.475383,27.459309,30.026975,30.338138,30.483895,30.838665,33.366032,33.218504,30.102020,30.591625,33.886326,36.900490,32.876148,37.259352,35.353603,37.847240,31.139990,36.484437,33.366513,36.514975,31.176564,36.123578,31.284804,33.727562,30.559305,33.199875,32.739330,34.518249,31.259442,33.278022,82.662696,83.411746,117.662270,78.141622,120.884386,68.168742,55.522096,108.420509,120.070000,0.626000,67.000000,0.000000,0.000000,-0.000000,28841.437269,-1.843999,32.968706,68.858935,33.974790,1620.813096,1059.131688
06/22/2026 07:57:52,0.000000,0.000000,75.072661,74.480297,65.646412,75.285404,78.308923,72.628192,71.764702,74.708188,34.642417,32.048404,32.080002,32.478073,36.130537,35.568001,33.871867,34.149344,34.061519,35.119600,36.096138,36.026919,34.165698,33.630648,33.606288,56.328494,31.928323,33.002183,29.943439,29.888600,31.860685,31.715013,31.715458,32.022367,34.604141,34.676893,32.073647,32.324691,33.903862,36.907344,32.895914,37.259113,35.351790,37.847641,31.155545,36.488524,33.366173,36.519947,31.171192,36.088573,31.290556,33.711977,30.523161,33.203980,32.755887,34.515248,31.256298,33.274887,81.933927,81.972893,108.048458,71.843941,112.422473,76.040358,56.854991,91.468485,120.130000,0.626000,67.300000,0.000000,0.000000,-0.000000,28901.435580,-1.086482,34.088665,58.876599,33.974381,1621.929926,1059.131688
06/22/2026 07:58:52,0.000000,0.000000,75.074726,74.492507,65.613050,75.289154,78.294146,72.641696,71.785887,74.706483,34.792688,32.488344,32.448755,32.777331,35.588337,35.747832,34.147699,34.397124,34.305103,35.299036,36.121722,35.373854,33.652365,33.614166,33.445607,48.333971,32.515335,33.418648,31.168761,31.109051,31.945686,32.202963,32.259917,32.442766,34.610076,34.543972,32.279843,32.378734,33.924054,36.885879,32.906845,37.223557,35.357919,37.824590,31.147893,36.473197,33.360116,36.496211,31.185819,36.084952,31.280677,33.691027,30.521302,33.193922,32.740932,34.501657,31.255775,33.273031,79.532855,79.716449,100.660356,66.363055,107.426287,80.415849,56.930541,80.947396,119.890000,0.627000,67.100000,0.000000,0.000000,-0.000000,28961.434760,-0.733029,34.151677,52.072891,33.966468,1623.047411,1059.131688
06/22/2026 07:59:52,0.000000,0.000000,75.049115,74.465610,65.517524,75.279343,78.299938,72.611946,71.785379,74.708512,34.948167,32.711868,32.644717,32.962687,35.937814,35.945786,34.405424,34.674730,34.544977,35.529750,35.941745,35.518284,33.852615,33.670090,33.934030,43.055948,32.902148,33.675341,31.657459,31.612463,31.957632,32.540098,32.605033,32.769572,34.741578,34.665283,32.326314,32.476449,33.891934,36.881747,32.871109,37.243287,35.352157,37.823263,31.122494,36.464553,33.351439,36.484912,31.173118,36.085616,31.282458,33.691470,30.542250,33.185687,32.734916,34.489886,31.238174,33.247479,81.606223,81.777223,95.166102,64.909836,104.088869,82.654588,57.003857,74.202487,119.930000,0.624000,66.900000,0.000000,0.000000,-0.000000,29021.433498,-0.537438,34.212779,47.413901,33.957897,1624.164720,1059.131688
06/22/2026 08:00:52,0.000000,0.000000,75.097434,74.486913,65.551014,75.306129,78.306012,72.669736,71.802196,74.696538,35.146493,32.876961,32.851175,33.110975,35.913279,36.160382,34.665594,34.889136,34.784652,35.723945,35.809441,35.792356,34.016277,33.846666,33.959073,40.023155,33.232397,33.817895,31.800457,31.761254,31.988214,32.734291,32.837448,32.956152,34.883185,34.798032,32.391836,32.486267,33.894186,36.878241,32.856455,37.226059,35.346050,37.825129,31.134624,36.442772,33.349568,36.483049,31.179542,36.075615,31.285677,33.677357,30.506246,33.162483,32.739714,34.489793,31.226328,33.241886,82.499266,82.708603,91.275585,68.096485,101.912261,83.832388,57.076784,69.588597,119.860000,0.625000,67.100000,0.000000,0.000000,-0.000000,29081.432183,-0.455615,34.273510,44.073538,33.951039,1625.282085,1059.131688
06/22/2026 08:01:52,0.000000,0.000000,75.032357,74.488149,65.417700,75.297161,78.278141,72.626855,71.781687,74.697649,35.280301,33.015596,33.004038,33.255035,36.038678,36.303451,34.842899,35.115605,34.960205,35.922765,36.347837,35.441511,34.192132,33.892914,34.335375,38.225409,33.426206,33.920988,31.875372,31.827261,32.002421,32.903647,32.985001,33.148572,34.977090,34.925207,32.388171,32.551138,33.849713,36.872863,32.837077,37.221380,35.324428,37.817272,31.098627,36.460338,33.324546,36.463879,31.154382,36.067882,31.249236,33.687668,30.506343,33.170344,32.731126,34.479893,31.223003,33.228793,83.619101,83.752073,88.396614,70.163262,100.317669,84.423014,57.175445,66.403640,119.790000,0.627000,67.200000,0.000000,0.000000,-0.000000,29141.430418,-0.434610,34.355598,41.687551,33.938440,1626.398913,1059.131688
06/22/2026 08:02:52,0.000000,0.000000,75.065181,74.471544,65.670027,75.271693,78.252762,72.622063,71.773913,74.713987,35.389867,33.138363,33.177917,33.395427,36.337959,36.514123,34.959612,35.321373,35.120358,36.139404,36.387766,35.866375,34.337684,33.933298,34.301284,37.184775,33.622638,34.000100,31.900400,31.875009,31.994571,33.058067,33.172738,33.324274,35.118113,35.036533,32.479389,32.615791,33.868527,36.848252,32.840208,37.228031,35.341269,37.803571,31.122241,36.444407,33.325882,36.478488,31.163588,36.059318,31.271067,33.674341,30.498317,33.150792,32.724014,34.478121,31.250477,33.229531,83.040059,83.094039,86.518852,71.343347,99.182815,84.715796,57.317319,64.383647,119.890000,0.625000,67.000000,0.000000,0.000000,-0.000000,29201.428292,-0.473393,34.473493,40.137929,33.940022,1627.514874,1059.131688
06/22/2026 08:03:52,0.000000,0.000000,75.131533,74.510471,65.541505,75.301881,78.294626,72.673523,71.815394,74.707156,35.537360,33.260498,33.376473,33.607859,36.416391,36.686791,35.100015,35.488744,35.317545,36.259753,36.183603,36.126417,34.455360,33.992431,34.319769,36.615303,33.809189,34.093346,31.930710,31.875472,32.031227,33.225334,33.327095,33.476824,35.243368,35.147615,32.517440,32.724934,33.874044,36.857731,32.846642,37.229123,35.336322,37.823826,31.112366,36.426689,33.320093,36.455016,31.150594,36.048176,31.258073,33.664943,30.499137,33.166778,32.725335,34.466571,31.245504,33.243680,74.805578,74.795438,84.805830,71.583838,98.234049,84.905741,57.473371,63.288116,119.730000,0.628000,67.100000,0.000000,0.000000,-0.000000,29261.427746,-0.509624,34.602970,39.285142,33.937532,1628.631558,1059.131688
06/22/2026 08:04:52,0.000000,0.000000,75.146126,74.538176,65.710025,75.335594,78.350942,72.694634,71.806635,74.738568,35.653308,33.417653,33.589576,33.797803,36.539730,36.817167,35.329701,35.701928,35.504429,36.409680,36.202059,36.188703,34.687245,34.107267,34.695632,36.361318,33.959776,34.203934,31.943243,31.897806,32.033983,33.441369,33.518669,33.679022,35.333706,35.275641,32.611200,32.856699,33.844444,36.862305,32.814330,37.206274,35.332258,37.787961,31.102934,36.447876,33.319145,36.464253,31.129959,36.075936,31.269138,33.659538,30.456718,33.156498,32.724387,34.473168,31.241355,33.225766,78.466873,78.489169,82.934348,71.206904,97.564732,85.114568,57.694095,62.572597,119.900000,0.622000,66.800000,0.000000,0.000000,-0.000000,29321.425207,-0.581814,34.785748,38.723337,33.929712,1629.747983,1059.131688
06/22/2026 08:05:52,0.000000,0.000000,75.199966,74.539650,65.612001,75.330992,78.433868,72.704842,71.798116,74.708106,35.870200,33.585404,33.809693,34.043430,36.654433,36.998179,35.493562,35.851980,35.704527,36.520158,36.362144,36.496889,34.695318,34.205897,34.743419,36.219536,34.112035,34.321087,31.926300,31.885763,32.008627,33.617296,33.703906,33.895305,35.503656,35.438070,32.795960,33.037156,33.874607,36.888373,32.840051,37.212398,35.325407,37.836363,31.116989,36.450805,33.327861,36.464968,31.162573,36.078236,31.271162,33.686872,30.476571,33.159438,32.704650,34.485865,31.249016,33.233851,79.159162,79.223053,81.843122,71.104329,97.032173,85.308433,57.990078,62.274478,119.800000,0.627000,67.000000,0.000000,0.000000,-0.000000,29381.422922,-0.709109,35.030196,38.488118,33.942303,1630.864551,1059.131688
06/22/2026 08:06:52,0.000000,0.000000,75.343188,74.585789,65.616346,75.355614,78.488690,72.725728,71.889234,74.745676,36.114500,33.843282,34.144738,34.385911,36.787444,37.128037,35.697923,36.093004,35.930719,36.720015,36.613817,36.643643,35.041510,34.345972,34.976796,36.254613,34.312117,34.486065,31.945360,31.922641,32.043322,33.836671,33.939686,34.173197,35.648828,35.626675,33.113205,33.375872,33.879567,36.876504,32.830151,37.239254,35.335784,37.838755,31.125640,36.454068,33.312920,36.476641,31.154964,36.086173,31.287386,33.682170,30.518654,33.163160,32.713265,34.488250,31.245418,33.248038,80.530282,80.606242,81.095828,71.233507,96.565986,85.384515,58.361514,61.926024,119.820000,0.626000,67.100000,0.000000,0.000000,-0.000000,29441.422230,-0.849845,35.335910,38.212322,33.947838,1631.981399,1059.131688
06/22/2026 08:07:52,0.000000,0.000000,75.289044,74.609357,65.794338,75.412220,78.501340,72.771075,71.845894,74.743468,36.750187,34.766912,35.203681,35.645586,37.837918,37.652322,36.354017,36.819563,36.732489,37.297303,37.768929,37.692096,36.582099,35.170934,36.131327,36.886806,34.882509,34.632348,31.934545,31.914944,32.021965,34.966451,34.670628,35.158434,36.539946,36.653676,34.344939,34.849971,33.868356,36.863123,32.846591,37.205637,35.356839,37.820420,31.150373,36.444216,33.330134,36.454396,31.176204,36.035100,31.288503,33.645974,30.508182,33.156823,32.707369,34.469943,31.251507,33.222559,81.689718,81.738334,80.679052,71.434809,96.163487,85.145093,59.876291,62.109557,119.770000,0.625000,66.600000,0.000000,0.000000,-0.000000,29501.420610,-1.938436,36.570784,38.357702,33.940112,1633.096342,1059.131688
06/22/2026 08:08:52,0.000000,0.000000,75.420422,74.644498,65.820880,75.415411,78.554998,72.807309,71.861325,74.729269,37.077742,35.339977,35.608525,35.934124,37.720982,37.804940,36.601039,37.008944,36.903472,37.416886,37.729373,37.786824,36.170153,35.055825,36.394795,36.909862,35.181309,34.707711,31.948751,31.915787,32.064664,35.271890,35.196532,35.681802,36.521633,36.541106,34.952514,35.373527,33.859878,36.862198,32.820195,37.232005,35.341615,37.816289,31.162694,36.430521,33.299500,36.460176,31.164602,36.057668,31.287010,33.650704,30.495991,33.148848,32.706505,34.492597,31.248817,33.237652,82.798923,82.921558,80.468478,71.900951,95.855617,85.405244,60.243065,61.533549,119.730000,0.627000,67.000000,0.000000,0.000000,-0.000000,29561.418783,-2.159256,36.866967,37.900563,33.938773,1634.211308,1059.131688
06/22/2026 08:09:52,0.000000,0.000000,75.457875,74.635924,65.837837,75.436411,78.564144,72.862675,71.817519,74.733358,37.301069,35.820745,35.930591,36.199310,38.054489,37.989995,36.968005,37.273150,37.131269,37.620230,37.673706,38.085851,36.274131,35.258360,36.597694,37.063099,35.446729,34.866859,31.972725,31.915262,32.053756,35.501685,35.573469,35.900849,36.697963,36.709024,35.599878,35.949714,33.871651,36.873926,32.845167,37.210412,35.377212,37.808475,31.173528,36.423215,33.313939,36.465706,31.190184,36.069807,31.312994,33.662837,30.519755,33.166846,32.712507,34.491042,31.273953,33.215615,83.864600,83.993354,80.472888,72.387294,95.543336,85.563751,60.607606,61.331081,119.640000,0.624000,66.900000,0.000000,0.000000,-0.000000,29621.417542,-2.293419,37.160278,37.739266,33.948939,1635.327423,1059.131688
06/22/2026 08:10:52,0.000000,0.000000,75.534471,74.674142,65.823934,75.452603,78.592896,72.859861,71.763087,74.739537,37.534753,36.153163,36.187256,36.428754,38.188895,38.182712,37.183901,37.524768,37.365445,37.820241,38.210303,38.452518,36.519044,35.430464,36.784491,37.192303,35.676548,35.019254,31.964111,31.889274,32.032019,35.716646,35.767591,36.043967,36.857287,36.858614,35.927741,36.151019,33.866583,36.850298,32.836286,37.207327,35.349950,37.826365,31.169736,36.407595,33.322698,36.443448,31.198372,36.046946,31.306974,33.655947,30.529333,33.157829,32.720383,34.467842,31.291943,33.228669,75.330521,74.874381,80.552413,72.883087,95.243910,85.737840,60.962630,61.176680,119.600000,0.627000,67.000000,0.000000,0.000000,-0.000000,29681.415528,-2.425661,37.444915,37.616047,33.944226,1636.441803,1059.131688
06/22/2026 08:11:52,0.000000,0.000000,75.547581,74.721491,65.739831,75.522855,78.650692,72.939218,71.778528,74.758304,36.807647,34.459422,34.472733,34.521109,37.825004,38.319724,36.892107,37.361319,37.042975,37.944723,36.866043,37.558523,35.809842,34.981514,35.540426,62.898433,33.837290,33.883471,26.849408,27.028527,26.728314,33.593879,34.133392,31.766871,36.573542,36.667355,32.984011,33.141688,33.884011,36.857929,32.842666,37.215883,35.337806,37.821771,31.222583,36.437686,33.311581,36.479734,31.214962,36.049707,31.296102,33.650440,30.539853,33.146710,32.699030,34.483807,31.287146,33.217219,78.147625,82.659876,111.257810,79.304179,124.258057,64.128745,49.248092,152.154112,120.000000,2.173000,214.800000,118.370000,1.646000,143.900000,29741.413589,6.410942,27.472529,90.607254,33.949831,1639.517704,1060.879505
06/22/2026 08:12:52,0.000000,0.000000,75.718516,74.764579,65.811563,75.556186,78.711240,72.999326,71.806876,74.807256,36.638611,33.845071,34.003582,34.038622,37.698120,38.250772,36.711889,37.055168,36.781085,37.867832,36.865584,36.991619,35.576303,34.754387,35.141370,64.719181,34.165726,37.319892,25.615367,25.485692,25.266490,33.650156,34.109288,34.036484,36.477427,36.527881,32.432965,32.685837,33.865198,36.865286,32.831124,37.226513,35.362601,37.842071,31.225677,36.443683,33.318046,36.479534,31.217690,36.066588,31.309444,33.682839,30.533142,33.155398,32.701942,34.490262,31.296111,33.250602,79.658927,85.274656,119.922408,80.845752,130.457908,57.723004,48.709437,152.321623,119.960000,2.171000,214.000000,118.610000,1.639000,143.800000,29801.413187,10.337782,26.982110,90.682004,33.958188,1643.091792,1063.280017
06/22/2026 08:13:52,0.000000,0.000000,75.739305,74.816234,66.112242,75.635713,78.749681,73.104493,71.786321,74.797336,36.342422,33.040384,33.313262,33.369197,37.501325,38.153937,36.394821,36.816988,36.491145,37.802783,36.764617,36.632267,35.140065,34.622526,34.736746,69.670245,34.452399,39.138058,25.696276,25.570187,25.388402,33.582903,34.137960,34.481458,36.317901,36.313474,31.585096,31.595028,33.873347,36.884021,32.833448,37.227941,35.338863,37.826359,31.261965,36.424300,33.312806,36.457496,31.234473,36.066439,31.338602,33.677261,30.528436,33.162602,32.696698,34.489024,31.314676,33.240677,82.897645,88.364382,122.873931,85.101749,132.031202,56.917777,48.956964,159.994083,119.960000,2.205000,219.900000,118.480000,1.680000,148.900000,29861.411593,11.930201,27.207857,94.048362,33.959472,1646.703724,1065.718092
06/22/2026 08:14:52,0.000000,0.000000,75.870060,74.866865,65.939703,75.693485,78.821540,73.145081,71.786041,74.841841,36.249528,32.540679,32.934213,32.827114,37.340137,38.095362,36.164493,36.616430,36.319475,37.693707,36.272106,36.905417,34.853345,34.322307,34.208613,71.755054,34.427486,39.322805,25.558048,25.455645,25.356376,33.370275,34.048017,34.382679,36.144407,36.107656,31.041565,30.970054,33.901481,36.843039,32.861582,37.196668,35.365279,37.801881,31.280502,36.411350,33.330910,36.440121,31.251607,36.033428,31.364267,33.655764,30.586646,33.138932,32.721931,34.476930,31.335819,33.204882,78.450288,84.031236,124.903715,78.152381,132.942725,57.108298,48.025025,143.448593,120.100000,2.135000,209.300000,118.540000,1.608000,138.300000,29921.409764,12.968345,26.354460,86.644443,33.960151,1650.342667,1068.179127
06/22/2026 08:15:52,0.000000,0.000000,75.928610,74.929286,65.936184,75.763987,78.879171,73.216641,71.834627,74.820544,35.992619,31.987077,32.306599,32.259903,37.111414,37.958307,35.919529,36.313173,36.038675,37.562797,35.939031,36.210941,34.608827,34.179278,33.881795,65.752042,34.141259,38.697656,24.295992,24.194375,23.906012,32.975173,33.721649,34.142566,35.858770,35.822891,30.104244,30.340157,33.890690,36.869007,32.851391,37.198029,35.366470,37.834881,31.289718,36.419324,33.325141,36.456061,31.267734,36.054770,31.348533,33.680497,30.557981,33.146050,32.710376,34.475162,31.333677,33.227188,77.862058,83.297056,123.575994,81.079111,130.647162,56.896288,48.377331,150.347752,120.070000,2.152000,212.100000,118.580000,1.632000,142.100000,29981.406478,12.019471,26.678185,89.797671,33.965134,1653.785199,1070.449611
06/22/2026 08:16:52,0.000000,0.000000,75.989993,74.961595,66.173744,75.844294,78.952458,73.305230,71.831423,74.843123,35.878843,31.874870,32.226114,32.162419,36.995944,37.751050,35.786908,36.124384,35.857582,37.402384,35.885043,36.079843,34.425107,33.989243,33.856302,71.877340,33.897944,39.927231,25.077714,24.957376,24.880747,32.712726,33.435900,33.765046,35.762669,35.706408,30.264751,30.498495,33.881466,36.868664,32.864440,37.214988,35.383336,37.823418,31.300437,36.446490,33.329751,36.486324,31.283097,36.073581,31.376182,33.700064,30.529926,33.165772,32.693200,34.493520,31.353496,33.236289,82.226698,87.620230,125.120277,84.482226,132.378094,57.001598,48.140195,156.543207,119.970000,2.191000,217.200000,118.390000,1.669000,146.700000,30041.405925,13.466795,26.460436,92.547953,33.975222,1657.390192,1072.879532
06/22/2026 08:17:52,0.000000,0.000000,76.025538,74.987467,66.186229,75.876898,78.975695,73.333277,71.846405,74.852982,36.294909,32.536457,32.921547,32.980130,37.767191,38.115319,36.098274,36.560870,36.293581,37.743425,36.775531,37.197402,35.626949,34.843670,34.707547,73.376416,34.344961,40.823559,25.827666,25.776253,25.677398,33.263142,33.825971,34.336482,36.415946,36.540315,31.283238,31.456213,33.874868,36.871823,32.848659,37.221843,35.400732,37.819552,31.318371,36.434518,33.358166,36.486745,31.307796,36.065359,31.377184,33.698843,30.562574,33.174639,32.694512,34.503703,31.348342,33.249369,84.510855,89.974132,126.295784,86.856280,133.600236,57.047354,49.022511,159.796145,120.080000,2.218000,220.700000,118.710000,1.687000,149.900000,30101.404226,13.556032,27.267527,93.962891,33.980880,1661.049227,1075.363128
06/22/2026 08:18:52,0.000000,0.000000,76.077500,75.072016,65.961331,75.937595,79.007584,73.410660,71.828033,74.876923,35.912538,32.098435,32.385872,32.354169,37.182558,37.844707,35.771319,36.219937,35.925826,37.473591,36.417293,36.141373,34.574612,34.154810,33.789164,67.246839,34.085351,39.835171,24.315264,24.215887,23.940454,32.886668,33.625676,34.060850,35.918644,35.930603,30.376696,30.681651,33.903195,36.877483,32.869260,37.216686,35.401093,37.822121,31.354379,36.416055,33.346742,36.476250,31.317381,36.057614,31.401607,33.692099,30.587451,33.160545,32.702201,34.502944,31.360154,33.224266,79.808267,85.290729,125.565509,82.660612,132.200239,57.165243,48.273620,153.176330,120.040000,2.172000,214.100000,118.680000,1.647000,144.000000,30161.403515,13.252142,26.583029,91.062554,33.984476,1664.584520,1077.722463
06/22/2026 08:19:52,0.000000,0.000000,76.118881,75.123582,66.231583,75.993510,79.041017,73.455315,71.851941,74.867794,35.721455,31.737529,32.097822,31.958363,37.307079,37.813607,35.624840,35.984086,35.685128,37.363789,35.462251,35.836511,34.307319,34.062306,33.618780,73.414565,33.779239,39.750793,25.137959,25.042231,24.978068,32.580435,33.294843,33.609833,35.704324,35.692362,30.122677,30.544922,33.915283,36.896605,32.889224,37.222834,35.415657,37.839734,31.363674,36.452957,33.367346,36.495003,31.343055,36.088888,31.438081,33.712024,30.582933,33.184709,32.701476,34.492460,31.379145,33.265871,80.172982,85.657309,126.660310,80.609942,133.624996,57.398364,47.781480,146.454553,120.150000,2.145000,211.100000,118.750000,1.620000,140.700000,30221.400726,13.620919,26.129874,88.030457,34.002348,1668.219518,1080.181877
06/22/2026 08:20:52,0.000000,0.000000,76.194375,75.170024,66.269980,76.016819,79.117632,73.511700,71.850315,74.878425,35.408617,31.284861,31.696087,31.570086,37.143657,37.696692,35.416200,35.787057,35.475535,37.192224,35.674041,36.214886,34.005222,33.909764,33.267427,64.362088,33.450979,37.989208,23.253684,23.184233,22.873836,32.158155,32.960522,33.355182,35.414427,35.418416,29.583961,29.811846,33.920865,36.914109,32.886194,37.247678,35.428931,37.844573,31.386376,36.457610,33.363130,36.520457,31.347563,36.116836,31.434495,33.744423,30.600294,33.192492,32.684806,34.532175,31.397465,33.270811,76.731655,82.165407,124.698359,79.773180,131.146213,57.035857,47.271084,146.786661,120.100000,2.137000,210.100000,118.720000,1.613000,139.700000,30281.399581,12.332135,25.657073,88.182422,34.014564,1671.650343,1082.439224
06/22/2026 08:21:52,0.000000,0.000000,76.251251,75.194874,66.399646,76.073469,79.153900,73.552015,71.849582,74.895015,35.484163,31.137582,31.556406,31.368382,37.253003,37.536823,35.322164,35.598251,35.330377,37.026589,35.262560,35.425658,33.776227,33.797987,33.002014,71.623421,33.135722,39.311430,24.239652,24.143850,24.034915,31.886058,32.656767,32.849306,35.303773,35.227975,29.513207,29.890487,33.945897,36.900563,32.927771,37.228894,35.443790,37.843481,31.431166,36.458193,33.393485,36.508205,31.404482,36.102998,31.480175,33.749987,30.635294,33.201521,32.724079,34.515012,31.427205,33.274699,81.818680,87.146860,125.794549,84.085721,132.814953,56.881034,47.301673,155.588641,120.040000,2.189000,216.400000,118.650000,1.664000,146.200000,30341.397642,13.625939,25.685491,92.129007,34.029845,1675.233589,1084.848285
06/22/2026 08:22:52,0.000000,0.000000,76.204630,75.234768,66.264992,76.113404,79.141148,73.594607,71.819497,74.903481,35.310761,30.980613,31.328621,31.216349,36.781421,37.416051,35.116927,35.438290,35.131672,36.895989,35.084233,35.347118,33.657995,33.726837,32.793512,73.323576,32.871345,39.826947,24.297065,24.224994,24.140321,31.650589,32.370510,32.585357,35.157089,35.124283,29.280897,29.664248,33.937286,36.930468,32.917685,37.253794,35.447234,37.850449,31.425717,36.457824,33.385117,36.526867,31.391555,36.101664,31.463588,33.771646,30.640540,33.225149,32.714815,34.536826,31.419179,33.288025,84.257983,89.478637,126.854292,86.756190,134.066551,56.991481,47.609018,162.027675,119.980000,2.214000,220.600000,118.480000,1.690000,149.700000,30401.395821,13.856507,25.970440,94.922405,34.034271,1678.865867,1087.306128
06/22/2026 08:23:52,0.000000,0.000000,76.110440,75.202974,66.296877,76.092080,79.122002,73.565181,71.941606,74.879833,35.186343,30.921040,31.239204,31.093774,37.116232,37.457569,34.945451,35.321846,34.976186,36.730227,34.922087,35.362594,33.631753,33.582004,32.678461,67.008781,32.615299,37.380223,23.018868,22.892928,22.695887,31.367566,32.117668,32.343705,34.949203,34.950089,29.338937,29.681620,33.952363,36.931777,32.945803,37.250809,35.478466,37.843590,31.466028,36.472554,33.407901,36.517698,31.427685,36.114988,31.485186,33.757646,30.649667,33.227052,32.714940,34.539169,31.447735,33.299174,76.081803,81.676845,126.074862,77.256317,132.758213,57.006523,46.142018,141.016862,120.090000,2.108000,205.800000,118.650000,1.585000,136.000000,30461.394314,12.779526,24.600697,85.508993,34.046512,1682.389724,1089.653430
06/22/2026 08:24:52,0.000000,0.000000,76.076161,75.247629,66.244700,76.117971,79.071713,73.606804,71.954132,74.885979,35.014399,30.517781,30.872099,30.720230,36.949393,37.295665,34.730401,35.114877,34.772264,36.600214,34.491454,35.070811,33.452190,33.445082,32.592676,72.303123,32.553347,38.618333,23.791975,23.693447,23.585160,31.274674,32.004411,32.309233,34.802670,34.790251,28.805265,29.254491,33.932927,36.922587,32.923369,37.248835,35.450160,37.849832,31.463857,36.476220,33.396920,36.524019,31.402885,36.137278,31.472322,33.768361,30.640363,33.207179,32.687050,34.550387,31.414470,33.293548,82.619054,87.738833,126.236522,85.250132,133.405662,56.728132,47.231756,159.210911,120.010000,2.203000,218.500000,118.520000,1.677000,148.000000,30521.392879,12.997812,25.620521,93.709764,34.038128,1685.947222,1092.039928
06/22/2026 08:25:52,0.000000,0.000000,75.990564,75.263722,66.100476,76.111307,79.030178,73.584888,71.953217,74.871549,34.936755,30.552502,30.858685,30.700775,36.804890,36.939372,34.730175,34.985183,34.620958,36.491300,34.453251,35.034607,33.331937,33.337269,32.667610,73.419589,32.185468,39.692934,23.756630,23.676462,23.575602,30.983102,31.675504,31.758366,34.739355,34.704756,29.045377,29.209627,33.961970,36.936482,32.950515,37.245326,35.477519,37.850600,31.483789,36.486718,33.414122,36.543810,31.451422,36.129723,31.504284,33.779347,30.660303,33.227053,32.698488,34.556917,31.452313,33.329513,84.542484,89.647239,127.432853,86.736582,134.760558,56.907342,46.864108,158.890780,119.950000,2.211000,219.400000,118.540000,1.683000,148.900000,30581.392251,14.414958,25.277976,93.571037,34.057011,1689.597545,1094.513319
06/22/2026 08:26:52,0.000000,0.000000,75.974324,75.247468,66.273133,76.069460,79.041026,73.540801,71.953037,74.865877,34.782252,30.328128,30.653953,30.556660,36.579958,36.984778,34.546467,34.843666,34.540490,36.359231,34.449977,34.955969,33.182915,33.377993,32.374883,64.725003,32.087418,36.475384,22.251094,22.158700,21.970270,30.780682,31.512349,31.768516,34.543494,34.557248,28.742242,29.134931,33.963094,36.958835,32.981191,37.273184,35.504004,37.861100,31.513535,36.501476,33.439600,36.559452,31.472631,36.155671,31.523782,33.782795,30.662427,33.259202,32.712871,34.552634,31.453918,33.331114,75.138468,80.615448,125.796426,76.983759,132.488728,56.804003,45.482271,140.352809,120.030000,2.103000,204.800000,118.740000,1.583000,134.900000,30641.389640,12.498787,23.976597,85.196668,34.073126,1693.062448,1096.801218
06/22/2026 08:27:52,0.000000,0.000000,75.915853,75.219775,66.187097,76.030294,79.008722,73.511674,71.947417,74.883934,35.390927,31.103545,31.472922,31.512232,36.704470,37.225971,34.981255,35.443611,35.030528,36.720295,35.811852,36.481434,34.513908,34.000403,33.330460,70.545567,32.859547,37.953539,24.239526,24.214010,24.045698,31.707903,32.261353,32.793765,35.334961,35.503370,29.776906,30.154243,33.985682,36.941971,33.000178,37.254487,35.518035,37.856975,31.521405,36.496747,33.460177,36.566673,31.484805,36.167769,31.532543,33.795524,30.705508,33.251343,32.718348,34.581167,31.470548,33.344143,81.645996,86.938576,126.110923,83.957383,133.218654,56.362233,47.654464,156.962226,119.990000,2.199000,217.900000,118.570000,1.666000,146.900000,30701.388333,11.941054,26.012485,92.731313,34.082701,1696.620619,1099.185499
06/22/2026 08:28:52,0.000000,0.000000,75.872882,75.213509,66.138080,75.993183,78.999490,73.495188,71.964223,74.864773,35.090370,30.865122,31.155221,31.096727,36.925880,37.004171,34.691880,35.077705,34.792819,36.525133,34.674388,35.278214,33.586280,33.594720,32.605644,71.962854,32.828972,39.314056,23.901600,23.787856,23.686250,31.565034,32.233460,32.679622,35.005215,35.019404,29.232037,29.512597,33.986534,36.950782,33.005475,37.268157,35.496614,37.889520,31.535065,36.540017,33.448523,36.594008,31.489506,36.172884,31.537738,33.806032,30.710705,33.273904,32.700902,34.600585,31.465893,33.365716,83.762886,88.937876,127.092437,86.075721,134.314630,56.860365,47.326824,160.510047,119.810000,2.209000,219.400000,118.460000,1.677000,148.700000,30761.387176,13.605207,25.708849,94.270828,34.091928,1700.250299,1101.638785
06/22/2026 08:29:52,0.000000,0.000000,75.905738,75.205851,66.162353,75.967587,79.003834,73.477556,71.952455,74.892757,35.026993,30.557183,30.927093,30.848609,36.712294,36.964901,34.572418,34.955196,34.653122,36.419821,34.520473,34.779933,33.440222,33.567720,32.414696,69.216391,32.527900,37.879854,23.197440,23.113198,22.959668,31.235448,31.981681,32.229130,34.759710,34.813377,29.053804,29.402078,33.986613,36.969880,33.007769,37.289008,35.505184,37.876416,31.536553,36.532657,33.434470,36.583550,31.481066,36.172023,31.530761,33.818173,30.708182,33.270958,32.691283,34.567475,31.457452,33.347968,77.756699,83.166839,127.076070,78.416217,133.970651,57.056034,45.926537,143.648634,120.060000,2.127000,208.000000,118.550000,1.598000,137.600000,30821.385301,13.482434,24.397420,86.737277,34.088372,1703.827574,1104.037124
06/22/2026 08:30:52,0.000000,0.000000,75.810502,75.227941,65.989169,75.968333,78.968420,73.496500,71.932154,74.864922,34.769089,30.216828,30.628692,30.482353,36.599557,36.894668,34.370925,34.760453,34.460325,36.322632,34.430152,34.832811,33.110598,33.349239,32.466247,73.406581,32.363959,39.043411,23.567248,23.462876,23.325208,31.025013,31.765962,32.083059,34.644866,34.624904,28.561321,28.975210,34.003022,36.966324,33.021270,37.268834,35.528349,37.854446,31.552269,36.541977,33.462486,36.588887,31.533424,36.161184,31.546032,33.812078,30.713653,33.290092,32.724216,34.595007,31.485307,33.369082,84.122683,89.053292,127.181579,86.759625,134.533063,56.962395,47.010546,162.693832,120.030000,2.218000,221.000000,118.550000,1.688000,150.200000,30881.383347,13.628812,25.414599,95.207118,34.100897,1707.416013,1106.451712
06/22/2026 08:31:52,0.000000,0.000000,75.834631,75.244908,66.027242,75.970887,78.979795,73.495254,71.954870,74.864747,34.727255,30.151602,30.563033,30.418906,36.410867,36.719764,34.346963,34.664643,34.379869,36.233066,34.516535,34.877453,33.101557,33.309097,32.222003,65.880959,31.954604,36.949560,22.291758,22.203405,21.946821,30.685188,31.426242,31.571485,34.471641,34.484065,28.602617,29.085242,34.012198,36.980332,33.042166,37.296252,35.551207,37.884749,31.590844,36.558073,33.481310,36.607195,31.528203,36.210897,31.572133,33.842090,30.747786,33.305809,32.709707,34.610699,31.483204,33.381203,74.407616,79.906901,126.083788,75.107314,133.060728,56.858836,45.291164,137.048406,119.920000,2.092000,203.400000,118.630000,1.568000,133.200000,30941.381053,13.154704,23.794856,83.627742,34.119803,1710.914992,1108.771458
06/22/2026 08:32:52,0.000000,0.000000,75.803709,75.215654,66.185493,75.926614,78.911710,73.445773,71.939061,74.865045,34.476307,29.798647,30.185632,30.061921,36.314451,36.610552,34.061011,34.471100,34.125705,36.089314,33.873975,34.636246,32.777112,33.187418,32.066586,70.631285,31.928295,37.467780,22.895644,22.799274,22.631214,30.589830,31.346063,31.606701,34.338742,34.294807,28.060191,28.569664,34.029209,36.980914,33.056954,37.289739,35.540618,37.869772,31.584207,36.554015,33.496784,36.604465,31.540292,36.201216,31.575743,33.820821,30.742483,33.287071,32.698959,34.603970,31.495294,33.387484,80.964379,85.965060,126.049652,83.464570,133.347198,56.485611,46.597257,155.254753,119.840000,2.181000,215.500000,118.320000,1.653000,145.500000,31001.379934,12.439397,25.028383,91.982063,34.118001,1714.426731,1111.110442
06/22/2026 08:33:52,0.000000,0.000000,75.795328,75.217825,65.927281,75.909776,78.921421,73.403918,71.940953,74.865664,34.399292,29.841199,30.130547,30.069393,36.355071,36.487416,34.067078,34.361794,34.066857,35.984111,34.048212,34.548300,32.905500,33.172646,31.702549,71.699993,31.372396,38.461862,22.977755,22.911871,22.806541,30.193162,30.900957,30.798011,34.223334,34.263279,28.186036,28.489920,34.007581,36.992539,33.061958,37.304885,35.532706,37.873812,31.574916,36.575912,33.474784,36.613970,31.540590,36.220108,31.589172,33.858630,30.761266,33.318833,32.688055,34.621484,31.492473,33.408219,83.085000,88.142551,127.206932,85.253150,134.613819,56.675019,46.429261,158.101944,119.850000,2.200000,217.600000,118.450000,1.667000,147.300000,31061.379321,13.591029,24.870833,93.228395,34.125595,1718.031778,1113.541084
06/22/2026 08:34:52,0.000000,0.000000,75.783713,75.196066,66.076054,75.903370,78.923867,73.385643,71.946865,74.873668,34.372395,29.720091,30.094609,29.983189,36.332779,36.500535,33.915218,34.267688,33.943162,35.910763,33.992445,34.477151,32.655893,33.071595,31.758659,70.761035,31.260777,36.904720,22.735484,22.671378,22.547919,30.085328,30.750374,30.649650,34.162990,34.131918,28.236934,28.414022,34.054156,36.978346,33.062253,37.282629,35.551512,37.870473,31.603626,36.563142,33.505945,36.615803,31.566066,36.210891,31.588033,33.843284,30.802910,33.308677,32.718358,34.606908,31.511712,33.403413,76.832680,81.941972,127.714484,76.034414,134.896433,56.808823,45.390796,139.402289,119.920000,2.112000,206.100000,118.530000,1.580000,135.000000,31121.376863,13.015061,23.889659,84.747896,34.132407,1721.625715,1115.955681
06/22/2026 08:35:52,0.000000,0.000000,75.733803,75.199756,66.215948,75.868348,78.889810,73.375064,71.905655,74.843584,34.264644,29.360307,29.774135,29.645158,36.490742,36.487644,33.727515,34.092941,33.825584,35.740759,33.561766,34.377699,32.607806,32.981303,31.475898,66.454068,31.404390,36.077667,21.805923,21.679384,21.495240,30.052507,30.810263,31.178794,34.017519,33.982445,27.510790,27.877609,34.058205,37.016437,33.074218,37.328575,35.571879,37.896083,31.624103,36.598785,33.527954,36.638611,31.569097,36.254192,31.599155,33.892113,30.791307,33.348908,32.723490,34.638202,31.520981,33.425096,78.728753,83.859016,125.955214,81.704966,132.904830,56.463509,45.481689,151.204240,119.810000,2.163000,213.000000,118.520000,1.630000,142.600000,31181.374585,12.101623,23.976044,90.182341,34.154870,1725.063611,1118.221037
06/22/2026 08:36:52,0.000000,0.000000,75.687578,75.188132,65.914339,75.848891,78.826689,73.332696,71.890784,74.845664,34.219786,29.412456,29.785251,29.647030,36.016236,36.296510,33.656142,34.000291,33.721192,35.629084,33.609265,34.059105,32.417521,32.996505,31.273751,71.129695,31.047669,37.573173,22.535417,22.452466,22.292253,29.845843,30.528350,30.186457,33.961479,33.925959,27.851777,28.267480,34.056650,37.035234,33.082365,37.331374,35.572913,37.885627,31.651428,36.592946,33.531865,36.646933,31.595312,36.225787,31.622915,33.881604,30.850282,33.334604,32.712287,34.631905,31.531603,33.435688,82.402006,87.450207,127.264868,84.427323,134.511202,56.477889,45.786508,156.137784,119.930000,2.188000,216.600000,118.470000,1.655000,145.900000,31241.373763,13.308143,24.265030,92.370228,34.160466,1728.655339,1120.637142
06/22/2026 08:37:52,0.000000,0.000000,75.530090,75.123050,66.078661,75.793872,78.755460,73.291058,71.875143,74.840217,34.908564,30.467115,30.889180,30.999656,37.105966,36.486138,34.104941,34.593093,34.348274,36.028854,35.018092,35.472409,34.176917,33.727151,32.811673,71.760330,31.744901,37.456869,23.913631,23.817353,23.744285,30.725345,31.199050,31.474851,34.823314,34.984292,29.420164,29.868739,34.060982,37.024512,33.113266,37.345753,35.577544,37.905708,31.656529,36.625430,33.534711,36.669680,31.592457,36.253941,31.624453,33.890241,30.805472,33.369442,32.720472,34.653379,31.532757,33.456388,83.513944,88.948970,128.037072,85.052927,135.550068,56.601318,47.053370,154.522725,119.990000,2.192000,216.600000,118.590000,1.658000,145.900000,31301.371526,12.002363,25.454506,91.659153,34.170656,1732.304147,1123.109995
06/22/2026 08:38:52,0.000000,0.000000,75.437615,75.114581,65.885238,75.738231,78.680244,73.241179,71.867574,74.824647,34.556455,30.066888,30.419945,30.457605,36.315616,36.497981,33.931536,34.353674,34.154399,35.897839,34.210326,34.724357,32.967237,33.309906,32.206038,63.988183,32.054707,36.043957,22.113172,22.053064,21.848644,30.769052,31.460625,31.975170,34.414000,34.461034,28.404096,28.873554,34.058569,37.044222,33.093540,37.338511,35.569047,37.886632,31.637294,36.600324,33.544159,36.664046,31.591850,36.251123,31.617692,33.909700,30.780436,33.376669,32.696133,34.662369,31.520566,33.460669,75.819245,81.429830,126.357947,78.214093,133.156336,56.594394,45.774856,143.104024,120.190000,2.119000,206.900000,118.640000,1.592000,137.100000,31361.370342,11.789953,24.254004,86.484335,34.165178,1735.763718,1125.393894
06/22/2026 08:39:52,0.000000,0.000000,75.343071,75.082514,65.921136,75.678520,78.641348,73.187219,71.886894,74.837984,34.371719,29.710048,30.111316,30.010291,36.387576,36.387576,33.796009,34.189812,33.931386,35.807770,33.898085,34.753437,32.786536,33.137727,32.061762,71.248471,31.941195,37.850042,23.023358,22.936860,22.803489,30.604671,31.359563,31.601933,34.243060,34.266583,28.086260,28.496141,34.066155,37.051780,33.111972,37.355077,35.589755,37.910372,31.647868,36.627359,33.548197,36.686653,31.608919,36.268085,31.631384,33.910026,30.821764,33.374933,32.721076,34.669951,31.536745,33.471471,81.878125,87.042257,126.872494,84.155876,134.260581,56.527217,46.499082,156.209319,120.050000,2.185000,216.600000,118.580000,1.662000,146.100000,31421.368320,12.913690,24.936352,92.401609,34.180477,1739.328014,1127.784313
06/22/2026 08:40:52,0.000000,0.000000,75.311250,75.051105,65.745907,75.656069,78.589951,73.105859,71.870104,74.836885,34.267761,29.611391,29.945804,29.905042,36.013867,36.185675,33.779990,34.106329,33.827371,35.695582,33.981447,34.423338,32.782949,32.999018,31.805198,72.410152,31.462738,38.695720,22.927902,22.857533,22.699236,30.241140,30.951592,30.956940,34.141202,34.113681,27.990528,28.358033,34.068598,37.022811,33.119372,37.341659,35.580670,37.894245,31.656108,36.619482,33.550507,36.658864,31.622380,36.244716,31.629378,33.874725,30.867442,33.337698,32.727390,34.646972,31.525702,33.442244,84.104190,89.091421,127.834326,86.373599,135.419435,56.743479,46.250778,160.714944,119.960000,2.209000,218.900000,118.500000,1.676000,148.700000,31481.366486,13.992628,24.703092,94.359039,34.171548,1742.951543,1130.231850
06/22/2026 08:41:52,0.000000,0.000000,75.237120,75.001874,65.624805,75.577911,78.569692,73.050330,71.839332,74.816360,34.170523,29.552491,29.915895,29.796594,36.230290,36.064249,33.675972,34.022776,33.692772,35.609594,33.727414,34.642854,32.569388,33.034032,31.730262,67.085741,31.247662,36.408490,22.010615,21.951847,21.758371,29.975082,30.702560,30.705680,33.989560,34.010427,28.109437,28.355631,34.089736,37.045199,33.116799,37.349709,35.596561,37.925553,31.672532,36.625813,33.559972,36.686878,31.629906,36.277430,31.644019,33.916403,30.866936,33.384489,32.723970,34.682597,31.525655,33.494620,76.255516,81.712392,127.224588,77.165657,134.269364,56.755705,45.190270,141.060398,119.880000,2.113000,205.800000,118.570000,1.587000,135.600000,31541.365469,12.709759,23.698731,85.529436,34.190739,1746.479232,1132.581670
06/22/2026 08:42:52,0.000000,0.000000,75.135954,74.977564,65.760381,75.566800,78.456395,73.002774,71.823791,74.816506,34.005742,29.239774,29.638914,29.507821,36.125977,36.123763,33.517023,33.892315,33.572759,35.542600,33.329297,33.765533,32.340480,32.954196,31.393522,71.824811,31.279428,37.499850,22.524259,22.444446,22.284421,29.989200,30.701520,30.946185,33.892050,33.860080,27.531511,27.962002,34.097298,37.045214,33.141274,37.346645,35.594592,37.893547,31.657187,36.622317,33.549355,36.671877,31.627699,36.265055,31.646940,33.901553,30.861836,33.358763,32.709339,34.657800,31.528349,33.475093,82.622525,87.639476,127.220503,85.158422,134.651363,56.568358,46.096475,158.760818,119.890000,2.194000,218.300000,118.420000,1.671000,147.500000,31601.364494,12.942071,24.557779,93.514665,34.182587,1750.029425,1134.959382
06/22/2026 08:43:52,0.000000,0.000000,75.128624,74.956715,65.669690,75.510657,78.428630,72.970173,71.810648,74.791579,33.977267,29.260230,29.654014,29.550306,36.110599,36.093773,33.462771,33.807891,33.561149,35.455685,33.885358,33.802512,32.356616,32.918751,31.298564,72.822232,30.837661,37.828047,22.622281,22.536198,22.421488,29.639477,30.347463,30.126802,33.863537,33.814246,27.729199,27.921055,34.088094,37.049755,33.137405,37.356501,35.615314,37.884609,31.668221,36.626128,33.564730,36.677015,31.623594,36.276028,31.643273,33.897898,30.855940,33.358146,32.734068,34.668717,31.532263,33.485660,84.482747,89.586605,128.475957,86.537387,136.041378,56.760735,45.657550,158.449750,119.850000,2.207000,219.200000,118.520000,1.677000,147.900000,31661.362947,13.685143,24.142904,93.379610,34.187168,1753.670748,1137.425152
06/22/2026 08:44:52,0.000000,0.000000,75.119939,74.920992,65.549855,75.488659,78.400817,72.885863,71.792791,74.782657,33.778373,29.138499,29.485485,29.443471,35.829565,36.069609,33.454891,33.710751,33.445680,35.375947,33.599384,33.703668,32.392398,32.930058,31.298682,64.338094,30.900141,35.208110,21.166046,21.149433,20.869512,29.614361,30.306308,30.513133,33.665374,33.689358,27.576415,27.960552,34.094968,37.056603,33.138858,37.347779,35.617427,37.899528,31.696185,36.642429,33.581094,36.691988,31.645130,36.265111,31.663218,33.923549,30.908869,33.378069,32.729106,34.681954,31.538652,33.494253,74.620624,80.114346,126.726627,76.241830,133.718518,56.604423,44.560238,138.585940,120.060000,2.094000,204.100000,118.600000,1.576000,133.900000,31721.361136,12.112395,23.095715,84.360847,34.199739,1757.125670,1139.703194
06/22/2026 08:45:52,0.000000,0.000000,75.053311,74.893215,65.538000,75.411909,78.320541,72.853343,71.756582,74.781223,33.551655,28.916156,29.251590,29.163013,35.706490,35.856217,33.259773,33.567224,33.313074,35.273804,33.480133,33.906243,32.050300,32.767851,31.188565,70.562520,30.959389,36.609009,22.203525,22.094531,22.065090,29.606187,30.357869,30.363664,33.589481,33.590369,27.168336,27.604087,34.111170,37.088225,33.149086,37.397299,35.594109,37.924433,31.690559,36.675833,33.570651,36.723620,31.632788,36.304643,31.648682,33.937922,30.890763,33.409388,32.735549,34.698583,31.541903,33.517929,81.181014,86.331786,126.957400,83.519575,134.382901,56.317028,45.694062,154.967477,119.990000,2.185000,215.700000,118.350000,1.649000,145.300000,31781.368903,12.431507,24.177502,91.855462,34.212157,1760.654724,1142.058874
06/22/2026 08:46:52,0.000000,0.000000,75.036840,74.837874,65.543983,75.373577,78.268875,72.767464,71.779265,74.766222,33.439586,28.909791,29.295179,29.189740,35.730378,35.890731,33.163604,33.500413,33.223192,35.163750,33.332951,33.601552,32.107231,32.765593,31.012819,71.363649,30.289753,37.164428,22.157129,22.068764,21.942053,29.161425,29.825895,29.272930,33.544357,33.529697,27.430657,27.575808,34.119011,37.065963,33.163655,37.350340,35.598617,37.918326,31.677272,36.650424,33.561134,36.707946,31.651537,36.297154,31.657224,33.932228,30.905101,33.408311,32.721575,34.683314,31.548624,33.511748,83.296575,88.283854,127.943647,85.400348,135.383934,56.533271,45.440321,158.559967,119.860000,2.196000,218.000000,118.400000,1.667000,147.200000,31841.356570,13.227688,23.936740,93.427483,34.206475,1764.254791,1144.484294
06/22/2026 08:47:52,0.000000,0.000000,74.883574,74.798655,65.331733,75.320341,78.219185,72.693734,71.723289,74.756921,34.280551,30.024635,30.409793,30.548555,36.411695,36.017657,33.812104,34.070068,33.860150,35.626829,34.453175,35.172255,33.547621,33.469879,32.368895,70.483688,31.218138,36.390227,23.225474,23.125550,23.038941,30.222817,30.623537,30.840581,34.398357,34.552322,29.152600,29.511915,34.112822,37.070411,33.172053,37.371514,35.614295,37.912752,31.676107,36.645341,33.584905,36.690917,31.629172,36.281128,31.652050,33.922186,30.907501,33.389434,32.700459,34.678218,31.518684,33.520987,78.219473,83.668949,128.268596,78.323408,135.466498,56.531118,45.691343,146.925363,119.820000,2.148000,210.400000,118.420000,1.613000,140.200000,31901.364830,12.215301,24.174926,88.245821,34.202547,1767.863951,1146.916291
06/22/2026 08:48:52,0.000000,0.000000,74.831750,74.752318,65.483540,75.248062,78.147993,72.616996,71.733469,74.759882,33.826531,29.568629,29.948081,29.945340,36.093746,36.059649,33.579138,33.887355,33.654215,35.482505,34.003693,34.113279,32.721311,33.079643,31.516860,71.817531,31.638391,37.648661,22.853617,22.729451,22.631405,30.339074,31.033452,31.495065,34.067650,34.135568,27.894248,28.283105,34.099272,37.067526,33.160557,37.375552,35.609643,37.924018,31.687467,36.663903,33.581329,36.701071,31.641163,36.296585,31.645144,33.927736,30.898365,33.407627,32.719112,34.716787,31.529784,33.519173,83.662213,88.633679,127.909888,86.218421,135.321175,56.573055,46.206886,162.275947,119.770000,2.218000,219.900000,118.380000,1.689000,149.300000,31961.353797,12.986875,24.661786,95.028607,34.208591,1771.438815,1149.317537
06/22/2026 08:49:52,0.000000,0.000000,74.715947,74.751017,65.389519,75.240433,78.061686,72.601718,71.692579,74.733081,33.771044,29.458949,29.751030,29.782967,35.856732,35.895266,33.448415,33.785548,33.586723,35.456382,33.649796,34.135840,32.464166,32.950655,31.423626,66.655305,31.423804,36.442717,22.025565,21.936740,21.718583,30.114772,30.843538,31.067690,33.888911,33.905340,28.021203,28.411102,34.116951,37.080716,33.174588,37.385531,35.609537,37.910658,31.676668,36.657193,33.584365,36.715600,31.637497,36.295156,31.654393,33.932070,30.897813,33.429769,32.715927,34.690543,31.534138,33.523513,74.429625,80.002262,127.198940,74.716580,134.294048,56.672994,44.824758,137.259129,119.910000,2.089000,203.500000,118.450000,1.572000,133.300000,32021.351635,13.093241,23.349476,83.728538,34.211131,1774.961485,1151.661862
06/22/2026 08:50:52,0.000000,0.000000,74.712991,74.674116,65.233138,75.166732,78.013904,72.507030,71.665171,74.685911,33.659158,28.996015,29.450510,29.364036,35.838816,35.775472,33.303082,33.612294,33.447711,35.343846,33.588978,33.707170,32.304259,32.769948,31.420911,70.309607,31.394344,36.652878,22.269963,22.206725,22.085071,29.977849,30.770394,31.110859,33.755488,33.760373,27.343290,27.823950,34.129140,37.095072,33.180782,37.391250,35.628184,37.911580,31.697200,36.676826,33.615623,36.728152,31.655471,36.316558,31.673589,33.949869,30.924590,33.429489,32.730321,34.717765,31.536519,33.538326,80.805268,85.948262,126.805622,83.440613,134.201138,56.438132,45.822827,154.983985,119.870000,2.177000,215.400000,118.410000,1.655000,145.200000,32081.350971,12.353488,24.299390,91.862741,34.226315,1778.458805,1153.987639
06/22/2026 08:51:52,0.000000,0.000000,74.630238,74.642493,65.430178,75.143734,77.967832,72.468285,71.682510,74.721358,33.552596,29.051372,29.429593,29.370615,35.733278,35.800169,33.202160,33.586484,33.333567,35.272527,33.306018,33.916219,32.196918,32.727594,31.276948,71.277425,30.669065,37.706398,22.308270,22.197045,22.067924,29.414125,30.123531,29.401191,33.689236,33.655480,27.638798,27.835147,34.146489,37.071226,33.197260,37.379348,35.621551,37.908058,31.695876,36.670351,33.591356,36.722120,31.641746,36.300263,31.664246,33.928569,30.919701,33.400329,32.730484,34.693088,31.571356,33.519310,83.002558,88.124658,127.958895,85.097861,135.545298,56.571491,45.687265,157.791038,120.030000,2.191000,218.000000,118.640000,1.665000,146.700000,32141.359046,13.535336,24.171062,93.093034,34.218636,1782.062955,1156.415715
06/22/2026 08:52:52,0.000000,0.000000,74.620936,74.609103,65.158847,75.099497,77.931318,72.382386,71.707045,74.733130,33.492775,28.996210,29.390052,29.297552,35.548602,35.724497,33.140320,33.518899,33.242623,35.187566,33.441240,33.525914,31.980250,32.793039,31.214949,71.009615,30.498982,36.492152,22.342980,22.218751,22.122844,29.361248,30.043480,29.771954,33.609941,33.585066,27.488991,27.715253,34.134696,37.076283,33.196186,37.391101,35.604291,37.919123,31.662038,36.672404,33.588531,36.707360,31.632214,36.323992,31.656247,33.917489,30.947350,33.418385,32.728101,34.705792,31.528854,33.552450,77.242787,82.501239,128.453399,76.631271,135.810168,56.681463,44.918467,139.888474,119.960000,2.108000,206.100000,118.560000,1.587000,135.400000,32201.356608,13.052982,23.439170,84.977693,34.218144,1785.664225,1158.836589
06/22/2026 08:53:52,0.000000,0.000000,74.596407,74.602323,65.322489,75.087778,77.888907,72.404950,71.690001,74.715723,33.242655,28.703589,29.032820,29.012661,35.586392,35.698928,33.073704,33.420771,33.104438,35.139720,33.538563,33.666405,31.947858,32.659762,30.912434,64.726507,30.687303,35.399336,21.114153,20.992913,20.776501,29.380644,30.112354,30.438213,33.453000,33.441005,26.928387,27.175767,34.147924,37.089462,33.188021,37.418787,35.623519,37.917090,31.673353,36.680133,33.591403,36.711106,31.651571,36.313567,31.658651,33.948746,30.922572,33.422591,32.731421,34.725072,31.562023,33.554427,77.877759,83.075015,126.528587,80.822516,133.668454,56.295860,45.124625,149.171781,119.900000,2.148000,211.500000,118.420000,1.619000,140.800000,32261.346213,11.763212,23.636124,89.267121,34.226572,1789.088341,1161.087130
06/22/2026 08:54:52,0.000000,0.000000,74.566637,74.552691,65.154366,75.048778,77.865190,72.310741,71.668942,74.703191,33.360719,28.672223,29.092011,28.988384,35.529044,35.497582,32.930053,33.282958,33.021183,35.035395,33.238076,33.653337,31.885305,32.594643,30.784907,70.582551,30.459721,36.743022,21.919068,21.850423,21.691678,29.191747,29.940919,29.052135,33.394653,33.366217,27.183720,27.578208,34.128499,37.067897,33.170679,37.381201,35.601390,37.910045,31.666249,36.663388,33.582589,36.708079,31.623915,36.310434,31.651993,33.935006,30.921260,33.414664,32.723043,34.686551,31.525455,33.544175,81.848559,86.987041,127.606583,83.873499,135.206562,56.239173,45.148028,155.009719,119.920000,2.180000,215.700000,118.330000,1.651000,144.800000,32321.343907,13.084572,23.658450,91.874088,34.210826,1792.666423,1163.488036
06/22/2026 08:55:52,0.000000,0.000000,74.515572,74.458936,65.280928,75.004089,77.802545,72.243025,71.651550,74.683747,33.228909,28.680865,29.028389,28.933339,35.350271,35.530198,32.943607,33.211185,32.943110,34.940667,33.064020,33.467924,31.799153,32.504177,30.803843,72.198545,30.123428,37.597194,22.045391,21.931445,21.807671,28.980986,29.650874,29.304366,33.358856,33.329086,27.043673,27.364101,34.128716,37.080940,33.183237,37.401208,35.625728,37.933430,31.672455,36.692242,33.591566,36.729409,31.645141,36.330640,31.662654,33.947851,30.931032,33.442302,32.717355,34.733663,31.526633,33.548904,84.321967,89.379409,128.496321,86.637899,136.191891,56.458627,45.442554,161.623061,119.850000,2.211000,219.200000,118.510000,1.681000,148.900000,32381.342244,13.658332,23.938862,94.749090,34.226255,1796.285683,1165.929552
06/22/2026 08:56:52,0.000000,0.000000,74.475134,74.510214,65.258847,75.014721,77.787882,72.288017,71.654110,74.705736,33.079729,28.652017,29.004454,28.944001,35.559842,35.418923,32.806528,33.187932,32.876131,34.893369,32.956154,33.315483,31.730058,32.515253,30.676682,66.673557,30.081752,35.830664,21.160173,21.107640,20.869800,28.921548,29.578081,29.443404,33.232058,33.262721,27.156514,27.525411,34.140373,37.101841,33.208345,37.416900,35.599845,37.918666,31.662913,36.684789,33.611623,36.727708,31.646841,36.304440,31.657567,33.934790,30.928172,33.444148,32.737434,34.710223,31.545709,33.549710,79.330844,84.625047,127.972724,81.583051,135.264639,56.478011,44.568589,150.358272,119.930000,2.148000,211.500000,118.350000,1.628000,141.500000,32441.341510,12.726925,23.103739,89.802404,34.226602,1799.821562,1168.287917
06/22/2026 08:57:52,0.000000,0.000000,74.437767,74.445798,65.110813,74.962938,77.733319,72.208521,71.640851,74.668861,33.805713,29.681946,30.097932,30.270965,36.156806,35.823773,33.441144,33.824465,33.537002,35.354036,34.565166,35.070393,33.171385,33.332697,32.214880,71.809209,31.216784,36.323811,23.116122,23.090579,23.000906,30.139066,30.571893,31.023795,34.194539,34.337449,28.638129,29.218978,34.145744,37.100558,33.224026,37.401996,35.618817,37.923888,31.671298,36.679092,33.619675,36.738825,31.651088,36.321498,31.699364,33.940482,30.971319,33.420213,32.737045,34.710279,31.552184,33.546394,82.358597,87.880323,128.699429,83.695604,136.252638,56.294037,45.978878,152.172239,119.730000,2.182000,215.300000,118.410000,1.647000,144.000000,32501.338395,11.876965,24.446846,90.615346,34.233689,1803.454820,1170.743652
06/22/2026 08:58:52,0.000000,0.000000,74.475972,74.411725,65.093884,74.913130,77.695041,72.139903,71.642754,74.669912,33.358534,29.315060,29.675835,29.774598,35.711094,35.714638,33.241050,33.635127,33.368309,35.213655,33.908863,34.226491,32.362842,32.931197,31.422428,63.526529,31.417868,35.769519,21.571343,21.492800,21.213956,30.104394,30.814892,31.339373,33.794615,33.854120,27.694284,28.177946,34.134949,37.099532,33.198634,37.403262,35.595507,37.923618,31.649642,36.678328,33.617575,36.751777,31.633100,36.312035,31.655879,33.919342,30.946537,33.431886,32.726495,34.721046,31.514592,33.551113,76.164164,81.672335,126.777603,78.681289,133.948521,56.261653,44.953037,144.072832,119.940000,2.124000,208.200000,118.660000,1.599000,137.800000,32561.336858,12.297286,23.472233,86.933852,34.223242,1806.909818,1173.022097
06/22/2026 08:59:52,0.000000,0.000000,74.478128,74.405005,65.241790,74.894295,77.735216,72.157455,71.654462,74.644814,33.323974,29.016762,29.413275,29.384938,35.376629,35.579591,33.138194,33.465241,33.240433,35.157897,33.424390,33.586743,32.210318,32.793899,31.113006,70.853940,31.345452,37.003819,22.487125,22.394305,22.261541,29.946838,30.744743,30.920777,33.651775,33.670430,27.415845,27.882443,34.140252,37.090664,33.191290,37.413198,35.583817,37.935819,31.653926,36.694674,33.625544,36.738478,31.629025,36.312856,31.655263,33.947589,30.939682,33.435414,32.727358,34.726786,31.548387,33.552825,81.714315,86.897336,127.434777,83.940246,134.951876,56.375872,46.048698,155.670535,120.020000,2.182000,216.300000,118.660000,1.656000,145.400000,32621.345902,12.491090,24.512729,92.165017,34.227142,1810.471494,1175.408346
06/22/2026 09:00:52,0.000000,0.000000,74.429745,74.366339,65.044576,74.883483,77.726967,72.125841,71.631275,74.655093,33.279196,28.925416,29.314815,29.263560,35.654402,35.520590,33.092623,33.365927,33.141874,35.097704,33.422714,33.472064,32.160857,32.693337,31.002703,72.085482,30.782941,37.878070,22.334062,22.219252,22.138319,29.511762,30.286661,30.144456,33.544510,33.540956,27.389729,27.715494,34.138931,37.094212,33.220503,37.403354,35.593616,37.924825,31.629475,36.674068,33.593755,36.722740,31.613412,36.318148,31.650859,33.940536,30.956221,33.436050,32.723993,34.715888,31.528764,33.558136,83.916288,88.883811,128.286737,86.152831,136.085889,56.657880,45.581612,160.332826,120.120000,2.200000,218.800000,118.600000,1.674000,148.100000,32681.342542,13.807172,24.070898,94.194471,34.221874,1814.086874,1177.847237
06/22/2026 09:01:52,0.000000,0.000000,74.438204,74.355777,65.290307,74.872750,77.670373,72.140503,71.596281,74.646425,33.012504,28.878549,29.217559,29.189519,35.540086,35.581737,33.015552,33.321765,33.092069,35.051567,33.392032,33.578678,31.982379,32.599944,30.818034,67.188355,30.557597,35.432124,21.453087,21.418076,21.245886,29.345085,30.067892,30.005922,33.431221,33.422335,27.469207,27.716817,34.137139,37.099945,33.192060,37.396723,35.591444,37.902778,31.649120,36.688650,33.606616,36.711658,31.635476,36.311740,31.653130,33.933475,30.944233,33.413815,32.721749,34.716311,31.541473,33.559701,73.946864,79.441122,127.867779,73.798405,135.082622,56.618061,44.187734,135.713017,120.220000,2.080000,202.400000,118.660000,1.565000,132.100000,32741.331651,12.695210,22.736914,82.986587,34.220362,1817.611497,1180.193962
06/22/2026 09:02:52,0.000000,0.000000,74.470228,74.357369,65.266279,74.877527,77.655764,72.137242,71.531251,74.635719,32.916655,28.525813,28.964820,28.891181,35.194907,35.453312,32.896247,33.218060,32.949553,34.953746,32.939328,33.625843,31.885796,32.566223,30.837922,69.260546,30.773533,35.920572,21.609947,21.496400,21.368353,29.365959,30.164991,30.523825,33.291052,33.333710,26.741889,27.184411,34.128107,37.124115,33.188132,37.416245,35.569238,37.926585,31.628576,36.697437,33.591895,36.746550,31.616761,36.323246,31.641941,33.933868,30.913432,33.439077,32.714571,34.726894,31.510282,33.571247,79.868970,85.017525,126.757600,82.675903,134.166433,56.201982,45.235230,153.544044,120.220000,2.172000,214.900000,118.740000,1.647000,144.000000,32801.330943,12.178991,23.741581,91.225839,34.220410,1821.079817,1182.489407
06/22/2026 09:03:52,0.000000,0.000000,74.456376,74.332101,65.239028,74.872309,77.650142,72.138365,71.507332,74.648653,32.864442,28.554619,28.901724,28.925065,35.266256,35.402327,32.745003,33.124659,32.865776,34.855988,33.311585,33.185968,31.839002,32.528397,30.571334,70.599026,30.144419,36.933108,21.757398,21.700859,21.566205,28.951949,29.647265,28.670889,33.290071,33.250077,27.129962,27.439336,34.155566,37.110786,33.207408,37.402706,35.595339,37.915499,31.635663,36.687810,33.600443,36.732499,31.603102,36.310116,31.654374,33.937379,30.928988,33.412084,32.727575,34.722123,31.529145,33.565623,82.271322,87.384404,127.961434,84.333714,135.610992,56.283582,45.199398,155.987267,120.130000,2.183000,216.100000,118.570000,1.651000,145.400000,32861.328565,13.225675,23.707433,92.304167,34.221711,1824.669342,1184.899701
06/22/2026 09:04:52,0.000000,0.000000,74.507663,74.311109,65.154135,74.849696,77.653289,72.086857,71.541404,74.645836,32.893567,28.510227,28.897490,28.827632,35.281590,35.326358,32.689712,33.036946,32.805979,34.796340,33.326475,33.364424,31.633895,32.552679,30.516360,72.623919,30.091410,36.685399,22.002856,21.931525,21.850399,28.974398,29.600588,29.333904,33.232018,33.195577,26.995238,27.237851,34.159916,37.101410,33.196306,37.424376,35.590577,37.919587,31.617955,36.701257,33.621493,36.725151,31.605219,36.314434,31.643349,33.915291,30.955394,33.432250,32.737087,34.733386,31.533045,33.569512,82.851439,88.173712,128.956444,84.025103,136.717534,56.555403,45.103456,151.774099,120.000000,2.175000,214.300000,118.650000,1.640000,143.500000,32921.327835,13.069475,23.615924,90.437474,34.224850,1828.298686,1187.351198
06/22/2026 09:05:52,0.000000,0.000000,74.545133,74.324070,65.183904,74.871659,77.631387,72.109317,71.509011,74.679483,32.689281,28.468532,28.780857,28.739164,35.398026,35.319134,32.684374,33.040945,32.716852,34.761549,33.367602,33.190987,31.672076,32.536979,30.782437,67.535788,30.177546,36.133533,21.154732,21.103096,20.854969,28.959456,29.646743,29.832680,33.146888,33.132221,26.870813,27.131757,34.131703,37.109124,33.192693,37.434928,35.572597,37.944513,31.619479,36.684627,33.603465,36.743032,31.594550,36.327738,31.647546,33.939454,30.963602,33.430657,32.742162,34.729134,31.519703,33.572644,81.139742,86.240730,128.106358,83.860611,135.482142,56.439831,45.113555,156.009278,120.100000,2.179000,215.900000,118.670000,1.653000,144.900000,32981.325239,12.507972,23.625561,92.313830,34.225168,1831.814534,1189.690097
06/22/2026 09:06:52,0.000000,0.000000,74.552112,74.282012,65.466120,74.875717,77.637537,72.108725,71.491676,74.630097,32.737844,28.401244,28.823778,28.729551,35.167734,35.283432,32.667652,32.940213,32.676922,34.641875,33.123726,33.131190,31.481151,32.490033,30.544616,71.359165,30.000686,35.859972,21.876568,21.738371,21.697528,28.817059,29.479874,28.354362,33.111484,33.025698,27.003184,27.228179,34.131216,37.098466,33.195366,37.388959,35.557977,37.914915,31.614581,36.676764,33.587133,36.713047,31.584458,36.309741,31.620372,33.907044,30.908346,33.400992,32.720921,34.707945,31.495799,33.545702,78.080409,83.370149,128.853696,77.667846,136.438689,56.526146,44.160738,141.725584,119.980000,2.120000,207.300000,118.750000,1.597000,136.600000,33041.323596,13.149127,22.710845,85.841252,34.203987,1835.422713,1192.117836
06/22/2026 09:07:52,0.000000,0.000000,74.587795,74.284732,65.291136,74.873883,77.661396,72.078487,71.532286,74.634216,33.410776,29.379095,29.806741,29.995532,35.720629,35.593918,33.147597,33.524840,33.357015,35.111949,34.862747,35.003956,33.169680,33.235453,32.033044,63.068978,30.938283,34.843898,21.925247,21.879934,21.561221,29.833601,30.323107,30.712666,33.914189,34.106425,28.140788,28.637116,34.139379,37.118982,33.182255,37.412610,35.553863,37.926718,31.591287,36.693294,33.583738,36.725151,31.584155,36.319622,31.617127,33.945102,30.929164,33.442025,32.730862,34.751129,31.504407,33.576050,78.060853,83.554406,126.904106,80.852708,134.131794,56.059600,45.341466,150.369116,120.050000,2.158000,212.300000,118.720000,1.627000,142.100000,33101.321546,11.001163,23.842735,89.807284,34.216346,1838.868539,1194.389285
06/22/2026 09:08:52,0.000000,0.000000,74.580329,74.277686,65.252395,74.904305,77.680349,72.112400,71.538570,74.629067,33.107388,29.114733,29.559386,29.518726,35.464379,35.473242,32.908095,33.319667,33.157611,34.917861,33.540179,33.568974,32.249474,32.777003,31.508825,70.305496,31.296767,36.977163,22.444857,22.360553,22.217129,29.920522,30.648911,31.004099,33.648734,33.700700,27.624428,28.001013,34.156513,37.118805,33.176014,37.443094,35.553785,37.927965,31.603237,36.690022,33.615100,36.756391,31.594296,36.335453,31.622840,33.953016,30.949585,33.442295,32.722683,34.725671,31.512766,33.575944,82.049697,87.421428,128.012760,84.067479,135.428936,56.237395,45.644052,156.204788,119.940000,2.190000,216.400000,118.580000,1.652000,145.700000,33161.320797,12.847053,24.130110,92.399622,34.223774,1842.460744,1196.803422
06/22/2026 09:09:52,0.000000,0.000000,74.636417,74.282219,65.494951,74.897469,77.713116,72.102151,71.550320,74.658945,33.067868,28.935897,29.285599,29.294790,35.285710,35.412914,32.892403,33.268434,33.061645,34.959583,33.537996,33.541820,32.012226,32.667999,31.117043,72.381108,31.040592,37.713765,22.483458,22.399157,22.296736,29.751314,30.465055,30.653591,33.556062,33.530741,27.378568,27.732035,34.137177,37.092907,33.209076,37.418512,35.551238,37.946632,31.595331,36.689030,33.597225,36.713808,31.591732,36.310771,31.624289,33.922048,30.909144,33.433745,32.734137,34.727781,31.495944,33.553842,84.144867,89.394030,128.862797,86.321626,136.537547,57.113869,45.931490,157.154499,120.250000,2.206000,218.200000,118.860000,1.664000,147.200000,33221.319486,13.311667,24.402098,92.815342,34.212718,1846.089998,1199.253785
06/22/2026 09:10:52,0.000000,0.000000,74.763521,74.291858,65.591830,74.958623,77.811961,72.150368,71.584897,74.663816,33.002399,28.745277,29.193593,29.105989,35.405249,35.386635,32.889579,33.215839,32.987285,34.851695,33.664464,33.597215,31.741706,32.583368,31.133373,63.679066,30.695683,35.170973,21.004500,20.913337,20.636084,29.390637,30.205261,30.304669,33.332327,33.364763,27.303729,27.632599,34.120875,37.113372,33.193274,37.418707,35.543660,37.931124,31.590384,36.688719,33.595581,36.732966,31.576419,36.321674,31.631817,33.926442,30.909990,33.426325,32.711591,34.726139,31.506472,33.544349,74.846617,80.412769,127.360207,76.865363,134.347485,57.575315,44.529746,139.588088,120.210000,2.092000,205.100000,118.530000,1.580000,134.600000,33281.317272,12.104565,23.066408,84.835777,34.210494,1849.537952,1201.522644
06/22/2026 09:11:52,0.000000,0.000000,74.880610,74.343914,65.638446,75.026749,77.852496,72.251775,71.560853,74.681271,32.920261,28.480349,28.915799,28.840806,35.110710,35.268084,32.703487,33.084940,32.829119,34.833170,33.252285,33.313562,31.702294,32.514219,30.964697,70.291406,30.740762,36.514934,21.835419,21.764974,21.623221,29.401570,30.204598,30.341450,33.254097,33.258986,26.880301,27.299003,34.141244,37.090325,33.214647,37.419633,35.557391,37.936420,31.577904,36.705391,33.612317,36.741230,31.565978,36.332548,31.612209,33.922884,30.913995,33.422628,32.732348,34.729102,31.497813,33.551263,81.198974,86.365063,127.764452,83.589344,135.186273,57.559773,45.434397,154.624850,120.030000,2.176000,215.200000,118.530000,1.648000,144.700000,33341.315722,12.583824,23.931110,91.704264,34.213863,1853.067501,1203.877723
06/22/2026 09:12:52,0.000000,0.000000,74.950688,74.363312,65.492315,75.075029,77.941870,72.297246,71.591861,74.660614,32.782424,28.502206,28.987612,28.831593,35.161405,35.190664,32.771933,33.037346,32.795319,34.737803,32.940258,33.201288,31.653444,32.450765,30.502053,71.029274,30.110675,36.808936,21.932070,21.816765,21.735642,28.864320,29.599358,28.933912,33.217486,33.196599,26.951599,27.252475,34.155808,37.103509,33.219912,37.427081,35.547813,37.939241,31.585205,36.680958,33.614441,36.720338,31.581482,36.308112,31.615499,33.906183,30.928873,33.424308,32.714464,34.725456,31.499506,33.557837,83.224651,88.372894,128.807635,85.420412,136.558501,57.818264,45.291164,158.242264,120.110000,2.194000,217.300000,118.510000,1.668000,146.900000,33401.313900,13.014080,23.794856,93.289429,34.212801,1856.666030,1206.298372
06/22/2026 09:13:52,0.000000,0.000000,74.990218,74.413014,65.506659,75.147520,78.008646,72.375058,71.584748,74.693670,32.755710,28.499047,28.889882,28.798128,35.091352,35.136130,32.624381,32.983201,32.748596,34.739986,33.238022,33.263498,31.623144,32.481898,30.796742,70.007249,30.003291,35.306041,21.677273,21.615344,21.508743,28.864945,29.508120,29.148649,33.177644,33.112755,27.090218,27.219034,34.146984,37.100908,33.215001,37.425289,35.569484,37.927713,31.585608,36.682700,33.611303,36.734911,31.581076,36.305938,31.609220,33.906585,30.938635,33.423835,32.756679,34.722323,31.514693,33.548104,78.057819,83.376142,129.267398,78.028356,136.744292,58.040674,44.253767,143.140439,119.960000,2.123000,207.600000,118.590000,1.596000,137.100000,33461.312265,12.505399,22.800642,86.501268,34.215349,1860.253349,1208.704917
06/22/2026 09:14:52,0.000000,0.000000,75.064642,74.418592,65.522975,75.188002,78.061620,72.431773,71.645946,74.695489,32.725450,28.301340,28.662776,28.602894,35.547179,35.256003,32.631837,32.890628,32.654298,34.641044,33.367751,33.242349,31.482987,32.403788,30.928104,71.480680,30.198972,36.294275,21.578962,21.480671,21.415209,28.940610,29.639497,29.838812,33.086003,33.038442,26.621090,26.989094,34.126194,37.073561,33.182077,37.400496,35.528041,37.931898,31.561315,36.671223,33.598893,36.711488,31.547300,36.297167,31.590274,33.890810,30.923694,33.417643,32.718020,34.685977,31.463095,33.532195,83.079907,88.054698,128.899143,85.788013,136.464374,57.796467,45.202797,160.765440,119.850000,2.208000,219.000000,118.510000,1.670000,148.200000,33521.310732,12.583602,23.710673,94.380767,34.192568,1863.796870,1211.072774
06/22/2026 09:15:52,0.000000,0.000000,75.076339,74.426917,65.737683,75.227030,78.122823,72.463725,71.746509,74.704003,32.684678,28.349230,28.749470,28.709519,35.090637,35.162015,32.556432,32.880605,32.645544,34.606581,32.617526,33.389419,31.560499,32.352174,30.657343,67.957276,29.735137,34.991088,21.276716,21.175251,21.092926,28.503440,29.131139,28.056273,32.977528,33.010868,26.968629,27.370477,34.129729,37.110252,33.191972,37.415644,35.519901,37.956474,31.533973,36.690760,33.578973,36.735448,31.538813,36.319722,31.593673,33.916399,30.901247,33.440369,32.734986,34.747258,31.477776,33.570820,74.727820,80.149900,128.899426,74.393527,136.259671,57.861690,43.939431,136.377232,119.980000,2.087000,203.000000,118.740000,1.568000,132.500000,33581.308350,12.494291,22.496797,83.306014,34.205209,1867.346619,1213.442320
06/22/2026 09:16:52,0.000000,0.000000,75.120404,74.476087,65.601582,75.277812,78.169646,72.531618,71.752357,74.695464,32.466061,28.034350,28.487323,28.414749,34.889489,35.277877,32.493922,32.768321,32.492305,34.513175,32.814281,32.926480,31.433242,32.311852,30.427115,67.459412,30.054814,35.030548,20.898637,20.835310,20.628763,28.734348,29.451603,29.679922,32.909714,32.910603,26.271847,26.640153,34.147005,37.070856,33.210065,37.405349,35.537567,37.916655,31.562428,36.676433,33.587245,36.711389,31.556887,36.292527,31.585150,33.886147,30.928372,33.405547,32.718365,34.710718,31.498523,33.531092,79.556469,84.518081,127.623876,82.365675,135.052785,57.329085,44.703665,152.751809,119.990000,2.168000,213.900000,118.570000,1.637000,142.900000,33641.307700,11.797134,23.233414,90.873718,34.196916,1870.796998,1215.718628
06/22/2026 09:17:52,0.000000,0.000000,75.146457,74.466657,65.677901,75.277994,78.201810,72.560607,71.752048,74.666422,33.416709,29.389510,29.799318,29.952229,36.035937,35.389574,33.044309,33.503345,33.183421,34.949822,34.243110,34.762649,32.897142,33.111846,31.604797,69.143616,30.718208,35.852744,22.689961,22.666650,22.498502,29.646056,30.142741,30.276923,33.886744,34.016834,28.530009,28.984329,34.136397,37.089477,33.215465,37.401438,35.537474,37.935559,31.530257,36.678129,33.583172,36.709102,31.550508,36.307438,31.582383,33.916247,30.905551,33.448568,32.750306,34.743467,31.508183,33.558938,82.306755,87.589069,128.712245,84.104125,136.282203,57.460263,46.029665,156.883731,119.910000,2.187000,216.400000,118.520000,1.661000,146.200000,33701.305154,11.357969,24.494775,92.696989,34.204403,1874.395207,1218.140331
06/22/2026 09:18:52,0.000000,0.000000,75.196099,74.469847,65.717426,75.306280,78.225792,72.559332,71.776132,74.701832,33.046802,29.057947,29.431707,29.489379,35.245072,35.323971,32.912807,33.293271,33.012575,34.848986,33.488511,33.686766,32.047528,32.713500,31.242206,71.604477,31.079290,36.801956,22.506256,22.439894,22.353575,29.811840,30.444437,30.877648,33.612962,33.580092,27.479972,27.816727,34.117075,37.078628,33.194100,37.389468,35.522981,37.923319,31.505438,36.666206,33.602742,36.708242,31.549707,36.276096,31.595433,33.885740,30.936876,33.427712,32.726319,34.713330,31.484660,33.530153,83.195228,88.433894,129.529584,84.534703,137.233040,57.892949,45.621717,151.940476,120.090000,2.176000,215.100000,118.500000,1.641000,143.700000,33761.303644,12.693021,24.108935,90.511842,34.191711,1878.030143,1220.597408
06/22/2026 09:19:52,0.000000,0.000000,75.209196,74.517612,65.633722,75.362742,78.274907,72.585053,71.797577,74.713485,32.924269,28.818553,29.136611,29.163706,35.158088,35.293291,32.761675,33.153323,32.955832,34.826525,33.235405,33.537423,31.849689,32.653814,30.973100,62.909539,30.982514,35.155286,21.053274,20.979629,20.670884,29.606686,30.410075,30.806749,33.338352,33.377008,27.230741,27.682811,34.117531,37.084832,33.172754,37.396527,35.512240,37.947954,31.518697,36.672587,33.576720,36.711082,31.520939,36.261676,31.594436,33.889630,30.922955,33.426121,32.736288,34.702426,31.495099,33.534786,75.547036,80.826768,127.590269,77.961167,134.727190,57.705264,44.381949,142.077113,119.720000,2.109000,205.500000,118.330000,1.590000,135.800000,33821.302408,12.231089,22.924197,86.005645,34.189764,1881.458406,1222.850000
06/22/2026 09:20:52,0.000000,0.000000,75.271773,74.513888,65.694450,75.394196,78.284374,72.647955,71.809198,74.686191,32.806105,28.546049,28.925274,28.889605,35.158319,35.114429,32.656913,33.023719,32.775869,34.772514,32.904807,33.400822,31.776863,32.523732,30.737980,70.257964,30.770593,36.483482,21.960115,21.883846,21.769870,29.417090,30.236160,30.164389,33.261345,33.266678,26.933149,27.355011,34.149865,37.084320,33.204967,37.388783,35.531331,37.916623,31.508042,36.672147,33.574058,36.705333,31.517931,36.280380,31.574870,33.885671,30.907841,33.418571,32.745185,34.678032,31.489418,33.523347,81.473700,86.411841,128.128831,83.631672,135.787831,57.503689,45.463724,154.362659,119.740000,2.179000,214.800000,118.330000,1.651000,144.500000,33881.300312,12.524504,23.958978,91.588409,34.187836,1884.999142,1225.215945
06/22/2026 09:21:52,0.000000,0.000000,75.319903,74.556989,65.777719,75.410883,78.319519,72.714675,71.810368,74.685667,32.808567,28.512377,28.916146,28.837779,35.480918,35.081100,32.687646,32.965091,32.765436,34.700896,33.044187,33.228781,31.634227,32.491629,30.752737,71.132586,29.993579,36.928532,21.885119,21.818267,21.629968,28.826182,29.527345,28.788261,33.209240,33.178131,26.966091,27.242738,34.109731,37.068216,33.173248,37.395251,35.510731,37.919500,31.488667,36.650610,33.580422,36.702381,31.515048,36.278843,31.562624,33.890783,30.895145,33.421382,32.724431,34.692372,31.467822,33.528023,83.527679,88.363922,128.920766,85.661347,136.773053,57.799228,45.396137,158.972512,119.680000,2.195000,217.500000,118.330000,1.671000,147.200000,33941.299524,13.033794,23.894738,93.606473,34.178761,1888.597567,1227.636608
06/22/2026 09:22:52,0.000000,0.000000,75.296418,74.532637,65.837238,75.419132,78.365187,72.720410,71.839995,74.704630,32.798129,28.467543,28.879799,28.796854,35.109593,35.158804,32.660981,32.966886,32.744771,34.695806,33.183537,32.940878,31.629445,32.389435,30.634202,69.024016,29.828286,35.319552,21.629472,21.542407,21.431957,28.733749,29.389906,28.872942,33.098123,33.086123,27.069708,27.227672,34.111179,37.056833,33.156509,37.395399,35.489192,37.935579,31.471466,36.675197,33.565570,36.676082,31.505051,36.271566,31.551661,33.878968,30.867691,33.423855,32.714899,34.688187,31.445795,33.522498,77.539383,82.684676,129.147966,77.565072,136.614771,57.900875,44.267168,142.455022,119.750000,2.123000,206.500000,118.490000,1.590000,136.700000,34001.297702,12.505983,22.813569,86.182072,34.170159,1892.167791,1230.029173
06/22/2026 09:23:52,0.000000,0.000000,75.361312,74.611535,65.828138,75.472179,78.360832,72.796918,71.833370,74.713662,32.656673,28.246154,28.633034,28.595792,34.838814,34.957664,32.582001,32.849256,32.643777,34.609255,33.057707,32.785867,31.495499,32.354890,30.628591,71.359339,30.200702,36.380101,21.601797,21.519217,21.381104,28.926345,29.609185,29.812961,33.050702,33.013808,26.552096,26.948675,34.102006,37.054769,33.156450,37.377657,35.497076,37.936370,31.476719,36.666620,33.566732,36.673257,31.495769,36.278723,31.551123,33.875323,30.859130,33.413021,32.693828,34.667168,31.450770,33.513243,83.180753,88.097141,128.948069,85.871860,136.649878,57.628803,44.978867,160.362929,119.850000,2.209000,219.200000,118.440000,1.673000,148.200000,34061.295359,12.883174,23.496927,94.207445,34.165288,1895.713625,1232.400997
06/22/2026 09:24:52,0.000000,0.000000,75.322230,74.608341,65.872734,75.471663,78.374202,72.817151,71.840284,74.703651,32.581297,28.326713,28.715358,28.677789,35.325088,35.006341,32.492934,32.790010,32.552832,34.559352,32.880563,32.843569,31.537279,32.311190,30.349902,68.804129,29.602418,34.969965,21.549343,21.384168,21.318009,28.481279,29.034049,27.914929,32.986071,32.958064,26.886536,27.348371,34.110417,37.086147,33.164406,37.411212,35.488139,37.925693,31.469962,36.679934,33.579210,36.685244,31.490491,36.266838,31.563968,33.885462,30.871534,33.413950,32.721438,34.688500,31.463314,33.527083,75.662514,80.880291,129.325823,75.035503,136.843592,57.785357,43.912921,138.067710,119.900000,2.096000,204.600000,118.540000,1.573000,133.500000,34121.294474,12.498849,22.471116,84.114357,34.174647,1899.282572,1234.788655
06/22/2026 09:25:52,0.000000,0.000000,75.368025,74.593320,65.978390,75.487926,78.404293,72.825842,71.860009,74.713169,32.354583,28.013999,28.438866,28.364425,34.838588,35.030601,32.435959,32.706820,32.459569,34.489840,32.708189,32.947030,31.431115,32.255448,30.436339,66.871795,29.968780,34.645155,20.861820,20.730217,20.542172,28.656386,29.376349,29.628757,32.887324,32.866873,26.219397,26.597207,34.111883,37.065052,33.170972,37.373976,35.508743,37.925028,31.471519,36.653212,33.560824,36.675779,31.492800,36.270460,31.544140,33.875025,30.849472,33.400892,32.715929,34.674132,31.448246,33.513836,79.526192,84.543120,127.863978,82.356017,135.403540,57.239682,44.543147,152.614564,119.970000,2.159000,213.600000,118.540000,1.638000,142.900000,34181.292737,11.565865,23.079290,90.812594,34.165096,1902.733141,1237.064536
06/22/2026 09:26:52,0.000000,0.000000,75.425913,74.647036,65.929337,75.510994,78.428124,72.890482,71.847810,74.732701,32.472926,28.091675,28.507150,28.433301,35.041840,35.106129,32.353096,32.642220,32.357265,34.407764,32.954965,33.368955,31.222747,32.211552,30.376045,70.321661,29.639274,36.072301,21.371443,21.274029,21.202939,28.424915,29.065133,27.475040,32.844983,32.821418,26.628161,26.962831,34.106751,37.052421,33.144636,37.376074,35.505645,37.917522,31.448801,36.638461,33.560675,36.666338,31.483677,36.232176,31.533898,33.855491,30.854379,33.412294,32.716224,34.673540,31.456945,33.488303,82.593975,87.413343,128.973929,84.587932,136.776068,57.456240,44.808735,156.065924,119.990000,2.182000,216.400000,118.480000,1.650000,145.300000,34241.291039,12.738172,23.334129,92.338694,34.156213,1906.321317,1239.474635
06/22/2026 09:27:52,0.000000,0.000000,75.349280,74.643865,65.700240,75.519748,78.449470,72.870469,71.840710,74.727738,33.338472,29.330157,29.721250,29.947315,35.911037,35.270336,32.930149,33.465669,33.135829,34.883710,34.295887,34.553259,32.882905,33.091836,31.858813,70.740159,30.436833,35.832235,22.728828,22.694309,22.582592,29.484873,29.832685,29.771153,33.825342,33.976309,28.447335,28.896053,34.100491,37.074047,33.159416,37.410669,35.485120,37.964652,31.446877,36.685771,33.582404,36.672054,31.474556,36.294388,31.527964,33.868671,30.898801,33.420255,32.724191,34.699674,31.446041,33.522299,82.396712,87.739664,129.929083,83.336767,137.717150,57.805499,45.711833,150.816457,119.990000,2.167000,213.500000,118.340000,1.638000,142.900000,34301.289114,11.637900,24.194335,90.008359,34.172917,1909.959895,1241.933945
06/22/2026 09:28:52,0.000000,0.000000,75.374731,74.687084,65.916005,75.506483,78.469486,72.898661,71.817928,74.712216,32.975660,28.937041,29.340709,29.415121,35.279420,35.319755,32.755567,33.207659,32.972104,34.759819,33.874899,33.631463,32.042851,32.775527,31.095761,62.635363,30.938063,34.769168,21.187191,21.096494,20.870015,29.662127,30.341131,30.757873,33.433736,33.481273,27.340454,27.762223,34.107712,37.044091,33.158442,37.377870,35.508959,37.912873,31.456588,36.648623,33.562437,36.661898,31.474520,36.253182,31.563069,33.846822,30.851026,33.381178,32.728660,34.658885,31.460709,33.491611,76.239302,81.501790,128.062356,78.659894,135.247806,57.642461,44.881566,144.263486,119.700000,2.123000,207.600000,118.160000,1.596000,137.300000,34361.287190,11.365305,23.403863,87.022076,34.157458,1913.398034,1244.195705
06/22/2026 09:29:52,0.000000,0.000000,75.366110,74.650566,65.834698,75.518943,78.474751,72.877283,71.860443,74.713601,32.896160,28.621699,28.973697,28.995150,35.140851,35.047302,32.620138,33.020300,32.819243,34.697353,33.071306,33.667624,31.862215,32.574258,30.775109,70.237281,30.883610,36.286769,22.071185,22.002103,21.812252,29.544391,30.296543,30.421800,33.304150,33.284153,27.098557,27.466565,34.084977,37.032496,33.119114,37.369696,35.470781,37.920316,31.422658,36.642634,33.549761,36.663874,31.444648,36.250062,31.529141,33.841426,30.843382,33.387605,32.705743,34.646671,31.425936,33.477374,81.747949,86.811199,128.619225,83.877645,136.311589,57.596316,45.312334,155.085463,119.780000,2.176000,215.200000,118.420000,1.653000,144.800000,34421.286245,12.471759,23.815010,91.907477,34.141415,1916.954200,1246.576196
06/22/2026 09:30:52,0.000000,0.000000,75.396486,74.648854,65.751832,75.492233,78.456968,72.853454,71.845583,74.710200,32.805788,28.520744,28.895960,28.913167,34.806161,35.096614,32.650077,32.950206,32.741759,34.655096,33.359609,33.495815,31.662736,32.456930,30.706618,71.494683,30.332520,37.126371,21.880320,21.799110,21.658937,29.095866,29.845077,29.609644,33.201347,33.191570,27.077415,27.316344,34.076803,37.025679,33.119750,37.387129,35.475035,37.914395,31.391292,36.634506,33.538492,36.651322,31.423702,36.226148,31.504013,33.850129,30.834736,33.395439,32.716252,34.653606,31.425038,33.484476,83.940884,88.836357,129.484265,86.117321,137.322260,57.996967,45.303303,159.782874,119.860000,2.207000,218.600000,118.480000,1.666000,148.000000,34481.283955,13.319958,23.806413,93.957158,34.136397,1920.561785,1249.006992
06/22/2026 09:31:52,0.000000,0.000000,75.337435,74.659054,65.662206,75.521754,78.473765,72.879255,71.852410,74.721651,32.725409,28.480242,28.843422,28.832914,34.935704,35.098877,32.612364,32.932513,32.704064,34.652981,33.168630,33.105716,31.605311,32.429841,30.751720,67.655559,30.139286,35.451875,21.245951,21.179056,20.966601,28.929820,29.663940,29.453011,33.108199,33.104199,27.105738,27.411044,34.074616,37.034115,33.140203,37.384042,35.475733,37.919068,31.404024,36.638208,33.550648,36.662545,31.440400,36.252481,31.506052,33.846832,30.857275,33.376940,32.723974,34.652880,31.433271,33.479802,77.528095,82.866427,129.382219,78.328755,136.807342,58.112151,44.294844,142.844423,119.950000,2.120000,207.300000,118.740000,1.589000,136.800000,34541.281768,12.611617,22.840258,86.363540,34.142655,1924.109405,1251.376628
06/22/2026 09:32:52,0.000000,0.000000,75.344075,74.655981,65.781240,75.496212,78.474815,72.862950,71.792654,74.711114,32.664388,28.231136,28.666652,28.601294,34.971113,35.015898,32.464509,32.791832,32.595010,34.539312,33.251192,33.056756,31.404756,32.274509,30.896371,72.009352,30.354386,36.836677,21.733622,21.602586,21.515195,29.009647,29.733924,29.938132,33.055675,33.011669,26.604455,26.988416,34.054492,37.029104,33.102253,37.370609,35.447013,37.913851,31.391634,36.637772,33.536884,36.644852,31.424612,36.225724,31.498118,33.826047,30.811904,33.359173,32.700857,34.645789,31.424612,33.471612,83.760378,88.624851,129.338869,86.256681,137.213115,57.833655,45.121324,160.990082,119.930000,2.202000,219.100000,118.420000,1.678000,148.500000,34601.279805,13.203702,23.632975,94.477371,34.125846,1927.679731,1253.773464
06/22/2026 09:33:52,0.000000,0.000000,75.326054,74.678934,65.636599,75.483033,78.465890,72.863705,71.835916,74.700565,32.666778,28.302261,28.723481,28.638378,35.279288,35.210136,32.487950,32.770799,32.567156,34.524837,33.042470,32.991909,31.527776,32.273670,30.496459,66.317561,29.701409,34.713620,20.978290,20.909580,20.792860,28.475254,29.180129,28.244989,32.951508,32.942173,26.855826,27.274548,34.040136,37.019224,33.120783,37.388599,35.464420,37.900278,31.387748,36.622789,33.532060,36.644914,31.410078,36.231206,31.474629,33.828391,30.837876,33.369900,32.704477,34.645408,31.410078,33.471781,74.471020,79.968219,128.949672,74.544138,136.350457,57.854808,43.602080,136.731836,119.880000,2.093000,203.000000,118.530000,1.566000,132.800000,34661.279144,12.544279,22.169341,83.476124,34.125239,1931.196223,1256.111690
06/22/2026 09:34:52,0.000000,0.000000,75.332732,74.681815,65.598507,75.487265,78.479362,72.880654,71.848632,74.693801,32.504035,27.989881,28.389765,28.349574,34.925386,34.898335,32.357752,32.657991,32.439981,34.476513,33.067400,32.993139,31.324058,32.270897,30.481892,68.944582,30.088082,34.866307,21.122098,20.963137,20.908270,28.723316,29.486955,29.634114,32.926923,32.882910,26.256523,26.686639,34.068899,37.035938,33.113480,37.378681,35.472298,37.907691,31.408590,36.640437,33.525344,36.646632,31.419484,36.240552,31.493688,33.838062,30.844017,33.387620,32.719100,34.650236,31.427058,33.474940,80.525326,85.514354,128.346554,83.108386,135.922815,57.400114,44.650645,154.242246,119.940000,2.171000,214.300000,118.480000,1.644000,143.900000,34721.277618,11.683767,23.182540,91.535158,34.134637,1934.676885,1258.418104
06/22/2026 09:35:52,0.000000,0.000000,75.263528,74.690735,65.793302,75.477035,78.453181,72.867852,71.837797,74.707088,32.378247,28.067646,28.463940,28.407727,35.049684,34.874528,32.322604,32.628194,32.406718,34.356804,32.650462,32.933710,31.174486,32.251905,30.447125,70.240304,29.561664,36.173239,21.274907,21.205320,21.109634,28.329503,29.011690,28.079131,32.859436,32.806526,26.633749,26.810280,34.031502,37.009294,33.091240,37.372033,35.448209,37.915485,31.366994,36.614513,33.493987,36.629558,31.392430,36.215882,31.465014,33.804153,30.768094,33.357147,32.677038,34.615374,31.389311,33.453738,82.814763,87.660797,129.166959,84.796519,137.086195,57.625876,44.742605,156.935360,119.890000,2.182000,216.000000,118.410000,1.659000,145.600000,34781.275222,12.902484,23.270755,92.719567,34.105550,1938.265602,1260.829147
06/22/2026 09:36:52,0.000000,0.000000,75.271980,74.720320,65.691669,75.496682,78.434477,72.922706,71.825673,74.710639,32.483236,28.084167,28.439851,28.431313,34.929010,34.943644,32.273607,32.592114,32.308406,34.357255,33.126622,32.864736,31.213633,32.237602,30.236671,71.189100,29.425246,35.326715,21.489518,21.434310,21.337297,28.332667,28.903777,28.279561,32.817717,32.769696,26.607465,26.772229,34.059392,37.015851,33.091558,37.348034,35.436996,37.889727,31.355276,36.607456,33.508227,36.627812,31.391201,36.191196,31.478692,33.812013,30.797820,33.351839,32.680620,34.607413,31.392538,33.447182,79.131395,84.082909,129.970576,78.772328,137.808445,57.951074,44.116749,142.445150,119.830000,2.126000,207.700000,118.430000,1.591000,137.000000,34841.273401,12.658367,22.668348,86.177467,34.104542,1941.869355,1263.251797
06/22/2026 09:37:52,0.000000,0.000000,75.261165,74.698089,65.739667,75.481400,78.451642,72.862491,71.819148,74.704981,33.265211,29.137981,29.550521,29.752048,35.680271,35.177711,32.911420,33.254558,33.071883,34.804381,34.349198,34.323432,32.904268,33.023406,31.795943,61.986798,30.576973,34.115025,21.499530,21.341978,21.075676,29.448954,29.943016,30.325515,33.698575,33.843794,27.974958,28.408186,34.045242,37.003080,33.107931,37.358131,35.445624,37.902305,31.361722,36.606032,33.512129,36.624175,31.418739,36.214133,31.472663,33.802895,30.785104,33.351298,32.711651,34.627279,31.389332,33.443986,77.538316,82.866120,128.056827,80.223139,135.322601,57.330328,45.424104,148.893730,119.850000,2.144000,211.100000,118.340000,1.625000,140.700000,34901.272074,10.193699,23.921326,89.141268,34.109173,1945.303556,1265.510607
06/22/2026 09:38:52,0.000000,0.000000,75.223623,74.666437,65.519318,75.438341,78.444913,72.815487,71.829562,74.697191,32.961353,28.847292,29.167574,29.224844,35.002055,35.108910,32.625275,33.007655,32.827089,34.667919,33.590583,33.648060,31.816311,32.647620,30.961636,69.665142,30.965650,36.571859,22.169460,22.098142,21.922787,29.623483,30.313199,30.735740,33.422918,33.388707,27.206326,27.587655,34.035346,37.009586,33.070645,37.358622,35.429420,37.881291,31.345431,36.597994,33.493397,36.613482,31.388696,36.211730,31.473749,33.812859,30.803571,33.347670,32.697793,34.605468,31.378894,33.422026,81.966909,87.047627,128.905449,83.975687,136.551837,57.376708,45.641624,155.528596,119.920000,2.181000,216.400000,118.430000,1.651000,145.300000,34961.271083,12.444051,24.127808,92.102597,34.098883,1948.883302,1267.913345
06/22/2026 09:39:52,0.000000,0.000000,75.211488,74.710495,65.544633,75.447663,78.452940,72.826532,71.813320,74.696637,32.835541,28.618869,28.995848,28.998462,35.144586,35.210640,32.607506,32.932992,32.782186,34.624893,33.486639,33.237756,31.667282,32.472589,30.967895,71.820062,30.755002,37.217411,22.053430,21.970888,21.837787,29.416361,30.143153,30.290262,33.301577,33.286913,27.110710,27.421287,34.031082,37.000473,33.070330,37.365383,35.426942,37.896935,31.334474,36.601616,33.501921,36.625512,31.358025,36.214458,31.435614,33.797053,30.785926,33.349086,32.690316,34.617529,31.392333,33.442979,84.271429,89.356582,129.816060,86.607916,137.678153,57.866307,45.464501,161.272503,119.900000,2.210000,219.200000,118.380000,1.679000,148.600000,35021.268659,13.257695,23.959716,94.598695,34.096899,1952.504044,1270.356718
06/22/2026 09:40:52,0.000000,0.000000,75.227724,74.726741,65.500399,75.468452,78.432848,72.850773,71.838960,74.689232,32.789454,28.511938,28.905000,28.883224,34.952012,35.164834,32.602579,32.907172,32.762775,34.629040,33.328623,33.316709,31.684511,32.355893,30.771774,65.687302,30.441096,35.321599,21.116670,21.015189,20.857602,29.160568,29.924466,29.899944,33.140913,33.140913,27.123873,27.388911,34.038850,37.018827,33.068157,37.381790,35.441114,37.896925,31.329118,36.624621,33.490808,36.630374,31.377234,36.231331,31.453872,33.810366,30.792602,33.365520,32.694312,34.610868,31.381244,33.437253,77.145614,82.484221,129.078468,78.858339,136.314091,57.956913,44.543244,143.865184,119.930000,2.125000,207.700000,118.620000,1.594000,137.400000,35081.267075,12.242216,23.079383,86.837675,34.103759,1956.011869,1272.685546
06/22/2026 09:41:52,0.000000,0.000000,75.184893,74.694871,65.514742,75.453449,78.388867,72.823443,71.814406,74.690114,32.701867,28.248219,28.695331,28.638557,34.821449,35.026326,32.459698,32.836377,32.566224,34.532781,33.211320,33.280535,31.355976,32.367724,30.571556,71.804665,30.428366,36.704377,21.905903,21.826939,21.690850,29.105285,29.860288,29.679704,33.078717,33.032045,26.688824,27.073854,33.999125,36.988539,33.040732,37.343459,35.418843,37.898138,31.312964,36.593125,33.474737,36.596665,31.347448,36.182695,31.423907,33.771618,30.759955,33.323674,32.688453,34.588609,31.356804,33.426656,83.359480,88.245743,129.296488,85.712607,137.197977,57.683869,45.381377,159.474396,119.970000,2.207000,218.700000,118.380000,1.669000,147.900000,35141.265873,12.823675,23.880702,93.823805,34.076807,1959.588797,1275.086804
06/22/2026 09:42:52,0.000000,0.000000,75.237925,74.708638,65.608963,75.437660,78.434979,72.795747,71.856114,74.703793,32.678630,28.363688,28.672463,28.666528,34.828408,34.947703,32.533445,32.819390,32.578120,34.526457,33.051205,33.454126,31.401729,32.267037,30.560322,71.924560,29.737929,35.977199,21.844119,21.730598,21.653308,28.520118,29.147811,28.246124,33.048319,32.982975,26.897273,27.015593,34.020240,36.972863,33.055089,37.333865,35.413943,37.881766,31.302245,36.598380,33.466241,36.609000,31.357266,36.196879,31.424773,33.795574,30.779539,33.326729,32.687063,34.598313,31.358603,33.414677,81.180024,86.216986,130.218946,81.598449,138.091768,57.888192,44.564122,145.573789,119.930000,2.141000,210.700000,118.570000,1.617000,139.500000,35201.263597,12.877752,23.099447,87.626324,34.079652,1963.215383,1277.533657
06/22/2026 09:43:52,0.000000,0.000000,75.336043,74.707101,65.636026,75.424444,78.461355,72.789690,71.840607,74.721720,32.504023,28.073781,28.471859,28.490868,34.960701,35.068005,32.377043,32.700399,32.505357,34.437454,32.613881,33.209434,31.202255,32.294316,30.370173,62.532455,29.962895,34.381963,20.381042,20.309591,19.992119,28.636783,29.354524,29.546288,32.879372,32.857142,26.455847,26.673154,33.994677,36.973049,33.050102,37.344822,35.417934,37.874258,31.296902,36.558978,33.468446,36.582432,31.341844,36.181554,31.434578,33.765822,30.765726,33.315604,32.686158,34.574784,31.353874,33.402408,76.854818,82.001687,128.147074,79.508166,135.607027,57.373494,44.295329,145.864788,119.930000,2.129000,208.900000,118.560000,1.607000,138.400000,35261.262132,11.541237,22.840726,87.760027,34.069198,1966.639244,1279.780796
06/22/2026 09:44:52,0.000000,0.000000,75.375186,74.737401,65.780679,75.440825,78.486512,72.873878,71.747409,74.693068,32.376130,27.975359,28.418086,28.353930,34.973171,35.014853,32.315530,32.585988,32.397928,34.364456,32.639896,32.981030,31.239293,32.164444,30.264856,70.243744,29.949616,35.693168,21.460776,21.358433,21.216673,28.604107,29.323200,28.281485,32.844488,32.817367,26.426150,26.773894,33.982466,36.976807,33.026604,37.350187,35.379954,37.911062,31.272530,36.578318,33.461206,36.593365,31.322635,36.178848,31.412435,33.785497,30.738675,33.327026,32.681579,34.576871,31.349369,33.412578,81.874747,86.941008,129.040686,83.914676,136.784095,57.262271,44.662977,155.260256,120.010000,2.183000,215.600000,118.650000,1.651000,145.000000,35321.259325,12.498792,23.194376,91.984486,34.065901,1970.203659,1282.167961
06/22/2026 09:45:52,0.000000,0.000000,75.402838,74.771411,65.717686,75.485078,78.510837,72.888200,71.740686,74.738341,32.477869,28.014508,28.378687,28.397238,34.637006,34.759877,32.242804,32.559544,32.355536,34.367432,33.138148,32.668927,31.174707,32.240557,30.387682,71.533466,29.467404,36.681648,21.449810,21.375297,21.210713,28.311708,28.930112,28.206833,32.849336,32.799982,26.451130,26.730973,33.997083,36.970138,33.042630,37.330758,35.419545,37.882933,31.290500,36.575461,33.467223,36.612191,31.338253,36.169131,31.397880,33.765216,30.759324,33.329044,32.675150,34.579330,31.339144,33.410824,84.109011,89.149820,129.952481,86.249173,137.658850,57.382896,44.804560,160.629813,120.020000,2.205000,219.000000,118.530000,1.672000,148.000000,35381.259278,13.351518,23.330130,94.322398,34.067588,1973.814601,1284.601514
06/22/2026 09:46:52,0.000000,0.000000,75.341809,74.786392,65.602137,75.504768,78.508583,72.887625,71.698770,74.751081,32.440630,28.007494,28.434593,28.392059,34.692630,34.980907,32.270849,32.549773,32.352993,34.295222,32.738616,32.506766,31.225678,32.108571,30.300774,66.708809,29.394000,34.942757,20.627342,20.537041,20.317605,28.248635,28.888030,28.501211,32.713375,32.707149,26.585724,26.891882,33.996728,36.956957,33.007799,37.326620,35.388878,37.876661,31.268581,36.556058,33.448189,36.577743,31.315314,36.168473,31.395565,33.757580,30.752552,33.302897,32.676554,34.542132,31.327790,33.395946,77.828059,83.260762,129.487705,79.359992,136.796040,57.185595,43.920107,145.751657,120.020000,2.128000,208.600000,118.460000,1.600000,138.100000,35441.257863,12.464678,22.478079,87.708069,34.051951,1977.348683,1286.955041
06/22/2026 09:47:52,0.000000,0.000000,75.428170,74.789156,65.818467,75.514578,78.526772,72.931340,71.699234,74.746895,33.333947,29.120892,29.550828,29.754692,35.703278,35.291604,32.773998,33.082082,32.992178,34.771421,34.092961,34.413929,32.827321,32.999371,31.656914,70.922172,30.721319,35.955048,22.647812,22.631224,22.456455,29.586403,30.037184,30.507920,33.703010,33.855778,27.916924,28.386421,33.963652,36.938601,32.996292,37.334629,35.383895,37.850927,31.241292,36.562192,33.437020,36.575026,31.296859,36.161646,31.367833,33.738819,30.695842,33.297503,32.663150,34.550057,31.312008,33.368657,83.919898,89.204488,129.721455,86.060943,137.312252,56.737188,46.322929,162.271577,119.920000,2.219000,220.400000,118.460000,1.683000,149.700000,35501.256128,11.184103,24.770945,95.026739,34.036795,1980.954303,1289.384306
06/22/2026 09:48:52,0.000000,0.000000,75.399367,74.785260,65.888401,75.510702,78.529639,72.888072,71.733144,74.726178,32.950766,28.917413,29.265335,29.343271,35.270951,35.044856,32.682840,33.006073,32.893416,34.632068,33.461393,33.610096,31.858866,32.594042,31.114233,66.744299,31.020058,35.554292,21.644139,21.517580,21.326756,29.649732,30.357269,30.823476,33.378872,33.402865,27.463928,27.753771,33.984326,36.948139,32.994250,37.326850,35.374529,37.862357,31.262175,36.552924,33.457926,36.554694,31.302106,36.134095,31.392279,33.728545,30.734112,33.277532,32.672959,34.534997,31.318146,33.354339,74.646932,80.138386,128.978005,74.699330,136.214267,56.696408,44.493331,137.563722,119.940000,2.094000,203.700000,118.370000,1.567000,133.400000,35561.254320,12.522898,23.031394,83.874053,34.038364,1984.488668,1291.737595
06/22/2026 09:49:52,0.000000,0.000000,75.369396,74.773858,65.855956,75.516495,78.521951,72.894730,71.704245,74.763297,32.682227,28.436911,28.854082,28.868943,35.355877,35.111185,32.572052,32.896663,32.714245,34.604580,33.533377,33.398015,31.658666,32.423062,30.792883,69.783868,30.982943,36.018847,21.777733,21.648947,21.490322,29.516128,30.345854,30.780867,33.255474,33.200813,26.745881,27.134017,33.989671,36.928694,33.009043,37.307519,35.377697,37.857561,31.272934,36.532586,33.439731,36.568433,31.309597,36.140211,31.390117,33.702407,30.706545,33.276663,32.695659,34.536792,31.332767,33.365365,80.789705,85.911104,128.255831,83.361935,135.703835,56.492223,45.122198,154.921513,119.800000,2.181000,214.900000,118.400000,1.653000,145.000000,35621.252464,12.385038,23.633809,91.835192,34.037000,1987.984503,1294.060356
06/22/2026 09:50:52,0.000000,0.000000,75.387687,74.839481,65.678870,75.571823,78.498842,72.955309,71.684956,74.752950,32.702814,28.452661,28.833692,28.841418,34.930410,34.927750,32.705762,32.887619,32.692142,34.582529,33.282480,33.241738,31.546976,32.447662,30.605543,71.204183,30.325844,36.745525,21.859243,21.821555,21.666881,29.058264,29.847619,29.606835,33.126816,33.075702,27.003405,27.202193,33.973534,36.948888,32.971607,37.315383,35.377097,37.839290,31.243369,36.558928,33.435964,36.553175,31.282536,36.146528,31.358325,33.727121,30.696583,33.272008,32.674101,34.537024,31.319964,33.360151,83.025862,88.093742,129.334102,85.085624,136.964945,56.542559,45.160943,157.719988,119.970000,2.197000,217.100000,118.610000,1.660000,146.700000,35681.250557,13.074757,23.670768,93.062076,34.029579,1991.588277,1296.485361
06/22/2026 09:51:52,0.000000,0.000000,75.431456,74.806810,65.704354,75.552336,78.492042,72.893842,71.666527,74.777262,32.723386,28.355497,28.731197,28.697482,34.725676,35.093750,32.480761,32.804966,32.619769,34.558687,33.204383,32.895205,31.453136,32.341061,30.390748,70.836705,29.901673,35.552924,21.897619,21.826281,21.731635,28.741665,29.439294,28.549811,33.061535,32.995303,26.864545,27.065542,33.942468,36.920592,32.971991,37.295869,35.353056,37.844485,31.209397,36.520864,33.418633,36.558924,31.255243,36.122505,31.338613,33.701254,30.718313,33.267115,32.649638,34.522822,31.303810,33.336488,77.280007,82.556654,129.751459,76.708987,137.167121,56.753551,44.321548,140.643484,119.920000,2.112000,206.600000,118.740000,1.586000,135.800000,35741.249227,12.686922,22.866002,85.333502,34.012604,1995.184504,1298.901114
06/22/2026 09:52:52,0.000000,0.000000,75.453359,74.818589,65.695761,75.562165,78.547690,72.926144,71.728732,74.726007,32.514410,28.047604,28.469339,28.464439,34.751714,35.013809,32.383937,32.725968,32.536204,34.477101,32.963972,32.995543,31.338052,32.200776,30.504116,64.338108,30.077225,34.763699,20.538054,20.406855,20.187350,28.702070,29.484003,29.672632,32.888690,32.895359,26.378077,26.605223,33.957807,36.945605,32.968543,37.305262,35.365831,37.854570,31.234717,36.540627,33.443804,36.569835,31.269468,36.141954,31.361703,33.745144,30.710658,33.296290,32.673944,34.547071,31.326500,33.364892,78.218189,83.484918,127.962863,81.139973,135.156264,56.385466,44.684147,150.253720,119.990000,2.153000,211.700000,118.700000,1.622000,141.300000,35801.247554,11.549009,23.214690,89.755350,34.031211,1998.614381,1301.157634
06/22/2026 09:53:52,0.000000,0.000000,75.435021,74.792210,65.850591,75.577664,78.494989,72.901465,71.688855,74.741624,32.430228,28.039013,28.464766,28.406116,35.196160,34.899092,32.258283,32.667967,32.346149,34.410432,32.788247,33.194354,31.219218,32.069631,30.330532,70.309724,29.711773,36.048649,21.344324,21.318287,21.159774,28.467244,29.106108,27.131569,32.849180,32.832729,26.582338,26.940760,33.918329,36.929277,32.942542,37.312561,35.350884,37.854691,31.193401,36.537726,33.385355,36.556756,31.243069,36.132989,31.302121,33.727946,30.657745,33.264494,32.623888,34.526860,31.265793,33.355896,81.995380,87.197547,128.997700,83.938047,136.610828,56.419169,44.720173,155.491210,120.010000,2.181000,215.700000,118.550000,1.651000,145.200000,35861.246136,12.799403,23.249246,92.086150,34.004116,2002.192574,1303.560272
06/22/2026 09:54:52,0.000000,0.000000,75.526495,74.856292,65.910231,75.614730,78.542444,72.962783,71.713122,74.762424,32.539719,28.036402,28.433151,28.407629,34.779963,34.861125,32.346503,32.576478,32.343991,34.306213,32.704272,32.852253,31.198004,32.190847,30.381920,71.946499,29.454965,36.811332,21.384324,21.296339,21.193050,28.278532,28.863491,28.207127,32.877255,32.806562,26.455954,26.738166,33.938966,36.921969,32.950912,37.298338,35.346498,37.852970,31.185871,36.550345,33.410908,36.539723,31.246213,36.125929,31.338703,33.711560,30.668041,33.269610,32.654358,34.523538,31.280076,33.328816,84.481307,89.493797,129.843604,86.505108,137.592294,56.566835,44.783099,159.377289,120.120000,2.206000,218.700000,118.550000,1.669000,147.900000,35921.244482,13.501764,23.309568,93.781790,34.007167,2005.815308,1306.006399
06/22/2026 09:55:52,0.000000,0.000000,75.510186,74.863207,66.035481,75.618703,78.572484,72.968462,71.740765,74.760391,32.537674,27.999981,28.402540,28.356281,34.806545,34.964866,32.326270,32.590497,32.313027,34.278432,32.800942,33.300262,31.189954,32.151214,30.571587,65.524924,29.615781,35.199613,20.569533,20.442382,20.227502,28.380064,28.987737,28.961418,32.746128,32.727007,26.510507,26.883643,33.929932,36.924912,32.939433,37.305490,35.341454,37.858987,31.178572,36.548934,33.416601,36.535657,31.248477,36.119324,31.319374,33.710058,30.633108,33.270415,32.656942,34.516799,31.279222,33.337739,79.054357,84.290501,129.023672,81.345863,136.325307,56.499669,44.128499,149.781616,120.050000,2.147000,211.200000,118.520000,1.628000,141.100000,35981.243328,12.519911,22.679702,89.542601,34.003571,2009.323935,1308.337744
06/22/2026 09:56:52,0.000000,0.000000,75.527561,74.914392,65.797301,75.675777,78.553227,73.012165,71.676184,74.775053,32.786624,28.554610,29.052044,28.921640,34.699706,34.961375,32.344599,32.576798,32.356092,34.243724,33.247142,33.322092,31.418140,32.162841,31.131415,68.583924,30.365266,30.092894,26.052504,26.818848,27.226293,29.396060,29.685921,30.109039,32.957940,32.821007,28.146435,28.748350,33.929975,36.924954,32.939125,37.308279,35.346687,37.844764,31.178933,36.522873,33.398435,36.528184,31.224320,36.103287,31.319289,33.699758,30.662884,33.260245,32.677450,34.495553,31.273333,33.318981,83.666462,85.504410,124.694187,83.674407,129.017009,61.914328,53.590244,128.352439,120.630000,0.626000,67.100000,0.000000,0.000000,-0.000000,36041.240693,-1.224036,31.316930,79.375552,33.997865,2011.959645,1309.746177
06/22/2026 09:57:52,0.000000,0.000000,75.489393,74.876196,65.714704,75.654774,78.570153,73.012690,71.761506,74.763735,34.292963,31.629888,31.748390,32.110774,36.142252,35.453877,33.631727,33.916392,33.806404,35.027123,35.893938,35.447230,34.020740,33.527352,33.265645,60.270807,31.614929,32.869930,29.107518,29.224379,31.448335,31.415811,31.388632,31.778459,34.471869,34.504703,31.900816,32.157458,33.935011,36.887063,32.957003,37.277425,35.331428,37.814971,31.178297,36.501542,33.407233,36.498444,31.253528,36.102203,31.325782,33.656930,30.672053,33.227272,32.663575,34.471505,31.301204,33.293453,75.305061,75.626756,113.137505,71.790165,116.977240,72.671951,56.682237,102.388040,120.330000,0.625000,66.700000,0.000000,0.000000,-0.000000,36101.238408,-1.074463,33.944393,65.430002,33.987796,2013.078547,1309.746177
06/22/2026 09:58:52,0.000000,0.000000,75.559947,74.876675,65.887707,75.663524,78.608318,72.985479,71.846643,74.772101,34.619255,32.341103,32.285935,32.644831,35.619369,35.699117,33.963717,34.253588,34.169738,35.194872,35.675712,35.280349,33.612850,33.508016,33.382769,49.906754,32.276988,33.239232,30.771360,30.798991,31.901287,32.052251,32.080734,32.321018,34.499901,34.446657,32.173351,32.339801,33.904290,36.914848,32.932715,37.303230,35.336259,37.836135,31.175578,36.498413,33.387653,36.497970,31.205849,36.100430,31.294548,33.678205,30.667105,33.249905,32.651982,34.500315,31.249070,33.317002,79.742019,79.873070,103.711534,68.723820,110.228645,78.773852,56.801097,92.439720,120.370000,0.632000,67.300000,0.000000,0.000000,-0.000000,36161.235991,-0.804452,34.043684,59.479127,33.985075,2014.197891,1309.746177
06/22/2026 09:59:52,0.000000,0.000000,75.465443,74.887293,66.003041,75.687489,78.587613,73.012905,71.828893,74.759060,34.672391,32.619015,32.525170,32.888873,35.777012,35.889964,34.239792,34.582359,34.444351,35.483313,35.304706,35.587393,33.682066,33.599007,33.834912,43.648271,32.712088,33.424600,31.497316,31.502663,31.941058,32.437700,32.453269,32.628958,34.670151,34.589413,32.286705,32.411853,33.920257,36.897579,32.908949,37.263234,35.321428,37.829303,31.184730,36.489855,33.378617,36.496493,31.203819,36.091328,31.295678,33.663342,30.611187,33.231980,32.627372,34.482861,31.250605,33.297648,80.312782,80.400514,97.254145,66.281998,106.066872,82.006461,56.886940,82.303823,120.410000,0.629000,67.300000,0.000000,0.000000,-0.000000,36221.234567,-0.690718,34.115318,52.980222,33.972313,2015.317253,1309.746177
06/22/2026 10:00:52,0.000000,0.000000,75.477730,74.872552,65.865606,75.668286,78.599603,72.973743,71.844271,74.762131,34.842142,32.829221,32.733177,33.029368,36.010005,36.184912,34.527292,34.818733,34.701540,35.700297,36.134786,35.704821,33.880148,33.735380,33.619461,40.085836,33.034271,33.416011,31.772937,31.732397,31.975950,32.685583,32.752285,32.913237,34.793481,34.717634,32.362803,32.491140,33.911040,36.898570,32.917316,37.278188,35.342105,37.853009,31.164077,36.489443,33.382202,36.509359,31.199180,36.103544,31.294632,33.670738,30.645796,33.240898,32.640745,34.488216,31.262452,33.307241,81.742315,81.826129,92.813375,67.810699,103.291777,83.637017,56.957051,75.592739,120.520000,0.623000,67.300000,0.000000,0.000000,-0.000000,36281.234498,-0.757765,34.173776,48.395133,33.979938,2016.435863,1309.746177
06/22/2026 10:01:52,0.000000,0.000000,75.477520,74.900646,65.946091,75.693249,78.607655,73.014026,71.869844,74.765646,35.005767,32.967032,32.918575,33.166161,36.103780,36.334004,34.739837,35.040512,34.890473,35.899181,35.769840,35.766295,34.025231,33.837416,34.047588,38.053874,33.287427,33.426056,31.881459,31.832458,32.005511,32.852049,32.965416,33.126769,34.932919,34.839789,32.384340,32.518052,33.894390,36.861633,32.912238,37.265179,35.325629,37.815376,31.147514,36.476749,33.375679,36.480732,31.199102,36.057857,31.296338,33.651119,30.606053,33.219265,32.623542,34.457742,31.240096,33.272059,82.787502,82.895490,89.616956,69.913581,101.402012,84.391830,57.024346,71.164971,120.550000,0.627000,67.300000,0.000000,0.000000,-0.000000,36341.232276,-0.803790,34.229846,45.229742,33.958915,2017.554321,1309.746177
06/22/2026 10:02:52,0.000000,0.000000,75.485059,74.883265,66.010497,75.663622,78.599161,73.004630,71.865368,74.766678,35.147258,33.075549,33.083549,33.302508,36.279028,36.498137,34.922879,35.250968,35.078983,36.056899,36.127748,35.766213,34.263516,33.874633,34.355054,36.950887,33.500201,33.502422,31.909030,31.855574,32.017746,33.006531,33.149209,33.293640,35.043774,34.974602,32.428826,32.601865,33.898138,36.878638,32.888517,37.274306,35.331748,37.839150,31.159458,36.492099,33.346213,36.495640,31.186694,36.088479,31.274863,33.663024,30.610423,33.242677,32.638077,34.485555,31.248184,33.309898,83.872107,84.051854,87.359230,71.396078,100.036977,84.889985,57.163598,68.020962,120.480000,0.629000,67.200000,0.000000,0.000000,-0.000000,36401.229965,-0.843323,34.345745,42.907695,33.967589,2018.673250,1309.746177
06/22/2026 10:03:52,0.000000,0.000000,75.529786,74.894228,65.860614,75.657736,78.590772,72.991104,71.894138,74.741268,35.255450,33.188021,33.264902,33.457469,36.455987,36.602476,35.119866,35.390705,35.247471,36.201274,36.029469,35.860460,34.524337,33.873642,34.342303,36.348763,33.670079,33.622110,31.905216,31.847751,32.018237,33.159033,33.295019,33.426538,35.170087,35.100926,32.494173,32.696731,33.894282,36.877451,32.890946,37.284239,35.332588,37.841754,31.164758,36.483101,33.366061,36.508771,31.183212,36.087233,31.292639,33.673193,30.628203,33.251418,32.633039,34.478309,31.260298,33.289984,75.488478,75.029888,85.754112,72.246872,98.980740,85.226512,57.361212,66.082701,120.500000,0.627000,67.100000,0.000000,0.000000,-0.000000,36461.228461,-0.887822,34.509932,41.443279,33.971074,2019.792195,1309.746177
06/22/2026 10:04:52,0.000000,0.000000,75.558393,74.925813,65.859661,75.678875,78.629924,73.016543,71.872584,74.749363,35.496252,33.363691,33.505417,33.663633,36.623323,36.885691,35.318748,35.600153,35.447063,36.384692,36.348395,36.163862,34.529266,34.013995,34.654062,36.058167,33.862613,33.769358,31.939310,31.900110,32.024558,33.386197,33.496379,33.712254,35.307857,35.230286,32.595047,32.801533,33.886151,36.870235,32.903006,37.251576,35.329556,37.841825,31.154580,36.484584,33.355553,36.477503,31.195814,36.066988,31.291819,33.649724,30.633623,33.213800,32.630526,34.477134,31.237253,33.271001,77.370110,77.451825,83.977334,71.843371,98.171298,85.522021,57.555232,65.038474,120.550000,0.624000,66.800000,0.000000,0.000000,-0.000000,36521.227968,-0.901448,34.670806,40.643470,33.961113,2020.910658,1309.746177
06/22/2026 10:05:52,0.000000,0.000000,75.490979,74.890034,66.044233,75.664165,78.634614,73.029307,71.898002,74.761174,35.789707,33.505569,33.693906,33.882403,36.697937,36.991684,35.433051,35.804786,35.630220,36.558785,36.306935,36.447015,34.721629,34.142120,34.787088,35.957152,34.015490,33.932909,31.930542,31.891341,32.031809,33.588018,33.683514,33.901115,35.450415,35.351140,32.725195,32.948781,33.909327,36.871206,32.886841,37.254069,35.336655,37.819739,31.183996,36.471240,33.365706,36.473896,31.224110,36.058797,31.310094,33.645289,30.608671,33.204845,32.649138,34.465087,31.258865,33.261893,78.812663,78.771030,82.494010,71.536568,97.511623,85.624957,57.806546,64.381058,120.520000,0.628000,67.000000,0.000000,0.000000,-0.000000,36581.225985,-0.945799,34.878708,40.135925,33.962973,2022.028176,1309.746177
06/22/2026 10:06:52,0.000000,0.000000,75.464704,74.902607,65.991194,75.656275,78.640210,73.032401,71.891805,74.772744,35.908782,33.716924,33.974919,34.182231,36.912668,37.132046,35.586385,36.028906,35.786530,36.664028,36.717125,36.500731,34.900528,34.312717,34.879348,35.947419,34.210307,34.016764,31.939839,31.885493,32.044184,33.808223,33.891261,34.182934,35.561648,35.505816,32.954179,33.221144,33.875035,36.877740,32.854571,37.262655,35.314972,37.831705,31.148385,36.469758,33.328227,36.488789,31.203195,36.070781,31.280723,33.649323,30.591770,33.223799,32.611625,34.465376,31.237505,33.277030,80.006783,80.060953,81.563343,71.545300,96.999452,85.814364,58.144770,63.901995,120.820000,0.628000,67.200000,0.000000,0.000000,-0.000000,36641.224184,-1.140894,35.157658,39.764091,33.953148,2023.147031,1309.746177
06/22/2026 10:07:52,0.000000,0.000000,75.477077,74.864716,65.806018,75.661950,78.645445,73.016501,71.869750,74.762595,36.629615,34.601678,35.036321,35.434216,37.681042,37.557292,36.299414,36.649950,36.591115,37.246679,37.920262,37.910371,36.530314,35.094231,35.947839,36.738002,34.776396,34.445449,31.919284,31.887656,32.022525,34.920448,34.714214,35.166085,36.488441,36.594213,34.174788,34.620806,33.896485,36.867259,32.899562,37.249477,35.349038,37.838712,31.189316,36.448885,33.348152,36.474556,31.232573,36.048610,31.332791,33.663029,30.643854,33.212175,32.647134,34.476842,31.281141,33.260113,80.300632,80.314485,81.023215,71.626246,96.600794,85.567903,59.670520,64.153341,120.810000,0.629000,67.200000,0.000000,0.000000,-0.000000,36701.222971,-1.958692,36.404141,39.959388,33.967985,2024.265786,1309.746177
06/22/2026 10:08:52,0.000000,0.000000,75.559664,74.940181,65.945061,75.690835,78.689791,73.096703,71.876414,74.779377,36.993469,35.186811,35.427934,35.805412,37.669898,37.863001,36.495980,36.905708,36.793963,37.362270,37.779952,37.568688,36.002064,35.012552,35.998804,36.819001,35.143572,34.541742,31.965178,31.913505,32.056270,35.198368,35.236047,35.717749,36.449367,36.471054,34.790961,35.237621,33.891575,36.854404,32.876382,37.237477,35.341601,37.809205,31.197435,36.444653,33.335460,36.462357,31.212295,36.047941,31.296798,33.644916,30.620776,33.205703,32.635321,34.457957,31.277794,33.277217,80.290754,80.362117,80.612680,71.712529,96.234123,85.822494,60.102842,63.752612,120.900000,0.626000,67.200000,0.000000,0.000000,-0.000000,36761.221474,-2.212118,36.753860,39.647800,33.956363,2025.384258,1309.746177
06/22/2026 10:09:52,0.000000,0.000000,75.572951,74.945452,66.002474,75.698046,78.739454,73.099702,71.879977,74.777012,37.274641,35.718517,35.775221,36.098024,37.849170,37.974643,36.856499,37.175395,37.027881,37.597791,37.760422,37.998939,36.212702,35.178678,36.370171,36.962222,35.512435,34.766302,31.955919,31.923401,32.043531,35.500809,35.543349,35.874284,36.614928,36.641036,35.513184,35.844311,33.882318,36.871283,32.875315,37.233762,35.332712,37.829064,31.188944,36.448108,33.337151,36.497679,31.219016,36.049750,31.315933,33.651554,30.614957,33.231837,32.619668,34.447665,31.272485,33.270144,80.218281,80.350519,80.306442,71.846249,95.924211,85.979432,60.514674,63.250729,120.830000,0.624000,66.900000,0.000000,0.000000,-0.000000,36821.219896,-2.319303,37.085605,39.255882,33.959467,2026.503090,1309.746177
06/22/2026 10:10:52,0.000000,0.000000,75.552926,74.897530,66.056931,75.655265,78.754443,73.044936,71.877904,74.802409,37.438374,36.053075,36.069903,36.378444,38.078183,38.181095,37.126704,37.457870,37.289827,37.810506,37.818901,38.209360,36.425363,35.330893,36.864858,37.128031,35.749876,34.909956,31.955879,31.917124,32.049643,35.694317,35.762541,36.012348,36.831214,36.803784,35.861331,36.114307,33.903033,36.873783,32.890590,37.244090,35.360305,37.828294,31.246093,36.473244,33.358831,36.483424,31.240476,36.066206,31.348573,33.633457,30.647608,33.220189,32.640033,34.473752,31.299737,33.262218,80.162090,80.337995,80.119683,72.064213,95.669602,86.161918,60.847073,63.046157,120.970000,0.628000,67.200000,0.000000,0.000000,-0.000000,36881.217145,-2.442422,37.352378,39.095594,33.974697,2027.620900,1309.746177
06/22/2026 10:11:52,0.000000,0.000000,75.571638,74.930620,65.844877,75.670705,78.767724,73.093868,71.894128,74.765341,37.037260,35.325115,35.156669,35.490223,38.084151,38.421104,37.127856,37.531073,37.324694,37.977891,37.467930,37.995363,36.235682,35.156912,36.367293,59.424119,34.300052,33.577216,28.131968,28.517984,28.051957,34.315466,34.873562,33.320307,36.837411,36.883861,33.615602,33.493696,33.886316,36.861994,32.850358,37.231051,35.329534,37.813966,31.244120,36.439712,33.342942,36.453433,31.261534,36.044623,31.321204,33.634600,30.640286,33.203853,32.616569,34.472083,31.292724,33.263667,80.117734,80.378862,104.472156,89.719440,120.008493,70.337889,51.374158,195.763805,120.160000,2.358000,239.400000,118.640000,1.832000,170.000000,36941.215524,4.198704,29.378512,108.449926,33.960228,2029.826281,1311.453569
06/22/2026 10:12:52,0.000000,0.000000,75.571212,74.954694,66.085242,75.701402,78.758359,73.129739,71.936673,74.791266,36.677930,34.147796,34.184194,34.188700,37.917321,38.423464,36.852367,37.187184,36.849153,38.013560,36.872157,37.390964,35.574126,34.859983,35.493085,95.525308,34.045741,47.183180,29.501163,29.404835,29.351163,33.801825,34.049582,33.452703,36.901697,36.804372,33.114550,33.209870,33.887304,36.874923,32.877287,37.228649,35.343995,37.822196,31.268461,36.462278,33.339380,36.451213,31.263932,36.048334,31.332622,33.656642,30.602235,33.196735,32.619230,34.463645,31.316509,33.270057,82.514194,83.277597,130.320168,124.356643,144.970715,60.576804,52.574113,308.365926,119.870000,2.731000,285.000000,118.210000,2.179000,213.100000,37001.213640,16.749128,30.434052,144.415783,33.966281,2034.255417,1314.702158
06/22/2026 10:13:52,0.000000,0.000000,75.490383,74.906759,65.794710,75.691643,78.720037,73.084813,71.889544,74.778518,36.779201,34.200564,34.475708,34.402794,37.961680,38.395828,36.803148,37.185303,36.913245,38.070933,37.019845,37.297858,35.539744,34.825127,35.635650,115.111576,34.861502,43.007259,31.876916,31.831032,31.971439,34.440604,34.516921,34.484976,37.148981,36.942436,33.252363,33.429547,33.898131,36.872438,32.874268,37.242892,35.361933,37.842730,31.286494,36.458868,33.356840,36.484981,31.274572,36.056252,31.366695,33.654187,30.659941,33.216865,32.607798,34.479306,31.295514,33.261117,93.460428,94.479100,139.578341,138.749264,148.362498,63.557237,57.958616,296.251676,120.740000,0.622000,66.400000,0.000000,0.000000,-0.000000,37061.211867,8.003011,35.004248,141.042068,33.977591,2038.334890,1317.605082
06/22/2026 10:14:52,0.000000,0.000000,75.536500,74.916578,65.822143,75.692060,78.732228,73.095391,71.881802,74.770803,37.464231,35.483170,35.764074,35.857396,38.175032,38.503558,37.192367,37.471788,37.334700,38.273658,37.766978,37.904691,36.182003,35.182075,36.401324,94.121900,36.226621,37.917404,32.032247,33.054796,32.828268,35.839775,35.690931,36.015163,37.339759,37.189867,35.505079,35.689003,33.917578,36.883408,32.895116,37.230905,35.374106,37.848237,31.317445,36.475381,33.358310,36.477594,31.305959,36.065747,31.370021,33.660168,30.665051,33.226779,32.626170,34.491867,31.332247,33.291975,101.788284,102.459830,127.798927,119.701804,125.377800,74.177607,61.504004,168.507981,120.680000,0.629000,67.200000,0.000000,0.000000,-0.000000,37121.211059,0.040358,37.877046,97.659398,33.990703,2039.451597,1317.605082
06/22/2026 10:15:52,0.000000,0.000000,75.558324,74.903355,65.957795,75.686636,78.747851,73.051848,71.910439,74.784977,37.985497,36.436065,36.508651,36.698237,38.630837,38.860337,37.610844,37.882609,37.752654,38.563115,38.370180,38.361092,36.633633,35.531472,37.117013,72.431760,36.584845,37.552527,32.047068,33.034038,34.590478,36.310393,36.305966,36.450270,37.544224,37.429295,36.364085,36.567556,33.898548,36.839675,32.876898,37.235337,35.374643,37.804146,31.326006,36.451779,33.346168,36.471696,31.290178,36.045635,31.396403,33.638054,30.670939,33.214635,32.633586,34.463769,31.338744,33.266904,104.478456,104.953716,115.893146,107.913957,114.703369,80.209408,62.639577,114.058398,120.710000,0.626000,67.000000,0.000000,0.000000,-0.000000,37181.208336,-1.223565,38.776092,71.953491,33.979187,2040.569769,1317.605082
06/22/2026 10:16:52,0.000000,0.000000,75.490878,74.889511,65.805032,75.644594,78.695024,73.042700,71.894787,74.758815,38.143812,36.704426,36.626106,36.917234,39.010362,39.004626,37.899165,38.162883,38.028085,38.762803,38.808700,38.683367,37.012334,35.744587,37.340965,70.797094,35.585031,34.932983,31.271094,31.322335,31.412975,35.535152,36.087527,35.736745,37.655696,37.615478,35.982518,35.778135,33.918110,36.840585,32.876900,37.237550,35.384065,37.814423,31.350627,36.440095,33.360655,36.483913,31.313364,36.056723,31.411667,33.647052,30.721863,33.220236,32.610728,34.479567,31.353019,33.278475,105.045507,105.674247,113.676627,113.487399,121.771900,78.000136,54.875459,228.732511,119.730000,2.490000,256.200000,118.170000,1.964000,187.100000,37241.207934,2.513341,32.419642,120.210050,33.989981,2042.148601,1318.078171
06/22/2026 10:17:52,0.000000,0.000000,75.425702,74.909205,65.734834,75.670449,78.680412,73.044078,71.901329,74.772518,37.431420,35.018077,35.206944,35.175713,38.528126,38.995059,37.540562,37.932085,37.631210,38.875681,37.904735,37.953575,36.213283,35.206301,36.129759,108.973411,32.457048,41.834445,31.632114,31.796502,31.917845,33.903824,34.332634,32.851243,37.572055,37.489840,34.051388,34.216082,33.947952,36.876954,32.912359,37.257340,35.421435,37.839309,31.408692,36.455841,33.380905,36.485938,31.379598,36.083138,31.430078,33.672956,30.730474,33.233824,32.637668,34.497569,31.389400,33.278765,106.332016,106.779822,142.609059,139.991065,154.241304,68.482326,56.943942,339.253025,120.690000,0.623000,66.400000,0.000000,0.000000,-0.000000,37301.205682,7.671596,34.162849,152.609528,34.016010,2046.766114,1321.385287
06/22/2026 10:18:52,0.000000,0.000000,75.461583,74.970876,65.710060,75.704958,78.688724,73.063877,71.916875,74.789702,38.155277,36.392849,36.562805,36.680647,38.995908,39.126054,37.950498,38.178425,38.007746,39.007246,38.486902,38.454364,36.917783,35.658747,37.112442,88.304598,35.770403,36.219907,32.052647,31.976520,33.365543,35.814879,35.763051,35.787858,37.886894,37.779525,36.321778,36.608123,33.925042,36.882440,32.899778,37.243058,35.419055,37.829867,31.421002,36.457781,33.369967,36.466190,31.360341,36.064885,31.436151,33.668794,30.724069,33.210885,32.616490,34.497739,31.388856,33.279111,109.141127,110.563708,130.629211,127.695153,125.649730,77.586353,61.522357,225.386016,120.610000,0.628000,67.100000,0.000000,0.000000,-0.000000,37361.203163,-1.671748,37.891655,119.071718,34.008075,2047.880983,1321.385287
06/22/2026 10:19:52,0.000000,0.000000,75.483102,74.916793,65.918433,75.673833,78.666119,73.016989,71.935581,74.780882,38.615898,37.118986,37.233075,37.417385,39.316945,39.383538,38.350560,38.556743,38.427832,39.248198,39.176300,38.974632,37.412080,36.070133,37.726833,68.692343,36.453743,35.769623,32.135528,32.177803,34.347571,36.692141,36.606738,36.742139,38.054804,38.081748,36.959021,37.167514,33.929278,36.881351,32.904769,37.274110,35.410114,37.843045,31.438746,36.484828,33.356686,36.513153,31.379313,36.089055,31.447657,33.699363,30.716861,33.252262,32.600528,34.506218,31.388670,33.300255,109.983424,111.632844,121.029709,115.154496,115.495568,82.925056,62.735227,163.658110,120.510000,0.624000,66.900000,0.000000,0.000000,-0.000000,37421.202063,-3.081746,38.851369,95.617862,34.020813,2048.998963,1321.385287
06/22/2026 10:20:52,0.000000,0.000000,75.381497,74.906797,65.866913,75.643950,78.638023,72.991670,71.872610,74.777697,38.793373,37.482471,37.494406,37.754765,39.862903,39.587399,38.586401,38.837536,38.674209,39.514164,39.352329,39.318415,37.625723,36.239420,38.008800,57.174504,36.853145,36.178221,32.348929,32.784356,34.898337,37.049371,36.985238,37.064408,38.225704,38.245577,37.227440,37.435506,33.939101,36.887600,32.908149,37.251385,35.423566,37.841875,31.489694,36.461098,33.367077,36.495178,31.398705,36.087958,31.474992,33.695078,30.768270,33.239991,32.608706,34.513045,31.429893,33.315596,109.537767,111.268257,111.676361,102.280047,109.777427,85.897884,63.340886,129.547184,120.620000,0.627000,67.200000,0.000000,0.000000,-0.000000,37481.199575,-3.148203,39.326424,79.970814,34.029848,2050.116944,1321.385287
06/22/2026 10:21:52,0.000000,0.000000,75.333455,74.883231,65.834127,75.649418,78.606458,72.973868,71.887054,74.779840,39.095436,37.731117,37.784585,37.993150,39.927488,39.921759,38.860124,39.080735,38.901747,39.754689,39.227771,39.543109,37.882702,36.414962,38.243417,50.458129,37.103539,36.074208,32.544254,33.531053,35.616108,37.250699,37.255121,37.302873,38.346294,38.364840,37.406095,37.606247,33.947216,36.887722,32.919767,37.257633,35.433955,37.841629,31.518405,36.475240,33.381274,36.521712,31.418761,36.091064,31.486773,33.717481,30.769804,33.252413,32.607350,34.528108,31.444157,33.334264,108.530426,110.912294,106.867211,98.370677,106.137458,87.587514,63.732617,105.125172,120.740000,0.627000,67.100000,0.000000,0.000000,-0.000000,37541.199139,-3.558013,39.632221,67.001569,34.041736,2051.233520,1321.385287
06/22/2026 10:22:52,0.000000,0.000000,75.239218,74.892030,65.704660,75.628392,78.528717,72.964208,71.831200,74.751217,39.256504,37.921176,37.962704,38.172563,40.047427,39.997194,38.983099,39.272043,39.108734,39.880368,39.630881,40.038174,37.961422,36.593401,38.351032,45.821964,37.227063,35.883477,32.631573,33.799469,35.659072,37.399241,37.400567,37.488095,38.461376,38.485658,37.585402,37.764398,33.968468,36.916416,32.944358,37.275901,35.478458,37.847559,31.578293,36.492013,33.396779,36.523436,31.458919,36.103079,31.520375,33.731880,30.800743,33.286584,32.613086,34.544922,31.465157,33.333435,107.467188,110.273972,103.749631,97.916364,103.590055,88.429613,64.056761,88.420287,120.620000,0.626000,66.900000,0.000000,0.000000,-0.000000,37601.197361,-4.000923,39.884400,56.958736,34.063993,2052.350487,1321.385287
06/22/2026 10:23:52,0.000000,0.000000,75.175133,74.820736,65.575351,75.533971,78.444292,72.863562,71.824138,74.709954,39.396174,38.054011,38.103482,38.300931,40.307214,40.188713,39.178658,39.442838,39.279745,40.037996,39.801340,40.050808,38.190968,36.707421,38.504806,42.731866,37.366879,36.120062,32.779309,34.201359,35.819210,37.521902,37.566545,37.578920,38.546621,38.589441,37.694605,37.901434,33.988954,36.915594,32.979004,37.283390,35.498985,37.841958,31.621652,36.498519,33.403754,36.546316,31.501721,36.119936,31.547696,33.747567,30.828963,33.290449,32.625405,34.555880,31.505285,33.362791,106.385572,109.523918,101.397707,96.587907,101.852246,88.879565,64.238643,78.945206,120.740000,0.623000,66.900000,0.000000,0.000000,-0.000000,37661.195703,-3.905500,40.025562,50.716022,34.083191,2053.468456,1321.385287
06/22/2026 10:24:52,0.000000,0.000000,75.063265,74.801354,65.428028,75.499459,78.344262,72.822166,71.723850,74.758325,39.607847,38.208184,38.266037,38.433716,40.345413,40.391220,39.287754,39.632138,39.401933,40.197517,39.683232,40.126471,38.204978,36.815695,38.893361,41.041650,37.440173,36.448012,33.132634,34.991383,36.032846,37.678962,37.682939,37.731108,38.668330,38.681572,37.821303,38.006851,34.014092,36.933120,33.005849,37.291078,35.528498,37.866525,31.664243,36.516389,33.451460,36.546926,31.566432,36.139970,31.596971,33.762490,30.880481,33.303059,32.629130,34.565808,31.525889,33.366455,84.008686,84.877677,99.126379,94.240612,100.615444,89.095921,64.377603,73.502343,120.270000,0.627000,67.000000,0.000000,0.000000,-0.000000,37721.193965,-3.685237,40.133249,46.915427,34.107743,2054.584673,1321.385287
06/22/2026 10:25:52,0.000000,0.000000,75.063157,74.775051,65.653458,75.426404,78.307637,72.771751,71.666328,74.739037,39.751739,38.347470,38.389859,38.564874,40.526904,40.477140,39.438305,39.788355,39.548949,40.289327,40.004714,40.673973,38.436845,36.918808,38.589000,40.161162,37.542146,36.771358,33.622131,35.626410,36.326042,37.804107,37.829735,37.844316,38.738078,38.802071,37.913657,38.132424,34.001343,36.958459,32.988779,37.306376,35.518473,37.865365,31.707178,36.529587,33.438053,36.568089,31.550165,36.147271,31.594020,33.765766,30.885997,33.318532,32.625493,34.597671,31.536354,33.376447,82.387158,82.762302,95.041437,89.787963,99.578884,89.144675,64.540938,69.907108,120.310000,0.625000,66.800000,0.000000,0.000000,-0.000000,37781.192842,-3.488287,40.259645,44.308440,34.113971,2055.701319,1321.385287
06/22/2026 10:26:52,0.000000,0.000000,75.023724,74.732647,65.712670,75.383973,78.304903,72.705469,71.683317,74.703147,39.894810,38.434720,38.525226,38.651234,40.617017,40.595000,39.601876,39.879579,39.696464,40.380331,40.121305,40.288912,38.547058,36.982788,39.001621,39.669768,37.689610,36.982660,34.110424,36.171042,36.644941,37.890942,37.947050,37.955444,38.855629,38.902404,38.045022,38.243336,34.043132,36.994344,33.020895,37.317982,35.562255,37.870139,31.765450,36.538760,33.445928,36.617974,31.590467,36.153673,31.630465,33.790992,30.904626,33.337073,32.624482,34.620175,31.572646,33.417528,82.672419,83.004337,91.416747,85.865768,98.770232,89.131246,64.681938,67.297998,120.490000,0.626000,67.200000,0.000000,0.000000,-0.000000,37841.191003,-3.385941,40.368601,42.364488,34.140949,2056.817951,1321.385287
06/22/2026 10:27:52,0.000000,0.000000,74.965645,74.732015,65.494197,75.336303,78.231727,72.648330,71.631276,74.721013,40.020757,38.575464,38.632407,38.760442,40.784071,40.814006,39.757544,40.042685,39.782332,40.495192,40.160429,40.177208,38.647894,37.092666,39.160052,39.491704,37.784139,37.233818,34.306126,36.550806,36.949375,38.039429,38.049588,38.074766,38.972294,38.953762,38.131329,38.302057,34.020922,36.968235,33.033743,37.295390,35.559540,37.868757,31.819296,36.533692,33.457279,36.592993,31.616744,36.163406,31.641546,33.785607,30.944677,33.332429,32.618500,34.578273,31.582440,33.385086,83.567855,83.928693,88.771857,83.029037,98.176841,89.028511,64.807983,65.916000,120.360000,0.626000,67.300000,0.000000,0.000000,-0.000000,37901.188176,-3.232062,40.465880,41.316115,34.139928,2057.934260,1321.385287
06/22/2026 10:28:52,0.000000,0.000000,74.958493,74.690212,65.619381,75.324610,78.186407,72.644225,71.617932,74.717014,40.154470,38.706770,38.753553,38.882667,41.011181,40.919634,39.822730,40.159396,39.925340,40.597564,40.281786,40.423868,38.689368,37.156332,39.235432,39.495183,37.901720,37.334679,35.205691,36.929593,37.189087,38.140582,38.138374,38.181657,39.064519,39.053931,38.222768,38.397453,34.044471,36.993466,33.064216,37.334543,35.581792,37.876365,31.856369,36.544408,33.479587,36.618312,31.656936,36.178556,31.689312,33.839881,30.957698,33.370292,32.607476,34.642250,31.604812,33.450049,80.424328,80.075458,86.848737,81.305737,97.615608,88.961549,64.970249,65.001411,120.440000,0.623000,66.800000,0.000000,0.000000,-0.000000,37961.187183,-3.256264,40.590943,40.614939,34.169540,2059.049825,1321.385287
06/22/2026 10:29:52,0.000000,0.000000,74.893891,74.676722,65.462219,75.269494,78.136526,72.540219,71.618744,74.725851,40.296628,38.787401,38.823588,38.973968,41.036229,40.966252,39.978457,40.276734,40.011137,40.691215,40.044185,40.649737,38.901163,37.274359,39.419495,39.559713,38.014545,37.465708,35.993217,37.242884,37.391379,38.245484,38.268890,38.281696,39.177862,39.178745,38.326515,38.509740,34.056603,37.009534,33.070078,37.366458,35.614952,37.912523,31.916435,36.588986,33.483022,36.653594,31.688586,36.222407,31.702160,33.862900,30.999070,33.389279,32.623813,34.655440,31.640471,33.463396,76.091608,76.300405,84.991714,79.743875,97.072391,88.868233,65.021425,64.470396,120.370000,0.625000,67.000000,0.000000,0.000000,-0.000000,38021.194197,-3.164639,40.630347,40.205080,34.195985,2060.165900,1321.385287
06/22/2026 10:30:52,0.000000,0.000000,74.881848,74.657492,65.688814,75.229556,78.117345,72.495493,71.609536,74.695549,40.426089,38.877392,38.966083,39.065473,40.999879,41.055331,40.114904,40.372170,40.129189,40.763383,40.670488,40.681176,38.913697,37.327594,39.396856,39.521205,38.164865,37.570165,36.614010,37.418547,37.595887,38.346897,38.387078,38.372507,39.272890,39.235840,38.444161,38.588578,34.098149,37.031024,33.115611,37.345876,35.632398,37.908271,31.989211,36.587518,33.525528,36.643718,31.741866,36.239939,31.766478,33.877720,31.032213,33.391803,32.621003,34.672156,31.667469,33.484098,78.408845,78.513598,83.358645,78.349521,96.602086,88.734067,65.147859,63.783686,120.220000,0.628000,67.200000,0.000000,0.000000,-0.000000,38081.183141,-3.157451,40.727616,39.672004,34.218602,2061.281639,1321.385287
06/22/2026 10:31:52,0.000000,0.000000,74.858533,74.669244,65.617408,75.231826,78.085095,72.501582,71.587786,74.716979,40.528140,39.009641,39.057730,39.186472,41.169870,41.218271,40.225197,40.501805,40.221585,40.870233,40.396459,41.024211,39.041336,37.434709,39.639956,39.754129,38.238536,37.751719,37.078879,37.642565,37.784418,38.463731,38.457550,38.494636,39.370747,39.333702,38.532407,38.654821,34.113272,37.012036,33.126848,37.333178,35.655058,37.890663,32.042249,36.573588,33.542640,36.637754,31.790732,36.215895,31.780799,33.858692,31.052777,33.396922,32.628795,34.661741,31.707426,33.490181,79.293151,79.401158,82.269091,77.618354,96.278930,88.534010,65.254094,63.881603,120.290000,0.627000,67.000000,0.000000,0.000000,-0.000000,38141.191360,-3.057537,40.809256,39.748226,34.225562,2062.397292,1321.385287
06/22/2026 10:32:52,0.000000,0.000000,74.842507,74.670962,65.389323,75.218493,78.049500,72.458974,71.594030,74.712636,40.695718,39.119307,39.140482,39.282898,41.195221,41.330731,40.307478,40.610037,40.347384,40.953239,40.741065,40.906967,39.086165,37.488027,39.479816,41.960258,37.884826,37.924147,37.074122,37.667422,37.204584,38.485037,38.460755,38.493867,39.457322,39.398232,38.567425,38.693879,34.149002,37.056039,33.162424,37.368568,35.690204,37.925269,32.093576,36.598315,33.554580,36.666461,31.823122,36.248970,31.819702,33.887700,31.086344,33.423525,32.646974,34.701165,31.743380,33.533142,80.360481,80.646713,84.260079,77.805350,99.741098,86.121035,58.894924,134.796971,119.950000,1.705000,154.500000,118.520000,1.323000,98.500000,38201.190123,2.151230,35.772917,82.544349,34.258923,2063.537073,1321.445755
06/22/2026 10:33:52,0.000000,0.000000,74.797727,74.615186,65.537565,75.196802,77.971056,72.425349,71.563465,74.682606,39.299726,36.289723,36.422522,36.397853,40.651820,41.168567,39.596544,40.095904,39.668351,40.788624,38.834735,39.448902,37.870927,36.629762,37.437755,68.115492,36.626553,40.983627,27.864982,30.724371,30.964205,36.311494,36.895184,36.748306,38.818430,38.888595,34.020359,34.110068,34.152238,37.081378,33.182572,37.388610,35.709480,37.952443,32.153879,36.648409,33.571995,36.716109,31.871931,36.293492,31.852003,33.930552,31.092363,33.459158,32.619937,34.723434,31.776599,33.553384,81.419529,86.674319,117.251841,83.000743,129.379496,61.840822,50.655370,155.112167,119.450000,2.188000,216.100000,117.820000,1.662000,146.000000,38261.187516,12.244288,28.739339,91.919246,34.286498,2067.095586,1323.839902
06/22/2026 10:34:52,0.000000,0.000000,74.759139,74.571519,65.613456,75.161459,77.963189,72.360655,71.576478,74.682472,38.896172,35.036005,35.495671,35.149185,40.408840,40.977679,39.070540,39.494389,39.033392,40.509131,38.006978,39.225848,37.224377,36.187675,36.677622,72.772635,36.613670,42.262430,27.927426,28.425946,28.094127,35.805876,36.438624,36.698840,38.423477,38.456591,32.927145,33.717062,34.186808,37.106092,33.227440,37.403182,35.734930,37.953083,32.202137,36.642475,33.596688,36.734953,31.914838,36.308685,31.905213,33.964050,31.150491,33.475858,32.645993,34.756519,31.798571,33.571295,83.195555,88.933121,122.428670,85.807366,132.363477,58.077269,51.194316,160.780330,119.280000,2.221000,220.000000,117.830000,1.687000,149.300000,38321.185598,13.043350,29.219080,94.387173,34.313965,2070.725442,1326.296351
06/22/2026 10:35:52,0.000000,0.000000,74.759677,74.585580,65.313252,75.169817,77.956365,72.374548,71.556337,74.694942,38.733420,34.787314,35.244020,35.081646,40.135136,40.827435,38.811104,39.142018,38.725034,40.277989,38.152833,38.648117,36.957991,36.035646,36.345702,71.479953,36.352589,41.270532,27.260886,27.516752,27.254248,35.404345,36.079479,36.359289,38.140421,38.131587,33.064069,33.452317,34.219651,37.082208,33.258743,37.383924,35.767117,37.938352,32.266057,36.656897,33.644033,36.730791,31.966648,36.319446,31.938469,33.962122,31.198907,33.475233,32.675163,34.741701,31.849492,33.566989,77.832594,83.869995,124.194580,78.338491,132.279114,57.797123,49.979795,144.391021,119.280000,2.136000,208.900000,117.970000,1.609000,139.000000,38381.184900,13.136757,28.133775,87.081049,34.332097,2074.341651,1328.736074
06/22/2026 10:36:52,0.000000,0.000000,74.767957,74.558785,65.389131,75.152394,77.939841,72.357492,71.546330,74.682859,38.555784,34.740548,35.061175,34.860239,39.929222,40.548161,38.598861,38.913977,38.479410,40.019179,37.864619,38.544688,36.687546,35.869872,36.048671,73.058520,36.178695,42.073595,27.348059,27.334216,27.205050,35.229637,35.876129,36.252085,37.933603,37.919466,32.978636,32.985715,34.208132,37.101246,33.281276,37.403689,35.770567,37.938259,32.286430,36.666073,33.634589,36.758990,32.007196,36.319906,31.965103,33.988667,31.230004,33.504880,32.663928,34.787713,31.874901,33.594103,82.146220,88.043410,124.354395,85.242590,131.926672,57.323532,51.124010,160.069827,119.550000,2.218000,220.300000,117.960000,1.685000,149.700000,38441.182920,12.916931,29.156664,94.081051,34.349283,2077.907978,1331.131079
06/22/2026 10:37:52,0.000000,0.000000,74.727172,74.539545,65.426503,75.129458,77.905614,72.290836,71.552540,74.678482,38.272068,34.335222,34.716783,34.458586,39.701157,40.459012,38.349422,38.626234,38.191250,39.802097,37.571819,38.279578,36.535126,35.689385,35.651801,74.961972,35.951378,42.911186,27.073700,27.041988,26.865675,34.917138,35.600659,35.924485,37.735185,37.717509,32.662922,32.550235,34.264337,37.139117,33.322775,37.437459,35.809913,37.961595,32.358425,36.693944,33.684773,36.767391,32.067112,36.359137,32.026918,34.020110,31.275373,33.521756,32.683045,34.816093,31.908589,33.653011,83.256668,88.981363,126.020925,84.898835,133.416136,57.424813,49.897254,153.164515,119.350000,2.200000,216.700000,118.220000,1.660000,146.300000,38501.180602,14.851723,28.059463,91.057303,34.388544,2081.586663,1333.633200
06/22/2026 10:38:52,0.000000,0.000000,74.745276,74.501865,65.578513,75.122645,77.883247,72.264930,71.618256,74.654375,38.075146,33.871838,34.282469,34.086795,39.817652,40.192649,38.061193,38.368131,37.913905,39.574688,37.538285,38.278821,36.196178,35.597357,35.517709,66.234892,35.694332,40.562574,25.695431,25.481697,25.246015,34.588220,35.290195,35.671301,37.426696,37.422275,32.141119,32.150197,34.267804,37.160260,33.337690,37.459371,35.834706,37.968650,32.391333,36.718416,33.704008,36.801152,32.098636,36.378983,32.033581,34.055169,31.282935,33.536108,32.676512,34.830865,31.929897,33.677367,76.528004,82.595476,124.259573,79.228179,130.912798,57.148835,49.356269,144.945990,119.700000,2.129000,208.700000,118.290000,1.604000,138.300000,38561.170844,12.991928,27.570646,87.337268,34.407172,2085.054606,1335.925833
06/22/2026 10:39:52,0.000000,0.000000,74.730794,74.491182,65.567289,75.106423,77.884338,72.270690,71.643217,74.667416,37.910577,33.511405,33.891584,33.697917,39.562503,39.903244,37.812560,38.060404,37.602581,39.348245,36.913248,37.444734,35.978848,35.388285,35.001396,72.883479,35.413472,41.690908,26.289117,26.256493,26.094833,34.268040,34.996458,35.289945,37.238413,37.211440,31.830382,31.844831,34.311818,37.173161,33.406706,37.482503,35.875494,37.989010,32.462102,36.733384,33.753230,36.809925,32.155768,36.403498,32.095481,34.096048,31.357382,33.596001,32.702228,34.860504,31.987531,33.708182,81.522545,87.184946,124.959155,84.097193,131.934838,56.987232,49.749262,156.038249,119.620000,2.193000,216.900000,118.020000,1.666000,146.700000,38621.168799,13.764860,27.926048,92.326548,34.447998,2088.630527,1338.329184
06/22/2026 10:40:52,0.000000,0.000000,74.658510,74.445507,65.265215,75.066176,77.847589,72.212508,71.643551,74.616193,37.731338,33.288518,33.659476,33.435375,39.355241,39.867091,37.526378,37.781822,37.391885,39.111979,36.796169,37.693120,35.725915,35.296967,35.013118,74.525506,35.167011,42.186322,26.257821,26.277037,26.175191,34.021590,34.721845,35.013659,37.099405,37.046776,31.437736,31.623979,34.312817,37.193171,33.423634,37.492273,35.887316,37.995058,32.481536,36.773943,33.769959,36.846056,32.160454,36.437372,32.135840,34.098130,31.406701,33.612289,32.690519,34.880758,31.996676,33.736841,83.823675,89.288346,125.980535,86.388578,133.124639,56.980291,49.612050,161.388870,119.510000,2.221000,220.600000,117.940000,1.693000,150.000000,38681.166480,14.384177,27.802145,94.648643,34.466567,2092.270081,1340.795283
06/22/2026 10:41:52,0.000000,0.000000,74.606889,74.461503,65.336078,75.107519,77.809230,72.221784,71.608122,74.661604,37.544809,33.112062,33.462666,33.287548,39.023665,39.549394,37.294401,37.594560,37.116392,38.912975,37.030592,37.663643,35.616174,35.166774,34.854922,73.441705,34.880401,42.270083,25.795460,25.879506,25.730314,33.802147,34.423171,34.766546,36.884750,36.871036,31.353836,31.523335,34.359457,37.232569,33.460007,37.505034,35.899050,38.008528,32.501772,36.793497,33.772711,36.866493,32.215415,36.461944,32.147185,34.136525,31.404693,33.637251,32.693720,34.923862,32.017827,33.763716,83.788634,89.291333,126.568503,86.317790,133.615293,56.914448,49.173222,160.693257,119.440000,2.216000,219.100000,117.870000,1.682000,149.200000,38741.163602,14.865534,27.404549,94.349706,34.490063,2095.925489,1343.273442
06/22/2026 10:42:52,0.000000,0.000000,74.606179,74.440504,65.327669,75.072534,77.830772,72.207022,71.642509,74.634171,37.425319,32.901218,33.298574,33.091830,39.188481,39.415616,37.063457,37.378734,36.962779,38.714688,37.122000,36.860062,35.427230,34.999008,34.513247,77.376503,34.707867,42.689616,26.215632,26.221442,26.135593,33.575023,34.222411,34.482461,36.766981,36.749283,31.098874,31.388225,34.379314,37.240858,33.529817,37.524987,35.921123,38.027892,32.564414,36.836559,33.818600,36.898049,32.260026,36.494811,32.194726,34.172407,31.455412,33.674709,32.714324,34.927114,32.036636,33.799359,87.054796,92.297296,127.517230,89.728975,134.889347,56.945681,49.310240,169.297951,119.340000,2.262000,225.300000,117.930000,1.723000,154.800000,38801.164019,15.160703,27.528913,97.988171,34.523557,2099.639458,1345.812570
06/22/2026 10:43:52,0.000000,0.000000,74.596112,74.388588,65.456343,75.026726,77.788901,72.135630,71.655765,74.629210,37.229785,32.761937,33.114028,32.939875,39.192961,39.260887,36.889186,37.172251,36.802968,38.597163,36.563586,36.842878,35.363036,34.936553,34.732842,79.058081,34.460807,43.510094,26.243838,26.137468,26.085515,33.357315,33.963145,34.223280,36.662521,36.597472,31.083239,31.252161,34.413317,37.253516,33.543665,37.522412,35.947165,38.022061,32.605242,36.852810,33.858891,36.906337,32.288062,36.482424,32.227119,34.178088,31.482945,33.689248,32.726213,34.945178,32.087377,33.822900,89.268913,94.351182,128.707597,91.867163,136.272605,57.092985,49.505329,174.167083,119.350000,2.287000,228.600000,117.900000,1.746000,157.800000,38861.160841,15.804455,27.705639,99.992120,34.542749,2103.418452,1348.414210
06/22/2026 10:44:52,0.000000,0.000000,74.566603,74.401343,65.476068,75.021799,77.776411,72.153149,71.630315,74.601736,37.146509,32.655515,32.960532,32.860420,38.847189,39.230578,36.784375,37.024575,36.665224,38.399238,36.651949,37.092474,35.112265,34.903420,34.591370,81.094649,34.301072,43.889097,26.382391,26.339044,26.253246,33.198804,33.802978,33.957946,36.559906,36.499275,30.899692,31.181199,34.417196,37.309113,33.585486,37.568004,35.969982,38.054538,32.648613,36.863593,33.869715,36.950295,32.329490,36.516553,32.260277,34.229806,31.483623,33.734272,32.708148,34.974611,32.070516,33.862916,91.593190,96.646024,129.855278,94.271752,137.593661,57.147592,49.576023,180.229021,119.230000,2.314000,232.200000,117.870000,1.773000,161.800000,38921.158979,16.119517,27.769580,102.434767,34.570337,2107.256055,1351.074627
06/22/2026 10:45:52,0.000000,0.000000,74.677799,74.400130,65.513289,75.018507,77.833756,72.154932,71.691578,74.611230,36.906414,32.567970,32.921036,32.724903,38.555983,38.983192,36.644192,36.841524,36.513947,38.288033,36.111546,36.875395,35.077780,34.759378,34.207609,82.949023,34.111383,44.876363,26.404569,26.363011,26.283535,33.040921,33.638997,33.679859,36.474202,36.403383,30.914554,31.169646,34.438527,37.295881,33.605986,37.579121,35.982147,38.046352,32.679951,36.887063,33.891497,36.938376,32.355454,36.545037,32.290295,34.226907,31.542641,33.730298,32.716621,34.991485,32.117850,33.889719,93.840407,98.729608,131.226717,96.376994,139.062206,57.325305,49.596610,185.719320,119.380000,2.331000,235.500000,117.950000,1.794000,164.400000,38981.167388,17.088172,27.788191,104.599500,34.587560,2111.151130,1353.790231
06/22/2026 10:46:52,0.000000,0.000000,74.733243,74.397261,65.538583,75.038148,77.885748,72.150481,71.731425,74.635305,37.019253,32.479057,32.822381,32.670635,38.809761,38.886545,36.532044,36.744447,36.372799,38.194013,36.361290,36.612124,34.933214,34.781983,33.957493,84.706460,34.024714,45.728611,26.496962,26.429043,26.309676,32.991356,33.531276,33.664534,36.427938,36.304437,30.982502,31.116043,34.492972,37.338636,33.637018,37.601601,36.006695,38.067302,32.726390,36.914794,33.933985,36.977164,32.409958,36.557657,32.337647,34.264823,31.601195,33.794111,32.744942,35.021500,32.152791,33.924137,95.903324,100.678674,132.524020,98.383029,140.524936,57.439952,49.748874,191.095196,119.330000,2.360000,238.200000,117.760000,1.824000,167.400000,39041.165051,17.802913,27.925698,106.677417,34.625266,2115.097727,1356.557904
06/22/2026 10:47:52,0.000000,0.000000,74.803313,74.409875,65.533389,75.069799,77.942973,72.180969,71.732629,74.647914,36.760678,32.448575,32.719877,32.586537,38.693204,38.761614,36.360433,36.649437,36.288900,38.044931,35.983823,36.414250,34.915876,34.737142,34.025987,86.363509,33.890794,46.160953,26.596320,26.534662,26.445582,32.910060,33.430932,33.472693,36.374805,36.257493,30.959757,31.113425,34.516543,37.362124,33.701545,37.593770,36.043216,38.083411,32.764395,36.934220,33.960143,36.975799,32.449193,36.583412,32.389017,34.281009,31.641055,33.795406,32.784924,35.040528,32.203607,33.940210,97.796117,102.636660,133.935157,100.208591,141.916910,57.725901,49.639337,196.256303,119.270000,2.380000,241.200000,117.550000,1.841000,170.500000,39101.154872,18.334152,27.826801,108.635225,34.652176,2119.094718,1359.375402
06/22/2026 10:48:52,0.000000,0.000000,74.875966,74.464809,65.550460,75.139973,78.008702,72.309860,71.736447,74.689327,36.720766,32.456490,32.734014,32.631769,38.441893,38.782667,36.345520,36.573904,36.222401,38.044397,35.934571,36.718590,34.804429,34.724147,34.049211,87.934201,33.814727,46.570479,26.729322,26.688221,26.616721,32.837155,33.343856,33.381624,36.306155,36.180421,30.916940,31.084904,34.513435,37.367427,33.712731,37.628326,36.039474,38.077029,32.785094,36.960024,33.965620,37.011775,32.451076,36.604757,32.382143,34.327852,31.631499,33.834633,32.742386,35.076590,32.175677,33.980717,99.592003,104.361590,135.079020,101.914443,143.366298,57.882264,49.719742,201.362707,119.000000,2.404000,244.000000,117.510000,1.866000,173.200000,39161.151898,18.671071,27.899408,110.538030,34.663413,2123.140074,1362.239677
06/22/2026 10:49:52,0.000000,0.000000,74.908105,74.441595,65.470185,75.168439,78.051383,72.299014,71.724010,74.651580,36.616021,32.362751,32.678998,32.513060,38.508600,38.673694,36.146955,36.435593,36.116262,37.916410,36.131760,36.378307,34.892283,34.629260,33.906910,88.731721,33.747417,45.100709,26.804567,26.707178,26.704306,32.750469,33.261669,33.268334,36.270599,36.160357,30.860649,31.108759,34.560701,37.386231,33.766313,37.633916,36.058710,38.102399,32.810633,36.972193,34.001365,37.030135,32.497626,36.628941,32.422376,34.346685,31.699856,33.847738,32.759066,35.083024,32.205781,33.997877,98.741902,103.941517,136.414052,100.430882,144.624787,58.139696,49.260424,187.722326,119.310000,2.372000,239.400000,117.780000,1.829000,168.000000,39221.151270,17.616988,27.483721,105.378434,34.690578,2127.216031,1365.131979
06/22/2026 10:50:52,0.000000,0.000000,74.947051,74.425191,65.518111,75.180517,78.078572,72.297997,71.774780,74.651467,36.531127,32.113653,32.382845,32.297044,38.372356,38.413419,36.126851,36.370790,36.013159,37.843584,36.163714,36.594474,34.752317,34.599722,33.717113,81.073439,33.724942,44.549399,25.564500,25.480880,25.366866,32.681486,33.214507,33.470443,36.105724,36.031330,30.580591,30.755920,34.575446,37.406671,33.780657,37.670730,36.062841,38.118004,32.844570,37.001062,34.025902,37.039541,32.516598,36.651798,32.455885,34.368132,31.745888,33.876720,32.782307,35.095557,32.245672,34.030575,93.069304,98.077939,134.299473,96.211369,141.734052,58.012595,49.011053,187.305087,119.260000,2.332000,235.500000,117.760000,1.796000,164.500000,39281.148787,17.292299,27.257100,105.216644,34.714728,2131.048621,1367.785785
06/22/2026 10:51:52,0.000000,0.000000,75.027718,74.451807,65.763258,75.230101,78.133460,72.400289,71.804190,74.661340,36.438853,32.114327,32.399979,32.299713,38.231931,38.399290,35.991744,36.253876,35.943413,37.710364,35.938098,36.064591,34.663159,34.579758,33.672654,86.450752,33.739638,45.241470,26.298997,26.181458,26.131861,32.649053,33.202094,33.266086,36.089938,36.019971,30.759468,30.901532,34.596180,37.436615,33.829656,37.688999,36.097368,38.139634,32.843224,37.023156,34.058733,37.055443,32.548260,36.684181,32.483896,34.400070,31.744093,33.916661,32.769391,35.125684,32.243084,34.074163,97.616637,102.439731,135.557399,99.955715,143.629585,57.946972,49.236439,195.156235,119.310000,2.385000,241.000000,118.000000,1.840000,170.000000,39341.147394,17.779517,27.461953,108.220894,34.737925,2135.047833,1370.604580
06/22/2026 10:52:52,0.000000,0.000000,75.046356,74.483138,65.695409,75.270999,78.122454,72.442594,71.804279,74.677486,36.379586,32.089451,32.341300,32.267524,38.154931,38.412824,35.928899,36.191937,35.829627,37.683894,35.944344,36.351778,34.546773,34.556090,33.602519,87.302770,33.619847,45.877482,26.213766,26.169520,26.038290,32.628441,33.097051,33.295261,36.046353,35.955567,30.599276,30.784808,34.633037,37.430021,33.869010,37.696787,36.118981,38.120558,32.888489,37.034826,34.089979,37.071977,32.582664,36.682567,32.509611,34.386674,31.802368,33.925712,32.809136,35.151125,32.279726,34.103619,99.142001,103.902128,136.472695,101.446350,144.642152,58.180369,49.177689,199.899133,119.310000,2.400000,242.700000,117.610000,1.854000,172.100000,39401.144752,18.468875,27.408607,109.996057,34.759343,2139.072461,1373.448538
06/22/2026 10:53:52,0.000000,0.000000,75.028482,74.476663,65.501356,75.280743,78.181405,72.434153,71.809466,74.654766,36.277983,32.058512,32.349077,32.248345,37.981289,38.256903,35.829972,36.115625,35.809021,37.570964,35.569342,36.300823,34.446008,34.583106,33.768917,89.122105,33.636074,46.415620,26.409742,26.364162,26.255936,32.597737,33.092145,33.222365,36.023480,35.903903,30.632414,30.805524,34.662530,37.437308,33.904133,37.691087,36.116949,38.133106,32.894895,37.056494,34.099741,37.088779,32.586030,36.694323,32.529364,34.409486,31.826606,33.945245,32.821581,35.151565,32.307564,34.104759,101.116080,105.877996,137.528897,103.410447,146.058264,58.304828,49.319368,203.780525,119.240000,2.424000,246.100000,117.700000,1.880000,175.200000,39461.143549,18.878430,27.537190,111.427501,34.773077,2143.151546,1376.346007
06/22/2026 10:54:52,0.000000,0.000000,75.072105,74.496646,65.809415,75.343465,78.210249,72.508523,71.771633,74.675798,36.190037,31.929985,32.177490,32.137939,38.162782,38.183982,35.689785,36.036602,35.722796,37.545044,35.749377,35.975326,34.504525,34.440632,33.481332,76.542362,33.544173,43.307524,24.740127,24.667189,24.511308,32.476293,33.017452,33.285006,35.854365,35.799882,30.500554,30.711451,34.649186,37.451417,33.902273,37.715309,36.133929,38.150485,32.915945,37.087597,34.095447,37.103960,32.610995,36.728009,32.533967,34.452239,31.818742,33.971141,32.809277,35.194711,32.291161,34.144768,88.545951,93.944468,135.357444,91.124786,142.540449,58.280507,48.078823,171.791995,119.490000,2.254000,225.400000,117.960000,1.722000,155.000000,39521.142839,16.903543,26.403981,99.019414,34.788028,2146.971972,1378.982975
06/22/2026 10:55:52,0.000000,0.000000,75.076757,74.477633,65.800027,75.340996,78.208209,72.503504,71.804133,74.656634,36.167038,31.721527,32.030210,31.923094,38.151038,38.013225,35.630296,35.905390,35.596109,37.455335,35.811861,35.887814,34.283277,34.460337,33.709082,84.703784,33.545205,43.957349,25.884773,25.781950,25.749228,32.466710,33.022545,33.179442,35.829792,35.697338,30.252505,30.571075,34.677594,37.467791,33.944832,37.729826,36.159441,38.148992,32.923333,37.102378,34.116498,37.105916,32.618811,36.727821,32.560039,34.440533,31.849755,33.986424,32.812577,35.202878,32.322561,34.162779,95.334894,100.299594,135.538805,97.975408,143.594569,57.951111,48.625051,190.807757,119.420000,2.359000,238.200000,117.910000,1.819000,167.400000,39581.141171,17.052351,26.904998,106.567327,34.803039,2150.882477,1381.715902
06/22/2026 10:56:52,0.000000,0.000000,75.080198,74.510240,65.777030,75.353660,78.216202,72.566622,71.768873,74.667554,35.963296,31.760686,32.002572,31.932447,37.781714,37.995553,35.645303,35.877873,35.555300,37.384118,35.478640,36.063633,34.153228,34.443918,33.347422,84.983935,33.339160,44.804629,25.761485,25.661335,25.596858,32.275064,32.815470,32.940401,35.789788,35.694542,30.450728,30.423162,34.724680,37.520902,33.970234,37.762179,36.190761,38.170960,32.958337,37.132637,34.149977,37.132195,32.656702,36.745608,32.606177,34.477245,31.868794,34.003038,32.838108,35.227003,32.325320,34.195714,96.515709,101.627902,136.397359,99.053287,144.625347,58.019201,48.965412,192.875016,119.430000,2.367000,239.600000,117.900000,1.822000,168.400000,39641.138330,17.589078,27.215551,107.356595,34.832829,2154.850178,1384.501659
06/22/2026 10:57:52,0.000000,0.000000,75.071872,74.501485,65.538831,75.366253,78.222441,72.602131,71.817085,74.659824,36.019793,31.731093,31.993029,31.920713,37.719256,37.879653,35.539411,35.827825,35.535614,37.344139,35.516117,36.209600,34.120672,34.454416,33.547351,87.141523,33.342446,45.536006,25.980713,25.905167,25.839236,32.292467,32.812409,32.957790,35.748001,35.671802,30.463061,30.483766,34.723777,37.526190,33.989431,37.769797,36.180690,38.174163,32.982899,37.148545,34.159287,37.161370,32.678669,36.762153,32.620521,34.499986,31.909890,34.047865,32.821645,35.238959,32.327275,34.198996,98.962067,103.824923,137.295092,101.309096,145.697140,58.236702,48.882288,199.426705,119.420000,2.392000,242.500000,117.840000,1.852000,171.800000,39701.137309,18.396185,27.139821,109.820535,34.846105,2158.868915,1387.339277
06/22/2026 10:58:52,0.000000,0.000000,75.133295,74.541819,65.621881,75.382029,78.243213,72.666246,71.803012,74.661011,36.048390,31.725113,32.000858,31.899731,37.588396,37.875191,35.460190,35.762809,35.493329,37.312119,35.358161,36.206899,34.271983,34.421535,33.248435,88.689576,33.296022,45.885403,26.247333,26.132472,26.068384,32.232677,32.729535,32.800680,35.733517,35.634721,30.336606,30.504360,34.734069,37.551916,34.023884,37.794366,36.181114,38.180770,32.981103,37.160922,34.181032,37.166229,32.697611,36.775689,32.645853,34.506179,31.932590,34.059403,32.860321,35.260674,32.337773,34.237432,100.830724,105.535410,138.365330,103.071010,147.030319,58.404846,49.160112,204.260561,119.310000,2.416000,245.200000,117.720000,1.873000,174.600000,39761.135294,18.492763,27.392640,111.603238,34.863446,2162.935418,1390.224236
06/22/2026 10:59:52,0.000000,0.000000,75.130787,74.543112,65.666753,75.396908,78.249627,72.665501,71.798459,74.671263,35.871745,31.686866,31.926979,31.891554,37.835268,37.872824,35.462214,35.724077,35.426478,37.234365,35.660883,36.095162,34.200367,34.329075,33.494840,78.518580,33.186984,42.759253,24.532085,24.481512,24.378680,32.097073,32.659392,32.819918,35.600400,35.541912,30.421539,30.589243,34.783500,37.553439,34.059018,37.802381,36.202745,38.212504,33.006821,37.169430,34.207770,37.197289,32.727150,36.799326,32.687591,34.546489,31.964153,34.089696,32.866208,35.292252,32.385120,34.250048,87.291318,92.649539,136.924060,88.212777,144.411174,58.389677,47.281572,164.000737,119.520000,2.218000,220.700000,118.050000,1.692000,150.400000,39821.133534,17.092435,25.666818,95.763416,34.890147,2166.812610,1392.918046
06/22/2026 11:00:52,0.000000,0.000000,75.114584,74.521404,65.509411,75.392472,78.232161,72.664016,71.786609,74.656495,35.913597,31.372989,31.650108,31.567741,37.559567,37.673595,35.348976,35.605115,35.318553,37.162946,35.305256,35.463087,33.970475,34.301175,33.005789,83.525674,33.315149,43.370063,25.462335,25.388994,25.369754,32.162552,32.735497,33.018258,35.552823,35.444698,29.883292,30.159954,34.801209,37.545893,34.088707,37.815583,36.230566,38.182401,33.016084,37.188923,34.231773,37.178310,32.718363,36.810935,32.698192,34.545530,32.004168,34.099942,32.887139,35.298050,32.382112,34.268351,94.100009,99.021887,135.908928,96.966222,143.928660,57.933902,48.645347,188.854924,119.390000,2.352000,236.900000,117.820000,1.811000,166.200000,39881.132476,16.446512,26.923551,105.816384,34.899612,2170.652598,1395.583110
06/22/2026 11:01:52,0.000000,0.000000,75.072456,74.524047,65.547111,75.388186,78.223681,72.683012,71.792899,74.656425,35.735425,31.402737,31.675397,31.600262,37.814117,37.754906,35.212152,35.532146,35.242209,37.087220,35.649921,35.647861,33.959375,34.247916,33.027269,83.821445,33.006292,43.838175,25.416300,25.332670,25.306329,31.923577,32.483854,32.562582,35.521915,35.408468,30.095621,30.187437,34.807263,37.564744,34.084895,37.819301,36.227879,38.203128,33.016054,37.193600,34.238242,37.193600,32.728364,36.828848,32.708834,34.580105,32.001911,34.076670,32.884728,35.299635,32.378771,34.284990,95.546562,100.492854,136.831484,97.903023,145.058479,58.053767,48.578537,189.411836,119.330000,2.351000,236.900000,117.780000,1.812000,166.300000,39941.129447,16.975715,26.862460,106.031076,34.906078,2174.595398,1398.345887
06/22/2026 11:02:52,0.000000,0.000000,75.128014,74.518783,65.698970,75.386831,78.247158,72.613034,71.790781,74.660230,35.753287,31.403324,31.659056,31.600102,37.457742,37.590347,35.210485,35.505666,35.253876,37.044019,35.166103,35.575923,34.016487,34.263734,33.135385,85.974093,33.012806,44.168196,25.623631,25.538226,25.523972,31.906058,32.443674,32.508617,35.496971,35.401691,30.007664,30.203079,34.814842,37.606771,34.101310,37.874079,36.216927,38.242108,33.025950,37.233330,34.237732,37.227140,32.730724,36.855086,32.724515,34.603291,32.030514,34.127653,32.884217,35.334585,32.393144,34.340157,97.961670,102.662598,137.577692,100.336360,146.126241,58.171238,48.684287,196.753979,119.270000,2.383000,241.800000,117.830000,1.837000,170.500000,40001.129724,17.209060,26.959136,108.822150,34.930204,2178.583166,1401.155233
06/22/2026 11:03:52,0.000000,0.000000,75.088669,74.568164,65.610065,75.416867,78.232069,72.690184,71.782334,74.636599,35.678005,31.415831,31.670224,31.604852,37.413827,37.484999,35.172964,35.455307,35.205588,37.047588,35.385990,35.208364,34.132202,34.267578,32.810141,87.515535,32.929429,45.218964,25.699392,25.663623,25.583525,31.901685,32.377027,32.435304,35.510886,35.407187,30.137575,30.168454,34.845147,37.604707,34.134709,37.863580,36.223841,38.226923,33.032002,37.243813,34.247810,37.233643,32.753324,36.854565,32.731903,34.604894,32.035683,34.131518,32.889866,35.349524,32.401963,34.333866,99.819819,104.551035,138.695764,102.034380,147.303915,58.313091,48.631849,201.435376,119.380000,2.400000,243.700000,117.750000,1.856000,173.000000,40061.130805,18.307751,26.911213,110.564870,34.937164,2182.623934,1404.014201
06/22/2026 11:04:52,0.000000,0.000000,75.068364,74.527138,65.439594,75.389500,78.220361,72.619100,71.799572,74.653357,35.772893,31.417252,31.675655,31.604016,37.374094,37.456320,35.170503,35.449745,35.208775,36.985308,35.056710,35.748615,33.906726,34.264970,33.287287,87.332527,32.820362,43.491536,25.768102,25.702379,25.654171,31.838874,32.333428,32.272920,35.469056,35.378648,30.171726,30.246301,34.844539,37.630177,34.132356,37.883330,36.250184,38.233769,33.043338,37.254086,34.278094,37.252760,32.778391,36.883486,32.761475,34.623306,32.088868,34.171128,32.884635,35.361595,32.412806,34.352227,95.645028,100.475094,139.457515,96.530573,148.007434,58.520117,47.977249,177.512923,119.220000,2.310000,232.600000,117.830000,1.773000,161.400000,40121.131662,17.181082,26.310454,101.347304,34.956027,2186.677405,1406.883406
06/22/2026 11:05:52,0.000000,0.000000,75.050196,74.546996,65.398575,75.385088,78.200814,72.664232,71.726456,74.638804,35.492748,31.082494,31.357417,31.359499,37.347649,37.504142,35.037935,35.333622,35.091163,36.917059,35.085399,35.477536,33.893931,34.195812,33.005505,76.406269,32.910701,42.738806,24.243582,24.184043,24.002868,31.782897,32.343369,32.681860,35.288113,35.235807,29.546505,29.816069,34.839206,37.642542,34.143820,37.898274,36.228926,38.258934,33.021994,37.269997,34.283857,37.271324,32.775473,36.899162,32.748127,34.633058,32.081294,34.178223,32.874403,35.386851,32.415225,34.366178,89.557346,94.742831,136.366141,92.831961,143.861950,58.188475,48.002691,178.269067,119.520000,2.288000,230.300000,118.050000,1.750000,159.000000,40181.131404,16.404914,26.333892,101.651171,34.960843,2190.414637,1409.442670
06/22/2026 11:06:52,0.000000,0.000000,75.090030,74.510358,65.521741,75.361316,78.182171,72.584470,71.688641,74.628587,35.579044,31.133180,31.424138,31.314651,37.457880,37.430030,34.946552,35.255128,34.991289,36.844841,35.134943,35.541943,33.771079,34.212388,32.976571,83.389017,32.808528,43.494337,25.160097,25.082264,25.052875,31.694763,32.245559,32.218862,35.308149,35.204867,29.827517,30.145156,34.879179,37.612105,34.161618,37.895667,36.232838,38.232365,33.049926,37.268087,34.303686,37.246863,32.773961,36.896773,32.768954,34.616128,32.110594,34.167428,32.907160,35.370754,32.418605,34.368219,94.538455,99.556470,137.143276,96.849404,145.278756,58.005178,48.200401,186.543764,119.370000,2.334000,235.400000,117.790000,1.798000,164.700000,40241.132234,16.978559,26.515778,104.920799,34.964045,2194.332497,1412.180625
06/22/2026 11:07:52,0.000000,0.000000,75.092505,74.583835,65.434107,75.398037,78.189313,72.678070,71.640824,74.661650,35.375469,31.101817,31.337975,31.319809,37.522672,37.333466,34.946043,35.237331,34.961852,36.809721,34.693973,35.723410,33.698944,34.168257,32.919157,84.225555,32.632995,43.778714,25.137401,25.115930,25.018054,31.606624,32.115696,32.206919,35.260290,35.181828,29.675926,29.872731,34.879601,37.646114,34.181608,37.930143,36.265121,38.249552,33.044111,37.295778,34.317278,37.278092,32.806025,36.886648,32.776032,34.642710,32.135479,34.200108,32.918998,35.401169,32.459136,34.397113,96.025519,101.137241,137.762452,98.524206,146.078668,58.218743,48.260219,191.905720,119.470000,2.360000,238.400000,117.830000,1.819000,167.500000,40301.132661,17.207990,26.570724,106.987244,34.985541,2198.270859,1414.939200
06/22/2026 11:08:52,0.000000,0.000000,75.106563,74.556908,65.677278,75.364935,78.209765,72.631307,71.638691,74.665441,35.380058,31.116235,31.343480,31.311257,37.223284,37.438156,34.873193,35.165838,34.962453,36.779351,35.015664,35.699844,33.776133,34.145533,33.034171,86.309871,32.555048,44.589602,25.296963,25.238820,25.148370,31.537712,32.053088,31.977853,35.248893,35.156243,29.799122,29.949789,34.886622,37.668580,34.201004,37.922057,36.249561,38.273335,33.039601,37.296972,34.301613,37.287245,32.799122,36.904995,32.783082,34.658615,32.101592,34.215067,32.921088,35.403253,32.422426,34.422173,98.261471,103.443839,138.771126,100.726004,147.351918,58.310944,48.162141,197.621474,119.460000,2.383000,241.200000,117.820000,1.844000,170.500000,40361.133350,18.108988,26.480614,109.147207,34.987900,2202.276294,1417.760622
06/22/2026 11:09:52,0.000000,0.000000,75.148682,74.574121,65.501610,75.386364,78.213449,72.626967,71.647658,74.657051,35.254382,31.126242,31.401161,31.291755,37.103104,37.255665,34.934630,35.158541,34.873522,36.741947,34.892591,35.559939,33.817980,34.061293,32.740093,87.750495,32.505434,44.990618,25.501095,25.430440,25.386189,31.514421,32.005343,31.887302,35.264528,35.159467,29.915168,29.911751,34.912203,37.687001,34.226436,37.937652,36.284724,38.266016,33.066460,37.321711,34.332658,37.302700,32.814307,36.928949,32.819287,34.667676,32.182773,34.203950,32.938850,35.421403,32.455410,34.404490,100.095001,105.225171,139.773603,102.445199,148.483730,58.467457,48.593783,202.614910,119.350000,2.411000,244.100000,117.930000,1.866000,173.300000,40421.133524,18.114213,26.876405,110.999599,35.008733,2206.321055,1420.623019
06/22/2026 11:10:52,0.000000,0.000000,75.119442,74.593040,65.431877,75.412913,78.201616,72.692570,71.615130,74.676192,35.205984,31.140420,31.372564,31.321785,37.051977,37.216929,34.823051,35.129459,34.866789,36.735672,35.229035,35.215750,33.692030,34.115627,32.888333,83.550679,32.411146,42.491380,25.044908,25.027014,24.956129,31.447384,31.900904,31.853685,35.180465,35.117955,29.885904,29.895209,34.893976,37.700214,34.209104,37.958393,36.244759,38.276052,33.045892,37.321140,34.324096,37.309202,32.802064,36.927385,32.792043,34.688847,32.169747,34.239772,32.934274,35.455397,32.431596,34.436202,89.502703,94.882561,139.711701,89.883923,147.827754,58.559426,46.991416,167.187481,119.480000,2.253000,224.900000,118.180000,1.713000,153.800000,40481.133058,17.094615,25.396765,97.107500,35.008008,2210.306359,1423.420081
06/22/2026 11:11:52,0.000000,0.000000,75.111960,74.598231,65.642589,75.421021,78.220218,72.683338,71.639708,74.667299,35.115033,30.762900,31.069945,31.018933,37.150304,37.240071,34.784194,35.066231,34.753179,36.683835,34.973593,34.862516,33.513615,34.042972,32.712430,82.404591,32.689600,42.657441,24.721011,24.638674,24.570639,31.547395,32.107709,32.464093,35.089672,35.046221,29.176053,29.496275,34.927385,37.711852,34.234652,37.967919,36.269410,38.288276,33.034194,37.334706,34.324844,37.304642,32.806185,36.943428,32.804796,34.689593,32.158035,34.248508,32.957251,35.460132,32.456626,34.457619,93.255533,98.349887,137.402627,96.372209,145.440466,58.205412,47.862662,189.026804,119.510000,2.345000,236.400000,118.180000,1.804000,165.500000,40541.133696,16.452632,26.204809,105.882691,35.019003,2214.098648,1426.035525
06/22/2026 11:12:52,0.000000,0.000000,75.151048,74.569727,65.703898,75.408078,78.216575,72.666542,71.606027,74.670502,35.028372,30.872773,31.141037,31.123868,37.091702,37.084626,34.688546,35.005647,34.737007,36.601326,34.797772,35.070702,33.587128,33.992578,32.588069,84.148834,32.344550,43.188378,24.956913,24.943044,24.859057,31.303483,31.843005,31.601994,35.082524,34.996507,29.601463,29.878331,34.915326,37.703371,34.239085,37.962612,36.255355,38.272489,33.052974,37.350841,34.329500,37.319450,32.815964,36.958907,32.812911,34.697245,32.170607,34.268700,32.933020,35.471430,32.436161,34.446524,95.808474,101.086257,138.529234,98.166707,146.947571,58.297997,47.704668,190.300208,119.590000,2.352000,237.400000,118.030000,1.810000,166.400000,40601.134105,17.129472,26.058906,106.372659,35.020624,2218.056508,1428.811349
06/22/2026 11:13:52,0.000000,0.000000,75.166053,74.605449,65.725051,75.456968,78.232482,72.743542,71.628879,74.683130,34.953392,30.845992,31.153026,31.085848,37.172046,37.101731,34.676436,34.964275,34.721884,36.611019,34.971573,35.260743,33.467042,33.999538,32.675992,85.786684,32.344051,44.088924,25.090169,25.018147,24.963805,31.304877,31.808762,31.793615,35.042869,34.980349,29.553106,29.638981,34.946460,37.702137,34.261955,37.970798,36.286137,38.290830,33.060767,37.365970,34.369094,37.311147,32.816889,36.938595,32.834045,34.703248,32.191313,34.247494,32.951789,35.463551,32.455769,34.469632,97.983260,103.019166,139.197199,100.417382,147.880583,58.361023,48.016092,196.626283,119.560000,2.377000,240.700000,117.980000,1.840000,169.900000,40661.135122,17.742690,26.346234,108.774218,35.031881,2222.039659,1431.612091
06/22/2026 11:14:52,0.000000,0.000000,75.225678,74.613559,65.601274,75.476110,78.275548,72.708958,71.660883,74.689667,35.033163,30.877143,31.191748,31.097127,36.938220,37.039067,34.708053,34.970606,34.733373,36.577343,35.164840,35.015273,33.635539,33.941070,32.532018,87.479146,32.289055,44.429245,25.319799,25.253606,25.252229,31.275373,31.768571,31.644278,35.070285,34.972293,29.651135,29.638284,34.960400,37.699236,34.282062,37.980209,36.269662,38.293385,33.042892,37.334014,34.361869,37.333129,32.823853,36.961005,32.833949,34.698717,32.221030,34.277549,32.969446,35.478493,32.460068,34.465489,99.819006,104.998101,140.245225,102.153140,148.954446,58.507962,48.407337,201.762305,119.400000,2.402000,243.900000,117.610000,1.857000,173.100000,40721.133891,17.723551,26.705694,110.685537,35.037323,2226.080854,1434.470255
06/22/2026 11:15:52,0.000000,0.000000,75.188106,74.641040,65.595306,75.486063,78.282944,72.727414,71.641335,74.698077,34.935968,30.928752,31.211268,31.138210,37.010848,37.090458,34.631528,34.950425,34.649006,36.598057,34.552294,35.435597,33.559670,34.044603,32.626969,88.939017,32.200097,45.193218,25.307755,25.297916,25.163666,31.241063,31.713329,31.534680,35.073045,35.002546,29.686909,29.711622,34.973468,37.740099,34.293614,38.010703,36.272194,38.299001,33.049879,37.369573,34.378036,37.334646,32.839041,36.975672,32.835602,34.721658,32.242708,34.279515,32.967859,35.501727,32.460584,34.493958,101.602308,106.738565,141.213277,103.910145,150.013110,58.726773,48.178066,207.063411,119.240000,2.416000,245.800000,117.860000,1.878000,175.200000,40781.134902,18.697966,26.495252,112.623735,35.051977,2230.164728,1437.371220
06/22/2026 11:16:52,0.000000,0.000000,75.221489,74.646132,65.811855,75.513807,78.282826,72.764989,71.638307,74.714498,34.948898,30.946647,31.240746,31.164199,37.178163,37.167992,34.702678,34.937296,34.719607,36.541039,35.221568,35.243382,33.491847,33.963502,32.873488,90.335413,32.172675,45.561079,25.466237,25.433145,25.374264,31.250804,31.684757,31.445067,35.121862,35.001706,29.778365,29.772032,34.971020,37.730148,34.323662,38.035753,36.291797,38.330036,33.047781,37.388356,34.383133,37.366693,32.863759,36.970628,32.843730,34.751057,32.213020,34.291270,32.980967,35.501057,32.473303,34.516406,103.294458,108.420288,142.239113,105.402144,151.129981,58.929013,48.405977,211.498804,119.400000,2.441000,248.700000,118.020000,1.894000,177.400000,40841.135910,18.856632,26.704447,114.219471,35.063679,2234.289326,1440.311047
06/22/2026 11:17:52,0.000000,0.000000,75.258556,74.652376,65.602494,75.526167,78.327965,72.771036,71.648649,74.707478,34.972685,30.974117,31.253509,31.243368,36.819309,37.016155,34.706394,34.958305,34.707471,36.558140,34.967807,35.021568,33.522799,33.954921,32.798960,91.623096,32.168993,45.769247,25.620385,25.585508,25.567337,31.248911,31.663707,31.369213,35.123106,35.022017,29.837580,29.839686,34.971789,37.738426,34.305426,38.015393,36.276265,38.306595,33.035742,37.371105,34.400430,37.341925,32.822109,36.994213,32.828576,34.737713,32.272161,34.287266,32.968066,35.528521,32.485012,34.521429,105.068297,109.798881,143.169017,107.261012,152.277679,59.017395,48.465310,216.293982,119.430000,2.458000,251.400000,117.860000,1.915000,179.900000,40901.134368,19.010432,26.758815,115.919033,35.060408,2238.451691,1443.289888
06/22/2026 11:18:52,0.000000,0.000000,75.255582,74.723770,65.728042,75.567498,78.294266,72.806995,71.609720,74.711789,34.956784,31.093160,31.365408,31.293133,36.847484,37.062457,34.638868,34.971065,34.714631,36.579445,35.001127,34.911015,33.679459,34.095516,32.846880,92.949192,32.135834,46.069983,25.840571,25.832077,25.751800,31.313323,31.663511,31.378820,35.155214,35.066101,29.787386,29.984758,34.997232,37.741687,34.306563,38.030660,36.265310,38.319955,33.033188,37.393243,34.377832,37.355223,32.832032,36.987719,32.850919,34.749802,32.228225,34.325023,32.970323,35.521908,32.493605,34.522458,106.410166,111.509514,144.222266,108.709394,153.447306,59.242627,48.758574,220.682927,119.460000,2.477000,253.400000,117.980000,1.930000,181.900000,40961.135208,19.043007,27.026976,117.452069,35.065145,2242.654250,1446.306874
06/22/2026 11:19:52,0.000000,0.000000,75.150941,74.651181,65.600858,75.529081,78.287530,72.741348,71.623709,74.688121,34.996493,31.086274,31.372336,31.346490,36.962829,36.998215,34.714460,34.996078,34.753464,36.591193,35.511574,35.297953,33.666024,34.054120,32.648296,94.119862,32.111146,46.687531,25.957927,25.888639,25.853861,31.317908,31.678342,31.260875,35.177964,35.080872,30.000646,30.078519,34.996925,37.749335,34.324628,38.042457,36.311244,38.330446,33.042416,37.401206,34.425761,37.364070,32.850308,37.006343,32.863706,34.761671,32.286850,34.340560,32.988998,35.551158,32.487425,34.547351,108.041114,112.867556,145.201413,110.185256,154.488211,59.409812,48.871412,225.448489,119.500000,2.486000,254.800000,117.710000,1.942000,183.900000,41021.134926,19.557623,27.129908,119.093075,35.083643,2246.891675,1449.357027
06/22/2026 11:20:52,0.000000,0.000000,75.090454,74.648130,65.661842,75.502375,78.221355,72.723873,71.643135,74.647472,35.139958,31.161838,31.449673,31.400519,36.845279,37.023100,34.681850,34.992745,34.779889,36.606052,35.060154,35.245322,33.663033,34.019166,33.140221,95.305929,32.098527,47.023382,26.016325,25.971178,25.935836,31.275746,31.658462,31.093946,35.198606,35.119694,30.060192,30.048094,34.988392,37.758065,34.301767,38.042673,36.280323,38.322565,33.018035,37.399655,34.396250,37.347930,32.826790,37.002408,32.837987,34.745327,32.238419,34.321697,32.979882,35.545173,32.466565,34.526988,109.346990,114.287756,146.267800,111.487652,155.637116,59.588527,48.856846,229.488657,119.180000,2.513000,257.200000,117.700000,1.965000,185.900000,41081.134966,19.906754,27.116628,120.465664,35.067345,2251.164122,1452.442973
06/22/2026 11:21:52,0.000000,0.000000,74.989415,74.618460,65.702325,75.498080,78.161104,72.683139,71.660508,74.666897,35.067821,31.272472,31.497921,31.488379,36.971438,37.186377,34.749438,35.033260,34.850094,36.633175,34.980915,35.190441,33.694211,34.141776,32.798089,96.438438,32.093149,47.459204,26.175854,26.128925,26.078865,31.340790,31.631723,31.103295,35.290822,35.121038,30.145802,30.110009,35.026916,37.753152,34.355965,38.039194,36.305726,38.308162,33.048876,37.410194,34.420584,37.348300,32.862064,36.981769,32.875948,34.753924,32.263951,34.313193,33.016706,35.534910,32.498297,34.540004,110.759362,115.568265,147.198470,112.694779,156.655691,59.779777,49.100683,233.746186,119.310000,2.521000,258.800000,117.630000,1.979000,187.600000,41141.135403,20.120575,27.338629,121.894161,35.082892,2255.468986,1455.560635
06/22/2026 11:22:52,0.000000,0.000000,74.979110,74.610687,65.541560,75.447366,78.155159,72.622091,71.601961,74.661803,35.063076,31.315380,31.576911,31.546817,36.829513,37.130731,34.780416,35.054030,34.855549,36.618704,35.005435,35.392194,33.676519,34.072156,32.831367,97.500136,32.102325,47.605291,26.305736,26.238701,26.222617,31.356220,31.693929,30.464938,35.301039,35.196426,30.244790,30.215612,35.013120,37.759730,34.342417,38.048679,36.279109,38.327537,33.031041,37.404521,34.397583,37.365174,32.834484,36.995908,32.860332,34.736571,32.290592,34.323030,32.996777,35.543846,32.484493,34.534222,111.823927,116.871848,148.233404,113.972940,157.892027,59.954909,49.231583,237.498755,119.160000,2.539000,260.900000,117.510000,1.994000,189.900000,41201.135814,20.147746,27.457545,123.138390,35.078458,2259.801655,1458.707295
06/22/2026 11:23:52,0.000000,0.000000,74.974921,74.616215,65.744899,75.423258,78.121447,72.611881,71.542465,74.664641,35.152657,31.361296,31.662473,31.623467,36.946762,37.094931,34.774495,35.113729,34.918989,36.689085,35.150884,35.288058,33.709851,34.093043,33.039710,98.287872,32.040631,47.681845,26.472583,26.397513,26.390705,31.340237,31.572362,30.271985,35.330210,35.207870,30.295526,30.387099,35.017421,37.761807,34.331098,38.051106,36.307797,38.328774,33.004283,37.404610,34.379923,37.356421,32.824877,36.996082,32.833568,34.739588,32.257579,34.330220,33.009313,35.537732,32.494454,34.542826,113.035093,118.067531,149.138883,115.042412,158.792122,60.241404,49.344422,241.700449,119.010000,2.558000,262.900000,117.460000,2.007000,191.600000,41261.135677,20.121939,27.559906,124.515482,35.075474,2264.166367,1461.883982
06/22/2026 11:24:52,0.000000,0.000000,74.952772,74.638429,65.515781,75.428791,78.159789,72.613620,71.560278,74.647738,35.125267,31.362730,31.667026,31.662376,37.087561,37.128690,34.907972,35.160706,34.954119,36.726349,35.228116,35.480113,33.737536,34.218366,33.077920,89.619665,32.118675,44.587480,25.207133,25.185663,25.117438,31.326903,31.625856,30.897343,35.266097,35.218223,30.229263,30.528128,35.003853,37.772147,34.353553,38.082733,36.292915,38.331151,33.008454,37.414421,34.403083,37.370654,32.838839,36.990068,32.857302,34.765040,32.272877,34.339626,33.002731,35.562189,32.476396,34.558976,98.419738,104.186818,148.045519,99.174760,156.627578,60.219362,47.605328,192.271007,119.270000,2.365000,239.000000,117.790000,1.821000,167.700000,41321.135698,18.620454,25.967026,107.126586,35.084850,2268.375343,1464.902569
06/22/2026 11:25:52,0.000000,0.000000,74.865809,74.582707,65.592729,75.385339,78.089961,72.572566,71.589709,74.643256,35.007923,31.093751,31.401644,31.355860,37.004420,37.145945,34.795907,35.096118,34.846950,36.682695,35.202113,35.369326,33.635835,34.110512,32.897135,93.884574,32.680379,45.708245,26.043112,26.006012,25.921107,31.703925,32.060248,32.142133,35.260678,35.150740,29.731608,30.063519,34.997969,37.763191,34.336213,38.079166,36.262914,38.349358,32.967660,37.411580,34.401563,37.362508,32.831118,36.997867,32.838732,34.752280,32.271201,34.327898,33.000319,35.546048,32.470450,34.547278,106.528952,111.537271,146.597997,109.255359,155.892729,59.786685,49.140982,226.030003,119.380000,2.501000,256.400000,117.620000,1.957000,185.000000,41381.135659,18.332987,27.375258,119.291675,35.075766,2272.522006,1467.867927
06/22/2026 11:26:52,0.000000,0.000000,74.846066,74.549857,65.603950,75.350070,78.083844,72.538451,71.573742,74.640025,35.122883,31.237803,31.559489,31.521037,37.299265,37.028187,34.844597,35.095134,34.848406,36.710253,35.267400,35.299622,33.744531,34.039810,32.863693,93.367301,32.041677,46.284886,25.921677,25.868033,25.835157,31.058648,31.398179,30.083880,35.240422,35.194762,30.070594,30.332631,35.000930,37.785142,34.322397,38.079108,36.269012,38.343518,32.996899,37.440395,34.400757,37.391325,32.810557,37.016337,32.821736,34.774358,32.264427,34.361706,33.000845,35.567398,32.476124,34.581776,107.088580,112.284148,147.541695,109.231315,156.907547,59.916372,48.707592,222.569892,119.310000,2.484000,253.600000,117.750000,1.940000,183.000000,41441.135942,19.304461,26.980425,118.104730,35.085237,2276.766970,1470.926164
06/22/2026 11:27:52,0.000000,0.000000,74.838677,74.523869,65.460213,75.332810,78.052329,72.483429,71.586607,74.614810,35.130339,31.231038,31.541587,31.481065,36.924366,37.084038,34.816516,35.087014,34.895334,36.706633,35.207033,35.350275,33.842354,33.944481,33.092935,95.155145,32.212715,46.578375,26.051460,25.990223,25.989044,31.360863,31.684760,31.200012,35.296733,35.189459,30.111625,30.086313,35.036602,37.799039,34.352322,38.074882,36.292167,38.347185,32.990366,37.430169,34.424659,37.356340,32.823382,37.006095,32.863220,34.776710,32.294372,34.342565,32.999896,35.575758,32.485396,34.558637,109.107249,114.109926,148.114089,111.205505,157.674060,60.124115,48.916956,229.696144,119.320000,2.510000,257.600000,117.700000,1.960000,186.500000,41501.136207,19.406961,27.171414,120.535703,35.091488,2281.030933,1474.004260
06/22/2026 11:28:52,0.000000,0.000000,74.797116,74.534278,65.419043,75.330136,78.040825,72.447276,71.594879,74.606571,35.127009,31.304776,31.579229,31.571940,36.957087,37.068989,34.841921,35.110193,34.906195,36.759943,35.513953,35.332091,33.820583,34.158447,32.781868,96.364470,32.205721,47.156561,26.207573,26.167796,26.122222,31.429901,31.745326,31.131815,35.301587,35.193428,30.192739,30.142137,35.016304,37.787206,34.347443,38.075768,36.276546,38.329837,32.964455,37.431293,34.383632,37.361001,32.801071,37.013535,32.830192,34.769043,32.263989,34.346356,33.017029,35.580872,32.458628,34.543473,110.545556,115.367687,148.910964,112.521503,158.574946,60.250028,49.184389,233.164348,119.310000,2.526000,259.400000,117.640000,1.979000,187.900000,41561.136033,19.741868,27.414693,121.700008,35.079884,2285.336310,1477.122585
06/22/2026 11:29:52,0.000000,0.000000,74.755209,74.498698,65.544985,75.318353,78.012663,72.401982,71.593238,74.631982,35.123744,31.360753,31.649902,31.636586,36.885916,37.084515,34.835349,35.140421,34.950821,36.711112,35.494736,35.115813,33.774446,34.118988,32.737038,97.383995,32.159877,47.749477,26.281749,26.275493,26.209165,31.435484,31.703686,30.915481,35.362724,35.279839,30.258240,30.295980,35.051379,37.807580,34.372815,38.112506,36.301394,38.381998,32.999187,37.465709,34.427942,37.401168,32.835139,37.044771,32.860927,34.796599,32.313878,34.363155,33.019632,35.581251,32.482925,34.591220,111.886168,116.760904,149.716310,113.805055,159.571113,60.438356,49.446093,237.695722,119.360000,2.542000,260.800000,117.900000,1.993000,189.600000,41621.136276,20.097456,27.652021,123.203321,35.110559,2289.673272,1480.273681
06/22/2026 11:30:52,0.000000,0.000000,74.794412,74.477897,65.415881,75.285346,78.038267,72.404452,71.614142,74.619428,35.184571,31.434361,31.735530,31.652290,37.327388,37.040840,34.846433,35.172338,34.994812,36.755449,35.092801,35.580417,33.895784,34.103562,33.213136,98.494375,32.080241,47.738151,26.496713,26.418516,26.420792,31.334591,31.543996,29.533348,35.390583,35.273127,30.355354,30.313085,35.048440,37.785209,34.366870,38.096871,36.289144,38.350792,32.981996,37.443517,34.435839,37.376320,32.832038,37.014706,32.871743,34.776342,32.317583,34.361289,33.031099,35.586035,32.493611,34.562394,113.110184,118.017078,150.642199,115.140751,160.619969,60.516797,49.370544,241.521447,119.270000,2.550000,263.400000,117.580000,2.007000,191.700000,41681.136312,20.154567,27.583584,124.457155,35.101092,2294.043830,1483.455988
06/22/2026 11:31:52,0.000000,0.000000,74.718896,74.450962,65.331404,75.282895,77.950377,72.382926,71.574163,74.596071,35.189937,31.405447,31.738249,31.700859,37.329166,37.240294,34.902743,35.181192,34.981556,36.790005,35.297654,35.564032,33.857607,34.187022,32.959772,89.333143,31.913889,43.826050,25.235327,25.187020,25.122685,31.098645,31.347725,30.149752,35.314167,35.218422,30.286077,30.464665,35.047137,37.778165,34.367778,38.107051,36.280600,38.337855,32.967637,37.418691,34.428225,37.373156,32.816997,37.017877,32.856938,34.775322,32.310331,34.362550,33.030139,35.586407,32.492353,34.558033,96.227758,101.718981,149.358946,96.757688,158.271542,60.466981,47.484623,186.367999,119.360000,2.328000,235.300000,118.030000,1.793000,164.800000,41741.137345,17.970813,25.855237,104.852382,35.095662,2298.240648,1486.463286
06/22/2026 11:32:52,0.000000,0.000000,74.665540,74.433518,65.440662,75.229774,77.927310,72.303776,71.577865,74.591731,35.033719,31.006490,31.344247,31.287571,36.837980,37.102931,34.792253,35.096012,34.908673,36.712861,35.284198,35.167524,33.700119,34.086867,32.698720,91.907537,32.595545,44.875694,25.708388,25.648476,25.608368,31.629298,31.964299,32.118764,35.240805,35.149484,29.601477,29.891901,35.045886,37.796802,34.356913,38.101095,36.283887,38.337160,32.950489,37.419921,34.413486,37.366871,32.817387,36.996151,32.825115,34.760874,32.300288,34.364673,33.032710,35.569031,32.486516,34.568627,104.381398,109.178138,147.065674,107.201013,156.250611,59.923132,48.874326,220.249179,119.450000,2.478000,253.500000,117.780000,1.931000,182.000000,41801.136110,17.743130,27.132564,117.301502,35.089694,2302.318119,1489.361170
06/22/2026 11:33:52,0.000000,0.000000,74.648651,74.435645,65.235590,75.223738,77.923819,72.332042,71.542541,74.606400,35.118125,31.200939,31.493670,31.502964,37.035013,37.103122,34.718437,35.107795,34.918150,36.750634,35.556475,35.153086,33.651900,34.084840,32.744779,91.607827,31.939228,45.562642,25.660109,25.650719,25.560186,30.950360,31.304611,29.821277,35.274331,35.158632,30.021329,30.251250,35.070292,37.781799,34.370782,38.111366,36.302576,38.347411,32.975480,37.426105,34.442322,37.385875,32.825322,37.012890,32.861225,34.792905,32.324854,34.384193,33.064708,35.596497,32.500682,34.570333,105.230745,110.352942,147.955345,107.340426,157.456661,59.985279,48.661272,216.563132,119.140000,2.461000,251.200000,117.620000,1.919000,179.800000,41861.137733,18.624536,26.938106,116.013658,35.107381,2306.519372,1492.376696
06/22/2026 11:34:52,0.000000,0.000000,74.606669,74.374631,65.534509,75.181318,77.895845,72.287782,71.535930,74.580373,35.081241,31.151838,31.463288,31.423454,37.017119,37.060905,34.811194,35.098541,34.891900,36.760725,35.328158,34.945822,33.676125,34.040243,33.020037,93.424650,32.210528,46.113218,25.836037,25.770765,25.728507,31.326645,31.644755,31.283425,35.268165,35.146702,29.953157,29.998436,35.067590,37.792362,34.398466,38.108003,36.303997,38.356335,32.972017,37.445420,34.448843,37.371593,32.832056,37.023127,32.852871,34.760620,32.308041,34.364532,33.057016,35.579524,32.508752,34.563742,107.386586,112.266298,148.360191,109.456730,157.934203,60.140334,48.744882,223.846373,119.470000,2.487000,255.000000,117.960000,1.940000,183.900000,41921.136999,19.098741,27.014477,118.544081,35.105745,2310.737043,1495.409576
06/22/2026 11:35:52,0.000000,0.000000,74.608395,74.376780,65.345718,75.181682,77.870950,72.283487,71.527073,74.586339,35.102783,31.237207,31.506321,31.492202,37.165408,37.147720,34.803587,35.071429,34.927638,36.737536,35.189232,35.265615,33.749096,34.143810,33.074199,94.760454,32.179235,46.635090,25.965530,25.950332,25.867137,31.338268,31.688454,30.541919,35.284729,35.198290,29.991217,30.116511,35.046684,37.809529,34.393418,38.149355,36.281983,38.374117,32.951688,37.464293,34.430514,37.397099,32.821349,37.031052,32.843655,34.796666,32.283246,34.379040,33.021319,35.603315,32.489590,34.584115,108.783451,113.687238,149.046375,110.888130,158.946955,60.268235,49.020472,227.614639,119.430000,2.503000,257.000000,117.730000,1.956000,185.700000,41981.137123,19.369419,27.265671,119.831084,35.107601,2315.003163,1498.487860
06/22/2026 11:36:52,0.000000,0.000000,74.591830,74.368665,65.272997,75.151432,77.855951,72.235335,71.535338,74.595420,35.058003,31.274190,31.591862,31.542945,37.028263,37.003937,34.769513,35.087025,34.850031,36.714086,35.141354,34.927285,33.855183,34.149089,33.372025,95.932340,32.091674,46.867238,26.133254,26.131913,26.044308,31.296539,31.619109,30.630322,35.316749,35.213468,30.108130,30.116234,35.072125,37.800859,34.403935,38.116980,36.286695,38.354090,32.946640,37.422418,34.427972,37.367599,32.817768,37.006702,32.837717,34.778767,32.328914,34.362297,33.049000,35.575964,32.490900,34.583203,110.158523,115.148601,149.905131,112.308619,159.908334,60.415585,49.024551,232.439924,119.290000,2.519000,259.300000,117.900000,1.973000,187.700000,42041.137043,19.597855,27.269383,121.457807,35.101527,2319.301129,1501.598856
06/22/2026 11:37:52,0.000000,0.000000,74.595992,74.355074,65.340869,75.139645,77.811784,72.216303,71.506117,74.589124,35.159236,31.343848,31.629880,31.605964,36.909036,37.187229,34.851339,35.121382,34.973018,36.718217,35.101159,35.382338,33.826965,34.035204,32.903352,96.946313,31.856126,46.923181,26.177072,26.149362,26.073602,31.023186,31.186722,29.154317,35.306233,35.214033,30.185375,30.252060,35.051589,37.813091,34.345240,38.152638,36.274721,38.372615,32.932394,37.466769,34.430337,37.386754,32.798156,37.012847,32.825247,34.784513,32.297305,34.371762,33.040700,35.607126,32.482846,34.589810,111.556928,116.522485,150.752526,113.609536,160.684112,60.523495,49.070968,236.669778,119.310000,2.543000,260.700000,117.830000,1.986000,189.200000,42101.138010,19.611572,27.311609,122.864706,35.101823,2323.635032,1504.744657
06/22/2026 11:38:52,0.000000,0.000000,74.586459,74.285509,65.464100,75.113716,77.777094,72.150023,71.486276,74.569779,35.141623,31.368919,31.655839,31.627518,37.003863,37.086127,34.849327,35.144640,34.948306,36.746211,35.451010,35.547803,33.886192,34.085537,32.925786,97.937310,31.961648,47.297032,26.397340,26.322265,26.319323,31.219605,31.450405,30.498988,35.388564,35.270222,30.240544,30.241700,35.069218,37.816519,34.384388,38.159801,36.303858,38.391961,32.968320,37.451357,34.457464,37.398308,32.825614,37.045910,32.863846,34.803059,32.323917,34.407323,33.065652,35.622693,32.499194,34.588370,112.835920,117.810685,151.479204,114.835196,161.782887,60.596246,49.089321,240.931193,119.470000,2.554000,263.000000,117.750000,2.004000,191.500000,42161.136835,19.968733,27.328299,124.264609,35.122339,2327.997808,1507.919123
06/22/2026 11:39:52,0.000000,0.000000,74.539794,74.278568,65.389586,75.069783,77.790980,72.125009,71.485812,74.577768,35.158695,31.419939,31.700171,31.706809,37.083023,37.137419,34.922587,35.147388,35.018592,36.787582,35.279713,35.280556,33.844888,34.192507,33.187680,99.051192,31.972960,47.106779,26.563737,26.507438,26.487392,31.140340,31.282481,29.271582,35.375782,35.296888,30.319962,30.420204,35.044588,37.792416,34.361262,38.143850,36.254541,38.363968,32.922798,37.445323,34.422565,37.390947,32.787187,37.014320,32.807202,34.788689,32.301495,34.377746,33.052917,35.585186,32.472762,34.569105,114.059318,118.927403,152.214222,115.979717,162.570522,60.786436,49.342965,244.606563,119.400000,2.568000,264.200000,117.710000,2.015000,193.200000,42221.137478,19.548193,27.558586,125.458270,35.094943,2332.392467,1511.123907
06/22/2026 11:40:52,0.000000,0.000000,74.544836,74.295449,65.338286,75.070862,77.775215,72.151521,71.455063,74.557696,35.216213,31.497795,31.748617,31.772583,36.991754,37.232335,34.946629,35.219299,35.027791,36.838348,35.013159,35.711128,33.851834,34.143078,33.129999,99.688344,31.870811,47.868946,26.595320,26.527853,26.494518,31.130960,31.258843,29.895416,35.432463,35.326538,30.376080,30.387582,35.039629,37.794102,34.359253,38.149359,36.259590,38.348251,32.910086,37.427657,34.419032,37.366207,32.776517,37.020514,32.821166,34.783103,32.288772,34.364450,33.025375,35.608687,32.474098,34.581529,115.171694,120.164011,153.196586,117.153816,163.526336,61.106953,49.486393,248.431480,119.280000,2.579000,265.800000,117.750000,2.032000,194.600000,42281.137384,20.180443,27.688503,126.687349,35.090869,2336.813682,1514.355069
06/22/2026 11:41:52,0.000000,0.000000,74.434603,74.233382,65.266157,75.043194,77.712686,72.079254,71.504380,74.541751,35.310601,31.544102,31.863522,31.827035,36.944972,37.151516,34.957621,35.275502,35.087620,36.829030,35.335865,35.662941,33.742694,34.198666,33.457400,100.579219,31.803573,47.565186,26.725806,26.669068,26.660317,31.030735,31.122976,29.314411,35.458595,35.367300,30.478586,30.495278,35.060740,37.805420,34.383162,38.150189,36.290866,38.378121,32.942383,37.459242,34.448074,37.378343,32.802901,37.007836,32.833014,34.776737,32.329102,34.395269,33.065580,35.602240,32.489372,34.586559,116.362769,121.192297,153.991395,118.060720,164.417202,61.623508,49.625159,252.180491,119.250000,2.595000,267.900000,117.540000,2.047000,196.300000,42341.136747,19.751195,27.813991,127.879336,35.109257,2341.262885,1517.613673
06/22/2026 11:42:52,0.000000,0.000000,74.459057,74.253614,65.172939,75.040227,77.676043,72.062713,71.382485,74.565262,35.349623,31.620749,31.918332,31.931182,36.997958,37.196529,35.049475,35.291526,35.135076,36.924600,35.418319,35.189093,33.994817,34.203456,33.441917,101.328379,31.829983,48.150089,26.753185,26.707170,26.658982,31.095800,31.110504,29.247070,35.490972,35.419623,30.515607,30.548186,35.045533,37.822521,34.365769,38.157612,36.274415,38.366127,32.921861,37.458565,34.439407,37.397117,32.782121,37.028742,32.817380,34.781988,32.315683,34.386602,33.060010,35.615739,32.472142,34.580909,117.398721,122.321405,154.939136,119.164301,165.501985,61.966880,49.477362,255.127878,119.090000,2.611000,269.300000,117.740000,2.055000,198.200000,42401.137226,20.469760,27.680329,128.807816,35.104512,2345.738255,1520.899005
06/22/2026 11:43:52,0.000000,0.000000,74.474140,74.227269,65.324499,75.041050,77.652441,72.055062,71.352446,74.578443,35.317431,31.647644,31.968834,31.955010,37.221068,37.121570,35.080135,35.348771,35.138787,36.938034,35.440642,35.599266,34.044315,34.300429,32.991804,96.573895,31.812363,45.241883,26.466099,26.435714,26.422405,31.061274,31.141037,29.540309,35.467761,35.405274,30.558674,30.779207,35.070516,37.806766,34.370717,38.146636,36.290616,38.364625,32.927461,37.452563,34.468880,37.374315,32.796713,37.031314,32.834986,34.773825,32.316394,34.377471,33.072643,35.607508,32.500084,34.573286,101.412031,106.984852,154.710454,102.430228,164.537640,62.072712,48.107761,200.274940,119.400000,2.403000,244.600000,118.040000,1.857000,172.800000,42461.136037,18.811277,26.430606,110.135479,35.107866,2350.123975,1524.088999
06/22/2026 11:44:52,0.000000,0.000000,74.448229,74.188243,65.370512,74.981163,77.618003,72.011495,71.333189,74.527985,35.221191,31.195364,31.559380,31.472050,36.974247,37.098087,34.945949,35.245660,35.016365,36.864108,35.629800,35.495091,33.811610,34.189870,32.896835,92.859142,32.540445,45.414750,25.879220,25.768350,25.750317,31.566249,31.899476,31.957831,35.408786,35.299311,29.756649,29.967691,35.078248,37.814030,34.384145,38.187384,36.292591,38.370569,32.943226,37.459241,34.436092,37.405751,32.796987,37.046625,32.816072,34.788223,32.315264,34.380181,33.066468,35.633254,32.479897,34.589975,106.228939,111.139587,151.050481,109.215893,160.649395,61.436109,49.046497,228.735101,119.390000,2.504000,257.400000,117.770000,1.959000,185.900000,42521.136484,18.125399,27.289351,120.210927,35.114211,2354.230730,1527.014550
06/22/2026 11:45:52,0.000000,0.000000,74.431626,74.212224,65.080242,74.966913,77.635380,72.021357,71.277153,74.539361,35.189804,31.386600,31.743016,31.677362,37.098016,37.167004,34.965168,35.254234,35.076309,36.892507,35.218175,35.449819,33.972721,34.136978,32.957003,94.331095,32.084501,46.323023,26.095657,26.017436,26.011646,30.906604,31.311211,29.123268,35.403028,35.323693,30.291200,30.592041,35.078517,37.822694,34.383633,38.187316,36.278674,38.394660,32.900797,37.475283,34.450863,37.409858,32.798015,37.044551,32.832329,34.784037,32.340429,34.406490,33.094599,35.631610,32.508503,34.594549,108.320122,113.441558,151.930293,110.317536,161.925380,61.479024,48.884716,224.763717,119.560000,2.494000,256.000000,118.020000,1.944000,184.500000,42581.135462,19.180988,27.142035,118.858755,35.120870,2358.523546,1530.118498
06/22/2026 11:46:52,0.000000,0.000000,74.325549,74.161088,65.242661,74.952079,77.568795,71.938222,71.276920,74.528985,35.217775,31.381742,31.692718,31.640550,37.090661,37.181760,34.908478,35.275138,35.063938,36.878394,35.574988,35.377743,33.873871,34.193514,33.005084,95.303028,32.012038,46.265387,26.211496,26.136858,26.121866,31.239292,31.488357,30.822641,35.375054,35.279759,30.186388,30.158508,35.061407,37.817131,34.390001,38.175546,36.261592,38.377182,32.909428,37.453689,34.426525,37.395335,32.785696,37.007972,32.816951,34.771359,32.308135,34.372832,33.074664,35.621486,32.494401,34.571611,109.918581,115.026237,152.168754,112.094757,162.233918,61.587805,49.014257,232.894551,119.490000,2.522000,259.200000,117.620000,1.975000,188.000000,42641.134839,19.005371,27.260016,121.609866,35.104647,2362.813112,1533.218604
06/22/2026 11:47:52,0.000000,0.000000,74.251679,74.149785,65.108161,74.903246,77.485576,71.893031,71.229774,74.513296,35.222527,31.402559,31.728679,31.676813,37.033342,37.283195,34.911363,35.273589,35.031004,36.876501,35.262866,35.260905,33.834971,34.191028,33.106653,96.724433,32.108346,46.835106,26.283180,26.178601,26.172193,31.383478,31.636983,30.144957,35.388881,35.304226,30.268947,30.262620,35.074507,37.817814,34.366646,38.189400,36.277346,38.373025,32.908799,37.450636,34.443872,37.375924,32.799343,37.037469,32.808319,34.771175,32.319518,34.391067,33.064482,35.614438,32.479585,34.588776,111.462424,116.513941,152.836098,113.441648,163.121530,61.673570,49.203422,236.131639,119.180000,2.539000,260.000000,117.620000,1.989000,189.500000,42701.135836,19.403129,27.431977,122.686685,35.107607,2367.151795,1536.369851
06/22/2026 11:48:52,0.000000,0.000000,74.203099,74.115999,65.197946,74.875852,77.461213,71.869780,71.172201,74.510045,35.256114,31.464386,31.786935,31.732373,37.292354,37.232220,34.943350,35.252370,35.105388,36.898960,35.524248,35.267428,33.798875,34.209543,32.937352,97.835282,32.031598,47.065150,26.491664,26.425532,26.384604,31.260635,31.424601,29.380391,35.422119,35.331262,30.321100,30.320959,35.064254,37.818642,34.374899,38.189665,36.264127,38.363373,32.904417,37.463254,34.441008,37.397828,32.794322,37.051050,32.806603,34.788979,32.295111,34.393085,33.063392,35.624427,32.479455,34.574006,112.810110,117.876776,153.446247,114.813479,163.947842,61.768458,49.377341,240.837807,119.180000,2.556000,263.300000,117.510000,2.006000,192.100000,42761.135299,19.475407,27.589743,124.234116,35.107595,2371.520117,1539.549489
06/22/2026 11:49:52,0.000000,0.000000,74.113838,74.066901,64.957703,74.810324,77.371874,71.778580,71.186632,74.491875,35.312304,31.489232,31.837615,31.778773,37.190281,37.180110,35.042466,35.286736,35.098191,36.906376,35.113265,35.306946,33.873990,34.265092,33.238942,98.799423,31.817592,47.260617,26.462408,26.408340,26.354399,31.052280,31.100851,28.985837,35.447305,35.345814,30.376745,30.402424,35.071240,37.803511,34.362435,38.187859,36.257298,38.348172,32.879331,37.434628,34.428248,37.389536,32.788823,37.038062,32.812639,34.766613,32.329625,34.378105,33.059943,35.585101,32.474399,34.566745,114.063604,119.028943,154.234218,115.962216,164.660627,61.940011,49.273825,244.820686,119.010000,2.570000,264.800000,117.520000,2.026000,193.500000,42821.135202,19.764737,27.495880,125.527426,35.098116,2375.919471,1542.760762
06/22/2026 11:50:52,0.000000,0.000000,74.029250,73.999648,65.055570,74.762828,77.312303,71.686389,71.166142,74.467662,35.157075,31.529694,31.836197,31.813143,37.235452,37.181063,35.050708,35.295862,35.095007,36.909392,35.273217,35.674378,34.029900,34.247407,33.185875,99.633619,31.866220,47.691618,26.579993,26.505376,26.498068,31.118904,31.265502,29.540902,35.468093,35.375026,30.442229,30.548054,35.065354,37.802064,34.376707,38.207363,36.271171,38.371281,32.894151,37.463443,34.437648,37.379449,32.776985,37.047958,32.793224,34.769867,32.269711,34.376855,33.064915,35.589171,32.480348,34.564250,115.161190,120.166410,154.951851,117.154613,165.632899,62.047802,49.595541,248.642527,119.120000,2.586000,266.700000,117.640000,2.032000,195.300000,42881.134820,19.904394,27.787224,126.754782,35.100096,2380.347526,1545.998797
06/22/2026 11:51:52,0.000000,0.000000,73.959450,73.983979,64.946125,74.742332,77.254796,71.662850,71.123156,74.488666,35.293399,31.628835,31.929537,31.896038,37.459641,37.285895,35.164872,35.356364,35.111203,36.928206,35.600513,35.418297,33.998860,34.278955,33.026090,100.536327,31.751342,47.730082,26.619813,26.590325,26.548023,30.999392,31.053312,29.072961,35.511624,35.417675,30.505180,30.574621,35.085130,37.823540,34.373264,38.200403,36.279581,38.385851,32.917713,37.455734,34.460527,37.390308,32.799125,37.025753,32.808785,34.766761,32.323099,34.397961,33.088277,35.623979,32.490487,34.569482,116.358570,121.319243,155.769491,118.169588,166.459848,62.212962,49.613700,252.343956,119.260000,2.593000,267.800000,117.630000,2.044000,196.700000,42941.134749,19.926445,27.803637,127.931028,35.113288,2384.804605,1549.264682
06/22/2026 11:52:52,0.000000,0.000000,73.969966,73.960661,64.843043,74.695951,77.245204,71.640049,71.144509,74.471473,35.280164,31.670775,32.002651,31.947168,37.248657,37.216378,35.087420,35.345859,35.171558,36.949942,35.527906,35.487333,34.015633,34.305930,33.113342,101.324110,31.803277,47.933269,26.801009,26.760356,26.680937,31.088733,31.098536,29.227063,35.528467,35.469973,30.566693,30.604125,35.049748,37.827163,34.380479,38.218183,36.266691,38.384475,32.899878,37.455851,34.431358,37.407224,32.774005,37.054283,32.792282,34.774693,32.302582,34.394971,33.056836,35.619665,32.474254,34.583016,117.430211,122.310272,156.486160,119.256412,167.409851,62.323387,49.707021,255.855864,119.300000,2.607000,270.000000,117.630000,2.059000,198.400000,43001.134418,20.045344,27.887925,129.035993,35.107382,2389.288247,1552.558136
06/22/2026 11:53:52,0.000000,0.000000,74.054513,73.981353,65.196491,74.683122,77.259377,71.616148,71.149070,74.478130,35.327905,31.621195,31.941051,31.944526,37.120006,37.312358,35.085013,35.359852,35.158130,36.967507,35.373557,35.360616,33.967715,34.324156,33.107818,93.825865,31.864261,43.895163,25.942079,25.905423,25.864679,31.095650,31.210168,29.823525,35.441274,35.422660,30.540948,30.784097,35.083804,37.837242,34.375821,38.211339,36.273129,38.369261,32.903232,37.452720,34.443302,37.412492,32.791687,37.050199,32.804084,34.775821,32.268565,34.401591,33.091469,35.618743,32.478598,34.578032,98.644989,104.346903,155.462869,99.451982,165.118235,62.273461,47.771478,194.322081,119.360000,2.378000,241.200000,117.850000,1.830000,169.600000,43061.134720,17.774526,26.120637,107.905655,35.111057,2393.621600,1555.696317
06/22/2026 11:54:52,0.000000,0.000000,74.060780,73.974087,65.109233,74.672374,77.229702,71.626989,71.136335,74.478547,35.228065,31.197818,31.541339,31.517837,37.302721,37.254526,34.938810,35.285067,35.062259,36.963862,35.336663,35.108035,33.751556,34.265665,33.265709,93.919797,32.646759,45.204637,25.982947,25.890861,25.814014,31.663581,31.943788,32.103167,35.412233,35.341321,29.748524,30.007660,35.084743,37.817411,34.371508,38.204838,36.273290,38.365006,32.913174,37.469027,34.451684,37.388129,32.783573,37.042128,32.796687,34.764450,32.281184,34.382017,33.069196,35.602300,32.481156,34.573041,106.702208,111.688100,152.195200,109.593800,161.983222,61.468900,49.086408,229.580748,119.310000,2.515000,258.300000,117.710000,1.965000,186.800000,43121.134302,17.878987,27.325650,120.496756,35.105727,2397.742713,1558.635855
06/22/2026 11:55:52,0.000000,0.000000,74.100016,73.973997,64.987758,74.715016,77.268004,71.631618,71.150992,74.496105,35.146249,31.440847,31.756270,31.734968,37.094171,37.141933,34.975509,35.328841,35.069549,36.921151,35.571291,35.601059,33.828106,34.282254,32.987374,93.508390,31.765685,45.991598,25.947764,25.953128,25.838235,30.748876,31.126774,29.036767,35.366411,35.319430,30.305634,30.544666,35.066860,37.819914,34.369134,38.204684,36.260558,38.375268,32.900832,37.463247,34.453869,37.391190,32.792024,37.036380,32.801685,34.784073,32.319554,34.374883,33.088275,35.602267,32.489165,34.571269,107.718265,112.875854,152.921976,109.657718,162.936230,61.412021,48.901127,223.551165,119.310000,2.491000,255.400000,117.730000,1.946000,183.700000,43181.133569,18.834607,27.156991,118.442627,35.108257,2402.021966,1561.725678
06/22/2026 11:56:52,0.000000,0.000000,74.157578,73.952485,65.163903,74.708814,77.274038,71.645325,71.115208,74.468914,35.092692,31.351379,31.696662,31.647562,37.302358,37.282904,35.051142,35.283885,35.064316,36.900005,34.964550,35.353251,33.877308,34.256868,33.060973,94.898034,31.919492,45.814984,26.055609,26.003759,25.959474,31.225343,31.487330,30.953523,35.378722,35.326422,30.149065,30.238265,35.072452,37.828138,34.380739,38.215351,36.265177,38.376342,32.881463,37.465691,34.443010,37.404243,32.770245,37.043466,32.789872,34.797127,32.265466,34.385324,33.089843,35.593195,32.474051,34.573053,109.803533,114.826635,153.022121,111.885199,163.424291,61.492598,49.114375,232.025598,119.210000,2.524000,259.500000,117.750000,1.978000,187.900000,43241.133304,18.463908,27.351076,121.319048,35.105712,2406.307753,1564.825664
06/22/2026 11:57:52,0.000000,0.000000,74.166465,73.921196,65.021590,74.689578,77.290668,71.654008,71.117704,74.453649,35.200269,31.406029,31.755760,31.682299,37.354075,37.211703,35.015745,35.265786,35.031797,36.911355,35.255680,35.133817,33.911930,34.251531,33.165941,96.381772,32.158876,46.320018,26.303982,26.253930,26.209512,31.417563,31.731207,31.089174,35.403593,35.348635,30.212866,30.220562,35.100069,37.831358,34.396375,38.247252,36.280526,38.370456,32.903546,37.475410,34.476727,37.400701,32.806770,37.061220,32.817293,34.778353,32.327608,34.386650,33.112950,35.617116,32.513258,34.594411,111.186679,116.251806,153.763754,113.154768,164.224274,61.625711,49.230709,235.703394,119.180000,2.541000,261.400000,117.470000,1.993000,189.900000,43301.133015,18.863267,27.456751,122.544818,35.124902,2410.642149,1567.972205
06/22/2026 11:58:52,0.000000,0.000000,74.174446,73.899996,65.227103,74.713114,77.291385,71.677205,71.117425,74.490565,35.173344,31.450255,31.741621,31.736286,37.294911,37.270593,34.960336,35.292400,35.048319,36.934915,35.259786,35.709145,33.814322,34.281348,33.063734,97.730482,32.070033,46.849486,26.368942,26.291184,26.237968,31.293997,31.494940,29.553368,35.448431,35.342508,30.308339,30.316690,35.078628,37.839153,34.385925,38.236852,36.269252,38.386588,32.893114,37.465328,34.447083,37.407417,32.767728,37.067941,32.789075,34.797662,32.298927,34.389397,33.104146,35.622518,32.492439,34.584294,112.540736,117.658801,154.442197,114.543886,165.086524,61.795726,49.343839,239.760720,119.050000,2.554000,263.500000,117.630000,2.004000,191.900000,43361.131575,19.290108,27.559378,123.881821,35.116173,2415.007850,1571.150517
06/22/2026 11:59:52,0.000000,0.000000,74.190545,73.936402,65.133548,74.734460,77.307190,71.732126,71.068738,74.470390,35.257886,31.524531,31.822126,31.796455,37.142386,37.187492,34.988795,35.316858,35.083218,36.951597,35.364706,35.742842,33.846766,34.345283,32.939791,98.661707,31.799382,47.334910,26.432524,26.418672,26.335257,30.991303,31.088893,29.005091,35.465682,35.386354,30.395229,30.357611,35.073220,37.836857,34.379361,38.225462,36.288959,38.394763,32.893787,37.477796,34.461816,37.409718,32.784585,37.068344,32.807533,34.780149,32.291593,34.397919,33.103793,35.612418,32.498627,34.583811,113.836921,118.879864,155.196750,115.779163,165.879494,61.984166,49.420943,243.730650,119.200000,2.564000,264.600000,117.480000,2.019000,193.600000,43421.131901,19.705665,27.629245,125.174932,35.118526,2419.408457,1574.362340
06/22/2026 12:00:52,0.000000,0.000000,74.228274,73.933118,65.000300,74.759954,77.317020,71.706827,71.090330,74.464846,35.266218,31.508847,31.899547,31.824654,37.240687,37.375539,35.039086,35.327238,35.132784,36.946199,35.475411,35.417747,33.980549,34.252662,32.999990,99.342763,31.669138,47.095852,26.486877,26.434150,26.385322,30.938289,31.010481,28.991724,35.469627,35.420879,30.429954,30.609314,35.104123,37.840701,34.392426,38.246854,36.275615,38.403089,32.908395,37.485539,34.461158,37.412157,32.782541,37.063657,32.792352,34.791617,32.322228,34.416342,33.114689,35.631699,32.491689,34.605728,115.043595,120.135770,155.950266,116.951065,166.485809,62.098367,49.214298,248.061660,119.000000,2.580000,266.500000,117.410000,2.036000,195.200000,43481.131692,19.653999,27.441853,126.569090,35.127130,2423.835580,1577.600884
06/22/2026 12:01:52,0.000000,0.000000,74.249163,73.895649,65.120147,74.753696,77.338584,71.690793,71.092957,74.482678,35.275442,31.587620,31.887435,31.877454,37.068011,37.320507,35.130714,35.339057,35.126050,36.921344,35.419488,35.213647,33.961691,34.355412,33.071407,100.243371,31.851992,47.298708,26.622466,26.574212,26.529483,31.138648,31.217962,29.526770,35.529131,35.417901,30.484903,30.508537,35.092106,37.829609,34.404390,38.232264,36.274900,38.378533,32.886337,37.465879,34.449411,37.405316,32.770618,37.046048,32.801861,34.772716,32.313056,34.396163,33.109145,35.618640,32.515346,34.568988,116.192914,121.184148,156.647038,118.076283,167.400068,62.164467,49.536500,251.912959,119.150000,2.601000,268.000000,117.530000,2.045000,196.400000,43541.131382,19.564869,27.733839,127.794685,35.116566,2428.292585,1580.867423
06/22/2026 12:02:52,0.000000,0.000000,74.236968,73.940547,65.050550,74.801314,77.351938,71.720774,71.107772,74.465312,35.290182,31.641194,31.982430,31.946284,37.306586,37.298185,35.108201,35.362201,35.194434,36.985152,35.576914,35.419093,33.927731,34.336558,33.149286,101.105993,31.875486,47.821157,26.742528,26.737614,26.653192,31.053484,31.112304,29.102127,35.509990,35.470994,30.545434,30.580715,35.076562,37.832675,34.379003,38.237029,36.244954,38.376484,32.863822,37.461832,34.440468,37.407900,32.771234,37.069217,32.776676,34.787069,32.303428,34.407632,33.108187,35.617685,32.488384,34.583356,117.204753,122.127662,157.298195,118.987988,168.062565,62.307936,49.731686,254.866496,119.000000,2.611000,269.400000,117.330000,2.059000,198.100000,43601.131806,19.910969,27.910188,128.725779,35.111680,2432.773617,1584.157697
06/22/2026 12:03:52,0.000000,0.000000,74.284622,73.926471,65.195308,74.801157,77.387165,71.760051,71.103080,74.458948,35.378679,31.660648,32.002770,31.966933,37.188241,37.280214,35.111986,35.393464,35.191183,36.975273,35.629492,35.302686,33.882155,34.352248,33.169080,96.746456,31.689903,44.376362,26.559088,26.454531,26.484775,30.940323,30.992908,29.157910,35.497268,35.464475,30.582557,30.618178,35.091217,37.825629,34.411515,38.253929,36.291812,38.392752,32.908656,37.462548,34.479346,37.399775,32.788055,37.081082,32.790390,34.769258,32.327383,34.416338,33.114685,35.624163,32.514552,34.589048,101.073537,106.661487,156.901112,102.347197,167.119456,62.345219,47.819546,200.286431,119.240000,2.408000,245.100000,117.960000,1.861000,173.400000,43661.130883,18.211342,26.165020,110.139740,35.126607,2437.166855,1587.356897
06/22/2026 12:04:52,0.000000,0.000000,74.269340,73.930215,65.329418,74.820081,77.385814,71.740034,71.042047,74.491145,35.206963,31.204232,31.549090,31.557119,37.364693,37.304565,34.985126,35.300336,35.074406,36.968460,35.149775,35.174611,33.820021,34.251982,32.893879,91.774940,32.437307,45.283481,25.703580,25.617286,25.570603,31.556920,31.846047,31.929794,35.406092,35.343600,29.707119,29.930874,35.088189,37.834100,34.393102,38.253269,36.253132,38.387731,32.902711,37.473827,34.466707,37.403539,32.781871,37.061222,32.778219,34.778850,32.301413,34.409023,33.134025,35.620403,32.509256,34.581104,105.568394,110.509793,153.014824,108.679487,162.932037,61.555424,48.932590,227.882657,119.260000,2.502000,257.100000,117.560000,1.954000,185.800000,43721.129221,18.097824,27.185657,119.922061,35.120585,2441.260515,1590.267979
06/22/2026 12:05:52,0.000000,0.000000,74.289721,73.932841,65.296606,74.800305,77.388000,71.773188,71.048524,74.448989,35.208018,31.371044,31.750627,31.656240,37.430780,37.343246,34.987134,35.264667,35.074574,36.937665,35.439829,35.497496,33.848657,34.297468,33.012364,93.685428,32.043207,46.019189,25.969703,25.919637,25.847524,30.857964,31.289759,29.262810,35.369571,35.323033,30.308812,30.469365,35.083291,37.820824,34.384666,38.231625,36.272711,38.355155,32.885028,37.479494,34.449322,37.386660,32.763932,37.060627,32.789880,34.762095,32.277487,34.412937,33.105500,35.624311,32.498427,34.580063,107.677384,112.988963,153.871585,109.618142,164.023837,61.422117,48.744687,223.217762,119.200000,2.491000,255.200000,117.470000,1.946000,184.000000,43781.130129,19.004890,27.014299,118.327936,35.111202,2445.546552,1593.367915
06/22/2026 12:06:52,0.000000,0.000000,74.375048,73.933621,65.387119,74.822115,77.430804,71.764971,71.097743,74.474765,35.221580,31.343239,31.684068,31.630395,37.274267,37.331745,34.983349,35.272851,35.062423,36.918907,35.500360,35.161522,33.913037,34.274828,32.917882,94.562805,32.048207,45.620732,26.019871,25.972043,25.881481,31.272809,31.545929,31.080761,35.399465,35.328994,30.091022,30.089153,35.062040,37.848691,34.362363,38.231952,36.241281,38.374586,32.866802,37.475552,34.442702,37.393327,32.759794,37.064030,32.764982,34.770082,32.264142,34.413860,33.104203,35.631436,32.487616,34.560851,109.460696,114.577771,153.789915,111.592177,164.237798,61.448553,49.037272,231.154217,118.910000,2.522000,258.500000,117.230000,1.978000,187.600000,43841.128888,18.339774,27.280958,121.026660,35.106015,2449.825935,1596.459684
06/22/2026 12:07:52,0.000000,0.000000,74.331007,73.925085,65.372088,74.801342,77.413044,71.778470,71.048258,74.458446,35.163278,31.386228,31.703440,31.661494,37.431572,37.306457,34.960925,35.270382,35.059978,36.912928,35.089240,35.362236,33.773517,34.209942,33.082548,96.240965,32.238662,46.284736,26.193285,26.168257,26.090851,31.444521,31.769299,31.232434,35.413896,35.348302,30.238386,30.260667,35.100940,37.839738,34.419016,38.256536,36.278014,38.383405,32.898356,37.505829,34.466883,37.406367,32.789583,37.091890,32.800097,34.780271,32.277478,34.421623,33.118646,35.617034,32.501403,34.579482,111.015759,116.119328,154.414240,113.037621,165.081890,61.499142,48.928512,234.877330,118.730000,2.542000,260.500000,117.090000,1.992000,189.700000,43901.129062,19.102794,27.181942,122.270658,35.126630,2454.157614,1599.603887
06/22/2026 12:08:52,0.000000,0.000000,74.354707,73.959369,65.187952,74.804409,77.405571,71.803595,71.019284,74.455372,35.374935,31.406053,31.780285,31.724663,36.929136,37.205111,34.994535,35.276941,35.077046,36.885279,35.459139,35.507062,33.840037,34.269769,33.032674,97.418971,32.129460,46.801218,26.385268,26.362478,26.281272,31.355438,31.625431,29.944368,35.456643,35.354267,30.268011,30.270738,35.086128,37.807303,34.395484,38.250339,36.283167,38.367792,32.898196,37.473537,34.477508,37.390428,32.777791,37.035050,32.778150,34.769467,32.307572,34.406957,33.129289,35.606820,32.496723,34.564611,112.421138,117.521347,155.090748,114.368397,165.723502,61.495765,49.398511,239.422946,118.900000,2.558000,262.600000,117.200000,2.008000,191.600000,43961.128613,19.192293,27.608925,123.771116,35.115116,2458.520943,1602.778947
06/22/2026 12:09:52,0.000000,0.000000,74.326537,73.962060,65.095369,74.823914,77.411538,71.838432,70.996258,74.463294,35.313066,31.463712,31.823235,31.787671,37.317613,37.177445,34.968450,35.292532,35.073682,36.907580,35.936903,35.488643,33.862877,34.287714,33.162537,98.501424,31.885718,47.219097,26.477569,26.446290,26.378510,31.117318,31.220249,29.157548,35.460422,35.355831,30.338677,30.267783,35.077426,37.809676,34.372397,38.263577,36.266267,38.389792,32.865663,37.472844,34.455515,37.393714,32.745809,37.058081,32.768290,34.765397,32.294592,34.394280,33.121037,35.629608,32.484302,34.570855,113.677186,118.763219,155.699839,115.544319,166.375165,61.589086,49.305968,243.472990,118.710000,2.574000,264.800000,117.330000,2.021000,193.500000,44021.128406,19.694059,27.525038,125.091451,35.109956,2462.915261,1605.986631
06/22/2026 12:10:52,0.000000,0.000000,74.309545,73.926452,65.212809,74.824724,77.412766,71.801510,71.019976,74.444226,35.331439,31.492872,31.862637,31.820599,37.308291,37.287068,34.989170,35.349588,35.065901,36.910433,35.429386,35.275427,33.942764,34.316968,33.125082,99.265713,31.812481,46.830562,26.591326,26.554688,26.472558,31.089454,31.202190,29.304052,35.472689,35.376962,30.392025,30.351506,35.098627,37.829921,34.395755,38.257233,36.257943,38.376192,32.878200,37.462720,34.461327,37.403041,32.759182,37.070056,32.760819,34.771695,32.273324,34.412073,33.108191,35.611486,32.501683,34.546044,114.942729,119.935878,156.325101,116.832680,167.088567,61.667562,49.437257,247.605415,118.970000,2.586000,266.600000,117.430000,2.039000,195.100000,44081.127309,19.186542,27.644020,126.423025,35.111776,2467.341458,1609.223794
06/22/2026 12:11:52,0.000000,0.000000,74.334251,73.942287,65.074533,74.835910,77.429815,71.850046,70.966713,74.441901,35.423338,31.570105,31.935404,31.851529,37.445532,37.260730,35.076595,35.293817,35.145417,36.936245,35.748121,35.350526,33.946952,34.232391,33.184713,100.273298,31.931358,47.334588,26.643537,26.579200,26.583379,31.113972,31.226707,29.174717,35.502995,35.447601,30.458613,30.418420,35.102226,37.849414,34.408628,38.260330,36.259213,38.385406,32.883032,37.486832,34.468225,37.398420,32.759003,37.061032,32.776768,34.775185,32.296402,34.421190,33.120879,35.620590,32.502838,34.579139,116.022757,121.109558,157.064449,117.902448,167.899102,61.642757,49.553300,251.360901,119.160000,2.598000,268.300000,117.530000,2.049000,196.500000,44141.126496,19.585554,27.749034,127.619808,35.120738,2471.794537,1612.488138
06/22/2026 12:12:52,0.000000,0.000000,74.325590,73.937006,65.152962,74.836689,77.438174,71.807158,70.984012,74.434614,35.418243,31.627800,31.976165,31.927732,37.065299,37.218752,35.088248,35.371507,35.136330,36.932929,35.290597,35.487053,33.982499,34.312750,32.957707,101.133457,31.824706,47.519538,26.745660,26.708133,26.642380,31.099738,31.165686,29.393731,35.534169,35.457950,30.526520,30.523187,35.082294,37.842807,34.393942,38.269561,36.257729,38.385692,32.884209,37.479691,34.472149,37.387299,32.761920,37.075875,32.784615,34.764827,32.303808,34.402484,33.135032,35.605013,32.509760,34.567853,117.199549,122.190988,157.734672,118.950234,168.513006,61.708073,49.737706,254.938194,119.050000,2.608000,270.100000,117.350000,2.056000,198.300000,44201.126259,19.603918,27.915620,128.748288,35.118328,2476.276074,1615.780181
06/22/2026 12:13:52,0.000000,0.000000,74.311358,73.909656,65.053952,74.826184,77.422225,71.818663,70.955392,74.422172,35.334093,31.665282,32.045230,31.980753,37.339913,37.449551,35.090968,35.375555,35.224165,37.000663,35.785171,35.282307,34.094829,34.343383,33.199564,99.445453,31.753671,44.051157,26.755730,26.697653,26.711924,30.954316,31.049234,28.976542,35.583922,35.491312,30.617125,30.597493,35.096799,37.835611,34.406997,38.273280,36.300158,38.381206,32.881471,37.485516,34.483321,37.404619,32.780056,37.081088,32.777429,34.780280,32.328652,34.410995,33.154667,35.612625,32.530125,34.558885,107.277466,112.854031,157.952702,109.599269,168.536166,61.729364,48.405589,210.493254,119.220000,2.459000,251.400000,117.380000,1.912000,179.400000,44261.126220,17.347065,26.704092,113.859726,35.128189,2480.733822,1619.043429
06/22/2026 12:14:52,0.000000,0.000000,74.305300,73.930240,65.161938,74.818700,77.401285,71.786137,70.944290,74.408580,35.292073,31.314737,31.668044,31.629069,37.090763,37.304344,34.988344,35.316406,35.120074,36.952096,35.250407,35.599859,33.870865,34.308124,32.982460,88.404566,32.286872,45.416930,25.444615,25.339072,25.214200,31.450911,31.715993,31.669661,35.430971,35.352969,29.863686,30.045778,35.087625,37.807469,34.395254,38.267333,36.263311,38.373598,32.869808,37.481651,34.476335,37.389701,32.782878,37.061339,32.786219,34.757113,32.304524,34.413327,33.116114,35.616283,32.510263,34.565249,105.306639,110.408121,153.972042,108.425138,163.856901,61.100549,48.808390,226.787119,118.790000,2.503000,255.800000,117.310000,1.952000,185.400000,44321.125411,18.344495,27.072435,119.549721,35.116270,2484.846265,1621.974833
06/22/2026 12:15:52,0.000000,0.000000,74.289379,73.955337,65.069770,74.809468,77.378181,71.800617,70.940751,74.432953,35.263215,31.419840,31.778479,31.694803,37.266562,37.362505,35.037360,35.307783,35.067710,36.990531,35.622180,35.765354,33.916844,34.182764,33.053824,95.106037,32.137939,46.117536,26.137260,26.109102,26.055672,30.936238,31.340839,29.257298,35.439109,35.373960,30.372513,30.516139,35.093905,37.817704,34.399354,38.274947,36.281408,38.376193,32.891539,37.482388,34.478406,37.394859,32.778207,37.073941,32.774160,34.758390,32.283114,34.404304,33.131966,35.608159,32.512707,34.549941,109.124028,114.417918,154.772283,111.008992,165.112059,60.948127,48.914140,227.604605,119.040000,2.513000,258.000000,117.330000,1.964000,186.300000,44381.125172,18.948687,27.168849,119.827677,35.118280,2489.168247,1625.109070
06/22/2026 12:16:52,0.000000,0.000000,74.277103,73.933751,64.994100,74.794284,77.379892,71.794706,70.887672,74.422361,35.292345,31.376942,31.738704,31.694060,37.198613,37.351599,34.990604,35.281433,35.062265,36.918749,35.113695,35.279839,33.851718,34.246825,33.220738,95.146298,31.917665,46.004355,26.012654,25.946497,25.889088,31.167659,31.457721,30.926582,35.434129,35.353025,30.167352,30.137762,35.104619,37.818219,34.397456,38.265109,36.277684,38.364531,32.892245,37.471337,34.486393,37.381155,32.779154,37.060288,32.755745,34.773288,32.321638,34.409186,33.140411,35.602843,32.521661,34.563308,110.293515,115.441050,154.708820,112.377303,165.290941,61.011545,48.966966,233.963546,118.920000,2.531000,259.900000,117.350000,1.987000,188.900000,44441.124675,18.787389,27.216966,121.966606,35.119313,2493.471906,1628.225877
06/22/2026 12:17:52,0.000000,0.000000,74.307181,73.938466,65.099735,74.792396,77.401597,71.805955,70.930834,74.420963,35.294481,31.396911,31.805002,31.723990,37.228764,37.246451,35.012396,35.291249,35.076816,36.955826,35.547093,35.348179,33.889988,34.339663,33.067025,96.939801,32.242227,46.313599,26.364006,26.317531,26.243174,31.501912,31.790599,30.756425,35.428676,35.347571,30.241663,30.269774,35.107781,37.799277,34.387998,38.286168,36.268189,38.377138,32.877375,37.474417,34.475730,37.392635,32.763963,37.066850,32.763995,34.753573,32.303643,34.408284,33.133286,35.600170,32.511803,34.539722,112.010511,117.102119,155.317970,113.941667,165.932881,61.386968,49.342383,237.800599,119.030000,2.554000,262.300000,117.560000,1.999000,191.300000,44501.124381,18.755541,27.558058,123.237879,35.114600,2497.826885,1631.394140
06/22/2026 12:18:52,0.000000,0.000000,74.356190,73.891069,65.256541,74.739995,77.450449,71.744466,70.922108,74.401282,35.304993,31.438666,31.834277,31.732174,37.112184,37.153754,34.987778,35.298111,35.069597,36.886694,35.512404,35.256149,33.931890,34.347371,32.957887,98.025432,32.033139,46.664246,26.439591,26.363178,26.329127,31.247650,31.434339,29.460156,35.451392,35.360095,30.326919,30.415744,35.103997,37.820251,34.415934,38.301603,36.285271,38.369449,32.894085,37.494394,34.488239,37.403772,32.776125,37.093099,32.795381,34.768914,32.297675,34.424344,33.144482,35.620194,32.537757,34.552301,113.269083,118.354147,155.914485,115.153192,166.663939,62.060757,49.339664,242.109596,119.090000,2.565000,264.200000,117.460000,2.016000,193.000000,44561.124001,19.108653,27.555593,124.648690,35.129363,2502.212773,1634.590425
06/22/2026 12:19:52,0.000000,0.000000,74.471177,73.968480,65.397554,74.804062,77.507995,71.840981,70.908603,74.449546,35.345540,31.513284,31.870128,31.840196,37.203052,37.127433,34.999339,35.328727,35.110598,36.966528,35.545407,35.176570,33.949420,34.334715,33.003707,98.920143,31.937729,46.809222,26.491759,26.438139,26.377605,31.187265,31.320046,29.413098,35.469028,35.414962,30.380319,30.415121,35.089190,37.834656,34.419006,38.276840,36.286183,38.373892,32.882108,37.498424,34.475423,37.408244,32.772475,37.089026,32.768729,34.770271,32.273231,34.430164,33.144978,35.591445,32.511421,34.556644,114.510251,119.622634,156.669995,116.356345,167.512398,62.386465,49.204685,245.914444,119.110000,2.577000,266.100000,117.540000,2.027000,194.600000,44621.131802,19.376098,27.433124,125.880030,35.122618,2506.631876,1637.819790
06/22/2026 12:20:52,0.000000,0.000000,74.509610,73.971411,65.142428,74.851674,77.527240,71.893000,70.900816,74.451513,35.318556,31.563236,31.880427,31.883027,37.276960,37.349470,35.065405,35.373049,35.149665,36.968793,35.433789,35.396932,34.062697,34.375164,33.073494,99.855388,31.877272,47.117784,26.572759,26.583482,26.474025,31.104731,31.197415,29.177064,35.504978,35.469970,30.426733,30.512922,35.089819,37.822469,34.403409,38.302387,36.275241,38.403600,32.875565,37.517597,34.474259,37.410179,32.773451,37.074076,32.767521,34.778824,32.294268,34.429000,33.144257,35.627944,32.534637,34.584681,115.685504,120.780974,157.371534,117.697517,168.449663,62.523534,49.501444,249.957368,119.190000,2.594000,267.600000,117.450000,2.040000,196.300000,44681.131251,19.415660,27.702124,127.174001,35.129159,2511.079195,1641.076676
06/22/2026 12:21:52,0.000000,0.000000,74.499688,73.975017,65.046063,74.859888,77.568698,71.871566,70.915489,74.445413,35.304189,31.604930,31.951962,31.904624,37.363831,37.345262,35.089018,35.370061,35.156575,36.909336,35.489000,35.702890,33.911959,34.455695,33.102944,100.751210,31.846108,47.373289,26.691622,26.650966,26.590811,31.053207,31.100442,29.078209,35.494436,35.454552,30.483434,30.532737,35.085586,37.853157,34.388666,38.296989,36.251771,38.382841,32.875114,37.506860,34.451944,37.408282,32.761860,37.093948,32.765292,34.788132,32.291147,34.440407,33.123238,35.623828,32.513702,34.559363,116.951086,121.880948,158.086457,118.820850,169.173637,62.650119,49.566895,253.783581,119.190000,2.604000,269.100000,117.410000,2.056000,197.800000,44741.130109,19.611962,27.761327,128.385270,35.123106,2515.553527,1644.360863
06/22/2026 12:22:52,0.000000,0.000000,74.563886,73.991044,65.283200,74.888909,77.609418,71.917222,70.922426,74.455703,35.325204,31.682186,32.035860,31.979610,37.455490,37.350274,35.096129,35.399772,35.198429,37.000639,35.635406,35.571008,34.204662,34.308073,33.352712,101.331341,31.740910,47.429553,26.806817,26.741593,26.699480,31.020333,31.092968,29.158599,35.620568,35.515110,30.618777,30.686078,35.123292,37.824899,34.437412,38.284559,36.307890,38.378322,32.910132,37.485661,34.501214,37.402554,32.787140,37.078846,32.786086,34.756536,32.312843,34.421790,33.169923,35.607010,32.542104,34.557080,117.409846,122.622405,158.838933,119.328912,169.816489,62.821573,49.606806,246.423936,119.000000,2.613000,269.500000,117.370000,2.059000,197.600000,44801.130478,19.632147,27.797406,126.043908,35.133765,2520.055165,1647.671328
06/22/2026 12:23:52,0.000000,0.000000,74.589753,74.002128,65.363615,74.943700,77.640454,71.960336,70.926703,74.454044,35.377264,31.516214,31.800891,31.795718,37.417115,37.270332,35.079199,35.405451,35.169374,37.009245,35.620102,35.528554,33.922850,34.394694,33.026426,84.344354,32.037161,44.298171,24.629926,24.613368,24.399855,31.264654,31.480747,31.195144,35.372733,35.346140,30.149728,30.258312,35.085740,37.831660,34.402901,38.303647,36.262597,38.377302,32.867758,37.495895,34.472441,37.392011,32.766290,37.093931,32.750375,34.759947,32.281116,34.428070,33.122880,35.599988,32.513240,34.566888,99.883129,105.494790,155.030091,103.055231,164.436946,62.363264,47.727586,207.640716,119.250000,2.414000,245.200000,117.740000,1.870000,174.300000,44861.130154,18.218084,26.080087,112.832751,35.118734,2524.170061,1650.596619
06/22/2026 12:24:52,0.000000,0.000000,74.616747,74.066776,65.325963,74.959942,77.692858,72.029198,70.889969,74.458464,35.279761,31.271171,31.682399,31.606745,37.387412,37.284840,34.952139,35.292184,35.106429,36.939810,35.263804,35.184093,33.935199,34.328933,33.008843,95.133196,32.617309,45.002239,26.351127,26.290798,26.263783,31.597305,31.892664,30.303182,35.468166,35.356040,29.999192,30.207476,35.116758,37.822364,34.418762,38.306626,36.296038,38.381954,32.900896,37.490051,34.502071,37.384398,32.794680,37.079712,32.795524,34.761072,32.278686,34.431078,33.174338,35.612740,32.533634,34.542864,108.329915,113.506292,154.761214,110.469319,165.293279,61.875258,49.262852,226.951879,119.200000,2.515000,257.800000,117.450000,1.964000,186.800000,44921.130151,17.516315,27.485924,119.605797,35.131212,2528.432228,1653.673703
06/22/2026 12:25:52,0.000000,0.000000,74.639672,74.036012,65.378622,74.969375,77.697629,72.014927,70.880972,74.451195,35.210441,31.361004,31.717869,31.657315,37.351829,37.284183,35.044780,35.295698,35.091186,36.929909,35.052169,35.705040,33.761358,34.280787,33.135045,93.197085,31.716405,45.541989,25.837069,25.761068,25.652219,30.875862,31.187793,29.988841,35.412813,35.328604,30.100438,30.162248,35.096162,37.827465,34.406965,38.308133,36.278968,38.371552,32.891756,37.489592,34.471438,37.398085,32.764654,37.076825,32.756591,34.776792,32.277102,34.423517,33.168098,35.604746,32.533844,34.552834,108.552570,113.647637,154.776541,110.639530,165.159232,61.946173,48.852379,227.576605,119.180000,2.505000,256.900000,117.720000,1.957000,185.600000,44981.128601,18.429434,27.112555,119.818168,35.123756,2532.698534,1656.755068
06/22/2026 12:26:52,0.000000,0.000000,74.727917,74.065543,65.426402,75.014244,77.780248,72.066734,70.868580,74.456607,35.257375,31.314612,31.709350,31.650384,37.617247,37.361751,34.987108,35.283701,35.079604,36.912161,35.765643,35.278493,33.745122,34.344002,32.990112,95.639390,32.158348,45.910590,26.058980,25.974946,25.944090,31.384669,31.700545,31.189065,35.391169,35.335324,30.149548,30.116588,35.093758,37.817557,34.412525,38.293353,36.264039,38.383155,32.875430,37.492749,34.457303,37.416715,32.768254,37.086597,32.771833,34.751190,32.287459,34.417368,33.142828,35.613671,32.530328,34.561306,110.720296,115.799290,155.251681,112.735527,165.944682,62.105205,49.017656,234.083636,119.190000,2.531000,260.500000,117.600000,1.980000,188.800000,45041.129057,18.647481,27.263109,122.006612,35.121871,2537.016567,1659.884981
06/22/2026 12:27:52,0.000000,0.000000,74.752247,74.103423,65.380509,75.042355,77.806164,72.152584,70.838256,74.452617,35.248367,31.385312,31.723908,31.687922,37.361424,37.273440,34.998706,35.286429,35.008519,36.903172,35.793852,35.438165,33.762558,34.343230,33.050190,96.777974,32.173617,46.656669,26.237898,26.223596,26.112158,31.403829,31.683172,30.008840,35.395428,35.330719,30.209556,30.227451,35.098053,37.798862,34.402718,38.285360,36.261558,38.355954,32.864936,37.477766,34.486191,37.361059,32.774802,37.050653,32.766229,34.746486,32.290305,34.410315,33.157986,35.573397,32.526204,34.539445,111.946311,117.038678,155.836719,113.934998,166.617592,62.234427,49.115346,238.090951,119.130000,2.544000,262.200000,117.360000,2.005000,190.800000,45101.117318,19.304710,27.351959,123.333497,35.111414,2541.368134,1663.048585
06/22/2026 12:28:52,0.000000,0.000000,74.756675,74.122654,65.565262,75.065753,77.805909,72.134951,70.845918,74.458134,35.330345,31.448110,31.822782,31.731499,37.396711,37.244176,34.984914,35.301897,35.090965,36.916861,35.843440,35.746470,33.799780,34.281905,32.999470,97.933916,32.014804,46.655420,26.391243,26.323319,26.276679,31.212732,31.388285,29.462223,35.485137,35.388083,30.305589,30.252722,35.105009,37.833630,34.431651,38.317686,36.287195,38.370927,32.892016,37.521394,34.484282,37.397177,32.770613,37.099999,32.773747,34.780156,32.281366,34.432367,33.167185,35.624218,32.538025,34.564103,113.306757,118.421377,156.457148,115.243662,167.300944,62.375825,49.239935,241.982871,119.220000,2.568000,264.200000,117.570000,2.012000,192.800000,45161.117529,19.190294,27.465126,124.607448,35.133637,2545.754314,1666.246152
06/22/2026 12:29:52,0.000000,0.000000,74.850140,74.165875,65.552113,75.106607,77.879048,72.215783,70.870483,74.489779,35.355666,31.478019,31.866496,31.796446,37.049062,37.300679,35.074213,35.300300,35.113191,36.950979,35.563064,35.066085,34.029243,34.343943,33.129882,98.882690,31.862241,46.976798,26.445083,26.378949,26.337167,31.049356,31.162539,29.084613,35.455626,35.412195,30.318251,30.366580,35.076820,37.821887,34.398151,38.327623,36.251830,38.383342,32.864503,37.509767,34.458856,37.408537,32.759834,37.099451,32.768908,34.778877,32.268960,34.441994,33.141272,35.613006,32.517458,34.553793,114.559323,119.691920,157.181475,116.474245,168.026715,62.604287,49.294509,246.067550,119.080000,2.576000,265.700000,117.340000,2.028000,194.800000,45221.116155,19.462153,27.514645,125.929301,35.122243,2550.171073,1669.472244
06/22/2026 12:30:52,0.000000,0.000000,74.857921,74.170280,65.316470,75.130554,77.876396,72.206333,70.842835,74.482960,35.264815,31.527486,31.862945,31.839437,37.468014,37.291617,35.000660,35.342015,35.148671,36.920913,35.832879,35.107098,33.890054,34.334404,33.089930,99.666931,31.846431,47.038181,26.535570,26.494016,26.397571,31.186231,31.306091,29.975241,35.457346,35.434745,30.393977,30.505095,35.088239,37.828406,34.420467,38.305673,36.265078,38.376685,32.889367,37.494178,34.460069,37.392062,32.764800,37.084489,32.760426,34.769085,32.302296,34.429008,33.130487,35.600039,32.512195,34.544106,115.793446,120.823738,157.873817,117.583431,168.805669,62.714210,49.399482,249.998801,119.070000,2.596000,267.500000,117.570000,2.041000,196.300000,45281.116005,19.428376,27.609805,127.187186,35.120858,2554.616118,1672.727541
06/22/2026 12:31:52,0.000000,0.000000,74.885938,74.181407,65.614789,75.175531,77.914493,72.268839,70.837969,74.491639,35.326904,31.569400,31.969445,31.916929,37.276123,37.289829,35.066892,35.360796,35.186831,36.935987,35.527220,35.472318,33.941541,34.341485,33.095875,100.775445,31.979158,47.260046,26.728560,26.652163,26.651350,31.228103,31.351526,29.337572,35.559696,35.467082,30.469293,30.541388,35.109266,37.827711,34.426069,38.325378,36.303742,38.389197,32.901965,37.506078,34.485769,37.389817,32.784507,37.094359,32.777028,34.781210,32.265072,34.436517,33.158452,35.607537,32.563932,34.565987,116.905782,121.912021,158.535120,118.626462,169.463584,62.803312,49.493967,253.753801,119.120000,2.611000,269.400000,117.360000,2.054000,198.300000,45341.116194,19.564688,27.695358,128.375892,35.134980,2559.089935,1676.011106
06/22/2026 12:32:52,0.000000,0.000000,74.935513,74.213266,65.657651,75.204580,77.937556,72.263663,70.869995,74.506200,35.356297,31.669334,32.050614,31.965765,37.466947,37.412573,35.097738,35.418221,35.201156,37.009110,35.765722,35.368007,34.032391,34.357740,33.169463,101.339386,31.890078,47.037735,26.919319,26.842040,26.797041,31.072641,31.162652,29.233703,35.590350,35.522112,30.560747,30.601039,35.102542,37.821010,34.411515,38.325025,36.279310,38.383373,32.874316,37.515998,34.486409,37.367023,32.747972,37.097383,32.768495,34.766489,32.265432,34.444700,33.171093,35.621911,32.543845,34.550387,116.523715,122.111486,159.146439,118.445022,170.203060,62.925353,49.320436,240.323136,119.050000,2.590000,267.500000,117.380000,2.034000,195.500000,45401.124896,19.499576,27.538159,124.065913,35.127211,2563.590671,1679.320086
06/22/2026 12:33:52,0.000000,0.000000,74.965068,74.255952,65.699918,75.236008,77.929315,72.350710,70.827915,74.493463,35.307683,31.473449,31.767931,31.790125,37.353207,37.326680,35.074006,35.404693,35.179133,36.995539,35.909822,35.366552,33.942583,34.361609,33.193228,84.265918,32.131119,44.826226,24.932453,24.876081,24.712004,31.306311,31.558043,31.221652,35.412505,35.397437,30.156299,30.262734,35.103883,37.847973,34.428569,38.317268,36.277520,38.397483,32.894748,37.527132,34.485604,37.412641,32.771090,37.102243,32.749800,34.774454,32.265858,34.449664,33.160954,35.611803,32.519822,34.557037,102.351383,107.728795,155.304575,105.504174,165.143762,62.444371,48.009100,216.255462,119.070000,2.446000,249.300000,117.410000,1.908000,179.200000,45461.113555,18.486432,26.339794,115.905484,35.132777,2567.712319,1682.256375
06/22/2026 12:34:52,0.000000,0.000000,74.963184,74.226163,65.628396,75.213126,77.959545,72.309529,70.851305,74.505763,35.300097,31.279583,31.698829,31.611564,37.556636,37.433750,34.973181,35.281747,35.105045,36.967623,35.623159,35.187116,33.916914,34.258288,33.014824,95.643346,32.683559,45.423412,26.359157,26.265757,26.222057,31.672433,32.002972,30.461260,35.454920,35.362737,30.021533,30.260337,35.099282,37.812900,34.440052,38.314124,36.284553,38.359902,32.909814,37.506082,34.491540,37.378326,32.756563,37.094871,32.765314,34.750896,32.284495,34.419215,33.173122,35.600894,32.544876,34.533226,109.438290,114.613651,155.686489,111.419068,166.288805,62.085273,49.103596,229.006193,118.960000,2.523000,258.900000,117.440000,1.971000,187.700000,45521.113094,18.082135,27.341277,120.302635,35.126002,2572.015341,1685.374767
06/22/2026 12:35:52,0.000000,0.000000,74.978578,74.263977,65.588862,75.259989,77.960377,72.367146,70.808926,74.525274,35.383065,31.408880,31.775984,31.705531,37.138361,37.329824,34.975011,35.346073,35.109564,36.942053,35.866007,35.400284,33.848054,34.378521,33.055330,94.625657,32.047976,46.212367,26.090262,26.017852,25.934702,31.208670,31.500510,30.621317,35.450872,35.361791,30.172157,30.200734,35.120250,37.829379,34.439690,38.328335,36.286407,38.372349,32.906341,37.515223,34.504266,37.386585,32.789073,37.109073,32.775624,34.761181,32.304600,34.451021,33.185424,35.609614,32.560494,34.549692,109.843013,114.951091,155.703381,111.862207,166.307466,62.209539,48.995613,231.449101,118.790000,2.527000,259.000000,117.140000,1.980000,187.900000,45581.112982,18.969321,27.243046,121.125692,35.139231,2576.313082,1688.484539
06/22/2026 12:36:52,0.000000,0.000000,74.984793,74.315432,65.482377,75.333646,77.992972,72.414785,70.805065,74.537490,35.312748,31.444679,31.758766,31.720004,37.229229,37.294227,35.000432,35.349322,35.054741,36.928495,35.786430,35.296344,33.929085,34.287318,33.089257,96.885853,32.156200,46.153413,26.303083,26.267778,26.224958,31.381723,31.637011,29.870353,35.455294,35.363998,30.236341,30.220038,35.095557,37.808304,34.411939,38.332071,36.260307,38.395770,32.880574,37.515331,34.483520,37.394650,32.754724,37.096580,32.753411,34.763862,32.296166,34.442699,33.162423,35.615925,32.534141,34.544257,111.969377,116.856162,156.253283,113.910725,166.966690,62.345115,49.312862,237.255824,118.790000,2.551000,261.900000,117.360000,2.000000,190.900000,45641.111573,18.622123,27.531290,123.058256,35.127111,2580.663119,1691.647242
06/22/2026 12:37:52,0.000000,0.000000,75.064555,74.332272,65.800928,75.311316,78.054894,72.462286,70.803125,74.521612,35.335656,31.495775,31.836138,31.774714,37.307406,37.367535,35.086371,35.316444,35.088297,36.957991,35.769900,35.446063,33.983610,34.341376,33.103402,97.748277,32.027939,46.576535,26.475927,26.383876,26.352626,31.243454,31.437272,29.604010,35.478004,35.421279,30.298859,30.238007,35.117419,37.834068,34.436754,38.332920,36.284351,38.374713,32.896718,37.499758,34.496285,37.389242,32.797106,37.094065,32.776227,34.778194,32.272279,34.448364,33.185430,35.590124,32.549404,34.544397,112.984760,118.093118,156.720035,114.936879,167.667602,62.443846,49.403852,241.334514,118.900000,2.565000,264.600000,117.350000,2.014000,192.700000,45701.110867,18.962771,27.613764,124.396211,35.134891,2585.043095,1694.837816
06/22/2026 12:38:52,0.000000,0.000000,75.078338,74.357481,65.490693,75.333604,78.072902,72.496087,70.821585,74.537033,35.426209,31.495024,31.848752,31.836405,37.667879,37.387200,35.107436,35.372960,35.111935,36.950611,35.621626,35.705486,33.814651,34.343808,33.387593,98.741278,31.897435,46.745661,26.463852,26.416934,26.370215,31.080082,31.208413,29.294672,35.518982,35.419716,30.356127,30.303727,35.100318,37.804654,34.422920,38.335934,36.290492,38.366708,32.878877,37.499168,34.481051,37.383347,32.780370,37.098648,32.786841,34.756846,32.313154,34.448216,33.173282,35.598394,32.555791,34.515718,114.499615,119.399937,157.382433,116.156246,168.211646,62.563052,49.272757,245.556763,118.910000,2.581000,266.100000,117.300000,2.026000,194.500000,45761.111150,19.250750,27.494911,125.764842,35.129536,2589.457421,1698.061442
06/22/2026 12:39:52,0.000000,0.000000,75.033652,74.363484,65.561689,75.348669,78.084131,72.497223,70.782848,74.548336,35.428024,31.536056,31.918733,31.875069,37.315929,37.418055,35.078936,35.388348,35.178035,37.007271,35.787802,35.626976,33.997052,34.369012,32.998159,99.615415,31.814292,47.107135,26.546675,26.504674,26.457016,31.060586,31.114950,29.077566,35.534392,35.458173,30.393916,30.430386,35.097279,37.829462,34.435539,38.351140,36.283271,38.376727,32.889409,37.526889,34.473825,37.386316,32.768087,37.108543,32.764471,34.779773,32.309457,34.455189,33.170044,35.616434,32.564409,34.536737,115.569896,120.517933,158.045943,117.384878,169.158543,62.727901,49.499114,249.052161,118.970000,2.594000,267.300000,117.200000,2.039000,196.000000,45821.110234,19.407119,27.700016,126.885553,35.136150,2593.900909,1701.315198
06/22/2026 12:40:52,0.000000,0.000000,75.107859,74.386604,65.601282,75.368010,78.100043,72.502225,70.800478,74.532078,35.382765,31.585454,31.953870,31.924215,37.342158,37.361611,35.109585,35.419871,35.203249,37.013851,35.809896,35.409546,34.113064,34.370488,33.250223,100.594695,31.943701,47.779318,26.691212,26.646981,26.580126,31.246633,31.280051,29.359686,35.581397,35.500307,30.480425,30.452295,35.114638,37.820251,34.423375,38.350958,36.294763,38.382449,32.889390,37.533413,34.489248,37.385768,32.784610,37.110826,32.767120,34.777093,32.319671,34.457745,33.178826,35.600377,32.564480,34.545239,116.706794,121.791855,158.819885,118.601582,169.833208,62.859633,49.671576,253.136357,118.880000,2.611000,269.000000,117.010000,2.059000,197.800000,45881.109783,19.923396,27.855922,128.181275,35.139512,2598.377570,1704.602229
06/22/2026 12:41:52,0.000000,0.000000,75.093009,74.407249,65.733613,75.394717,78.107726,72.529022,70.806915,74.532570,35.433467,31.672954,32.019070,31.985688,37.412894,37.315631,35.161165,35.443955,35.211407,37.033048,35.693567,35.317802,33.885753,34.461010,33.192603,101.538573,31.806541,47.785471,26.818130,26.790880,26.685672,30.972247,31.064936,29.110914,35.611253,35.526622,30.569740,30.560891,35.114036,37.822744,34.439807,38.348764,36.295042,38.385818,32.905231,37.517069,34.490590,37.380916,32.777291,37.128754,32.773181,34.786243,32.293702,34.474173,33.185503,35.610579,32.548264,34.552133,117.882750,122.897747,159.482809,119.550598,170.543045,62.990651,49.840155,256.761557,118.660000,2.622000,270.600000,116.910000,2.075000,199.500000,45941.108429,19.777456,28.008015,129.319239,35.141492,2602.880635,1707.915738
06/22/2026 12:42:52,0.000000,0.000000,75.143779,74.446647,65.768294,75.430418,78.126480,72.561879,70.806563,74.560958,35.420610,31.579391,31.928653,31.888728,37.291462,37.398012,35.103320,35.436653,35.220711,37.049407,35.615585,35.431411,33.959164,34.379956,33.050165,86.797901,31.983634,44.006095,24.807018,24.805228,24.638425,31.217452,31.453153,30.993314,35.473062,35.426973,30.297009,30.439155,35.126396,37.831527,34.451767,38.347418,36.296948,38.387719,32.908924,37.528908,34.524657,37.394966,32.803970,37.118140,32.797772,34.777065,32.304516,34.463871,33.192961,35.620230,32.581177,34.543703,100.548084,106.103012,156.374082,103.258279,165.947737,62.609450,47.528904,206.580948,118.940000,2.406000,244.500000,117.410000,1.865000,174.100000,46001.107793,18.109829,25.896266,112.448750,35.150132,2607.065062,1710.909983
06/22/2026 12:43:52,0.000000,0.000000,75.152248,74.457236,65.661122,75.420256,78.149597,72.587689,70.771254,74.552853,35.363371,31.300416,31.738815,31.629667,37.292114,37.408832,35.015895,35.362561,35.140848,37.036515,35.810889,35.491891,33.874568,34.366854,32.978074,96.032769,32.749712,45.491151,26.345199,26.272356,26.209932,31.798893,32.137762,31.812258,35.504851,35.383423,29.993300,30.208167,35.124983,37.801398,34.418278,38.342353,36.290922,38.378618,32.905540,37.507648,34.496218,37.379008,32.780031,37.100522,32.767709,34.755060,32.314476,34.446523,33.194696,35.587842,32.539885,34.532240,109.556344,114.661577,155.815591,111.714342,166.354718,62.028711,49.373263,231.233684,118.730000,2.536000,259.800000,117.360000,1.984000,188.600000,46061.107733,17.905103,27.586048,121.053357,35.133198,2611.341976,1714.002676
06/22/2026 12:44:52,0.000000,0.000000,75.126314,74.468054,65.754904,75.418571,78.143289,72.583457,70.764562,74.552108,35.291657,31.408330,31.795480,31.765036,37.127558,37.388435,35.071041,35.337020,35.175960,37.030411,35.390938,35.611025,33.941553,34.353480,33.098701,94.042620,31.891310,45.115882,26.028673,25.963858,25.923147,31.031835,31.333053,30.084696,35.491180,35.416729,30.154306,30.222899,35.114363,37.841185,34.436774,38.362967,36.281045,38.406298,32.891619,37.544127,34.488910,37.396926,32.781141,37.112682,32.766236,34.788631,32.277855,34.462288,33.180710,35.610231,32.566792,34.560855,109.533571,114.632873,155.985392,111.521841,166.492633,62.121023,48.927638,230.131025,119.000000,2.523000,258.800000,117.500000,1.971000,187.400000,46121.106911,17.934736,27.181146,120.682360,35.143582,2615.641528,1717.114744
06/22/2026 12:45:52,0.000000,0.000000,75.211831,74.489818,65.688920,75.447086,78.180129,72.636635,70.749902,74.574281,35.401501,31.430532,31.781596,31.735507,37.374605,37.437380,35.037476,35.338926,35.160369,36.988319,35.810460,35.323737,33.855731,34.375099,33.297487,96.482329,32.245684,45.778152,26.327260,26.273186,26.215416,31.483150,31.761594,30.813867,35.472800,35.385052,30.172372,30.142448,35.115042,37.819328,34.446083,38.322334,36.302194,38.365133,32.891518,37.521287,34.501479,37.363471,32.803224,37.112091,32.770137,34.786755,32.304449,34.433592,33.207076,35.591323,32.576872,34.538079,111.677442,116.668945,156.328060,113.591106,167.113030,62.220088,49.027561,236.895392,119.000000,2.547000,262.500000,117.400000,2.001000,190.500000,46181.105314,18.506030,27.272122,122.939257,35.138573,2619.983941,1720.268244
06/22/2026 12:46:52,0.000000,0.000000,75.217612,74.504057,65.671703,75.450998,78.228636,72.644372,70.773527,74.558075,35.367772,31.463456,31.801597,31.775334,37.336760,37.340297,35.048318,35.345331,35.159880,36.964388,35.518892,35.508721,33.892320,34.379714,33.173701,97.445849,32.144483,46.720707,26.359243,26.306958,26.270583,31.318494,31.522108,29.643435,35.509099,35.423127,30.286453,30.332460,35.096531,37.808391,34.436232,38.353154,36.290489,38.395848,32.892656,37.529948,34.486657,37.386281,32.755449,37.125163,32.764161,34.764384,32.299804,34.457372,33.204673,35.599562,32.564667,34.537882,112.817375,117.898087,156.905686,114.669700,167.750181,62.444684,49.271106,240.344500,118.880000,2.559000,263.600000,117.260000,2.010000,192.500000,46241.104013,19.227294,27.493413,124.072900,35.137465,2624.358207,1723.455342
06/22/2026 12:47:52,0.000000,0.000000,75.076464,74.493401,65.573376,75.464274,78.185059,72.633125,70.800134,74.548218,35.502595,31.492070,31.839562,31.836655,37.292393,37.263653,35.087834,35.382173,35.173279,36.983949,35.596534,35.439878,34.041789,34.394647,33.089311,98.540172,31.929473,46.684444,26.437007,26.383831,26.312514,31.083594,31.267177,29.112640,35.535036,35.443306,30.333942,30.345498,35.125015,37.824408,34.443590,38.350763,36.290311,38.375800,32.904036,37.543243,34.512425,37.386315,32.784308,37.130426,32.774654,34.783277,32.315197,34.469831,33.181598,35.616876,32.557507,34.542719,114.108494,119.182509,157.534585,115.931600,168.295447,62.568310,49.280331,244.498935,118.950000,2.575000,265.400000,117.210000,2.028000,193.900000,46301.103031,19.182661,27.501783,125.423493,35.145615,2628.767357,1726.676011
06/22/2026 12:48:52,0.000000,0.000000,75.013619,74.498562,65.533741,75.485408,78.183822,72.649246,70.800557,74.545258,35.380528,31.538654,31.953404,31.886778,37.512779,37.335066,35.052200,35.372258,35.195692,37.047444,35.396927,35.462265,34.030032,34.422388,33.090480,99.439933,32.001517,47.059652,26.600424,26.530276,26.538773,31.335500,31.441095,29.690777,35.567481,35.460244,30.408481,30.418317,35.130941,37.834731,34.435893,38.380194,36.308605,38.386983,32.925521,37.548844,34.503406,37.395896,32.799909,37.118966,32.792140,34.784752,32.301994,34.471903,33.209895,35.618060,32.584676,34.541426,115.359167,120.401849,158.172845,117.202756,169.224007,62.628649,49.348112,248.745138,118.870000,2.592000,266.700000,117.110000,2.043000,196.100000,46361.103568,19.496400,27.563252,126.787554,35.153737,2633.203870,1729.925152
06/22/2026 12:49:52,0.000000,0.000000,74.959067,74.447782,65.733140,75.404231,78.137411,72.594061,70.797481,74.502890,35.472879,31.582040,31.952683,31.903778,37.220178,37.273239,35.111621,35.408167,35.228222,36.994981,36.043895,35.623630,33.930208,34.429560,33.143381,100.448901,32.031387,47.523045,26.742546,26.643812,26.604090,31.180524,31.311078,29.231521,35.583449,35.482418,30.464660,30.510135,35.119411,37.807333,34.434244,38.354709,36.287745,38.351164,32.896125,37.520017,34.504197,37.375021,32.790771,37.112531,32.783193,34.757643,32.262787,34.455833,33.193799,35.585176,32.567975,34.528759,116.487578,121.565821,158.873905,118.232771,169.904878,62.669266,49.675946,252.526843,118.730000,2.605000,268.600000,117.190000,2.050000,197.900000,46421.103153,19.663177,27.859868,127.988834,35.134422,2637.671478,1733.202407
06/22/2026 12:50:52,0.000000,0.000000,74.802496,74.425964,65.392013,75.367879,78.030466,72.524547,70.751730,74.507213,35.460050,31.630623,31.983442,31.987892,37.123700,37.513659,35.135164,35.457848,35.202977,37.018003,35.609380,35.592095,33.875517,34.422827,33.412271,101.271111,31.814321,47.497573,26.751774,26.686102,26.641566,31.045454,31.120761,29.137355,35.616471,35.509684,30.552257,30.515840,35.111341,37.809454,34.434553,38.370913,36.279405,38.372429,32.908200,37.532997,34.489718,37.380931,32.776360,37.132250,32.778818,34.793197,32.287775,34.458215,33.192629,35.588883,32.564234,34.521922,117.566479,122.565560,159.440507,119.360670,170.535290,62.743246,49.596124,255.952324,118.680000,2.618000,270.500000,117.200000,2.069000,198.800000,46481.101130,19.709822,27.787751,129.066193,35.139211,2642.165743,1736.506045
06/22/2026 12:51:52,0.000000,0.000000,74.820719,74.415876,65.442910,75.368674,78.035467,72.472388,70.770498,74.500539,35.427901,31.610778,31.978745,31.961359,37.389633,37.306074,35.187180,35.432292,35.240859,37.051818,35.555525,35.645013,34.029776,34.463399,33.096462,92.230838,31.889292,43.954886,25.726683,25.635920,25.612099,31.134443,31.286387,30.154806,35.544556,35.506004,30.430885,30.725197,35.105014,37.837171,34.446222,38.371043,36.285520,38.397514,32.888555,37.542345,34.504426,37.380997,32.778615,37.131839,32.768952,34.770050,32.312606,34.481797,33.206028,35.591608,32.553146,34.533045,98.622096,104.407890,157.744624,99.503857,167.781367,62.555103,47.705445,195.925651,118.920000,2.381000,240.600000,117.420000,1.834000,169.900000,46541.101117,17.895262,26.059624,108.510854,35.144325,2646.460049,1739.607963
06/22/2026 12:52:52,0.000000,0.000000,74.746465,74.402880,65.660012,75.308688,77.983667,72.456261,70.728954,74.488341,35.397418,31.262462,31.698640,31.639421,37.415859,37.399060,35.118774,35.369226,35.153182,37.047492,35.681011,35.498049,33.859869,34.477298,33.063437,95.735886,32.738992,45.591325,26.165493,26.046155,26.030953,31.788451,32.093954,32.174945,35.525249,35.403824,29.858668,30.030195,35.110701,37.793792,34.444528,38.351255,36.292647,38.360469,32.897936,37.497826,34.503219,37.374490,32.785638,37.096369,32.783225,34.733280,32.265044,34.436663,33.202153,35.581098,32.569511,34.520974,108.919526,113.848049,155.328183,111.552060,165.843029,61.782010,49.357240,234.304556,118.720000,2.541000,261.100000,117.240000,1.992000,189.500000,46601.099919,18.019799,27.571526,122.080170,35.130041,2650.657494,1742.622903
06/22/2026 12:53:52,0.000000,0.000000,74.653056,74.364812,65.524586,75.263832,77.936424,72.399389,70.723053,74.481621,35.416018,31.452701,31.863455,31.806871,37.362753,37.311468,35.140301,35.378779,35.179768,36.952383,35.696503,35.435509,33.958830,34.374297,33.020567,94.218725,31.682133,45.539831,26.116479,26.049434,26.020834,30.806581,31.192045,29.204249,35.475753,35.438084,30.284113,30.498153,35.114586,37.833455,34.424904,38.363077,36.271570,38.402587,32.901221,37.530927,34.484089,37.406269,32.779654,37.128893,32.778063,34.761840,32.246085,34.478321,33.190547,35.601429,32.576424,34.528315,109.041396,114.130105,155.903175,110.869758,166.461393,61.700758,48.961431,227.575472,118.890000,2.512000,257.300000,117.210000,1.964000,186.400000,46661.099552,18.327906,27.211925,119.817783,35.140113,2654.970245,1745.744911
06/22/2026 12:54:52,0.000000,0.000000,74.633479,74.368477,65.243750,75.239814,77.896906,72.341817,70.694508,74.486170,35.432300,31.378625,31.773798,31.747169,37.477685,37.404303,35.040085,35.378763,35.194725,36.992519,35.438505,35.674335,33.920194,34.356539,33.214780,96.059797,32.018725,46.144269,26.109158,26.035408,25.969342,31.325629,31.643740,31.138041,35.509928,35.404456,30.184312,30.175200,35.123230,37.790814,34.453328,38.363985,36.309058,38.386109,32.902413,37.543129,34.500331,37.380454,32.791135,37.117757,32.771251,34.771012,32.299334,34.464392,33.207704,35.594608,32.600806,34.533115,111.295952,116.164544,156.104007,113.046983,166.755099,61.686276,48.901419,235.876893,118.800000,2.543000,261.100000,117.280000,1.997000,189.800000,46721.098919,18.987012,27.157257,122.602316,35.145198,2659.296144,1748.883601
06/22/2026 12:55:52,0.000000,0.000000,74.591547,74.355700,65.240663,75.173320,77.830618,72.309843,70.652620,74.468561,35.395777,31.457303,31.855583,31.797987,37.569658,37.471530,35.087664,35.343888,35.136911,37.039221,35.729432,35.308778,33.849182,34.411154,33.309127,97.425574,32.184902,46.588208,26.363189,26.284984,26.220309,31.422980,31.685391,30.270072,35.543363,35.440111,30.269659,30.321209,35.104405,37.804750,34.446649,38.371911,36.302096,38.368127,32.906092,37.520104,34.498516,37.368477,32.786115,37.107900,32.773596,34.765368,32.288779,34.447046,33.198775,35.614949,32.571323,34.528106,112.379878,117.616795,156.802160,114.300560,167.615460,61.652717,49.338984,239.523291,119.010000,2.558000,262.500000,117.410000,2.007000,191.600000,46781.097690,19.033232,27.554976,123.804015,35.138654,2663.664054,1752.064369
06/22/2026 12:56:52,0.000000,0.000000,74.481383,74.272140,65.319002,75.117434,77.754276,72.198677,70.635567,74.460884,35.450724,31.501404,31.837312,31.836467,37.173261,37.239148,35.079861,35.373317,35.135574,36.997196,35.412168,35.294319,34.019848,34.473887,33.068874,98.510579,31.932569,46.861838,26.484796,26.407939,26.369237,31.055490,31.260017,29.249541,35.510111,35.488397,30.353890,30.339112,35.097827,37.815869,34.419310,38.389744,36.282116,38.388821,32.894473,37.546271,34.493281,37.394649,32.780950,37.139468,32.773981,34.779058,32.283825,34.466215,33.210864,35.600417,32.578609,34.530051,113.791455,118.909824,157.160483,115.603893,168.214009,61.633657,49.256151,243.930692,118.860000,2.577000,264.900000,117.220000,2.024000,193.500000,46841.096167,19.381995,27.479843,125.239704,35.143290,2668.063998,1755.276149
06/22/2026 12:57:52,0.000000,0.000000,74.450953,74.268338,65.207051,75.096435,77.748920,72.185234,70.611906,74.466493,35.493674,31.586462,31.915677,31.885366,37.250100,37.288568,35.152654,35.388027,35.188293,36.993179,35.595146,35.747089,33.906085,34.472897,33.027619,99.479188,31.883744,47.292715,26.531442,26.455928,26.432359,31.136705,31.273944,29.395942,35.571257,35.451612,30.415845,30.381059,35.114277,37.787193,34.433648,38.347492,36.288364,38.360612,32.903860,37.518567,34.494312,37.367382,32.784962,37.102773,32.777145,34.758263,32.279427,34.457484,33.211452,35.580621,32.565722,34.522075,114.945185,120.065606,157.773419,116.716670,168.829864,61.636146,49.394335,247.556861,118.830000,2.593000,266.700000,117.330000,2.033000,195.500000,46901.096588,19.687573,27.605142,126.407469,35.132782,2672.494973,1758.517338
06/22/2026 12:58:52,0.000000,0.000000,74.369491,74.223642,65.224692,75.043254,77.714851,72.122546,70.593003,74.452326,35.510701,31.597344,31.978231,31.953411,37.415344,37.314986,35.161055,35.412379,35.188038,37.023001,35.776091,35.411559,33.865568,34.463913,33.185382,100.518437,31.874560,47.260566,26.707647,26.622761,26.586477,31.067154,31.153601,29.165321,35.594063,35.469547,30.494504,30.512727,35.121989,37.793112,34.443133,38.348100,36.309928,38.359601,32.915290,37.510817,34.494075,37.360515,32.786140,37.103945,32.782796,34.758578,32.269064,34.445267,33.227658,35.581714,32.577130,34.518370,116.194006,121.244983,158.298928,118.010980,169.395166,61.627708,49.432984,251.737679,118.820000,2.606000,268.800000,117.210000,2.053000,197.100000,46961.095400,19.620415,27.640151,127.739190,35.135361,2676.955358,1761.787163
06/22/2026 12:59:52,0.000000,0.000000,74.371641,74.185626,65.073016,74.997490,77.651966,72.071114,70.587786,74.450091,35.551356,31.671631,31.991481,31.984693,37.526839,37.335424,35.150099,35.467016,35.231812,37.052080,35.545152,35.586698,33.967347,34.382810,33.402802,101.120138,31.565811,47.358800,26.723261,26.656246,26.636785,30.915909,31.034446,29.047386,35.624504,35.530569,30.544293,30.597194,35.123545,37.818966,34.427163,38.376805,36.286682,38.361143,32.900837,37.522891,34.485341,37.375244,32.777487,37.105510,32.783015,34.757021,32.305322,34.486672,33.203800,35.592931,32.571588,34.519053,117.303950,122.236748,158.855913,119.011830,169.951997,61.812206,49.548833,255.449629,118.840000,2.619000,269.900000,117.220000,2.065000,198.700000,47021.094866,19.613806,27.744994,128.908720,35.139051,2681.442235,1765.082911
06/22/2026 13:00:52,0.000000,0.000000,74.364803,74.148343,65.058836,74.972726,77.648334,72.020408,70.540047,74.415673,35.552496,31.625554,31.978819,32.013454,37.516934,37.367517,35.123904,35.457672,35.305205,37.030220,36.035336,35.847895,33.902341,34.532160,33.197470,97.314316,31.626308,44.985446,26.508264,26.421577,26.436820,30.947756,31.101940,29.471303,35.597101,35.519558,30.503354,30.648433,35.127075,37.807461,34.439456,38.385947,36.288803,38.364583,32.904746,37.534979,34.495257,37.383355,32.794162,37.136688,32.779365,34.763138,32.302559,34.470853,33.213287,35.590870,32.557578,34.531698,101.417485,107.030591,158.747583,102.959883,169.083233,61.891624,47.864895,203.205001,118.990000,2.417000,245.600000,117.410000,1.868000,174.500000,47081.093188,18.778577,26.206869,111.216433,35.143593,2685.847581,1768.293430
06/22/2026 13:01:52,0.000000,0.000000,74.280044,74.132911,64.988098,74.928877,77.614729,71.984038,70.534849,74.421065,35.393569,31.197549,31.629283,31.619852,37.437996,37.341178,35.058338,35.386815,35.210952,37.023749,35.493282,35.762591,33.856349,34.375273,33.043296,93.145621,32.569196,45.781315,25.841508,25.682347,25.656664,31.627076,31.974104,32.015073,35.480141,35.430950,29.664799,29.848295,35.101839,37.806612,34.434346,38.373355,36.295552,38.366457,32.903075,37.532823,34.484662,37.359094,32.778869,37.109538,32.773692,34.784980,32.299108,34.446060,33.216897,35.591810,32.577418,34.514664,107.105611,112.038266,155.152876,110.001602,165.395015,61.231643,48.949390,232.712474,118.890000,2.531000,259.800000,117.290000,1.983000,188.800000,47141.092039,18.580355,27.200960,121.548991,35.137543,2689.989278,1771.253733
06/22/2026 13:02:52,0.000000,0.000000,74.266581,74.090269,65.080059,74.896648,77.604921,71.958479,70.496106,74.397294,35.388552,31.407712,31.816246,31.752525,37.448962,37.407408,35.145057,35.394614,35.163376,37.010780,35.526374,35.447921,33.843831,34.371194,33.349763,94.671708,31.960260,45.891770,26.077743,26.022765,26.012861,30.835621,31.295045,29.066494,35.483909,35.426298,30.350267,30.549461,35.118627,37.796389,34.432086,38.408196,36.300600,38.371050,32.909034,37.552544,34.488929,37.389429,32.789869,37.135072,32.775205,34.775401,32.290834,34.465857,33.223392,35.608477,32.598205,34.522978,108.906632,114.104396,155.813567,110.753110,166.471156,60.978439,49.050187,226.737756,118.810000,2.509000,257.300000,117.330000,1.960000,186.100000,47201.091781,18.599063,27.292707,119.532915,35.147609,2694.316454,1774.393136
06/22/2026 13:03:52,0.000000,0.000000,74.265435,74.085740,65.042571,74.867447,77.546754,71.942743,70.443786,74.400590,35.417080,31.368223,31.774536,31.729535,37.560085,37.338614,35.097507,35.371456,35.198118,36.991040,35.936762,35.565525,33.806259,34.397549,33.144789,95.570087,31.933497,45.984471,26.047313,25.967301,25.986276,31.242701,31.532755,30.919191,35.490982,35.418747,30.171939,30.207484,35.116766,37.797628,34.451375,38.390743,36.314260,38.374961,32.910305,37.527202,34.502092,37.373808,32.790613,37.103529,32.780923,34.769572,32.302784,34.447073,33.226355,35.590606,32.595392,34.531264,110.607443,115.722963,155.813132,112.706299,166.615417,61.114078,48.996487,234.748015,118.830000,2.540000,260.700000,117.330000,1.990000,189.600000,47261.090670,18.740629,27.243842,122.227680,35.144863,2698.630152,1777.520273
06/22/2026 13:04:52,0.000000,0.000000,74.281829,74.062388,65.074959,74.833508,77.544929,71.884098,70.408080,74.420424,35.404743,31.435129,31.825839,31.751215,37.296464,37.296022,35.101734,35.403602,35.125486,36.971208,35.825661,35.458140,34.009916,34.410270,32.979675,97.202737,32.249195,46.542090,26.389773,26.301292,26.236255,31.525756,31.812659,30.809690,35.504591,35.434129,30.236449,30.254475,35.133796,37.814159,34.445064,38.394176,36.309234,38.373039,32.902590,37.538896,34.503181,37.400977,32.801836,37.123094,32.780321,34.779173,32.290613,34.461474,33.222558,35.594353,32.592385,34.542906,112.120937,117.222003,156.441680,113.988410,167.249313,61.254688,49.178951,238.225445,118.790000,2.555000,263.000000,117.030000,2.004000,191.700000,47321.089923,19.132337,27.409753,123.377761,35.150191,2702.994237,1780.696761
06/22/2026 13:05:52,0.000000,0.000000,74.255917,74.047888,65.168001,74.787152,77.493244,71.843091,70.347338,74.385332,35.470519,31.462049,31.879484,31.801274,37.217038,37.426607,35.058324,35.380597,35.177099,36.980241,35.403157,35.629345,33.818710,34.393129,33.057950,98.262389,32.083331,46.658031,26.510092,26.422958,26.401537,31.218704,31.428118,29.236286,35.519860,35.444969,30.328482,30.285554,35.108401,37.812267,34.435014,38.389916,36.314818,38.349466,32.901973,37.528366,34.481519,37.397961,32.792746,37.119360,32.785040,34.779445,32.272199,34.468208,33.212860,35.594432,32.585072,34.529398,113.498117,118.507520,156.860406,115.314363,167.687278,61.695546,49.365397,242.542536,118.790000,2.575000,264.500000,117.230000,2.022000,193.300000,47381.089660,19.079112,27.578919,124.789474,35.142923,2707.386912,1783.900691
06/22/2026 13:06:52,0.000000,0.000000,74.185286,74.056743,64.970946,74.769870,77.452010,71.856700,70.344116,74.408756,35.475714,31.511825,31.895842,31.847554,37.400033,37.323106,35.163382,35.398751,35.185399,37.010195,35.537309,35.399312,33.933222,34.486261,33.059267,99.132987,31.865743,46.968000,26.520536,26.461554,26.445462,31.022327,31.124817,29.021426,35.547832,35.465853,30.387377,30.506242,35.118199,37.818939,34.426628,38.404531,36.300252,38.342443,32.899793,37.541219,34.491315,37.386501,32.781272,37.117677,32.770854,34.764851,32.291819,34.455819,33.223560,35.598897,32.571371,34.517062,114.670777,119.728454,157.553846,116.441580,168.408744,62.201909,49.459494,246.497415,118.950000,2.583000,266.100000,117.390000,2.032000,194.900000,47441.088387,19.303845,27.664155,126.067523,35.141150,2711.812985,1787.137845
06/22/2026 13:07:52,0.000000,0.000000,74.228876,74.045790,64.914562,74.769049,77.432238,71.832134,70.295473,74.404307,35.512123,31.554221,31.948924,31.902809,37.369545,37.380598,35.184464,35.424259,35.279003,37.010709,36.056100,35.517209,33.974530,34.491158,33.239513,99.922936,31.851275,46.960802,26.667765,26.577067,26.559868,31.129292,31.273216,29.705141,35.549054,35.498538,30.405100,30.351834,35.109593,37.830246,34.415296,38.410475,36.276552,38.370467,32.903557,37.549885,34.477829,37.382348,32.779175,37.130186,32.771061,34.778364,32.272895,34.453869,33.209608,35.616445,32.566605,34.537154,115.811883,120.912677,158.294079,117.679122,169.329760,62.559195,49.562039,250.461196,118.960000,2.595000,268.100000,117.210000,2.050000,196.500000,47501.086873,19.203866,27.756936,127.334233,35.142080,2716.265429,1790.400707
06/22/2026 13:08:52,0.000000,0.000000,74.163842,74.007808,65.003979,74.742275,77.390383,71.782370,70.294972,74.412685,35.587418,31.641954,32.008129,31.964431,37.309123,37.379861,35.160803,35.446695,35.259467,37.087632,35.721219,35.918285,33.861455,34.494412,33.219793,100.969737,31.951426,47.825729,26.821812,26.745868,26.671797,31.154031,31.209284,29.221505,35.616317,35.541878,30.472764,30.411550,35.102486,37.799302,34.433618,38.401332,36.300436,38.354108,32.922651,37.532033,34.501617,37.387482,32.793535,37.136065,32.761701,34.755721,32.285775,34.450147,33.215658,35.591018,32.585416,34.537285,116.967506,121.986635,158.887419,118.765672,170.157527,62.720353,49.501639,254.200497,118.900000,2.611000,270.100000,117.360000,2.058000,199.000000,47561.086937,20.123429,27.702300,128.516484,35.142369,2720.746156,1793.691906
06/22/2026 13:09:52,0.000000,0.000000,74.160981,73.982110,64.991683,74.698241,77.369653,71.768288,70.242250,74.387273,35.575031,31.686079,32.082918,32.026474,37.302637,37.322091,35.225994,35.483059,35.282979,37.049174,35.776613,35.589730,33.951294,34.450633,33.214486,101.092345,31.745249,46.342813,26.878621,26.811614,26.783000,31.002042,31.084926,29.117096,35.633709,35.513187,30.542410,30.571505,35.103312,37.799684,34.408826,38.389908,36.277721,38.348672,32.905620,37.538986,34.483749,37.370563,32.783674,37.129795,32.755338,34.761349,32.261166,34.458902,33.210649,35.579821,32.563543,34.506592,114.987851,120.639045,159.463163,117.099270,170.719791,62.923600,49.352191,231.166194,119.000000,2.566000,263.300000,117.320000,2.006000,191.400000,47621.084487,18.775864,27.566949,121.030684,35.131893,2725.246306,1797.000605
06/22/2026 13:10:52,0.000000,0.000000,74.174745,74.037320,65.087233,74.715171,77.395798,71.782733,70.249684,74.386639,35.572947,31.454542,31.806493,31.804822,37.558759,37.358067,35.132584,35.441088,35.237454,37.053287,35.915386,35.566411,33.895070,34.437042,33.246167,87.077849,32.128667,46.292523,25.456446,25.377738,25.168290,31.330773,31.592303,31.295573,35.493061,35.440326,30.030480,30.196919,35.105815,37.806598,34.434623,38.415135,36.278440,38.356013,32.897895,37.542290,34.473755,37.385805,32.781391,37.130621,32.767622,34.762957,32.240087,34.450239,33.201528,35.590666,32.586167,34.512301,106.571738,111.599677,156.058530,109.320766,166.333273,62.460986,48.949487,228.909086,119.040000,2.514000,257.100000,117.490000,1.964000,186.200000,47681.084934,19.091475,27.201048,120.269793,35.135997,2729.416283,1799.984906
06/22/2026 13:11:52,0.000000,0.000000,74.147702,73.986590,65.072291,74.704772,77.409019,71.778234,70.250594,74.376554,35.493416,31.494425,31.895818,31.758739,37.677893,37.408269,35.178803,35.406191,35.203550,37.035824,35.408772,35.472715,33.826490,34.395578,33.218729,97.265667,32.417128,46.084075,26.520458,26.428857,26.419213,31.334354,31.646226,29.703007,35.583359,35.471693,30.271559,30.461216,35.118191,37.825559,34.451649,38.417948,36.291803,38.365808,32.922873,37.542323,34.510615,37.387606,32.780364,37.127388,32.779264,34.777675,32.277543,34.455152,33.220226,35.592028,32.570463,34.517931,111.487246,116.529761,157.021020,113.231439,167.757564,62.237278,49.243528,234.523372,119.120000,2.543000,261.500000,117.530000,1.988000,190.100000,47741.083699,18.615688,27.468387,122.152980,35.146620,2733.787972,1803.168480
06/22/2026 13:12:52,0.000000,0.000000,74.171056,73.983306,65.118549,74.708131,77.403522,71.743443,70.215615,74.377676,35.447849,31.449504,31.879414,31.836024,37.183876,37.420862,35.094503,35.420306,35.218700,36.993884,35.492607,35.750294,33.962578,34.435729,33.040881,96.070820,31.573847,45.668899,26.110194,26.031526,25.962915,31.078607,31.331253,30.169828,35.533147,35.456484,30.247791,30.312317,35.111522,37.820238,34.445146,38.423399,36.295413,38.356604,32.930055,37.544781,34.510420,37.371938,32.803398,37.140126,32.775331,34.775083,32.279392,34.474480,33.224030,35.598036,32.610848,34.533816,112.044379,117.211518,157.019927,114.059120,167.784778,62.465898,49.043778,239.087277,118.980000,2.552000,263.000000,117.440000,2.002000,191.200000,47801.082854,18.382022,27.286877,123.660993,35.151203,2738.141216,1806.332963
06/22/2026 13:13:52,0.000000,0.000000,74.185157,73.977533,65.160153,74.701064,77.395635,71.699460,70.191230,74.391032,35.506764,31.493588,31.894981,31.816095,37.260490,37.403738,35.051891,35.411837,35.188089,37.013763,35.880236,35.497420,33.909858,34.503734,33.187949,98.209948,32.190268,46.788392,26.407007,26.381983,26.279527,31.559091,31.804116,31.102392,35.564067,35.467466,30.301186,30.310613,35.117363,37.816781,34.449938,38.426842,36.305466,38.371046,32.923701,37.561155,34.479825,37.405999,32.813209,37.162708,32.786763,34.770518,32.288161,34.465183,33.222717,35.600272,32.586861,34.519204,113.798187,118.831693,157.615007,115.696944,168.694332,62.563133,49.161083,243.465222,119.190000,2.567000,265.000000,117.530000,2.020000,193.600000,47861.081224,19.394870,27.393522,125.088933,35.153686,2742.542096,1809.543987
06/22/2026 13:14:52,0.000000,0.000000,74.167538,73.962448,65.076529,74.721167,77.389981,71.730660,70.164502,74.388953,35.524957,31.576927,31.919507,31.899417,37.334789,37.416135,35.150662,35.400660,35.220918,37.031481,35.372509,35.472623,34.006667,34.529042,33.090962,99.450235,32.219951,46.702176,26.631627,26.586055,26.509645,31.398239,31.567987,29.477537,35.621670,35.528620,30.414409,30.363588,35.123501,37.822898,34.450014,38.445462,36.321407,38.373259,32.928152,37.561472,34.505877,37.401895,32.813570,37.161298,32.789880,34.780724,32.296174,34.486799,33.248811,35.607236,32.594782,34.542635,114.937503,119.883697,158.062584,116.823839,169.262718,62.728255,49.637395,247.475129,119.130000,2.582000,266.600000,117.330000,2.037000,195.200000,47921.080754,18.877129,27.825047,126.381280,35.162792,2746.971784,1812.783961
06/22/2026 13:15:52,0.000000,0.000000,74.178653,73.946921,64.976208,74.714942,77.380827,71.728653,70.178065,74.380045,35.529602,31.635503,32.007915,31.942646,37.170322,37.389629,35.273800,35.450642,35.239750,37.047616,36.000499,35.572788,33.939645,34.474488,33.296185,100.325343,31.786183,47.113644,26.678434,26.605609,26.576621,31.059998,31.195015,29.112662,35.591649,35.529615,30.454635,30.522073,35.118871,37.826237,34.441876,38.423235,36.298081,38.380460,32.927400,37.547580,34.505687,37.408779,32.790497,37.159134,32.776233,34.776426,32.295866,34.461318,33.225957,35.601729,32.588159,34.535584,116.230715,121.183249,158.763508,118.050836,169.933441,62.811496,49.626907,251.497014,119.070000,2.600000,268.500000,117.340000,2.047000,197.200000,47981.079402,19.298073,27.815571,127.662950,35.154455,2751.433378,1816.055610
06/22/2026 13:16:52,0.000000,0.000000,74.194866,73.959333,65.138770,74.747994,77.377551,71.739348,70.163617,74.378773,35.600253,31.647731,32.018351,31.978172,37.336025,37.364320,35.231266,35.435594,35.308210,37.086291,35.767719,35.737936,33.971503,34.522297,33.352637,100.854497,31.753464,47.366318,26.706381,26.661705,26.576511,31.148563,31.227432,29.283380,35.616648,35.523154,30.467748,30.529781,35.113682,37.832995,34.435185,38.428057,36.296268,38.357457,32.903350,37.545886,34.502211,37.378790,32.786953,37.160917,32.767742,34.776383,32.267793,34.471153,33.216253,35.603132,32.593065,34.531161,117.277680,122.243464,159.437326,119.059970,170.692491,62.918630,49.617099,255.101497,118.980000,2.615000,270.300000,117.400000,2.065000,199.000000,48041.078590,19.559610,27.806708,128.799539,35.148422,2755.929094,1819.359899
06/22/2026 13:17:52,0.000000,0.000000,74.186475,73.913298,65.129007,74.722445,77.359241,71.692506,70.120995,74.387089,35.619389,31.670537,32.004638,32.013653,37.120541,37.491494,35.174363,35.506338,35.280813,37.052320,35.873228,35.454221,34.003326,34.496420,33.190279,97.384227,31.900386,44.484821,26.553496,26.524006,26.515336,31.228361,31.286731,29.668279,35.613077,35.564337,30.514968,30.647053,35.116393,37.815814,34.434889,38.435710,36.313195,38.358444,32.931463,37.556487,34.507972,37.386299,32.804772,37.136185,32.764735,34.767174,32.281246,34.466265,33.243799,35.584515,32.590430,34.520989,102.343041,107.848274,159.121593,103.619805,169.880521,62.947042,48.148934,203.720642,119.130000,2.423000,246.200000,117.780000,1.873000,175.000000,48101.077204,18.016349,26.468472,111.405559,35.150839,2760.340689,1822.578215
06/22/2026 13:18:52,0.000000,0.000000,74.200124,73.932450,65.003044,74.709282,77.397930,71.696258,70.105863,74.363578,35.450008,31.294394,31.695818,31.666524,37.293765,37.501545,35.102453,35.395901,35.202685,37.053536,35.889947,35.551151,34.014753,34.388036,33.084855,94.665062,32.663208,45.704915,25.995011,25.891303,25.820134,31.707548,32.053185,32.095464,35.535980,35.439375,29.727230,29.933597,35.100208,37.807195,34.434249,38.439488,36.285482,38.352880,32.922305,37.543893,34.490450,37.389618,32.788092,37.148783,32.760465,34.770012,32.287208,34.477583,33.232915,35.606452,32.573745,34.537177,108.620871,113.504908,155.896737,111.341823,166.353611,62.238064,49.113501,236.035988,119.110000,2.543000,260.800000,117.590000,1.988000,189.800000,48161.077310,18.354633,27.350282,122.655014,35.147410,2764.512753,1825.569610
06/22/2026 13:19:52,0.000000,0.000000,74.188210,73.890925,65.258533,74.704891,77.364488,71.709238,70.058267,74.355536,35.524726,31.497836,31.883637,31.796700,37.448592,37.312426,35.164480,35.400735,35.184779,37.013116,35.849468,35.429823,34.016177,34.411647,33.201704,95.554850,32.088952,46.199279,26.209628,26.150186,26.066495,30.947474,31.387272,29.165067,35.533253,35.472986,30.403468,30.504453,35.121739,37.818050,34.458310,38.435614,36.305743,38.360726,32.939540,37.549029,34.517790,37.389008,32.830561,37.147242,32.774147,34.766805,32.284436,34.449461,33.235857,35.596092,32.601549,34.532969,110.280602,115.351133,156.775806,112.004418,167.427051,62.258192,49.039408,230.692794,119.260000,2.523000,259.100000,117.700000,1.974000,187.800000,48221.076205,18.916378,27.282901,120.871524,35.155733,2768.865144,1828.732774
06/22/2026 13:20:52,0.000000,0.000000,74.214033,73.917604,65.096603,74.719461,77.384910,71.761597,70.057783,74.379994,35.492126,31.431644,31.835273,31.803137,37.294939,37.418288,35.119751,35.402999,35.185857,37.017287,35.378674,35.393681,33.949780,34.358152,33.178197,96.309060,31.998564,45.934199,26.137632,26.074610,25.990256,31.348704,31.608896,31.035903,35.506792,35.437660,30.134348,30.262118,35.111250,37.821735,34.442947,38.445935,36.294439,38.358723,32.915295,37.558895,34.497079,37.389592,32.792337,37.154774,32.753899,34.772333,32.278858,34.461139,33.222223,35.609084,32.600674,34.528991,111.889814,116.917633,156.877867,113.888728,167.828147,62.440356,49.022317,238.495081,119.370000,2.548000,262.500000,117.650000,1.999000,190.900000,48281.074335,18.666849,27.267350,123.466450,35.150510,2773.208731,1831.887870
06/22/2026 13:21:52,0.000000,0.000000,74.226670,73.871455,65.240572,74.712228,77.409292,71.695823,70.053999,74.369465,35.489656,31.497328,31.869319,31.835956,37.277108,37.544566,35.090019,35.408733,35.187820,36.999784,35.951275,35.291594,34.037984,34.377088,33.156392,97.703928,32.193513,46.350553,26.397307,26.307485,26.255349,31.465040,31.723438,29.898888,35.528376,35.482733,30.275978,30.344419,35.090692,37.807432,34.420008,38.438564,36.291498,38.356673,32.914120,37.563574,34.487578,37.384104,32.803326,37.148898,32.765619,34.780918,32.289695,34.469386,33.209151,35.608014,32.564521,34.554152,113.262651,118.316777,157.500524,115.117710,168.439107,62.560990,49.149625,242.077875,119.100000,2.565000,263.900000,117.490000,2.015000,192.500000,48341.074471,18.967441,27.383112,124.638368,35.147396,2777.599130,1835.090988
06/22/2026 13:22:52,0.000000,0.000000,74.221851,73.901316,65.056210,74.729316,77.400632,71.706187,70.046078,74.407237,35.633344,31.519728,31.901517,31.875161,37.168335,37.339896,35.126228,35.433405,35.205675,37.055635,35.832254,35.697513,33.967842,34.400167,33.307785,98.854465,32.299594,47.163102,26.478818,26.435921,26.340164,31.577219,31.810214,30.582175,35.554637,35.460694,30.303735,30.259295,35.093369,37.824681,34.452552,38.435625,36.293702,38.350482,32.928337,37.563570,34.482693,37.368184,32.802734,37.147867,32.772724,34.779578,32.299918,34.481362,33.228701,35.610669,32.603957,34.516737,114.528557,119.572550,158.044564,116.371390,169.162756,62.640476,49.291304,246.202045,118.970000,2.581000,266.000000,117.300000,2.028000,194.600000,48401.074062,19.651365,27.511737,125.972566,35.151872,2782.019572,1838.321327
06/22/2026 13:23:52,0.000000,0.000000,74.242119,73.873799,65.282251,74.713037,77.407149,71.700875,70.039887,74.361343,35.574880,31.588360,32.004435,31.929464,37.392905,37.363284,35.133181,35.447889,35.237614,37.047697,35.761400,35.518024,33.949595,34.464020,33.063657,100.098740,32.150635,47.309509,26.732698,26.646472,26.593794,31.311504,31.489723,29.395182,35.597780,35.498967,30.433167,30.343493,35.130115,37.803862,34.461397,38.428090,36.295884,38.341619,32.941642,37.545640,34.508620,37.393134,32.811808,37.130358,32.786476,34.763136,32.297217,34.462475,33.249336,35.571869,32.615257,34.523129,115.877912,120.734840,158.619259,117.628284,169.878592,62.702746,49.665653,250.105134,118.940000,2.600000,267.900000,117.340000,2.050000,196.700000,48461.072272,19.458937,27.850572,127.221018,35.153053,2786.471745,1841.583814
06/22/2026 13:24:52,0.000000,0.000000,74.287575,73.915891,65.087179,74.735334,77.423900,71.742332,69.997242,74.354002,35.467258,31.640543,32.020516,31.977153,37.513169,37.546320,35.153059,35.493462,35.225260,37.048639,35.763673,35.556157,33.916320,34.507528,33.193810,100.812499,31.949320,47.219000,26.627151,26.597216,26.509038,31.204704,31.307631,29.344478,35.623568,35.533621,30.497888,30.539084,35.140225,37.814381,34.450375,38.456417,36.313000,38.359575,32.946383,37.564869,34.519049,37.382747,32.801334,37.156204,32.789884,34.783389,32.293954,34.478673,33.243339,35.586272,32.601668,34.526433,117.002892,121.863957,159.236751,118.725401,170.590499,62.925281,49.465223,254.038327,119.130000,2.614000,269.400000,117.640000,2.055000,198.100000,48521.071738,19.549659,27.669341,128.465463,35.160409,2790.952955,1844.874729
06/22/2026 13:25:52,0.000000,0.000000,74.266674,73.879331,65.291258,74.725364,77.400062,71.730207,70.014743,74.357886,35.668272,31.672911,32.022143,32.017564,37.217291,37.455594,35.218361,35.514425,35.239735,37.056889,35.845026,35.643333,34.044075,34.494107,33.132170,101.573409,31.951310,47.527050,26.773002,26.722520,26.638286,31.148236,31.246265,29.284836,35.651731,35.575079,30.524437,30.595111,35.099749,37.849156,34.459403,38.458336,36.299718,38.379885,32.931266,37.585521,34.491418,37.394120,32.801005,37.174450,32.776988,34.804234,32.268146,34.488312,33.242772,35.621597,32.625355,34.538971,117.742177,122.862013,159.937475,119.572182,171.223502,63.051034,49.662837,250.635343,119.150000,2.620000,270.800000,117.570000,2.065000,199.200000,48581.070749,19.679021,27.848029,127.389564,35.164520,2795.460936,1848.191257
06/22/2026 13:26:52,0.000000,0.000000,74.223898,73.886023,65.309555,74.745050,77.441167,71.727913,70.038676,74.360561,35.476904,31.475597,31.889911,31.869529,37.386032,37.373211,35.209700,35.494245,35.265051,37.018902,35.646169,35.784499,33.981764,34.477090,33.182152,85.750205,32.226370,45.864161,25.200432,25.098894,24.934767,31.418536,31.673821,31.319178,35.504594,35.464268,30.197223,30.280635,35.131883,37.831252,34.468824,38.459763,36.310311,38.379411,32.957908,37.582013,34.502539,37.392379,32.824767,37.174203,32.803190,34.788678,32.282797,34.476361,33.255243,35.610991,32.605093,34.524526,103.615262,108.673016,156.405817,106.406707,166.456032,62.548709,48.381215,219.069644,119.320000,2.461000,251.400000,117.730000,1.918000,181.300000,48641.069592,19.182415,26.681746,116.891015,35.168107,2799.630577,1851.172616
06/22/2026 13:27:52,0.000000,0.000000,74.252116,73.884223,65.278254,74.739822,77.441852,71.736235,69.997017,74.380410,35.510711,31.393746,31.836138,31.743255,37.559112,37.382735,35.111781,35.428713,35.209326,37.031856,35.710980,35.759932,33.750658,34.423197,33.274198,97.140010,32.665021,45.847580,26.564396,26.469224,26.444828,31.625877,31.930588,30.143206,35.564113,35.405025,30.112664,30.298152,35.113837,37.806639,34.437652,38.432720,36.299594,38.347528,32.954704,37.552280,34.508630,37.375460,32.807275,37.144866,32.775530,34.745563,32.283150,34.473135,33.247569,35.602010,32.611168,34.518606,110.789790,115.827259,156.757693,112.748212,167.729941,62.102077,49.287614,233.353547,119.350000,2.537000,261.300000,117.670000,1.987000,189.900000,48701.068595,18.339190,27.508390,121.763179,35.151896,2803.970534,1854.324842
06/22/2026 13:28:52,0.000000,0.000000,74.252379,73.882371,65.105021,74.739570,77.409590,71.733014,69.951483,74.348215,35.510979,31.437233,31.847544,31.823983,37.167944,37.369125,35.094042,35.438015,35.191419,37.036547,35.729855,35.434363,33.900848,34.477426,33.270194,94.686958,31.516015,45.247488,25.989596,25.939978,25.854758,31.083088,31.389200,30.534034,35.497781,35.449921,30.162285,30.320011,35.119174,37.836259,34.443704,38.459493,36.290620,38.372577,32.921686,37.575098,34.491604,37.407125,32.802795,37.184632,32.767850,34.790240,32.299936,34.481399,33.232737,35.609819,32.603129,34.562052,110.960209,116.072959,156.815375,112.893988,167.543018,62.291727,48.800621,235.412879,119.180000,2.536000,260.300000,117.550000,1.989000,189.900000,48761.067243,18.182141,27.065347,122.448476,35.162596,2808.298048,1857.463215
06/22/2026 13:29:52,0.000000,0.000000,74.322100,73.899679,65.383166,74.758521,77.470601,71.784258,69.929090,74.367365,35.519599,31.443227,31.879820,31.801573,37.563934,37.396842,35.102659,35.422254,35.150835,37.049131,35.595370,35.779383,33.919361,34.361032,33.529859,97.429204,32.346845,46.552353,26.276033,26.253240,26.188897,31.664326,31.961014,31.390327,35.542595,35.448649,30.187753,30.255361,35.119160,37.846408,34.455012,38.478249,36.293487,38.371904,32.939680,37.590248,34.520122,37.414320,32.815646,37.185915,32.786737,34.794887,32.272562,34.491283,33.266189,35.629879,32.612869,34.556685,112.845528,117.982423,157.398921,114.673161,168.279338,62.392468,49.109422,240.811912,119.100000,2.556000,263.800000,117.540000,2.008000,192.200000,48821.066472,19.205779,27.346574,124.225659,35.172062,2812.674853,1860.650759
06/22/2026 13:30:52,0.000000,0.000000,74.306313,73.867388,65.409507,74.735440,77.451384,71.732262,69.926875,74.347407,35.499856,31.512039,31.884919,31.841397,37.302405,37.423100,35.083180,35.420067,35.206004,37.028542,36.162070,35.249135,33.876022,34.417564,33.160648,98.653432,32.209849,46.915108,26.483420,26.433374,26.351617,31.415325,31.632742,29.532991,35.591468,35.469167,30.300669,30.322048,35.135830,37.830767,34.471363,38.464497,36.306697,38.364769,32.947166,37.581463,34.514853,37.403765,32.810053,37.163549,32.799116,34.769978,32.286729,34.482463,33.247580,35.611325,32.617505,34.537795,114.076692,119.100241,157.868348,115.923656,168.910697,62.549166,49.449298,244.610447,119.170000,2.577000,265.600000,117.740000,2.024000,193.900000,48881.064738,19.260185,27.654923,125.459525,35.167363,2817.085615,1863.870193
06/22/2026 13:31:52,0.000000,0.000000,74.303198,73.899377,65.188017,74.776410,77.445893,71.734791,69.919194,74.362593,35.566226,31.599708,31.946740,31.930291,37.347747,37.437491,35.144935,35.446787,35.231616,37.039501,35.692056,35.718671,33.863391,34.430234,33.442945,99.629320,31.829488,46.900550,26.610618,26.538683,26.474483,31.070430,31.242874,29.149420,35.587714,35.512829,30.380695,30.360238,35.120169,37.834158,34.459515,38.475225,36.309345,38.379331,32.940934,37.591813,34.492411,37.406161,32.809367,37.193821,32.783100,34.802347,32.304962,34.487974,33.263764,35.619043,32.615484,34.554413,115.305884,120.425115,158.579578,117.144746,169.709935,62.609327,49.450075,248.895493,119.280000,2.591000,267.400000,117.560000,2.038000,195.800000,48941.063221,19.244923,27.655627,126.835556,35.172167,2821.527669,1867.120639
06/22/2026 13:32:52,0.000000,0.000000,74.321858,73.923967,65.269695,74.771199,77.484502,71.802492,69.876118,74.327775,35.555386,31.570097,31.993305,31.926692,37.561224,37.245135,35.180366,35.425480,35.286376,37.022046,35.856640,35.689396,33.857583,34.528701,33.217184,100.346360,31.858790,46.900889,26.639113,26.567626,26.551107,31.126348,31.265816,29.756148,35.636678,35.513498,30.445554,30.345773,35.132383,37.834401,34.471315,38.462241,36.310771,38.348520,32.945033,37.572285,34.511851,37.395027,32.834546,37.172874,32.790313,34.775390,32.287709,34.489667,33.277457,35.602125,32.646451,34.551587,116.575322,121.515997,159.177692,118.312305,170.327452,62.713264,49.398219,252.763462,119.210000,2.610000,268.900000,117.530000,2.052000,197.500000,49001.062649,19.292228,27.608661,128.063580,35.170597,2825.997543,1870.398913
06/22/2026 13:33:52,0.000000,0.000000,74.314966,73.931875,65.324258,74.811119,77.460698,71.849759,69.880133,74.386723,35.427191,31.666644,32.031904,32.047273,37.399342,37.490406,35.180222,35.454142,35.233943,37.086049,35.689064,35.446039,34.057728,34.496659,33.132154,101.499640,32.068218,47.757785,26.857246,26.778176,26.720907,31.332674,31.419111,29.533213,35.674059,35.579243,30.494750,30.476690,35.130479,37.828085,34.475867,38.500324,36.298294,38.380672,32.930725,37.592814,34.492971,37.411582,32.815659,37.172220,32.791565,34.794824,32.300529,34.514268,33.247439,35.624920,32.625335,34.549599,117.635658,122.566298,159.796586,119.364223,170.962178,62.802237,49.668178,256.277150,119.150000,2.614000,270.700000,117.400000,2.064000,199.200000,49061.061754,19.904932,27.852853,129.167833,35.173909,2830.494920,1873.704280
06/22/2026 13:34:52,0.000000,0.000000,74.325753,73.887262,65.344988,74.773686,77.452444,71.760891,69.891289,74.322997,35.603550,31.606050,32.033679,32.016650,37.217710,37.386165,35.221600,35.488859,35.288016,37.062161,36.115141,35.550706,33.976125,34.481216,33.306956,94.103200,31.912913,44.489256,25.753520,25.697633,25.612361,31.132921,31.294222,29.850563,35.592616,35.542546,30.440452,30.689169,35.132574,37.825313,34.462887,38.472399,36.305602,38.361469,32.944733,37.592247,34.506157,37.394658,32.823175,37.177927,32.773116,34.788840,32.271836,34.497727,33.251757,35.619478,32.622625,34.567304,106.126625,111.670529,158.700690,107.409438,169.099471,62.738748,48.510562,216.658783,119.170000,2.454000,250.400000,117.490000,1.916000,179.700000,49121.059078,17.689002,26.800254,116.047267,35.169591,2834.854202,1876.872059
06/22/2026 13:35:52,0.000000,0.000000,74.383724,73.914388,65.227114,74.777365,77.476749,71.759919,69.845568,74.372208,35.627863,31.463426,31.928080,31.792443,37.252490,37.397065,35.159433,35.462609,35.216150,37.074932,35.675713,35.537260,33.920917,34.513897,33.179312,99.147405,32.722487,46.679342,26.602474,26.508645,26.489345,31.828410,32.142327,31.995458,35.619547,35.523395,30.077494,30.288333,35.120475,37.827836,34.460159,38.476307,36.293243,38.371661,32.939880,37.595964,34.512106,37.411638,32.819817,37.174144,32.786937,34.792425,32.303462,34.488591,33.257271,35.615228,32.614373,34.547094,113.837093,118.783949,157.876139,115.951959,168.748000,62.424866,49.609719,246.500975,119.200000,2.583000,266.500000,117.600000,2.031000,195.600000,49181.059722,18.879303,27.800039,126.068667,35.170431,2839.210383,1880.043617
06/22/2026 13:36:52,0.000000,0.000000,74.428108,73.950338,65.268992,74.821117,77.527944,71.849193,69.874388,74.375090,35.660767,31.596757,31.999916,31.997909,37.237120,37.276915,35.221744,35.477481,35.282316,37.056032,36.142213,35.784143,33.941004,34.555709,33.132006,97.771879,31.240594,45.734549,26.342160,26.277808,26.224887,30.942298,31.248874,29.251767,35.605829,35.506573,30.369053,30.622607,35.112027,37.848578,34.464219,38.460479,36.298714,38.371819,32.957821,37.584935,34.492161,37.395302,32.818255,37.192932,32.786207,34.798349,32.288049,34.499704,33.254626,35.617022,32.624374,34.567718,113.719397,118.842185,158.421876,115.566675,169.373023,62.539612,49.354327,243.640663,119.050000,2.570000,264.300000,117.390000,2.020000,193.200000,49241.058882,18.165664,27.568885,125.145784,35.171665,2843.627100,1883.270461
06/22/2026 13:37:52,0.000000,0.000000,74.513470,73.945247,65.466364,74.791728,77.552556,71.862946,69.822049,74.357692,35.614039,31.526157,31.985454,31.913599,37.365222,37.366107,35.185831,35.461079,35.287871,37.033269,35.797893,35.596180,34.030125,34.462860,33.290653,99.016970,32.079334,46.596413,26.397943,26.300077,26.295542,31.542980,31.824090,31.531397,35.616345,35.539247,30.301179,30.458887,35.091933,37.836506,34.452368,38.479151,36.287940,38.362838,32.916771,37.602310,34.496737,37.406050,32.822571,37.172019,32.773162,34.801304,32.258978,34.503836,33.238322,35.618046,32.615349,34.544962,115.393812,120.551884,158.861536,117.339619,170.011811,62.580214,49.371709,249.586254,119.060000,2.597000,267.400000,117.630000,2.040000,195.900000,49301.058359,19.011774,27.584639,127.055832,35.164058,2848.064923,1886.517794
06/22/2026 13:38:52,0.000000,0.000000,74.554964,73.983808,65.238713,74.857197,77.581177,71.901086,69.821134,74.349596,35.638565,31.606953,32.031466,31.982557,37.541074,37.434543,35.159581,35.461427,35.245918,37.059962,35.836144,35.635526,34.128588,34.488064,33.346546,100.595421,32.416316,47.486848,26.693891,26.642066,26.575865,31.694602,31.924914,30.391619,35.648091,35.587391,30.423161,30.468132,35.127730,37.831973,34.483392,38.480881,36.312037,38.368770,32.960975,37.589071,34.524265,37.401207,32.850630,37.183122,32.802700,34.776658,32.300994,34.486995,33.266339,35.614522,32.632297,34.547228,116.547587,121.663179,159.525129,118.328468,170.698844,62.414417,49.558641,252.895205,119.240000,2.605000,269.300000,117.460000,2.052000,198.100000,49361.056347,19.732984,27.753864,128.105175,35.177089,2852.538412,1889.798962
06/22/2026 13:39:52,0.000000,0.000000,74.654461,74.025015,65.494395,74.918158,77.664261,71.972433,69.792085,74.383687,35.658350,31.702138,32.084275,32.051777,37.471894,37.415752,35.255636,35.481672,35.319790,37.090327,35.793025,35.656126,34.033808,34.639125,33.255757,101.497642,32.051820,47.454023,26.880097,26.813537,26.777001,31.193906,31.415352,29.461220,35.697884,35.588449,30.496434,30.538678,35.118985,37.814421,34.480543,38.464360,36.293119,38.348134,32.936198,37.579625,34.497923,37.386012,32.816631,37.173187,32.777474,34.778107,32.259734,34.477069,33.247065,35.597077,32.612966,34.535485,117.734092,122.787920,159.964027,119.466088,171.324168,62.526109,49.781793,256.679501,119.060000,2.615000,270.700000,117.320000,2.071000,199.400000,49421.055771,19.498629,27.955394,129.293605,35.159706,2857.040369,1893.110069
06/22/2026 13:40:51,0.000000,0.000000,74.671341,74.026261,65.264089,74.925454,77.690061,71.996711,69.807590,74.402912,35.594943,31.647738,32.042837,32.024671,37.332680,37.449834,35.169927,35.538683,35.328606,37.097355,35.900612,35.221862,34.051608,34.619649,33.128945,91.660097,31.995705,44.915466,25.497699,25.482942,25.326546,31.256731,31.449212,30.458124,35.583429,35.552412,30.449486,30.630612,35.115999,37.821165,34.485500,38.486069,36.306184,38.366023,32.948873,37.587035,34.513791,37.408454,32.826385,37.188194,32.791931,34.793414,32.316912,34.492050,33.276289,35.625329,32.636064,34.550542,106.979069,112.388648,158.454936,109.062333,168.793962,62.779935,48.617865,223.464092,119.180000,2.476000,253.600000,117.670000,1.933000,183.100000,49481.054018,18.017038,26.898428,118.412685,35.176810,2861.364328,1896.242841
06/22/2026 13:41:51,0.000000,0.000000,74.658705,74.034337,65.301305,74.959553,77.710997,72.004646,69.797565,74.398014,35.525429,31.461563,31.887462,31.856336,37.357907,37.418916,35.189596,35.499851,35.241781,37.098291,35.687151,35.198395,33.854502,34.496783,33.264210,99.374180,32.784038,46.449177,26.713017,26.643768,26.598221,31.889294,32.199140,31.687491,35.647740,35.525004,30.136176,30.361080,35.139627,37.823947,34.496208,38.480389,36.308799,38.357593,32.951055,37.592806,34.522247,37.400964,32.824082,37.185904,32.796781,34.800470,32.322210,34.493851,33.270983,35.611177,32.640431,34.549131,114.041699,119.040518,158.258779,116.116580,169.362923,62.621293,49.769266,245.729453,119.220000,2.585000,266.400000,117.560000,2.029000,195.100000,49541.053547,18.505082,27.944095,125.820470,35.178433,2865.751292,1899.441426
06/22/2026 13:42:51,0.000000,0.000000,74.684885,74.077451,65.332050,75.004852,77.735940,72.049255,69.765967,74.420694,35.589362,31.620297,31.994944,31.985091,37.454298,37.385776,35.228874,35.508095,35.260525,37.089573,36.154540,35.454156,34.116909,34.495025,33.335131,97.844743,31.687846,46.381788,26.395718,26.325559,26.245606,31.097979,31.356416,29.725531,35.619899,35.551221,30.378305,30.462622,35.111609,37.819000,34.486736,38.493480,36.300414,38.358060,32.944857,37.593264,34.509840,37.398328,32.834368,37.192596,32.800364,34.806705,32.323126,34.494311,33.287441,35.624928,32.629373,34.544754,114.012052,119.038364,158.715504,115.818409,169.580035,62.843624,49.253918,244.221206,119.200000,2.577000,265.300000,117.660000,2.020000,193.600000,49601.051999,18.903971,27.477817,125.333703,35.177678,2870.165651,1902.664204
06/22/2026 13:43:51,0.000000,0.000000,74.746196,74.118510,65.407715,75.055214,77.774773,72.149381,69.784628,74.411355,35.607726,31.561688,31.997370,31.964992,37.127058,37.500660,35.167684,35.501434,35.275793,37.081367,35.962551,35.999891,33.999213,34.467462,33.174250,99.692682,32.291423,47.044568,26.602869,26.520210,26.458196,31.618267,31.891351,31.355848,35.676976,35.559563,30.408093,30.432980,35.144194,37.838662,34.498908,38.489697,36.312666,38.367632,32.950938,37.596275,34.531497,37.399129,32.836964,37.180585,32.802888,34.795031,32.294508,34.511975,33.279803,35.619971,32.648869,34.550007,115.680249,120.777354,159.196259,117.501456,170.406708,62.976300,49.492996,250.094452,119.250000,2.593000,268.000000,117.670000,2.044000,196.900000,49661.050781,19.350089,27.694479,127.217620,35.182510,2874.611477,1905.919221
06/22/2026 13:44:51,0.000000,0.000000,74.829105,74.110996,65.591073,75.063879,77.823408,72.150024,69.765938,74.402489,35.713235,31.642835,32.085114,32.019902,37.568422,37.444654,35.179514,35.494648,35.302896,37.104870,35.827968,35.740025,33.909217,34.563432,33.361638,100.785300,32.355052,47.684728,26.785155,26.716357,26.676191,31.556295,31.803548,29.876071,35.730226,35.590223,30.483064,30.461368,35.164006,37.832338,34.496060,38.495693,36.333639,38.364265,32.976889,37.598337,34.532236,37.394118,32.854740,37.170406,32.823064,34.804511,32.289336,34.506058,33.281432,35.624253,32.657310,34.553104,116.833235,121.781756,159.776755,118.545201,170.935331,63.095566,49.729161,253.246574,119.250000,2.602000,269.500000,117.630000,2.053000,197.700000,49721.050227,19.776819,27.907909,128.216040,35.187590,2879.089519,1909.204857
06/22/2026 13:45:51,0.000000,0.000000,74.808919,74.167326,65.572374,75.108338,77.844148,72.201416,69.760188,74.413678,35.748669,31.765340,32.117149,32.113911,37.373583,37.515042,35.271188,35.583627,35.326381,37.171199,36.064907,35.442376,33.991460,34.620322,33.343778,101.766852,31.918014,47.353821,26.950458,26.941078,26.828190,31.172334,31.325166,29.267478,35.748420,35.607534,30.558422,30.618777,35.143684,37.844781,34.495005,38.480074,36.317342,38.354633,32.948520,37.597041,34.521618,37.406969,32.837359,37.190706,32.804027,34.803263,32.281410,34.526055,33.276574,35.613207,32.647930,34.554837,117.985907,122.986740,160.403828,119.667225,171.744325,63.228809,49.788688,257.509288,119.270000,2.618000,271.700000,117.600000,2.069000,199.900000,49781.046998,19.392208,27.961613,129.552559,35.182252,2883.595499,1912.518456
06/22/2026 13:46:51,0.000000,0.000000,74.857961,74.202875,65.433148,75.116048,77.888038,72.257887,69.752068,74.430964,35.687084,31.651733,32.064184,32.035922,37.509633,37.518915,35.351496,35.586809,35.334353,37.136699,35.995818,35.576539,34.070378,34.596260,33.420281,89.243488,31.892187,46.409199,25.683091,25.628989,25.475064,31.246528,31.486236,30.799572,35.611312,35.559914,30.406217,30.466489,35.122106,37.844926,34.491470,38.486712,36.300427,38.370878,32.967098,37.599653,34.513591,37.410023,32.830755,37.204922,32.804823,34.808492,32.296444,34.506936,33.260980,35.636649,32.635098,34.553128,108.645289,113.792797,158.313655,111.091323,168.694098,63.018865,48.825384,232.750022,119.120000,2.517000,258.200000,117.560000,1.973000,187.700000,49841.047612,19.321262,27.087937,121.561548,35.182256,2887.883522,1915.615662
06/22/2026 13:47:51,0.000000,0.000000,74.841384,74.198970,65.516349,75.134915,77.880743,72.261562,69.749327,74.418939,35.683896,31.512200,31.975954,31.885782,37.304898,37.449464,35.189838,35.508069,35.333380,37.088408,36.250336,35.318123,33.882078,34.584230,33.337772,99.287322,32.687616,46.433510,26.689857,26.620161,26.581245,31.795747,32.082106,30.592660,35.706479,35.560712,30.217125,30.383240,35.150583,37.828681,34.499442,38.500824,36.319899,38.352326,32.959979,37.623729,34.543527,37.400065,32.857423,37.165115,32.811042,34.789414,32.292879,34.498272,33.296741,35.600971,32.665331,34.550014,114.030843,119.139044,158.762759,115.933556,169.893667,62.756538,49.702165,243.989766,119.010000,2.578000,265.700000,117.360000,2.025000,194.600000,49901.046032,18.549969,27.883541,125.258824,35.185313,2892.298157,1918.841217
06/22/2026 13:48:51,0.000000,0.000000,74.896349,74.196900,65.462568,75.120180,77.928780,72.252710,69.731004,74.402408,35.644434,31.623102,32.057835,32.015067,37.531796,37.434105,35.240819,35.515605,35.353737,37.094569,36.043527,35.719265,34.054903,34.519570,33.475951,98.249084,31.843317,46.379162,26.508318,26.409567,26.383895,31.070552,31.365973,29.768537,35.674356,35.606568,30.385398,30.369237,35.125572,37.809498,34.501762,38.478410,36.313668,38.373046,32.957722,37.601156,34.535953,37.396938,32.828108,37.179295,32.823902,34.800025,32.293290,34.499127,33.285599,35.608471,32.651129,34.546050,114.398110,119.407458,158.987229,116.239188,170.016662,62.877110,49.329856,245.899230,119.040000,2.583000,265.800000,117.570000,2.028000,194.400000,49961.045936,18.832461,27.546701,125.875133,35.180436,2896.715456,1922.068379
06/22/2026 13:49:51,0.000000,0.000000,74.875003,74.244030,65.417059,75.169178,77.909844,72.306535,69.684645,74.439153,35.682820,31.679076,32.061681,32.033663,37.419421,37.545403,35.255423,35.536407,35.338952,37.129789,35.820591,35.691259,34.061910,34.655672,33.293315,99.999314,32.170075,47.141663,26.643652,26.614611,26.491394,31.520384,31.696361,30.154891,35.691026,35.581590,30.410193,30.445470,35.132677,37.855903,34.487504,38.508371,36.315959,38.370474,32.966692,37.615872,34.526323,37.406352,32.826573,37.192360,32.809753,34.817401,32.293813,34.520999,33.273732,35.637401,32.648259,34.557384,115.969075,121.161646,159.630372,117.766769,170.765786,63.015566,49.677403,250.751225,119.130000,2.598000,268.600000,117.640000,2.047000,196.500000,50021.044486,19.280479,27.861184,127.426369,35.188190,2901.173959,1925.336105
06/22/2026 13:50:51,0.000000,0.000000,74.877366,74.229906,65.564264,75.175641,77.942386,72.322766,69.726731,74.436201,35.690727,31.707520,32.111457,32.090882,37.425419,37.524879,35.270177,35.530330,35.331349,37.139451,36.066771,35.562578,34.005336,34.621766,33.202787,100.991767,32.108241,47.247380,26.843815,26.790655,26.763308,31.268027,31.407042,29.374411,35.732113,35.622239,30.515271,30.536903,35.133623,37.831661,34.524126,38.497131,36.323907,38.366922,32.979119,37.613041,34.544778,37.420320,32.847465,37.199874,32.800395,34.804962,32.289344,34.499523,33.297993,35.623487,32.647366,34.544070,117.105252,122.124839,160.136336,118.887070,171.271342,63.063260,49.869967,254.808069,119.060000,2.613000,270.200000,117.530000,2.063000,198.700000,50081.043415,19.212499,28.034881,128.707433,35.189455,2905.661101,1928.630713
06/22/2026 13:51:51,0.000000,0.000000,74.891450,74.245268,65.554583,75.191441,77.938772,72.310653,69.688555,74.440505,35.714853,31.736235,32.145927,32.128205,37.188818,37.376289,35.326005,35.593229,35.366567,37.204217,36.136494,35.727779,34.090958,34.548949,33.477365,100.634158,31.927375,44.802285,26.824496,26.766422,26.709539,31.129737,31.241579,29.128944,35.746786,35.649321,30.608925,30.662492,35.159237,37.831562,34.518879,38.516633,36.340763,38.382851,33.001379,37.627419,34.543239,37.416135,32.854612,37.209635,32.817770,34.817415,32.300946,34.524161,33.308005,35.620621,32.665187,34.556969,112.577884,118.315428,160.532852,115.168024,171.813573,63.183747,49.059121,223.322639,119.290000,2.524000,259.100000,117.710000,1.966000,187.100000,50141.042285,17.501451,27.300834,118.364027,35.200671,2910.157043,1931.933872
06/22/2026 13:52:51,0.000000,0.000000,74.883240,74.281866,65.432224,75.207849,77.936605,72.352540,69.647396,74.442268,35.707658,31.574410,31.945055,31.945067,37.551611,37.530394,35.263506,35.576390,35.328343,37.110360,35.864029,35.528227,34.125410,34.558537,33.192098,94.502474,32.380460,46.863318,26.034487,25.975036,25.836316,31.527204,31.772231,31.573092,35.653365,35.604185,30.081207,30.255028,35.130799,37.837683,34.487968,38.506626,36.315780,38.369854,32.953620,37.618571,34.518384,37.406399,32.845442,37.200957,32.797123,34.804360,32.288294,34.520159,33.276446,35.632574,32.644452,34.550481,111.274860,116.195173,158.083897,113.774094,168.778714,62.740970,49.144090,242.088718,119.300000,2.559000,263.500000,117.550000,2.008000,192.200000,50201.040236,19.485236,27.378082,124.641896,35.185299,2914.419563,1935.009738
06/22/2026 13:53:51,0.000000,0.000000,74.920729,74.269497,65.593157,75.198281,77.936750,72.334889,69.664192,74.441216,35.673228,31.638245,32.064506,31.997423,37.236638,37.491733,35.222013,35.574350,35.333344,37.159573,36.005438,35.385324,33.897007,34.633305,33.241603,98.751329,32.107154,46.992097,26.589861,26.549202,26.450329,31.197846,31.535576,29.445987,35.689854,35.571113,30.478549,30.656638,35.142774,37.831944,34.497236,38.502603,36.314000,38.357481,32.964280,37.611869,34.526298,37.399254,32.843025,37.198995,32.805117,34.803906,32.286505,34.515650,33.308367,35.612564,32.659824,34.532097,113.808284,118.966758,159.046007,115.596080,170.223110,62.709175,49.369767,242.020743,119.070000,2.566000,264.400000,117.510000,2.017000,193.100000,50261.039289,19.409217,27.582880,124.619775,35.185689,2918.851576,1938.251159
06/22/2026 13:54:51,0.000000,0.000000,74.893000,74.300934,65.281021,75.191290,77.968509,72.352451,69.634167,74.414742,35.732125,31.599906,32.052020,32.026697,37.696708,37.568098,35.308040,35.548684,35.351492,37.126381,35.614719,35.591725,33.986592,34.639413,33.280298,98.204934,31.773849,46.353393,26.424340,26.359098,26.282549,31.311711,31.595964,30.750679,35.684845,35.586043,30.338450,30.517617,35.119760,37.847006,34.481624,38.522387,36.285220,38.382645,32.961163,37.629592,34.507265,37.414772,32.845537,37.207242,32.805556,34.815877,32.288725,34.523681,33.283084,35.621027,32.635208,34.555455,114.811995,119.851632,159.180729,116.676827,170.282648,62.853209,49.214492,247.871491,119.120000,2.583000,267.200000,117.410000,2.037000,195.200000,50321.037162,18.911364,27.442029,126.508231,35.186641,2923.271919,1941.482294
06/22/2026 13:55:51,0.000000,0.000000,74.926672,74.299119,65.274486,75.237289,77.970161,72.371910,69.630436,74.447805,35.677319,31.670425,32.114899,32.049831,37.452721,37.587979,35.251890,35.562564,35.342756,37.192842,35.519139,35.625390,34.110442,34.615892,33.329321,100.260747,32.328135,47.114684,26.714792,26.647777,26.614706,31.680317,31.905284,30.333642,35.720798,35.603834,30.458423,30.399425,35.152494,37.850468,34.495594,38.515096,36.320828,38.379305,32.986251,37.615480,34.540571,37.409497,32.863167,37.208857,32.827093,34.786798,32.326291,34.494872,33.298668,35.629919,32.672410,34.540217,116.310430,121.255320,159.836015,118.011696,171.083554,62.925409,49.717508,251.378866,118.990000,2.598000,268.400000,117.310000,2.047000,197.400000,50381.036393,19.217293,27.897391,127.625503,35.195694,2927.738139,1944.757418
06/22/2026 13:56:51,0.000000,0.000000,74.939335,74.312636,65.385137,75.222025,77.987357,72.360831,69.617622,74.434219,35.738896,31.716755,32.144712,32.110596,37.350396,37.593963,35.262774,35.571228,35.349845,37.154367,35.861155,35.726198,34.066734,34.516309,33.597015,101.384582,32.197667,47.652545,26.836202,26.814760,26.718888,31.313729,31.466107,29.346568,35.777929,35.669835,30.564935,30.583933,35.128975,37.843377,34.513560,38.511340,36.320464,38.378500,32.988997,37.632405,34.525617,37.412280,32.855423,37.222822,32.828061,34.836994,32.324591,34.526948,33.306353,35.637139,32.661996,34.559996,117.337396,122.431025,160.429619,119.148106,171.622504,63.137224,49.825103,255.277586,119.010000,2.619000,270.400000,117.460000,2.065000,199.000000,50441.036363,19.658098,27.994447,128.854777,35.200792,2932.230637,1948.059083
06/22/2026 13:57:51,0.000000,0.000000,74.964318,74.334256,65.532155,75.225981,78.019081,72.376665,69.606855,74.444225,35.745259,31.733399,32.204502,32.163429,37.283070,37.503230,35.269466,35.596970,35.438644,37.198306,36.206288,35.658735,33.945853,34.661257,33.420695,98.152278,31.672838,45.082858,26.723812,26.640267,26.624171,30.956358,31.127920,29.062448,35.723970,35.658844,30.582850,30.683914,35.135769,37.845730,34.508075,38.518685,36.316810,38.367349,32.983105,37.624205,34.532471,37.416457,32.824149,37.216482,32.791932,34.821358,32.281766,34.516499,33.276335,35.646198,32.655619,34.559402,104.894210,110.493507,160.121658,105.863615,170.916171,63.288216,48.373641,213.446137,119.070000,2.456000,250.600000,117.670000,1.910000,179.500000,50501.035102,18.408057,26.674801,114.912825,35.191920,2936.656489,1951.291822
06/22/2026 13:58:51,0.000000,0.000000,74.967502,74.379292,65.410635,75.251293,78.053150,72.402909,69.597625,74.458717,35.646100,31.462607,31.872023,31.876523,37.198430,37.590121,35.182418,35.567562,35.317287,37.191753,35.852980,35.476880,33.983406,34.546171,33.251682,97.151677,32.517990,46.060785,26.258484,26.190105,26.072852,31.699236,32.002600,32.019068,35.680134,35.599497,29.911977,30.078585,35.139758,37.822310,34.505888,38.509888,36.299713,38.363101,32.975717,37.611374,34.534675,37.393896,32.841423,37.188115,32.815667,34.806890,32.310854,34.495187,33.302983,35.626690,32.664447,34.542920,112.106066,116.970372,158.006113,114.510541,168.744357,62.773140,49.402978,244.689752,119.170000,2.575000,265.700000,117.490000,2.021000,194.400000,50561.034168,18.447813,27.612972,125.485143,35.187575,2940.931673,1954.382858
06/22/2026 13:59:51,0.000000,0.000000,74.903332,74.351855,65.619989,75.242751,78.061050,72.367645,69.606952,74.452352,35.740086,31.636425,32.104077,32.019589,37.610983,37.526563,35.316664,35.578131,35.378515,37.162189,35.809635,35.850014,34.032333,34.584416,33.585724,97.573168,32.223160,46.581205,26.527171,26.464169,26.392027,31.092921,31.458289,29.276302,35.720275,35.574953,30.452994,30.646144,35.142089,37.841423,34.511500,38.530923,36.341999,38.372162,32.985284,37.629548,34.551144,37.405886,32.883265,37.214697,32.819900,34.838611,32.326658,34.523637,33.331919,35.629402,32.685843,34.542971,112.864136,118.006562,158.859546,114.626712,169.751151,62.796199,49.270232,239.073520,119.100000,2.556000,263.400000,117.510000,2.006000,191.900000,50621.033151,19.088585,27.492620,123.656478,35.205443,2945.342627,1957.604776
06/22/2026 14:00:51,0.000000,0.000000,74.917645,74.344196,65.345683,75.244715,78.050802,72.409443,69.544924,74.435483,35.697082,31.612335,32.092474,32.028527,37.744484,37.572568,35.269939,35.558894,35.326183,37.138718,35.986325,35.631208,33.960003,34.460223,33.531345,98.862759,32.206359,46.555085,26.549172,26.488405,26.441068,31.494264,31.753996,30.964916,35.692390,35.620616,30.389724,30.385695,35.139725,37.840835,34.496621,38.538191,36.305655,38.371677,32.970125,37.646561,34.518532,37.414062,32.855192,37.214192,32.816744,34.836793,32.314601,34.532286,33.306811,35.634938,32.661765,34.536696,114.588517,119.598441,159.062582,116.452996,170.150730,62.943275,49.427934,246.788738,119.180000,2.581000,266.700000,117.590000,2.035000,194.800000,50681.031102,18.919508,27.635577,126.161101,35.197600,2949.758948,1960.830582
06/22/2026 14:01:51,0.000000,0.000000,74.913991,74.337158,65.487671,75.251447,78.049515,72.366625,69.566192,74.445217,35.743354,31.667332,32.101129,32.068024,37.329324,37.588809,35.320456,35.575718,35.338349,37.161913,35.818660,35.729449,34.001624,34.627816,33.240753,99.977443,32.162572,47.243925,26.718770,26.637012,26.582580,31.226356,31.407700,29.306387,35.769976,35.614916,30.453971,30.474581,35.119514,37.820251,34.515606,38.504989,36.323617,38.371047,33.002387,37.610720,34.534462,37.402084,32.859099,37.202600,32.828115,34.806445,32.316636,34.500299,33.303658,35.618945,32.672343,34.546362,115.760924,120.723990,159.618778,117.505478,170.828556,63.014556,49.657690,249.754251,119.100000,2.594000,268.000000,117.300000,2.046000,196.900000,50741.030035,19.400545,27.843380,127.109340,35.192959,2954.216230,1964.096552
06/22/2026 14:02:51,0.000000,0.000000,74.929153,74.406860,65.408164,75.255859,78.045916,72.429099,69.534050,74.477083,35.728936,31.726785,32.159627,32.102490,37.689329,37.475851,35.312675,35.590981,35.431179,37.150173,36.295343,35.952006,34.215341,34.542390,33.406692,100.907254,31.976345,47.231084,26.815979,26.772200,26.706809,31.127460,31.237075,29.165025,35.768559,35.657362,30.537679,30.503111,35.117745,37.860020,34.513263,38.549894,36.330493,38.390270,32.986621,37.653107,34.538858,37.423263,32.872540,37.238077,32.839912,34.855024,32.310200,34.530872,33.328056,35.640614,32.661329,34.560218,116.927475,121.918771,160.156628,118.711244,171.478875,63.234034,49.640405,253.795072,119.040000,2.610000,269.600000,117.420000,2.060000,198.300000,50801.029137,19.403318,27.827766,128.388889,35.210019,2958.699108,1967.388947
06/22/2026 14:03:51,0.000000,0.000000,74.967150,74.389508,65.715689,75.267410,78.049432,72.415691,69.534869,74.477475,35.819937,31.792462,32.181177,32.150340,37.594984,37.471662,35.318312,35.651556,35.396357,37.191488,35.789372,35.536704,34.074862,34.673938,33.344362,101.737077,31.991641,47.431233,26.914851,26.845613,26.781666,31.232423,31.308616,29.301756,35.790836,35.673439,30.576584,30.605829,35.128587,37.839897,34.511925,38.508389,36.308565,38.378553,32.984161,37.617123,34.512494,37.405393,32.863786,37.193996,32.817888,34.818419,32.282822,34.499627,33.311428,35.624034,32.658354,34.552814,118.119787,123.011845,160.698693,119.836606,172.184070,63.301930,49.749651,257.565287,119.030000,2.625000,271.300000,117.310000,2.077000,200.100000,50861.026048,19.504834,27.926399,129.570014,35.190913,2963.210348,1970.709054
06/22/2026 14:04:51,0.000000,0.000000,74.953570,74.419879,65.445674,75.263287,78.027644,72.435280,69.454802,74.471843,35.878857,31.844147,32.256385,32.197716,37.385665,37.491318,35.409970,35.668748,35.428275,37.248981,35.946622,35.935172,34.040886,34.675919,33.550863,100.749179,32.030766,43.838960,26.955451,26.914803,26.907207,31.258282,31.329127,29.287053,35.800185,35.696081,30.660423,30.585993,35.145211,37.838349,34.539062,38.512876,36.326742,38.354736,32.984188,37.621978,34.526242,37.409808,32.875813,37.196672,32.826808,34.815786,32.343357,34.523136,33.314088,35.624028,32.669939,34.529322,110.582554,116.233775,161.154158,112.726796,172.306919,63.392585,48.881123,218.877856,119.110000,2.503000,256.100000,117.570000,1.941000,184.200000,50921.026005,16.700200,27.138760,116.824128,35.198907,2967.712513,1974.016859
06/22/2026 14:05:51,0.000000,0.000000,74.842593,74.361251,65.368903,75.227674,77.980781,72.345313,69.462188,74.417897,35.761930,31.571072,31.963990,31.970881,37.451248,37.538771,35.343913,35.606700,35.412334,37.223348,35.616173,35.697902,34.131158,34.586908,33.400239,95.508562,32.610681,46.353506,26.343126,26.243021,26.196711,31.727357,31.992857,31.844964,35.728864,35.657536,30.123743,30.259371,35.151522,37.858778,34.519320,38.539586,36.322262,38.373228,33.016140,37.646085,34.528702,37.425522,32.865099,37.238194,32.827198,34.821054,32.320169,34.530477,33.319662,35.644207,32.680568,34.549687,111.363983,116.222539,158.395319,113.909054,169.070773,62.889535,49.366077,243.654258,119.130000,2.563000,264.300000,117.490000,2.020000,193.500000,50981.025098,18.773971,27.579535,125.150188,35.208873,2971.973725,1977.092173
06/22/2026 14:06:51,0.000000,0.000000,74.788421,74.390326,65.438020,75.220880,77.925179,72.352055,69.390502,74.445542,35.725399,31.693381,32.154740,32.054713,37.741759,37.613157,35.337112,35.611864,35.404596,37.209879,36.113382,35.905344,34.118862,34.577725,33.348545,98.761056,32.249925,46.785803,26.642513,26.588452,26.529158,31.232788,31.585661,29.474269,35.754034,35.666759,30.469577,30.748122,35.138459,37.843550,34.518755,38.524897,36.323784,38.369890,32.996776,37.636440,34.528337,37.402170,32.878392,37.220020,32.829616,34.834554,32.291889,34.534992,33.311298,35.640741,32.664515,34.545206,113.693604,118.808495,159.309110,115.408587,170.322370,62.855411,49.462893,241.479043,118.970000,2.568000,264.600000,117.410000,2.016000,193.300000,51041.024309,19.118571,27.667232,124.443333,35.201714,2976.407811,1980.336801
06/22/2026 14:07:51,0.000000,0.000000,74.689318,74.315696,65.477944,75.143892,77.840857,72.290486,69.416733,74.434421,35.837583,31.692601,32.087209,32.070393,37.554918,37.543868,35.343776,35.638021,35.375898,37.227234,35.908452,35.689721,34.165130,34.632395,33.233915,98.741752,31.969930,46.414236,26.568740,26.497696,26.426448,31.374540,31.611117,30.591128,35.714017,35.670600,30.430651,30.558475,35.140449,37.863207,34.519344,38.539610,36.323406,38.368188,32.986172,37.656892,34.563065,37.414228,32.874048,37.233829,32.827014,34.831071,32.304857,34.520030,33.311421,35.634661,32.661058,34.549744,114.916257,119.987049,159.430267,116.872741,170.569699,63.020169,49.418321,248.166699,119.170000,2.590000,267.500000,117.500000,2.036000,195.900000,51101.032361,18.787365,27.626871,126.602691,35.206115,2980.832319,1983.571844
06/22/2026 14:08:51,0.000000,0.000000,74.635267,74.317424,65.439534,75.124000,77.818501,72.255271,69.357996,74.432673,35.797002,31.755588,32.151018,32.085106,37.264056,37.539475,35.415540,35.630011,35.413741,37.217235,36.113221,36.012651,34.184687,34.653271,33.354303,100.412239,32.336285,47.728297,26.748887,26.680534,26.610950,31.691719,31.867684,30.145342,35.775661,35.685287,30.483315,30.585895,35.130484,37.852833,34.536493,38.542988,36.317668,38.365997,32.993746,37.629743,34.530487,37.414038,32.870343,37.218206,32.826586,34.816451,32.317331,34.529600,33.320117,35.644218,32.667581,34.554921,116.270636,121.272680,159.937470,118.054868,171.361989,63.104337,49.748583,251.301179,119.080000,2.600000,269.100000,117.370000,2.053000,197.300000,51161.021158,19.802862,27.925435,127.600874,35.203992,2985.301706,1986.849453
06/22/2026 14:09:51,0.000000,0.000000,74.615121,74.333627,65.386271,75.124495,77.783208,72.287126,69.340337,74.423574,35.714796,31.798992,32.198823,32.171216,37.546326,37.536160,35.347627,35.621490,35.470214,37.249704,35.888440,35.983201,34.222637,34.611794,33.475935,101.383121,32.088111,47.476528,26.952704,26.892401,26.820904,31.202941,31.409683,29.331118,35.817743,35.695477,30.587167,30.500549,35.150220,37.849969,34.520069,38.521791,36.323997,38.349349,33.006769,37.629403,34.528815,37.393804,32.869174,37.199797,32.813824,34.806826,32.312124,34.507962,33.304223,35.615521,32.670414,34.550648,117.375405,122.354285,160.503711,119.148665,171.804730,63.172517,49.863849,255.526668,118.960000,2.619000,270.900000,117.720000,2.066000,199.000000,51221.029422,19.447160,28.029368,128.932867,35.196235,2989.799046,1990.154490
06/22/2026 14:10:51,0.000000,0.000000,74.614648,74.329772,65.340931,75.089686,77.782191,72.254320,69.359023,74.426086,35.842251,31.821586,32.242304,32.218508,37.184367,37.614074,35.415355,35.682549,35.479839,37.247369,36.381134,35.780909,34.206783,34.679790,33.421208,102.042611,31.781402,47.265754,26.939440,26.895218,26.827216,31.202999,31.284094,29.278548,35.832705,35.713543,30.624061,30.685168,35.136130,37.843438,34.525000,38.536850,36.334900,38.367731,33.026163,37.651174,34.529375,37.417792,32.890413,37.240378,32.825664,34.831055,32.311960,34.536917,33.323446,35.635131,32.665866,34.563413,118.447788,123.390535,161.073007,120.126663,172.538529,63.304551,49.652835,259.090367,119.320000,2.626000,272.200000,117.630000,2.076000,200.400000,51281.018464,19.426759,27.838995,130.044363,35.209640,2994.320859,1993.485270
06/22/2026 14:11:51,0.000000,0.000000,74.562921,74.286906,65.281797,75.079913,77.783395,72.199169,69.339524,74.406280,35.889193,31.786385,32.222718,32.189689,37.275117,37.645114,35.442940,35.645885,35.482490,37.235865,36.012758,35.880234,34.119887,34.685217,33.414208,93.948397,31.990113,44.513930,25.806411,25.740244,25.642797,31.238557,31.419009,30.268328,35.734626,35.692540,30.531618,30.724846,35.137029,37.848752,34.513935,38.547472,36.311848,38.358425,33.006572,37.648616,34.511721,37.430264,32.854280,37.249100,32.804289,34.841222,32.314596,34.535680,33.295102,35.653390,32.681309,34.572166,105.269063,111.003922,159.791629,106.593025,170.219407,63.145937,48.437828,215.024299,119.470000,2.445000,250.000000,117.730000,1.904000,179.200000,51341.017274,17.780292,26.733638,115.471556,35.205788,2998.686551,1996.657263
06/22/2026 14:12:51,0.000000,0.000000,74.496315,74.286230,65.123856,75.055042,77.745550,72.167857,69.315725,74.411790,35.702778,31.544998,32.014526,31.931220,37.653227,37.597540,35.357769,35.631628,35.401022,37.223559,35.868451,35.858245,33.992191,34.656985,33.478105,99.357914,32.920925,46.673794,26.681690,26.635226,26.563227,31.980025,32.290656,32.234594,35.770082,35.662429,30.146053,30.347749,35.150308,37.849173,34.541273,38.542447,36.322472,38.371672,33.015906,37.641031,34.528509,37.422235,32.871762,37.238630,32.820740,34.824813,32.335506,34.516530,33.303472,35.667053,32.669889,34.564765,113.817892,118.853703,158.821829,115.942481,169.890562,62.720478,49.822578,247.087021,119.270000,2.586000,266.700000,117.590000,2.038000,195.700000,51401.026552,18.681623,27.992171,126.256836,35.209909,3003.045849,1999.829213
06/22/2026 14:13:51,0.000000,0.000000,74.510078,74.227281,65.424913,75.021287,77.756954,72.131444,69.297180,74.411109,35.851511,31.752049,32.203107,32.102082,37.399410,37.452458,35.398180,35.656962,35.414653,37.208859,35.811203,35.626012,34.047141,34.651561,33.419985,97.731166,31.693607,45.868768,26.499802,26.430989,26.370069,31.084839,31.396743,29.392198,35.773771,35.692701,30.505483,30.719322,35.147051,37.852555,34.545604,38.541017,36.339424,38.369153,33.039152,37.643103,34.529702,37.420328,32.893838,37.228308,32.822650,34.800107,32.296486,34.522159,33.334882,35.641661,32.683522,34.560620,113.781269,118.833762,159.260471,115.577589,170.320889,62.854605,49.202548,243.205135,119.150000,2.567000,265.000000,117.520000,2.016000,193.600000,51461.024198,18.437584,27.431184,125.004601,35.210566,3007.465478,2003.058612
06/22/2026 14:14:51,0.000000,0.000000,74.483315,74.245748,65.343600,75.019868,77.670906,72.137225,69.234207,74.392478,35.663573,31.741248,32.122899,32.069764,37.606006,37.575509,35.301252,35.667732,35.434930,37.246335,36.214974,35.724093,34.174268,34.563891,33.433451,99.417261,32.204832,46.634008,26.644594,26.635211,26.529973,31.673793,31.886734,31.364152,35.748585,35.679475,30.392331,30.382653,35.112315,37.878910,34.505565,38.568280,36.322701,38.367043,32.987687,37.663567,34.521851,37.426652,32.858083,37.249788,32.813856,34.837461,32.276119,34.542260,33.310135,35.653758,32.660654,34.592819,115.500779,120.671497,159.673573,117.411733,171.011058,63.065860,49.688085,250.019031,119.020000,2.596000,267.700000,117.430000,2.044000,196.900000,51521.022992,18.763179,27.870829,127.193623,35.207475,3011.906861,2006.310852
06/22/2026 14:15:51,0.000000,0.000000,74.471168,74.190472,65.284748,74.984903,77.698792,72.063995,69.251008,74.399032,35.786773,31.719016,32.196365,32.099177,37.757186,37.762489,35.343843,35.644734,35.449597,37.282192,36.069342,35.857911,34.016718,34.646891,33.293974,100.640001,32.343205,47.192376,26.855456,26.788895,26.718593,31.540217,31.702828,29.579065,35.800710,35.673568,30.521891,30.559998,35.128221,37.853229,34.521303,38.541118,36.319259,38.325194,33.013570,37.634994,34.526885,37.407354,32.863479,37.230393,32.825961,34.801192,32.318931,34.502483,33.315621,35.627329,32.665163,34.555613,116.627764,121.648326,160.250684,118.362637,171.565848,63.154479,49.691678,252.715070,119.080000,2.612000,269.100000,117.700000,2.054000,198.000000,51581.012863,19.318302,27.874074,128.048297,35.198865,3016.383992,2009.597768
06/22/2026 14:16:51,0.000000,0.000000,74.527168,74.184763,65.265305,74.978633,77.677382,72.055583,69.235869,74.394975,35.824815,31.796923,32.238138,32.163126,37.686349,37.607240,35.429775,35.684559,35.467270,37.241018,35.985148,36.135453,34.065864,34.688014,33.484977,101.670093,32.059949,47.413533,26.891383,26.855647,26.769440,31.218447,31.369940,29.286874,35.835541,35.744732,30.601064,30.551015,35.158299,37.873927,34.539855,38.565316,36.354740,38.371184,33.019416,37.648653,34.557457,37.417039,32.912266,37.262554,32.865155,34.839402,32.327896,34.541041,33.339574,35.652542,32.689948,34.551946,117.833881,122.868755,160.891382,119.616708,172.203684,63.342409,49.765479,256.705882,119.350000,2.618000,271.800000,117.800000,2.066000,199.800000,51641.011142,19.472854,27.940679,129.301847,35.224411,3020.889498,2012.913116
06/22/2026 14:17:51,0.000000,0.000000,74.525374,74.191002,65.396798,74.954712,77.674170,72.028613,69.233739,74.410611,35.872305,31.911059,32.299190,32.255478,37.415202,37.649911,35.391244,35.736862,35.524087,37.248631,36.404971,35.940404,34.156665,34.653213,33.460126,102.211969,31.893801,47.556693,26.936006,26.883744,26.820655,31.229428,31.332800,29.416944,35.864203,35.741058,30.665560,30.609566,35.140728,37.842718,34.529836,38.546518,36.334659,38.321567,33.013030,37.635797,34.551206,37.428493,32.888800,37.221970,32.820531,34.809081,32.329513,34.522811,33.331980,35.630349,32.678482,34.536514,118.503022,123.647079,161.451403,120.309049,172.987333,63.415219,49.658564,251.255700,119.220000,2.620000,272.100000,117.730000,2.071000,199.900000,51701.009651,19.712523,27.844170,127.586453,35.205729,3025.423693,2016.253949
06/22/2026 14:18:51,0.000000,0.000000,74.434778,74.176057,65.280862,74.967266,77.657630,72.031037,69.226876,74.426192,35.803795,31.728116,32.116456,32.131731,37.472185,37.659149,35.320875,35.696649,35.474603,37.246567,35.911872,35.455248,34.176596,34.645628,33.372257,89.269627,32.344708,46.614942,25.904245,25.865800,25.670904,31.588695,31.812780,31.456374,35.746573,35.687209,30.356429,30.453795,35.170216,37.866805,34.543216,38.566012,36.341204,38.362097,33.039606,37.656626,34.562799,37.413962,32.892042,37.230501,32.858228,34.828944,32.327194,34.511777,33.355143,35.654332,32.696845,34.555278,108.917941,113.995616,158.669723,111.461729,169.262621,63.054246,49.336653,234.284001,119.470000,2.528000,260.500000,117.730000,1.982000,189.100000,51761.007859,19.062079,27.552863,122.073328,35.221641,3029.686737,2019.327138
06/22/2026 14:19:51,0.000000,0.000000,74.521579,74.174098,65.527103,74.939101,77.680926,72.026513,69.190388,74.382742,35.735033,31.651391,32.151067,32.009909,37.680922,37.630098,35.385307,35.631245,35.434176,37.222590,35.886969,35.585645,34.142980,34.678574,33.234229,99.420401,32.669205,46.715258,26.890260,26.812085,26.761120,31.582627,31.924316,29.865417,35.792777,35.680254,30.408271,30.566760,35.153123,37.845351,34.536748,38.558693,36.341092,38.369933,33.036826,37.663055,34.537752,37.422161,32.883611,37.243782,32.846111,34.829719,32.302166,34.527991,33.337613,35.664321,32.689746,34.581913,113.939796,119.037246,159.324547,115.679734,170.489926,62.894973,49.794320,242.694833,119.260000,2.571000,265.200000,117.430000,2.019000,194.000000,51821.007339,18.748566,27.966692,124.838957,35.218585,3034.111836,2022.563191
06/22/2026 14:20:51,0.000000,0.000000,74.527070,74.221025,65.530943,74.979601,77.653504,72.064185,69.180433,74.407087,35.838689,31.717325,32.153292,32.128134,37.750146,37.651156,35.365894,35.702219,35.479378,37.234971,35.786420,35.890276,34.135721,34.580821,33.766524,97.689666,31.676964,46.166474,26.390612,26.287383,26.227703,31.327428,31.616135,30.654534,35.769975,35.700866,30.388446,30.598966,35.143484,37.866674,34.516605,38.562489,36.323700,38.360975,33.022029,37.664556,34.533935,37.403327,32.884780,37.245829,32.832644,34.820721,32.292695,34.517963,33.314239,35.639242,32.690470,34.562228,114.397816,119.485511,159.455434,116.275179,170.506179,63.023782,49.085437,246.208842,119.180000,2.583000,265.700000,117.580000,2.027000,194.600000,51881.006774,18.841707,27.324767,125.974752,35.209929,3038.527432,2025.786882
06/22/2026 14:21:51,0.000000,0.000000,74.463688,74.126755,65.292141,74.926656,77.641992,71.965700,69.133900,74.384935,35.844038,31.724931,32.169345,32.107339,37.410822,37.629179,35.396873,35.679137,35.414709,37.242963,36.265610,35.596244,34.139393,34.659907,33.380464,100.090895,32.462854,47.441273,26.744650,26.693720,26.614367,31.829217,32.100856,30.912711,35.813800,35.702166,30.504308,30.421949,35.149626,37.878538,34.548237,38.582485,36.351822,38.355026,33.038266,37.666597,34.541308,37.426146,32.897294,37.237936,32.864891,34.832930,32.326298,34.545301,33.341618,35.657682,32.694984,34.572055,115.988079,121.058627,160.083583,117.745084,171.309922,63.089497,49.908227,250.590673,119.160000,2.601000,268.200000,117.630000,2.046000,196.900000,51941.014455,19.371927,28.069346,127.375374,35.225452,3042.986586,2029.055051
06/22/2026 14:22:51,0.000000,0.000000,74.411380,74.135739,65.398634,74.929857,77.584965,71.999010,69.073520,74.385378,35.948075,31.798388,32.224918,32.185255,37.390084,37.520049,35.393138,35.712618,35.437706,37.212405,36.378446,35.681352,34.210453,34.686120,33.368722,101.175190,32.206041,47.267372,26.965216,26.917421,26.843294,31.299685,31.492608,29.438207,35.856741,35.703470,30.593425,30.507580,35.170956,37.848986,34.560957,38.558060,36.339532,38.366170,33.043706,37.637227,34.563733,37.413567,32.910683,37.237544,32.867664,34.819287,32.319730,34.498957,33.349414,35.672101,32.707931,34.554359,117.167250,122.109586,160.589629,118.845633,171.797592,63.205184,49.825880,254.476608,119.210000,2.617000,270.400000,117.680000,2.061000,198.900000,52001.003042,19.272224,27.995148,128.603300,35.222028,3047.474397,2032.352813
06/22/2026 14:23:51,0.000000,0.000000,74.497644,74.109138,65.357658,74.918476,77.610677,71.966817,69.099163,74.418469,35.936151,31.916918,32.307711,32.258947,37.492914,37.630817,35.410565,35.747315,35.486045,37.285839,36.213355,35.807879,34.209838,34.741395,33.383972,102.041870,31.954564,47.841895,26.914299,26.875437,26.802818,31.158166,31.338624,29.296560,35.834635,35.723004,30.626003,30.679097,35.123884,37.845814,34.530449,38.561696,36.309717,38.346585,33.032436,37.642838,34.524111,37.410780,32.880552,37.239413,32.824825,34.807155,32.317348,34.515681,33.311954,35.657788,32.683129,34.559784,118.212423,123.176427,161.080275,119.969226,172.383450,63.392600,49.908518,258.127056,119.360000,2.627000,271.400000,117.800000,2.070000,199.800000,52061.001763,19.772287,28.069608,129.744969,35.206297,3051.991579,2035.678103
06/22/2026 14:24:51,0.000000,0.000000,74.416893,74.072752,65.276882,74.877201,77.626384,71.927519,69.094929,74.369878,35.881677,31.873711,32.299706,32.281578,37.588328,37.666113,35.449896,35.741001,35.497127,37.273462,35.889207,35.709031,34.131212,34.702301,33.499817,99.074399,31.783140,45.597919,26.854524,26.779028,26.763643,31.158303,31.340543,29.655246,35.850473,35.748147,30.670464,30.806513,35.177924,37.863883,34.565833,38.551876,36.350828,38.360216,33.056381,37.676259,34.566093,37.416802,32.918032,37.254581,32.871006,34.843908,32.348878,34.527494,33.342891,35.661609,32.711280,34.569679,105.689955,111.235304,160.945807,106.834088,171.793786,63.391071,48.533091,215.481838,119.380000,2.462000,251.700000,117.860000,1.913000,180.900000,52121.000505,18.777042,26.820877,115.633016,35.231773,3056.445959,2038.937897
06/22/2026 14:25:51,0.000000,0.000000,74.369986,74.093062,65.082882,74.913587,77.556532,71.985650,69.058511,74.380608,35.740754,31.578734,32.063359,32.005816,37.449231,37.605704,35.408706,35.684763,35.462057,37.256599,35.756702,35.780494,34.076751,34.602629,33.353227,98.128073,32.736998,46.501289,26.525907,26.452627,26.359475,31.900294,32.170080,32.233710,35.807451,35.730815,30.047689,30.231259,35.143514,37.873772,34.557195,38.569768,36.333393,38.364461,33.029984,37.665339,34.534722,37.427983,32.894277,37.261464,32.862387,34.836198,32.315784,34.537828,33.334578,35.675029,32.694633,34.586789,112.789982,117.626122,158.642265,115.138983,169.545889,62.847285,49.503872,246.925660,119.300000,2.576000,266.600000,117.670000,2.035000,195.000000,52180.999147,18.796968,27.704321,126.205057,35.224955,3060.739443,2042.046742
06/22/2026 14:26:51,0.000000,0.000000,74.402935,74.053714,65.223460,74.847629,77.573745,71.899116,69.060574,74.386462,35.908118,31.750625,32.197234,32.141411,37.849935,37.644455,35.420363,35.694644,35.476608,37.252989,35.915205,35.927407,34.232411,34.656165,33.302707,98.192361,31.682124,46.404153,26.752335,26.670579,26.626864,31.120357,31.502206,29.365755,35.808365,35.706920,30.558565,30.728103,35.152239,37.872306,34.543647,38.568647,36.340421,38.359991,33.045487,37.662932,34.554045,37.442374,32.915407,37.269657,32.845882,34.835256,32.330856,34.533636,33.332602,35.669072,32.687753,34.558186,113.524593,118.722447,159.528459,115.331504,170.500745,62.946552,49.355104,241.965229,119.160000,2.564000,265.200000,117.610000,2.019000,193.500000,52240.998561,18.834563,27.569590,124.601706,35.226020,3065.172066,2045.288626
06/22/2026 14:27:51,0.000000,0.000000,74.383787,74.103485,65.404069,74.871374,77.544351,71.926758,69.002552,74.387985,35.944999,31.720452,32.168876,32.134993,37.218115,37.653107,35.387279,35.682837,35.450582,37.262836,35.510850,35.859897,34.025812,34.722959,33.491247,98.851555,32.052821,46.788455,26.531291,26.475438,26.380163,31.612196,31.851870,31.306111,35.802435,35.718710,30.419326,30.555988,35.162802,37.881066,34.560020,38.588029,36.336957,38.387886,33.059344,37.683130,34.560568,37.443127,32.913587,37.274921,32.857074,34.857508,32.326484,34.549033,33.340024,35.692421,32.693492,34.598073,115.229631,120.165032,159.605387,116.965924,170.848881,63.038255,49.468525,248.805830,119.290000,2.589000,267.100000,117.620000,2.038000,195.900000,52300.995680,19.116125,27.672330,126.806933,35.238277,3069.600992,2048.528582
06/22/2026 14:28:51,0.000000,0.000000,74.335532,74.034917,65.197200,74.824660,77.493992,71.839181,69.017473,74.347859,35.830112,31.747901,32.209643,32.126647,37.729227,37.568800,35.394183,35.669359,35.431799,37.236579,36.011702,35.891011,34.201264,34.689800,33.549698,100.543026,32.480178,47.515036,26.869709,26.816997,26.734044,31.749865,31.941864,30.172768,35.834930,35.723299,30.497935,30.489272,35.169593,37.875462,34.560933,38.582756,36.340314,38.385936,33.042268,37.680300,34.559502,37.433665,32.899221,37.275225,32.844440,34.864863,32.334752,34.534656,33.331402,35.671862,32.682680,34.588173,116.385090,121.329984,160.217905,118.106336,171.537258,63.057642,49.926095,251.938045,119.260000,2.601000,269.400000,117.610000,2.051000,197.900000,52360.995216,19.429599,28.085437,127.802625,35.232900,3074.074318,2051.810723
06/22/2026 14:29:51,0.000000,0.000000,74.302841,74.058034,65.270556,74.818546,77.455045,71.875866,68.958232,74.338450,35.931178,31.835740,32.274239,32.204434,37.399855,37.648268,35.379158,35.703959,35.482398,37.264514,35.995838,35.763797,34.145693,34.662211,33.425796,101.581919,32.102607,47.705528,26.974400,26.906951,26.820195,31.246346,31.455312,29.393294,35.814046,35.731651,30.569629,30.672386,35.111445,37.863462,34.531708,38.570454,36.327017,38.362517,33.016915,37.662445,34.543796,37.421552,32.887081,37.254750,32.845313,34.835132,32.290690,34.529598,33.328114,35.669026,32.689659,34.573841,117.495274,122.465504,160.620275,119.240175,171.974404,63.166310,49.868413,255.849552,119.440000,2.612000,271.200000,117.830000,2.063000,199.300000,52420.994829,19.672047,28.033481,129.034017,35.215726,3078.574845,2055.119146
06/22/2026 14:30:51,0.000000,0.000000,74.309059,74.038036,65.340078,74.795961,77.464962,71.802749,68.971919,74.350360,35.915334,31.879943,32.320167,32.242501,37.521663,37.578681,35.453266,35.711587,35.498008,37.308387,36.197415,35.849976,34.171683,34.779557,33.473430,101.990823,31.733380,47.582838,26.975711,26.878334,26.839354,31.134454,31.322934,29.242051,35.881146,35.792556,30.672803,30.677301,35.159781,37.913400,34.558142,38.602051,36.336577,38.390156,33.060740,37.696903,34.536240,37.464419,32.930266,37.281340,32.873143,34.876641,32.323433,34.552212,33.374311,35.685849,32.739525,34.601408,118.609315,123.592006,161.271833,120.208015,172.580171,63.326141,49.872103,259.563606,119.370000,2.624000,272.200000,117.540000,2.079000,200.400000,52480.992700,19.546033,28.036805,130.191159,35.247827,3083.100406,2058.454389
06/22/2026 14:31:51,0.000000,0.000000,74.312789,74.074328,65.083179,74.801308,77.446285,71.831859,68.944488,74.356498,35.787295,31.834921,32.239161,32.192418,37.539098,37.631473,35.389398,35.731916,35.478038,37.295094,36.211111,35.523216,34.119058,34.782416,33.578663,91.833743,32.033535,44.733239,25.583101,25.544646,25.425776,31.434902,31.611776,30.952778,35.779024,35.686436,30.527706,30.677565,35.145414,37.877433,34.562460,38.586041,36.330351,38.373791,33.048711,37.686549,34.551135,37.437264,32.898785,37.281865,32.846439,34.865526,32.309168,34.542261,33.345239,35.660849,32.715151,34.581084,106.424546,111.871851,159.494677,108.493227,169.914672,63.002529,48.556299,222.241991,119.430000,2.472000,253.000000,117.920000,1.931000,182.300000,52540.991713,17.891124,26.842115,117.991591,35.232276,3087.433057,2061.594364
06/22/2026 14:32:51,0.000000,0.000000,74.257779,74.039178,65.010040,74.774507,77.452841,71.802843,68.929406,74.359266,35.763838,31.648728,32.116366,32.009515,37.598770,37.629266,35.361216,35.668303,35.417788,37.272123,35.919312,35.322016,34.141256,34.694151,33.401590,99.749592,32.904195,46.642924,26.866356,26.790861,26.733717,32.030602,32.300266,31.244306,35.853626,35.690164,30.264009,30.417286,35.169815,37.870823,34.566648,38.595948,36.355114,38.352569,33.072686,37.661629,34.554068,37.428692,32.931242,37.255339,32.864196,34.847759,32.363418,34.520349,33.369060,35.660677,32.727605,34.576650,114.114709,119.035561,159.100061,116.109591,170.295193,62.632866,49.907741,245.974651,119.390000,2.584000,267.200000,117.800000,2.035000,195.300000,52600.990853,18.574016,28.068908,125.899408,35.237214,3091.823106,2064.797597
06/22/2026 14:33:51,0.000000,0.000000,74.246674,74.019189,65.145410,74.742737,77.445179,71.768418,68.886288,74.339674,35.835307,31.771391,32.210857,32.138961,37.667655,37.653954,35.392442,35.685340,35.444087,37.245302,35.903518,36.057828,34.030659,34.679451,33.556838,96.937870,31.028471,45.298622,26.177680,26.051638,26.025752,31.075299,31.399234,29.772841,35.786324,35.694179,30.469974,30.657416,35.154631,37.864528,34.587993,38.553178,36.356449,38.364498,33.064248,37.679693,34.569540,37.433942,32.926667,37.264938,32.885543,34.854418,32.340291,34.529610,33.360562,35.652646,32.718583,34.576965,114.015874,119.098837,159.400203,115.834323,170.458963,62.773614,49.057664,244.828292,119.320000,2.566000,265.100000,117.880000,2.015000,193.900000,52660.988456,17.999113,27.299509,125.529882,35.236946,3096.241123,2068.025245
06/22/2026 14:34:51,0.000000,0.000000,74.280966,74.030656,65.201869,74.768235,77.462594,71.832165,68.877089,74.350402,35.916712,31.703582,32.154695,32.071670,37.696288,37.588010,35.306463,35.664523,35.451084,37.220004,36.042930,35.713586,34.178388,34.582651,33.567060,99.342406,32.439985,46.761422,26.597480,26.488011,26.423715,31.836484,32.169972,31.978586,35.815059,35.672856,30.360265,30.344438,35.164748,37.892725,34.580716,38.590081,36.345344,38.382564,33.067321,37.688477,34.567711,37.436097,32.919063,37.275946,32.862386,34.842849,32.319787,34.537098,33.348955,35.679617,32.717203,34.582687,115.748147,120.885395,159.952248,117.610684,171.353675,62.937748,49.469593,250.341592,119.490000,2.595000,268.500000,117.850000,2.041000,196.500000,52720.987230,19.088125,27.673297,127.296215,35.240069,3100.686588,2071.280623
06/22/2026 14:35:51,0.000000,0.000000,74.260949,73.980606,65.207275,74.743008,77.435341,71.781834,68.891831,74.335036,35.898847,31.753328,32.193704,32.162300,37.464092,37.508296,35.411154,35.715121,35.464230,37.242407,36.158795,35.440931,34.297626,34.633514,33.470754,100.999996,32.573635,47.433003,26.888074,26.845637,26.764599,31.804836,32.069378,30.028502,35.871444,35.729694,30.532450,30.460325,35.170061,37.884324,34.565686,38.598963,36.358965,38.377606,33.061441,37.701439,34.581166,37.433591,32.944626,37.266883,32.881402,34.867583,32.333032,34.555435,33.345102,35.677548,32.723206,34.579804,116.961306,121.761674,160.418925,118.615935,171.643621,62.989602,49.713333,253.339474,119.480000,2.603000,270.000000,117.860000,2.049000,198.200000,52780.985994,19.539380,27.893623,128.245334,35.245393,3105.165801,2074.569638
06/22/2026 14:36:51,0.000000,0.000000,74.276531,74.007189,65.026007,74.739402,77.419953,71.782032,68.860886,74.330077,36.004465,31.860010,32.308267,32.232481,37.625301,37.533368,35.478604,35.713881,35.506540,37.258978,36.017308,35.630903,34.258447,34.700373,33.398425,101.865978,32.050300,47.568228,27.011682,26.933962,26.878437,31.255873,31.513847,29.379192,35.860969,35.743583,30.658294,30.547444,35.161397,37.861992,34.570588,38.564112,36.351467,38.358205,33.077470,37.668750,34.564766,37.432721,32.936896,37.244160,32.868981,34.841001,32.335284,34.522174,33.355781,35.672689,32.719032,34.561441,117.943276,122.928327,161.028732,119.569236,172.296472,63.158106,49.812673,257.444387,119.510000,2.616000,271.100000,117.850000,2.068000,199.800000,52840.984872,19.584987,27.983241,129.532326,35.233445,3109.677300,2077.887854
06/22/2026 14:37:51,0.000000,0.000000,74.240587,73.980115,65.203359,74.726386,77.398553,71.765154,68.833545,74.307140,35.864461,31.854169,32.337581,32.252540,37.638596,37.640805,35.416646,35.762253,35.522000,37.262466,36.179325,35.675244,34.167050,34.676900,33.682814,101.402681,31.860799,46.012379,26.920335,26.845737,26.785645,31.244858,31.378082,29.301714,35.920142,35.777957,30.676388,30.745806,35.160095,37.900459,34.570777,38.598290,36.346299,38.371595,33.077615,37.702041,34.564026,37.457181,32.925313,37.268013,32.862012,34.850903,32.316743,34.553822,33.344820,35.687013,32.712782,34.596465,114.823695,120.550131,161.350862,117.146968,172.952243,63.191975,49.507465,230.381725,119.400000,2.553000,262.900000,117.750000,1.997000,190.900000,52900.982899,18.304807,27.707572,120.766817,35.243313,3114.200429,2081.218329
06/22/2026 14:38:51,0.000000,0.000000,74.206765,73.969543,65.218744,74.738523,77.394224,71.762917,68.833327,74.304809,35.835338,31.662722,32.100528,32.076215,37.480695,37.675169,35.399815,35.698913,35.492865,37.291317,35.921708,35.945344,34.166054,34.733125,33.556676,92.515143,32.572352,46.534412,26.066398,25.970742,25.822519,31.762492,32.065795,31.864506,35.793370,35.703441,30.180634,30.331324,35.176531,37.877075,34.577740,38.591534,36.351308,38.360253,33.076421,37.695583,34.571739,37.435691,32.918629,37.290106,32.872377,34.867451,32.314213,34.553549,33.352101,35.672564,32.715879,34.586690,110.234639,115.203315,158.575280,112.761000,169.222368,62.703963,49.408221,239.447547,119.470000,2.547000,262.400000,117.920000,2.001000,191.000000,52960.982877,18.916690,27.617722,123.779183,35.242872,3118.451014,2084.282969
06/22/2026 14:39:51,0.000000,0.000000,74.243903,73.959749,65.113976,74.716439,77.367154,71.789941,68.787428,74.329806,35.777512,31.740442,32.239569,32.093501,37.436862,37.640628,35.402714,35.695165,35.477557,37.294614,36.310684,35.515114,34.061667,34.830633,33.393873,99.188016,32.418381,46.997114,26.723663,26.688816,26.616288,31.470719,31.832024,29.727559,35.845726,35.697769,30.524845,30.595100,35.158703,37.892886,34.587811,38.595816,36.342594,38.367899,33.078339,37.693038,34.570071,37.439333,32.932761,37.275421,32.878742,34.878234,32.320138,34.547888,33.374424,35.668683,32.729125,34.588814,113.755895,118.833454,159.424415,115.444937,170.464239,62.498782,49.614769,241.943380,119.380000,2.569000,264.500000,117.840000,2.014000,193.100000,53020.981185,19.192511,27.804603,124.594593,35.246036,3122.885417,2087.526739
06/22/2026 14:40:51,0.000000,0.000000,74.170628,73.968921,64.967240,74.708286,77.379667,71.768616,68.748577,74.336019,35.878922,31.755116,32.178581,32.138651,37.405234,37.707562,35.384169,35.674855,35.489496,37.275575,35.924985,35.461696,34.090280,34.726161,33.348178,98.114350,31.873507,46.582769,26.459512,26.373269,26.287065,31.490868,31.751936,31.051979,35.800654,35.726675,30.396138,30.595847,35.174518,37.917483,34.585264,38.623299,36.361098,38.392096,33.098252,37.722738,34.568832,37.467275,32.945314,37.294096,32.878209,34.890120,32.340514,34.566614,33.365630,35.680737,32.717669,34.600010,114.625239,119.660671,159.457760,116.523499,170.657386,62.482703,49.213036,247.600398,119.390000,2.584000,267.400000,117.870000,2.034000,195.700000,53080.978835,19.142062,27.440707,126.421418,35.259488,3127.303549,2090.755223
06/22/2026 14:41:51,0.000000,0.000000,74.160233,73.915385,65.020420,74.674702,77.344503,71.726435,68.736062,74.313018,35.868456,31.755727,32.206335,32.132921,37.517571,37.637791,35.357092,35.687219,35.462628,37.258496,35.920720,36.078387,34.166242,34.687626,33.644006,100.348696,32.608467,47.298650,26.775644,26.711313,26.633703,31.897053,32.217569,31.562043,35.863105,35.731543,30.485281,30.507506,35.167336,37.887352,34.577663,38.616177,36.361440,38.400827,33.087484,37.722065,34.585459,37.461298,32.931875,37.305932,32.876329,34.875384,32.355095,34.577030,33.379172,35.723479,32.712675,34.619871,116.021436,121.052096,159.918571,117.887447,171.410888,62.359150,49.585442,250.961625,119.420000,2.595000,268.200000,117.890000,2.048000,197.100000,53140.978417,19.520555,27.778095,127.493162,35.261197,3131.767796,2094.028978
06/22/2026 14:42:51,0.000000,0.000000,74.102969,73.914781,65.077510,74.675743,77.307628,71.738080,68.718254,74.300823,35.926448,31.839002,32.273492,32.195085,37.456435,37.703947,35.421059,35.709074,35.479438,37.273057,36.176647,36.080024,34.237124,34.691483,33.787162,101.588698,32.401338,47.465598,26.936608,26.912487,26.828981,31.520213,31.734502,29.567515,35.862227,35.759902,30.590922,30.525169,35.186677,37.890280,34.595617,38.614177,36.369674,38.375483,33.112197,37.706357,34.580336,37.447794,32.944258,37.285529,32.887268,34.887626,32.324220,34.543957,33.355379,35.689124,32.730842,34.599400,117.134077,122.147900,160.502076,118.923075,171.812156,62.370436,49.882493,255.158305,119.520000,2.612000,270.700000,118.010000,2.059000,199.100000,53200.977523,19.419432,28.046166,128.817362,35.256310,3136.260368,2097.330318
06/22/2026 14:43:51,0.000000,0.000000,74.140966,73.860161,65.168908,74.639864,77.318200,71.657551,68.753028,74.310426,36.031530,31.847143,32.328339,32.231988,37.665913,37.480277,35.424413,35.722173,35.449868,37.297054,36.058543,35.672060,34.336508,34.697221,33.572003,102.252438,31.979400,47.701253,26.990125,26.921337,26.866350,31.221983,31.385505,29.293536,35.904441,35.802122,30.657023,30.673394,35.188701,37.906877,34.614230,38.619454,36.362105,38.373673,33.096152,37.729390,34.585270,37.469950,32.953120,37.300975,32.890335,34.890242,32.332184,34.570630,33.371873,35.702025,32.717918,34.603364,118.348390,123.305669,160.949407,120.076429,172.455715,62.424538,49.785386,258.945352,119.690000,2.623000,272.100000,117.930000,2.070000,200.400000,53260.975285,19.742618,27.958635,129.999343,35.263923,3140.780532,2100.657444
06/22/2026 14:44:51,0.000000,0.000000,74.204984,73.877253,65.145578,74.663851,77.318521,71.682895,68.665670,74.312420,35.946719,31.900819,32.311653,32.277862,37.353003,37.785713,35.420617,35.744515,35.501936,37.298157,36.072932,36.007857,34.125729,34.789968,33.414042,97.034066,31.969787,45.051586,26.388076,26.330876,26.241780,31.326314,31.512552,30.277669,35.847142,35.762978,30.559698,30.653680,35.162441,37.924003,34.586494,38.609956,36.349820,38.395859,33.099373,37.728678,34.570803,37.481173,32.949669,37.301523,32.873550,34.897004,32.330514,34.581894,33.362715,35.702198,32.703349,34.614560,104.850912,110.590033,160.197138,105.589112,170.864134,62.238838,48.221182,213.454391,119.670000,2.447000,250.800000,118.080000,1.906000,179.600000,53320.973872,18.516715,26.534871,114.915754,35.261279,3145.192125,2103.872592
06/22/2026 14:45:51,0.000000,0.000000,74.234343,73.869403,65.184655,74.630493,77.352667,71.690129,68.687284,74.300072,35.779679,31.629019,32.050394,32.002582,37.243530,37.634314,35.446102,35.708855,35.448261,37.274227,36.069335,35.751582,34.128571,34.673490,33.547100,99.293963,32.920565,46.565048,26.620121,26.558910,26.475724,32.047320,32.340559,32.409959,35.825328,35.718126,30.081285,30.233411,35.161614,37.888276,34.586442,38.608138,36.360020,38.387047,33.092280,37.716924,34.574530,37.453944,32.947933,37.287857,32.882017,34.869527,32.337651,34.533714,33.364672,35.709908,32.727403,34.580885,113.530174,118.409496,158.541106,115.757892,169.592956,61.832882,49.868510,247.945131,119.640000,2.584000,267.300000,117.900000,2.030000,195.800000,53380.973417,18.531480,28.033568,126.531801,35.253539,3149.519398,2107.013014
06/22/2026 14:46:51,0.000000,0.000000,74.319625,73.861673,65.290939,74.624823,77.429997,71.684440,68.719521,74.302927,35.885099,31.737718,32.258651,32.137332,37.392872,37.577202,35.412048,35.700066,35.464213,37.226471,36.175603,35.498493,34.086301,34.694240,33.438774,97.925905,31.550919,45.655570,26.464824,26.343279,26.331554,31.140901,31.537448,29.539281,35.799001,35.716162,30.503234,30.760171,35.178375,37.932371,34.597810,38.634015,36.362563,38.400622,33.094834,37.740159,34.589872,37.482050,32.947480,37.330295,32.901910,34.906666,32.310844,34.584548,33.369372,35.717253,32.744293,34.631008,113.626750,118.865037,159.220291,115.376966,170.083803,61.925240,49.234302,242.811201,119.590000,2.558000,263.900000,117.760000,2.013000,192.900000,53440.971904,18.195557,27.460013,124.876751,35.272817,3153.946175,2110.247349
06/22/2026 14:47:51,0.000000,0.000000,74.404761,73.881300,65.229579,74.708532,77.513010,71.746390,68.748177,74.335622,35.921195,31.743286,32.201028,32.085942,37.432890,37.700738,35.463081,35.706337,35.458672,37.234208,35.906137,36.290660,34.048355,34.658541,33.383306,99.549560,32.339979,47.123256,26.570314,26.506867,26.421465,31.786575,32.092969,31.717524,35.844840,35.746943,30.416086,30.315852,35.170454,37.916084,34.609206,38.624166,36.366020,38.399655,33.105861,37.729099,34.569007,37.473196,32.971004,37.319204,32.904937,34.898155,32.375713,34.572557,33.388021,35.704835,32.754038,34.612338,115.443383,120.494035,159.517375,117.268682,170.612250,62.062717,49.391131,249.693396,119.550000,2.590000,267.800000,118.100000,2.036000,196.400000,53500.969512,19.521017,27.602239,127.089960,35.273178,3158.382304,2113.492802
06/22/2026 14:48:51,0.000000,0.000000,74.496099,73.953240,65.183041,74.755172,77.591503,71.805489,68.713380,74.346709,35.975582,31.809129,32.285479,32.186614,37.435642,37.470564,35.444540,35.713497,35.481185,37.266399,36.254543,35.644603,34.198937,34.632911,33.524656,101.038672,32.610085,47.855532,26.908156,26.829983,26.798818,31.803766,32.044277,30.026985,35.877412,35.742309,30.550490,30.497265,35.176213,37.903267,34.591401,38.616162,36.367636,38.382280,33.105261,37.732404,34.584747,37.450421,32.951580,37.294138,32.887887,34.895339,32.338632,34.563896,33.389122,35.695744,32.727494,34.594285,116.620476,121.602999,160.205198,118.343295,171.384498,62.126603,49.836756,252.915436,119.640000,2.598000,269.000000,117.970000,2.050000,197.900000,53560.967929,19.850580,28.004952,128.111561,35.262395,3162.859741,2116.778744
06/22/2026 14:49:51,0.000000,0.000000,74.493515,73.965033,65.187692,74.798388,77.603413,71.865390,68.669666,74.346827,35.987115,31.905369,32.327320,32.240775,37.816046,37.579176,35.436551,35.748039,35.538810,37.286314,36.126163,35.489394,33.996388,34.708642,33.591276,101.997492,32.100283,47.919716,26.955987,26.883624,26.826530,31.233505,31.470096,29.349668,35.900798,35.776773,30.609234,30.553522,35.189608,37.891875,34.608618,38.617402,36.361710,38.375045,33.106423,37.729219,34.579331,37.462264,32.949485,37.308856,32.873044,34.911576,32.332232,34.565578,33.374812,35.729321,32.736960,34.620143,117.823572,122.798855,160.739464,119.480277,171.919847,62.283284,49.758002,257.095446,119.510000,2.618000,271.500000,118.050000,2.063000,199.700000,53620.967170,19.985783,27.933933,129.423483,35.266175,3167.366434,2120.092257
06/22/2026 14:50:51,0.000000,0.000000,74.536224,73.943909,65.286852,74.854399,77.641133,71.851642,68.705059,74.356197,36.007370,31.911488,32.340104,32.285282,37.694098,37.567256,35.472797,35.731997,35.558633,37.291503,35.852799,35.931540,34.221906,34.675387,33.849662,102.471933,31.868464,47.499118,27.019141,26.911493,26.899874,31.217549,31.367260,29.504504,35.930122,35.785281,30.686877,30.706625,35.199146,37.918611,34.627505,38.600882,36.378945,38.375017,33.127728,37.714873,34.618166,37.469133,32.982358,37.300432,32.915251,34.897357,32.382030,34.570253,33.411483,35.729116,32.764062,34.613022,118.739169,123.840338,161.330682,120.469290,172.658394,62.387884,49.944739,256.338490,119.790000,2.625000,272.800000,118.080000,2.069000,200.900000,53680.966434,19.396896,28.102222,129.187016,35.279768,3171.898128,2123.429661
06/22/2026 14:51:51,0.000000,0.000000,74.582990,73.984788,65.170048,74.876121,77.680049,71.906933,68.675232,74.359542,35.929722,31.800866,32.214934,32.177010,37.517162,37.638266,35.440178,35.747234,35.522153,37.287822,35.880116,36.040781,34.180036,34.751976,33.609570,89.141313,32.437526,47.243048,25.881734,25.801712,25.606337,31.711474,31.980094,31.691872,35.779150,35.705612,30.345526,30.463120,35.178604,37.911836,34.611018,38.626411,36.355291,38.404849,33.104867,37.735471,34.586052,37.468519,32.966453,37.320426,32.915946,34.903372,32.371604,34.578954,33.385541,35.715654,32.757935,34.618888,108.870384,113.936197,158.623421,111.413494,168.981007,62.061641,49.276447,234.086872,119.830000,2.523000,259.600000,118.110000,1.978000,189.300000,53740.964717,19.744789,27.498259,122.007690,35.275885,3176.168893,2126.508571
06/22/2026 14:52:51,0.000000,0.000000,74.645686,74.001856,65.257803,74.896454,77.714632,71.957861,68.692961,74.346294,35.949079,31.737031,32.203679,32.069874,37.386868,37.619375,35.470788,35.693662,35.428962,37.256299,35.964580,35.546979,34.063847,34.681562,33.314609,99.769397,32.739385,46.823114,26.910279,26.848635,26.805468,31.699916,32.067813,30.103615,35.878709,35.736960,30.338733,30.501971,35.172027,37.933998,34.610434,38.637749,36.359329,38.406669,33.100921,37.757959,34.573581,37.485268,32.970282,37.322023,32.897328,34.911408,32.363651,34.604192,33.376161,35.747501,32.741754,34.632911,113.867317,119.031088,159.136646,115.704617,170.178050,61.907240,49.580878,242.794692,119.660000,2.569000,265.400000,118.010000,2.021000,194.000000,53800.963390,19.049144,27.773970,124.871390,35.280257,3180.594795,2129.742916
06/22/2026 14:53:51,0.000000,0.000000,74.689440,74.020692,65.523348,74.953106,77.740782,71.989275,68.652199,74.368367,35.876676,31.779141,32.243960,32.149654,37.354715,37.650874,35.446944,35.738050,35.493896,37.315337,36.201276,35.578117,34.132330,34.887038,33.482642,97.151596,31.416457,45.836797,26.204381,26.110076,26.037406,31.383672,31.712913,30.873462,35.819597,35.723469,30.411188,30.591664,35.174347,37.916871,34.615581,38.653021,36.353767,38.416133,33.114893,37.761668,34.585290,37.481905,32.973245,37.340444,32.900189,34.917367,32.341155,34.588839,33.406549,35.737043,32.763839,34.621229,114.425511,119.549611,159.247846,116.214123,170.355532,61.995306,49.161569,246.851858,119.720000,2.574000,265.700000,118.060000,2.022000,194.400000,53860.962030,18.442833,27.393964,126.181366,35.283169,3185.007890,2132.964955
06/22/2026 14:54:51,0.000000,0.000000,74.730347,74.061632,65.544626,74.981496,77.771185,72.013526,68.669866,74.379152,35.954824,31.740582,32.156943,32.117913,37.521228,37.571174,35.406073,35.713586,35.468833,37.255401,36.339155,35.848655,34.064266,34.689965,33.494982,99.959865,32.637826,46.990287,26.714000,26.608115,26.582014,32.001426,32.339617,32.053054,35.870952,35.719899,30.428546,30.328596,35.194211,37.924297,34.615811,38.635595,36.372055,38.394637,33.125699,37.737957,34.578344,37.455976,32.966225,37.308262,32.891882,34.905532,32.343964,34.584111,33.406257,35.717703,32.754594,34.607570,116.064149,121.034016,159.826060,117.763052,171.203499,62.169504,49.615934,250.944146,119.590000,2.592000,268.500000,117.890000,2.041000,197.000000,53920.960368,19.184632,27.805655,127.487615,35.276034,3189.464600,2136.229253
06/22/2026 14:55:51,0.000000,0.000000,74.795141,74.075312,65.560580,75.035163,77.806152,72.074585,68.654544,74.381687,35.919867,31.868466,32.261987,32.218019,37.850005,37.649828,35.417876,35.737789,35.464433,37.265602,35.936254,35.709099,34.204963,34.789305,33.482824,101.546830,32.597393,47.970936,26.966431,26.911936,26.846649,31.729847,31.926747,29.907086,35.897208,35.752362,30.550799,30.532141,35.174549,37.944463,34.618931,38.629870,36.351845,38.404061,33.115185,37.760676,34.597604,37.485334,32.975339,37.347390,32.901371,34.928301,32.358799,34.584738,33.388224,35.740922,32.757040,34.626868,117.174484,122.297042,160.433651,118.940089,171.744790,62.254286,50.065249,254.630038,119.600000,2.615000,270.300000,118.090000,2.059000,198.700000,53980.959258,19.760302,28.210634,128.651514,35.284575,3193.953184,2139.524998
06/22/2026 14:56:51,0.000000,0.000000,74.825580,74.115925,65.450815,75.065942,77.866722,72.096148,68.660410,74.389204,35.985465,31.940682,32.327442,32.271150,37.506363,37.479841,35.541136,35.763991,35.499493,37.308100,36.210853,35.648584,34.202038,34.699445,33.598387,102.359863,32.168605,47.806919,26.982131,26.919596,26.883706,31.278506,31.503509,29.455808,35.928445,35.777403,30.648643,30.610571,35.186946,37.927660,34.639399,38.637436,36.363413,38.405002,33.129911,37.748723,34.584273,37.459673,32.974780,37.326939,32.904541,34.901309,32.362861,34.573625,33.403753,35.724509,32.749366,34.619655,118.361873,123.275468,160.942678,119.948552,172.225605,62.351021,49.911723,258.577961,119.850000,2.618000,271.800000,118.270000,2.066000,199.800000,54040.957796,19.734424,28.072495,129.885206,35.281189,3198.470546,2142.849056
06/22/2026 14:57:51,0.000000,0.000000,74.922776,74.165002,65.719940,75.109361,77.953778,72.188881,68.701744,74.406166,35.957176,31.901091,32.342623,32.298393,37.487900,37.671324,35.551633,35.797077,35.592158,37.326724,35.857521,36.220906,34.234985,34.712411,33.533395,97.654738,32.007822,46.020717,26.592902,26.525882,26.439278,31.250099,31.439016,29.773861,35.877119,35.779669,30.621953,30.709173,35.220298,37.937483,34.647181,38.635909,36.382740,38.415449,33.122649,37.755568,34.580054,37.475361,32.980484,37.317580,32.919507,34.912245,32.347139,34.592032,33.402193,35.728270,32.759519,34.625791,105.031784,110.640373,160.249564,105.778400,170.935841,62.385105,48.575721,214.027326,119.840000,2.453000,251.100000,118.140000,1.908000,179.800000,54100.955821,19.160833,26.859884,115.118917,35.287873,3202.889096,2146.070784
06/22/2026 14:58:51,0.000000,0.000000,74.922904,74.168935,65.679070,75.133966,77.947152,72.224589,68.654677,74.381819,35.948152,31.612694,32.112413,32.019898,37.450397,37.606870,35.421873,35.677546,35.480326,37.241665,36.111560,35.725403,34.144953,34.732443,33.321995,99.163871,32.904337,46.737025,26.639555,26.548856,26.495189,31.998166,32.322568,32.271402,35.881548,35.746002,30.129845,30.247513,35.200021,37.934947,34.626621,38.637081,36.363821,38.397903,33.132543,37.775911,34.606689,37.476704,32.977565,37.330593,32.904063,34.927438,32.344586,34.581845,33.403543,35.733160,32.772162,34.617111,113.445431,118.212160,158.447894,115.725393,169.390217,61.937951,49.827919,247.347756,119.840000,2.582000,266.700000,118.290000,2.028000,195.400000,54160.954655,18.740039,27.996986,126.340454,35.287215,3207.210289,2149.204833
06/22/2026 14:59:51,0.000000,0.000000,74.960857,74.190011,65.517549,75.167414,77.975439,72.248829,68.667304,74.391403,36.007945,31.828318,32.275725,32.182821,37.439831,37.660390,35.535566,35.739373,35.507807,37.286329,36.064185,35.847707,34.097055,34.752447,33.428434,97.939780,31.424665,45.413822,26.526317,26.473592,26.424747,31.139808,31.515861,29.329028,35.882969,35.750967,30.556082,30.748146,35.191239,37.965071,34.636555,38.669035,36.372094,38.433530,33.120850,37.787754,34.594179,37.515073,32.981157,37.360251,32.931933,34.939717,32.377370,34.624789,33.403455,35.770284,32.764639,34.644208,113.657311,118.761144,159.170005,115.417557,170.195311,62.089660,49.148362,242.524732,119.950000,2.557000,263.900000,118.160000,2.007000,193.000000,54220.954070,18.031858,27.381964,124.783688,35.304159,3211.637023,2152.440413
06/22/2026 15:00:51,0.000000,0.000000,75.013670,74.214121,65.564548,75.173405,78.020135,72.283233,68.659321,74.404608,35.934197,31.765719,32.215425,32.108783,37.594372,37.527630,35.439227,35.709515,35.475226,37.259127,36.427872,35.768250,34.147048,34.807721,33.429590,99.353313,32.308962,46.873057,26.624502,26.549887,26.491328,31.747528,32.057521,31.672685,35.883754,35.724286,30.394626,30.342164,35.203271,37.916096,34.656642,38.640027,36.370710,38.390204,33.132349,37.763067,34.600891,37.485073,32.992760,37.329347,32.914538,34.919262,32.380872,34.587139,33.407512,35.722498,32.758458,34.611425,115.474213,120.467710,159.484765,117.189103,170.636286,62.178966,49.582238,249.743893,119.800000,2.586000,267.800000,118.300000,2.031000,196.300000,54280.951040,19.097858,27.775199,127.106042,35.289107,3216.071272,2155.682221
06/22/2026 15:01:51,0.000000,0.000000,75.014159,74.246320,65.751258,75.229977,78.076097,72.359912,68.611074,74.395154,35.944369,31.802679,32.261240,32.179422,37.371026,37.581880,35.434026,35.730010,35.483631,37.298464,36.113977,35.677316,34.194870,34.765469,33.629611,100.812859,32.574349,47.586947,26.868690,26.804363,26.731758,31.788124,32.025979,30.198125,35.879391,35.738971,30.503006,30.419973,35.178250,37.929597,34.637613,38.636542,36.362768,38.396853,33.139041,37.756415,34.601311,37.482839,32.977923,37.324760,32.917231,34.902436,32.336854,34.591107,33.417706,35.726461,32.782747,34.619687,116.546915,121.593168,160.043194,118.303260,171.242229,62.246968,49.790921,252.587859,120.010000,2.590000,269.300000,118.390000,2.046000,197.700000,54340.950924,19.623320,27.963627,128.008113,35.285907,3220.545680,2158.964771
06/22/2026 15:02:51,0.000000,0.000000,75.083670,74.302366,65.608427,75.253788,78.107405,72.427868,68.599557,74.409500,36.050672,31.912727,32.319542,32.244715,37.876514,37.675460,35.500538,35.751756,35.509794,37.285217,36.238410,35.829147,34.167677,34.773337,33.706488,101.855122,32.193575,47.550309,27.049180,26.975928,26.940305,31.316694,31.550604,29.424014,35.930707,35.805800,30.614371,30.534540,35.183141,37.956560,34.642265,38.659267,36.367520,38.432941,33.150479,37.795215,34.598564,37.493363,32.979456,37.343969,32.923337,34.944890,32.362985,34.602113,33.404292,35.743210,32.772720,34.634525,117.782257,122.756160,160.574802,119.513360,171.909724,62.936312,49.838795,256.514417,119.870000,2.613000,271.200000,118.140000,2.060000,199.500000,54400.949450,19.543520,28.006789,129.242018,35.299541,3225.048819,2162.275967
06/22/2026 15:03:51,0.000000,0.000000,75.103534,74.313793,65.609294,75.288429,78.144034,72.447796,68.575344,74.418001,35.986210,31.916486,32.395812,32.302064,37.539286,37.604259,35.519474,35.778216,35.579113,37.300001,36.076993,35.993862,34.303889,34.833165,33.522033,102.472070,31.990661,47.431583,27.070648,27.003650,26.951146,31.237058,31.393005,29.349211,35.947765,35.813559,30.674770,30.592678,35.211264,37.927154,34.665140,38.632151,36.379564,38.406984,33.165683,37.765532,34.611352,37.480024,33.002307,37.341937,32.935878,34.937889,32.359074,34.580741,33.420653,35.744462,32.784905,34.624057,118.578255,123.661106,161.269049,120.400993,172.584406,63.381871,49.803448,253.390779,119.940000,2.626000,272.700000,118.380000,2.069000,200.100000,54460.948394,19.456660,27.974923,128.261508,35.298838,3229.579379,2165.612464
06/22/2026 15:04:51,0.000000,0.000000,75.176001,74.357583,65.746641,75.318486,78.209762,72.520318,68.597531,74.419323,35.976772,31.783152,32.226163,32.179794,37.317899,37.543354,35.527322,35.797137,35.539096,37.280409,36.414652,35.755214,34.222760,34.738784,33.607194,89.158205,32.392628,47.174072,25.886683,25.794143,25.652932,31.618457,31.889758,31.473662,35.842546,35.752180,30.387924,30.408462,35.215122,37.949113,34.673004,38.647038,36.393563,38.409026,33.175294,37.781353,34.621912,37.486568,33.012272,37.349195,32.942380,34.913776,32.370919,34.601061,33.430341,35.754564,32.799319,34.634446,109.213484,114.156991,158.741606,111.759689,169.095818,63.080881,49.237021,235.071222,119.890000,2.526000,260.600000,118.240000,1.980000,189.300000,54520.946597,19.711591,27.462481,122.335068,35.308013,3233.847498,2168.690091
06/22/2026 15:05:51,0.000000,0.000000,75.203462,74.372389,65.855117,75.358197,78.205574,72.541097,68.629295,74.458055,35.934149,31.774580,32.189124,32.108643,37.621193,37.711790,35.443331,35.752601,35.506198,37.305505,35.978437,36.254362,34.000857,34.697138,33.336844,99.462673,32.743602,46.796670,26.912282,26.837236,26.792153,31.683965,32.026955,30.061795,35.904666,35.760707,30.388481,30.534859,35.211829,37.967037,34.657839,38.665936,36.391437,38.414853,33.166049,37.788160,34.625640,37.488073,33.015571,37.357782,32.945580,34.942244,32.387022,34.598135,33.435852,35.755186,32.806177,34.645280,113.957161,118.964878,159.431709,115.802752,170.610384,62.948911,49.580296,242.597401,119.840000,2.575000,266.100000,118.230000,2.024000,194.500000,54580.944761,19.023227,27.773443,124.807302,35.313284,3238.276391,2171.927326
06/22/2026 15:06:51,0.000000,0.000000,75.190933,74.402964,65.781384,75.380265,78.220415,72.598397,68.588037,74.450896,35.992207,31.792440,32.228322,32.190249,37.589098,37.606335,35.439524,35.729304,35.474776,37.304661,36.134353,35.970257,34.150629,34.687105,33.391678,98.011473,31.790246,46.362052,26.494854,26.423360,26.298485,31.405125,31.681349,30.543725,35.872047,35.774154,30.422516,30.524993,35.186058,37.962117,34.669757,38.659697,36.392067,38.422987,33.175570,37.791744,34.627464,37.503594,33.017522,37.358396,32.943100,34.949083,32.391659,34.605726,33.443454,35.748147,32.790787,34.643235,114.592785,119.615540,159.624913,116.457255,170.690003,63.179321,49.396374,246.588534,119.820000,2.569000,266.400000,118.090000,2.027000,194.900000,54640.944158,18.755063,27.606989,126.096800,35.314108,3242.700541,2175.161294
06/22/2026 15:07:51,0.000000,0.000000,75.265951,74.410000,65.969108,75.403416,78.266213,72.592397,68.591613,74.456561,36.003297,31.799586,32.243913,32.163747,37.342631,37.602111,35.439254,35.752070,35.507143,37.302911,36.343338,36.074521,34.123305,34.877577,33.599760,100.351317,32.538927,47.121612,26.842048,26.759404,26.695535,31.906584,32.207067,31.305588,35.920063,35.765918,30.498027,30.421013,35.221398,37.955367,34.675637,38.650099,36.382343,38.430949,33.164473,37.779554,34.609015,37.475043,33.006634,37.348451,32.953340,34.927369,32.363647,34.617000,33.432974,35.758076,32.793679,34.647451,116.161273,121.203206,160.207824,117.901851,171.441158,63.293145,49.896574,250.611713,119.690000,2.598000,268.800000,118.080000,2.044000,197.000000,54700.942666,19.062762,28.058850,127.382058,35.309625,3247.164097,2178.433018
06/22/2026 15:08:51,0.000000,0.000000,75.298577,74.412648,65.878705,75.414379,78.301965,72.626270,68.601569,74.462644,36.017316,31.888528,32.322513,32.229892,37.616100,37.704488,35.511900,35.752483,35.549974,37.284190,36.338317,35.899435,34.278056,34.763883,33.691672,101.415363,32.376942,47.905217,27.010826,26.909878,26.874741,31.413033,31.679010,29.499481,35.939367,35.809146,30.611944,30.534823,35.208248,37.948447,34.661528,38.664310,36.382021,38.417382,33.172594,37.782607,34.622283,37.515229,33.006095,37.332441,32.946348,34.942567,32.389571,34.609862,33.429380,35.748733,32.797142,34.645139,117.233441,122.263552,160.641361,118.938638,171.882653,63.428041,49.870549,254.805642,119.680000,2.611000,270.400000,118.110000,2.061000,199.100000,54760.940973,19.869812,28.035405,128.706671,35.311096,3251.656470,2181.732731
06/22/2026 15:09:51,0.000000,0.000000,75.279885,74.440855,65.868770,75.437808,78.335413,72.662059,68.589652,74.472365,36.091886,31.949732,32.352052,32.305801,37.630511,37.680450,35.535842,35.796794,35.583825,37.299397,36.241541,35.816874,34.198434,34.836890,33.534000,102.228466,32.066663,47.852711,27.098673,27.037483,26.970119,31.269351,31.453365,29.383317,35.951960,35.829714,30.658935,30.649596,35.205370,37.979595,34.668174,38.653708,36.390595,38.423726,33.161203,37.805453,34.600857,37.498742,33.002501,37.361583,32.948290,34.958694,32.364822,34.615941,33.419918,35.761891,32.800662,34.658853,118.372532,123.421700,161.252307,120.053953,172.566724,63.594494,49.815587,258.695947,119.700000,2.620000,272.200000,118.180000,2.068000,200.700000,54820.939938,19.866843,27.985868,129.921873,35.314029,3256.177781,2185.060896
06/22/2026 15:10:51,0.000000,0.000000,75.274506,74.482388,65.867174,75.462827,78.309015,72.684195,68.564425,74.466755,35.997052,31.949219,32.389353,32.315603,37.475824,37.588537,35.556742,35.832748,35.587302,37.347963,36.127242,36.149039,34.167821,34.952650,33.693980,96.045623,32.019697,44.951335,26.374260,26.303206,26.250672,31.280374,31.449685,29.873267,35.931778,35.782951,30.619907,30.784800,35.238336,37.959878,34.680557,38.649258,36.406483,38.424121,33.186933,37.796507,34.632689,37.484046,33.031165,37.350302,32.965580,34.943570,32.388798,34.605628,33.442022,35.768869,32.809324,34.635112,105.349718,110.976215,160.426772,105.937880,170.892591,63.527241,48.481430,213.690525,119.840000,2.453000,250.800000,118.170000,1.908000,179.200000,54880.938994,18.177756,26.773579,114.999533,35.319959,3260.575988,2188.262260
06/22/2026 15:11:51,0.000000,0.000000,75.206021,74.500487,65.743261,75.459395,78.245843,72.718871,68.524120,74.447442,35.968072,31.688866,32.144000,32.064766,37.403455,37.596622,35.465770,35.746237,35.495827,37.326106,36.251020,35.757216,34.148420,34.771836,33.511732,99.485111,32.939108,46.434219,26.767869,26.675839,26.621643,32.043573,32.353274,32.310119,35.921739,35.786642,30.155586,30.293742,35.196344,37.961765,34.653490,38.668671,36.385801,38.410997,33.172834,37.789857,34.606494,37.495076,32.990721,37.383909,32.943475,34.951675,32.368456,34.616697,33.425563,35.759103,32.803996,34.647097,113.926152,118.881375,159.065521,116.107347,170.080074,62.979607,49.674004,247.902404,119.680000,2.586000,267.900000,117.970000,2.038000,196.200000,54940.937285,18.576105,27.858114,126.518126,35.311601,3264.921282,2191.421449
06/22/2026 15:12:51,0.000000,0.000000,75.172353,74.506098,65.700245,75.450606,78.227824,72.677440,68.504884,74.446938,35.978788,31.874274,32.307387,32.228399,37.255659,37.723775,35.412865,35.761575,35.563711,37.309835,36.111638,35.602026,34.092806,34.730903,33.854887,97.956284,31.413414,45.821559,26.659796,26.572672,26.504971,31.173021,31.527239,29.452804,35.917389,35.788051,30.584924,30.697647,35.216370,37.964935,34.660493,38.680495,36.418558,38.453826,33.196835,37.810037,34.620543,37.516146,33.027036,37.374049,32.950591,34.975622,32.364900,34.645829,33.420972,35.766929,32.788299,34.667368,113.837665,118.984317,159.649634,115.581831,170.526643,63.088758,49.491540,243.493059,119.760000,2.566000,265.300000,118.120000,2.017000,194.100000,55000.935681,18.128398,27.693161,125.097956,35.325992,3269.350498,2194.658784
06/22/2026 15:13:51,0.000000,0.000000,75.088281,74.476063,65.698937,75.420740,78.225408,72.595376,68.463595,74.455392,35.946398,31.784228,32.266839,32.158202,37.434382,37.651407,35.567174,35.741293,35.523329,37.304027,36.189064,35.659733,34.234955,34.751858,33.629375,99.427136,32.325809,46.806146,26.697267,26.588700,26.544849,31.785297,32.103708,31.743867,35.913571,35.799736,30.393877,30.424045,35.198702,37.988854,34.674280,38.683619,36.391815,38.430241,33.161095,37.804230,34.625804,37.511664,33.010523,37.358509,32.962852,34.955039,32.390071,34.618706,33.446678,35.772626,32.790900,34.644234,115.698258,120.704592,159.956997,117.492052,171.203346,63.263986,49.602242,250.271350,119.440000,2.598000,268.100000,117.890000,2.046000,196.600000,55060.933708,19.012865,27.793281,127.273882,35.321022,3273.795519,2197.911315
06/22/2026 15:14:51,0.000000,0.000000,75.044986,74.488952,65.591090,75.402164,78.162706,72.605966,68.457636,74.479485,36.008542,31.848520,32.290562,32.233302,37.327295,37.640701,35.455228,35.799933,35.522584,37.325833,36.112163,35.625518,34.213107,34.837359,33.672624,101.078077,32.721473,47.821697,26.906580,26.860123,26.759899,32.042444,32.346806,31.251706,35.995215,35.819823,30.573214,30.530740,35.221032,37.960303,34.677537,38.685094,36.391879,38.425007,33.188714,37.807542,34.628242,37.530006,33.014508,37.367777,32.948247,34.980822,32.400368,34.633565,33.443344,35.765315,32.810004,34.665955,116.778872,121.787397,160.524902,118.546439,171.833882,63.308530,49.827531,253.184425,119.660000,2.606000,269.700000,118.100000,2.051000,198.200000,55120.933127,19.825061,27.996636,128.196438,35.327263,3278.277531,2201.200839
06/22/2026 15:15:51,0.000000,0.000000,74.962510,74.476164,65.474793,75.384091,78.112706,72.567924,68.436226,74.446814,36.046998,31.929968,32.375021,32.316780,37.250194,37.815085,35.448216,35.812414,35.597397,37.377489,36.019099,35.821161,34.309692,34.756913,33.387952,102.255595,32.395876,48.038982,27.074948,27.018671,26.948388,31.499857,31.722613,29.603774,35.989632,35.853218,30.659854,30.641969,35.209311,37.954807,34.674069,38.681644,36.396376,38.415806,33.179007,37.811411,34.625915,37.516637,33.010525,37.376195,32.947873,34.949409,32.390207,34.616155,33.430795,35.770522,32.796683,34.641575,117.973107,122.882747,161.013386,119.598614,172.375439,63.459386,50.005723,257.096903,119.720000,2.616000,271.800000,118.000000,2.064000,200.200000,55180.931758,19.881879,28.157103,129.423938,35.319746,3282.790345,2204.520319
06/22/2026 15:16:51,0.000000,0.000000,74.917486,74.441258,65.559978,75.367005,78.131448,72.520704,68.469643,74.458861,36.176581,31.988610,32.440258,32.365999,37.544460,37.724336,35.538531,35.834476,35.615406,37.394132,35.870575,35.746134,34.368994,34.868958,33.675726,101.065362,31.836545,44.572323,26.991157,26.914328,26.897663,31.323617,31.487578,29.319001,35.964663,35.861023,30.699798,30.641410,35.195899,37.938791,34.669762,38.667648,36.392350,38.429451,33.192742,37.813382,34.619022,37.502696,33.028226,37.384074,32.956277,34.965774,32.379488,34.620796,33.433666,35.778700,32.790823,34.657909,112.013463,117.684079,161.471651,114.407273,172.795546,63.590328,49.064559,221.930923,119.700000,2.513000,257.800000,118.280000,1.955000,185.700000,55240.930329,17.266543,27.305780,117.884152,35.320874,3287.303791,2207.837710
06/22/2026 15:17:51,0.000000,0.000000,74.859245,74.404120,65.630514,75.289559,78.058883,72.461217,68.406459,74.419371,36.033680,31.690268,32.210813,32.122771,37.598983,37.599867,35.470353,35.795560,35.560144,37.318655,36.086819,35.696231,34.281726,34.822105,33.644256,94.224769,32.600297,46.699987,26.202196,26.080180,26.063357,31.821637,32.164041,32.018070,35.903031,35.760401,30.159938,30.233284,35.230643,37.955304,34.678171,38.671601,36.394081,38.424113,33.188258,37.807745,34.628889,37.514296,33.036971,37.377740,32.982909,34.952875,32.401691,34.608482,33.463540,35.781465,32.813354,34.659095,111.031739,115.952145,158.750064,113.626656,169.376524,63.006832,49.401133,242.448503,119.780000,2.556000,264.000000,118.080000,2.009000,192.600000,55300.927210,19.088686,27.611301,124.758911,35.328561,3291.559345,2210.906909
06/22/2026 15:18:51,0.000000,0.000000,74.828273,74.403990,65.541965,75.265535,78.038724,72.406183,68.404989,74.415375,36.068547,31.812659,32.325043,32.161156,37.261798,37.547825,35.500222,35.793523,35.500649,37.316770,36.283286,35.784945,34.242784,34.683388,33.828298,98.867934,32.609359,47.216985,26.800663,26.738120,26.674185,31.532465,31.917815,29.755467,35.932016,35.792048,30.583598,30.660993,35.201634,37.968363,34.672870,38.676919,36.378518,38.428458,33.186854,37.830892,34.615308,37.518887,32.990234,37.391824,32.942385,34.958569,32.366920,34.618413,33.421505,35.779864,32.789281,34.654153,113.657473,118.810758,159.657445,115.457667,170.556804,62.948266,49.673810,241.671802,119.550000,2.561000,264.500000,117.790000,2.018000,193.400000,55360.927019,19.359046,27.857939,124.506150,35.319593,3295.994302,2214.151620
06/22/2026 15:19:51,0.000000,0.000000,74.780228,74.387625,65.569424,75.247364,78.002092,72.384985,68.359957,74.445479,36.063657,31.858524,32.300554,32.233301,37.402452,37.667216,35.425122,35.801733,35.524116,37.324267,36.367376,35.724757,34.197571,34.722926,33.610470,98.868976,32.126553,46.543570,26.601295,26.536062,26.462043,31.582451,31.835938,30.843229,35.924568,35.786814,30.462891,30.460688,35.199681,37.959348,34.669809,38.676963,36.385467,38.433623,33.175165,37.821632,34.624200,37.510950,33.020758,37.390793,32.965368,34.965530,32.359668,34.617102,33.453513,35.782542,32.794024,34.661103,114.812295,119.899318,159.702983,116.670277,170.825211,63.056211,49.603990,247.694916,119.680000,2.577000,266.900000,118.110000,2.033000,195.600000,55420.924559,18.748709,27.794861,126.451693,35.323362,3300.417898,2217.384988
06/22/2026 15:20:51,0.000000,0.000000,74.766434,74.423280,65.417925,75.272135,77.983007,72.431871,68.304602,74.427295,36.057144,31.887609,32.303354,32.236027,37.471028,37.733119,35.485034,35.804034,35.572988,37.376565,36.279854,35.724814,34.206948,34.742942,33.512829,100.603325,32.586020,47.703602,26.846909,26.782581,26.698727,31.901749,32.129258,30.412567,35.979699,35.820250,30.518375,30.491956,35.222799,37.967808,34.679597,38.692440,36.396007,38.414996,33.224411,37.820964,34.641273,37.523984,33.034126,37.392594,32.966618,34.958795,32.383608,34.608445,33.451064,35.781429,32.802950,34.675331,116.242117,121.253136,160.276973,118.006687,171.435373,63.146145,49.820345,251.407351,119.680000,2.596000,268.700000,118.030000,2.046000,197.400000,55480.923366,19.713444,27.990158,127.634533,35.331962,3304.886365,2220.662755
06/22/2026 15:21:51,0.000000,0.000000,74.777977,74.394249,65.671792,75.219110,77.920889,72.354093,68.319062,74.444187,36.199460,31.891801,32.395183,32.304314,37.712118,37.750121,35.570102,35.804465,35.597982,37.353315,36.152085,35.621797,34.304358,34.774202,33.767326,101.683067,32.374683,47.879437,27.027319,26.968359,26.889931,31.434421,31.642035,29.485212,36.004942,35.818478,30.652532,30.581314,35.234095,37.975531,34.696495,38.678799,36.391481,38.416221,33.196758,37.819673,34.622676,37.501475,33.040612,37.395066,32.979854,34.967564,32.388401,34.600495,33.462205,35.789880,32.809437,34.672044,117.369997,122.385353,160.749592,119.175419,172.164659,63.197853,49.999993,255.435386,119.650000,2.612000,271.000000,118.060000,2.065000,199.200000,55540.922499,19.727489,28.151948,128.904256,35.331938,3309.384439,2223.968930
06/22/2026 15:22:51,0.000000,0.000000,74.721903,74.349140,65.571970,75.168404,77.889288,72.268468,68.315624,74.403577,36.070637,31.942165,32.476171,32.325153,37.518907,37.676251,35.538150,35.828337,35.620606,37.342731,36.459780,35.875120,34.359759,34.792315,33.464346,102.391900,32.066973,47.690656,27.107469,27.029754,26.982696,31.308631,31.465019,29.378927,35.995002,35.856374,30.673727,30.627221,35.208383,37.964044,34.665447,38.682334,36.391923,38.421519,33.204757,37.831210,34.628935,37.488705,33.023159,37.405118,32.950958,34.958252,32.369716,34.643131,33.445816,35.787714,32.811988,34.663943,118.490468,123.446992,161.295105,120.264005,172.718929,63.229170,50.055733,259.027408,119.580000,2.626000,272.200000,118.040000,2.073000,200.600000,55600.921833,19.488577,28.202079,130.024819,35.327353,3313.911111,2227.302671
06/22/2026 15:23:51,0.000000,0.000000,74.646544,74.344347,65.303964,75.150588,77.873212,72.249744,68.285483,74.400705,36.020653,31.939104,32.396601,32.317899,37.585515,37.735333,35.622887,35.863880,35.626865,37.331735,36.140656,35.972866,34.364061,34.757141,33.606162,94.448757,32.101727,44.389370,25.935503,25.830896,25.755375,31.373026,31.618513,30.369870,35.946417,35.828600,30.591851,30.690258,35.223650,37.973073,34.694836,38.697893,36.415957,38.425182,33.221776,37.816184,34.635587,37.518760,33.041793,37.401988,32.974206,34.961487,32.427235,34.617399,33.472026,35.799229,32.825291,34.681208,105.423720,111.175441,160.104517,106.694494,170.527103,63.011729,48.295081,215.220780,119.860000,2.448000,250.500000,118.190000,1.902000,179.100000,55660.920284,17.786641,26.602729,115.540921,35.341238,3318.281910,2230.479169
06/22/2026 15:24:51,0.000000,0.000000,74.668502,74.352786,65.318902,75.152120,77.811168,72.241958,68.211656,74.408572,36.031617,31.724723,32.186936,32.133695,37.558119,37.783507,35.470283,35.791946,35.526619,37.366113,35.581121,35.544944,34.088443,34.793075,33.609984,99.793562,33.027924,46.604169,26.751695,26.732038,26.617465,32.151113,32.437641,32.419403,35.921927,35.804107,30.187873,30.385188,35.195965,37.983476,34.672077,38.711440,36.388940,38.444593,33.179097,37.835687,34.604152,37.534292,33.022282,37.401592,32.951519,34.988521,32.382289,34.621009,33.446320,35.802834,32.805775,34.697223,113.951045,118.998591,159.134005,116.093472,170.073073,62.504579,49.864140,247.587127,119.590000,2.585000,267.400000,117.880000,2.036000,196.100000,55720.918425,18.574538,28.029631,126.417166,35.333454,3322.646805,2233.655906
06/22/2026 15:25:51,0.000000,0.000000,74.600610,74.319957,65.486521,75.122787,77.798768,72.175654,68.217008,74.422339,35.949498,31.877332,32.343808,32.254023,37.910057,37.716081,35.514477,35.842767,35.577830,37.336302,36.370130,35.897323,34.168086,34.828298,33.558781,98.200329,31.985234,46.695885,26.623855,26.561304,26.458202,31.305506,31.612036,29.842236,35.961280,35.796069,30.528810,30.744675,35.228126,37.979301,34.685494,38.711549,36.401664,38.430794,33.200760,37.833111,34.637942,37.518896,33.023777,37.396891,32.972299,34.973774,32.387958,34.622859,33.439731,35.787847,32.805937,34.681416,113.849443,118.834427,159.386796,115.585921,170.419496,62.484069,49.514068,243.696662,119.680000,2.567000,264.800000,118.060000,2.012000,194.000000,55780.917011,18.982339,27.713546,125.163924,35.336006,3327.072701,2236.890191
06/22/2026 15:26:51,0.000000,0.000000,74.556956,74.300386,65.369765,75.086202,77.777875,72.133431,68.230385,74.415752,36.079380,31.864986,32.323915,32.221390,37.509974,37.776912,35.548148,35.825043,35.592579,37.395671,35.983726,35.756313,34.325051,34.789117,33.534787,100.168608,32.494838,47.262195,26.827699,26.749521,26.680693,31.867284,32.153125,31.530489,35.944978,35.818302,30.512403,30.404334,35.221212,37.993616,34.682402,38.682432,36.403077,38.410568,33.215511,37.837064,34.627271,37.514010,33.039070,37.391764,32.964827,34.950357,32.390713,34.621948,33.444594,35.782065,32.812786,34.667844,115.653246,120.747289,159.836552,117.517988,171.048919,62.432549,49.823355,250.360042,119.740000,2.593000,267.700000,117.910000,2.041000,197.000000,55840.914391,19.269324,27.992871,127.302081,35.332657,3331.521034,2240.148048
06/22/2026 15:27:51,0.000000,0.000000,74.541944,74.274800,65.350744,75.051677,77.754827,72.133965,68.166897,74.402605,35.986856,31.876152,32.334177,32.280339,37.502232,37.674163,35.481667,35.821044,35.558047,37.359006,36.055054,35.848666,34.287100,34.728567,33.549434,101.245595,32.413725,47.768919,26.999966,26.934752,26.869150,31.505029,31.724221,29.567034,35.975343,35.844242,30.607591,30.520900,35.223658,37.979708,34.683931,38.705580,36.382243,38.419811,33.230146,37.819352,34.621023,37.522371,33.042247,37.383430,32.979467,34.980924,32.391573,34.627677,33.462771,35.801075,32.806182,34.687871,116.688082,121.795287,160.366883,118.501672,171.660576,62.455784,49.963287,253.535632,119.560000,2.607000,270.100000,118.080000,2.051000,198.600000,55900.913592,19.650001,28.118918,128.307163,35.337552,3336.005419,2243.440393
06/22/2026 15:28:51,0.000000,0.000000,74.516906,74.267511,65.248947,75.040701,77.752307,72.113203,68.226904,74.421173,36.125522,31.998715,32.429441,32.346593,37.421299,37.830113,35.620716,35.869239,35.589568,37.395319,36.638992,35.850400,34.372269,34.830986,33.787413,102.116500,32.149080,47.925674,27.035785,26.974146,26.903429,31.392192,31.530308,29.422875,36.020931,35.880536,30.651242,30.573049,35.224988,37.987219,34.684028,38.722448,36.395200,38.442448,33.212047,37.852565,34.634407,37.515816,33.031959,37.403260,32.976476,34.975724,32.404150,34.631745,33.437079,35.798936,32.812787,34.659860,117.964529,122.965876,160.888548,119.657133,172.307803,62.485610,49.967074,257.600084,119.760000,2.613000,270.800000,118.120000,2.067000,199.500000,55960.911476,19.803348,28.122326,129.580858,35.340157,3340.516899,2246.758471
06/22/2026 15:29:51,0.000000,0.000000,74.512807,74.255800,65.474237,75.030522,77.741318,72.107651,68.181703,74.398704,36.162714,31.997377,32.456574,32.408471,37.407194,37.664444,35.530739,35.886927,35.608619,37.409906,36.075041,35.750330,34.406923,34.867837,33.526664,102.020649,32.180352,46.333687,27.144886,27.079679,27.028241,31.437382,31.535845,29.427971,36.031272,35.884678,30.727165,30.640716,35.219146,38.019387,34.672641,38.715974,36.397241,38.442718,33.230094,37.852248,34.628765,37.551302,33.037856,37.417966,32.960744,34.986194,32.344809,34.648728,33.443869,35.804819,32.818685,34.696796,115.172551,120.895229,161.313203,117.293213,172.754188,62.490664,49.543977,230.871796,119.510000,2.563000,263.700000,118.020000,2.003000,191.300000,56020.911383,18.593085,27.740602,120.931732,35.344499,3345.043474,2250.089909
06/22/2026 15:30:51,0.000000,0.000000,74.500786,74.227710,65.414239,75.033918,77.744703,72.082237,68.166102,74.403085,35.938282,31.811703,32.274257,32.202772,37.611703,37.855190,35.499620,35.882398,35.604714,37.379927,36.441250,35.836561,34.357517,34.734631,33.442154,92.831422,32.687555,46.836417,26.199160,26.135695,25.953454,31.831495,32.129834,31.876043,35.914592,35.825563,30.211696,30.344758,35.221366,38.004372,34.701492,38.730557,36.392431,38.460879,33.232820,37.865679,34.621400,37.543080,33.051607,37.421474,32.974140,34.989800,32.383573,34.646243,33.459151,35.804996,32.815100,34.689671,110.305112,115.254033,158.399582,112.913421,168.936937,62.107799,49.524847,239.554689,119.660000,2.551000,263.200000,118.280000,1.998000,191.600000,56080.909259,19.113119,27.723298,123.814307,35.350492,3349.297516,2253.155382
06/22/2026 15:31:51,0.000000,0.000000,74.542449,74.238101,65.441401,75.001887,77.762458,72.079766,68.167984,74.412984,36.179689,31.855427,32.331274,32.195280,37.591444,37.765565,35.567866,35.819063,35.603009,37.374689,36.168620,35.883584,34.184944,34.854899,33.608748,99.428188,32.502238,46.911273,26.972711,26.897669,26.843726,31.547839,31.956796,29.841302,35.960103,35.843617,30.501774,30.618473,35.222735,38.015012,34.686742,38.733094,36.404753,38.449769,33.232303,37.853322,34.628512,37.554585,33.039694,37.433940,32.957619,34.996823,32.381721,34.659121,33.469383,35.831587,32.810742,34.706615,113.879815,118.849358,159.168236,115.600098,170.135750,61.926168,49.730715,242.192624,119.690000,2.569000,265.500000,118.060000,2.019000,193.600000,56140.906408,19.001962,27.909311,124.675703,35.353404,3353.733833,2256.401062
06/22/2026 15:32:51,0.000000,0.000000,74.511975,74.208039,65.298229,74.976562,77.706478,71.999249,68.146758,74.369510,35.992945,31.865796,32.335401,32.255479,37.489469,37.721946,35.575905,35.832858,35.552176,37.358453,36.731741,35.966536,34.159773,34.878090,33.607922,98.774144,32.178264,46.893270,26.624620,26.550451,26.457858,31.588526,31.893241,30.987008,35.977372,35.823681,30.491518,30.496918,35.262310,38.003208,34.729969,38.728879,36.426422,38.448425,33.270056,37.875461,34.642756,37.537395,33.057056,37.427778,33.005165,34.985717,32.403499,34.649410,33.491643,35.821447,32.841448,34.690229,114.842758,119.657718,159.217047,116.672067,170.282257,62.009846,49.608457,247.779400,119.830000,2.579000,266.400000,118.260000,2.027000,195.400000,56200.906192,19.094372,27.798898,126.478747,35.364914,3358.153512,2259.630050
06/22/2026 15:33:51,0.000000,0.000000,74.450824,74.162933,65.131707,74.934643,77.684062,71.960149,68.147135,74.381721,35.967808,31.884612,32.343070,32.241395,37.544433,37.737566,35.592780,35.842197,35.538102,37.337338,35.739694,35.967132,34.337902,34.777567,33.676806,100.705517,32.642937,47.478336,26.931772,26.871022,26.803709,31.911101,32.165300,30.316282,35.986260,35.844973,30.582475,30.439116,35.237628,37.999373,34.713974,38.697957,36.405305,38.424270,33.248411,37.835222,34.635182,37.511726,33.046104,37.406718,32.978178,34.977865,32.400070,34.613888,33.472952,35.800152,32.818044,34.689502,116.202618,121.166530,159.873618,117.904485,171.179893,62.099189,49.868704,251.150500,119.900000,2.590000,269.200000,118.100000,2.045000,197.100000,56260.904814,19.444593,28.033743,127.553089,35.345626,3362.620298,2262.906391
06/22/2026 15:34:51,0.000000,0.000000,74.471877,74.155665,65.271364,74.932973,77.704714,71.962713,68.135756,74.358166,36.090636,31.933774,32.421529,32.299706,37.472407,37.685887,35.554617,35.831067,35.583016,37.368446,36.253572,35.869275,34.271801,34.834806,33.548824,101.706031,32.424594,48.118628,27.022938,26.972019,26.890843,31.573891,31.767684,29.627931,36.033386,35.868189,30.634807,30.534894,35.217185,37.994462,34.700857,38.699912,36.408845,38.440606,33.239078,37.840101,34.655607,37.534288,33.061114,37.415899,32.980400,34.990724,32.388948,34.632539,33.483189,35.804601,32.819275,34.684520,117.263935,122.373585,160.406349,119.018919,171.648849,62.220895,49.842097,255.389422,119.770000,2.607000,270.500000,118.040000,2.061000,198.700000,56320.902434,20.108862,28.009766,128.889846,35.349608,3367.113814,2266.207261
06/22/2026 15:35:51,0.000000,0.000000,74.414064,74.156182,65.128303,74.928877,77.723790,71.926808,68.069739,74.358157,36.045732,31.981258,32.480957,32.355922,37.410677,37.667484,35.596180,35.841167,35.622272,37.368268,36.008090,35.773755,34.297257,34.817224,33.622029,102.496265,32.134957,47.632062,27.106471,27.032329,26.986711,31.362985,31.526944,29.447603,36.031654,35.872658,30.697689,30.687408,35.227464,37.992336,34.676422,38.722384,36.408114,38.430604,33.251675,37.855931,34.645771,37.557195,33.062186,37.411660,32.966774,34.982896,32.397555,34.615161,33.452902,35.807625,32.814122,34.700228,118.333867,123.384444,160.885851,120.076788,172.294696,62.338790,49.943865,259.091823,119.510000,2.626000,271.600000,117.930000,2.068000,200.900000,56380.902392,19.530626,28.101436,130.044815,35.348950,3371.635839,2269.535203
06/22/2026 15:36:51,0.000000,0.000000,74.268826,74.104354,65.313516,74.891319,77.643825,71.876822,68.054945,74.359114,36.101272,32.012173,32.449119,32.335457,37.551687,37.709908,35.712490,35.874175,35.619802,37.360940,36.630689,36.026658,34.367818,34.868226,33.836770,97.283066,32.170227,45.441814,26.537913,26.491891,26.368009,31.518102,31.715463,30.588553,35.978581,35.864313,30.628678,30.690530,35.239434,38.007799,34.706617,38.722415,36.415151,38.449544,33.261406,37.868424,34.652991,37.553339,33.049877,37.429921,32.993845,34.986398,32.398399,34.637908,33.483235,35.803318,32.844048,34.680403,104.935342,110.593613,160.148533,105.646146,170.784248,62.276772,48.466863,214.129775,119.610000,2.456000,250.800000,118.250000,1.908000,179.700000,56440.900978,18.681577,26.760237,115.155207,35.359224,3376.050786,2272.754789
06/22/2026 15:37:51,0.000000,0.000000,74.284588,74.060074,65.317056,74.850303,77.606309,71.827181,68.047682,74.348945,36.013950,31.756845,32.223916,32.126366,37.595039,37.782416,35.506138,35.816270,35.592245,37.367486,36.279617,35.926163,34.222731,34.840767,33.540204,99.567695,33.120799,46.687624,26.774903,26.636855,26.581107,32.199005,32.558017,32.585592,35.970340,35.839239,30.165723,30.286741,35.227062,38.025066,34.709280,38.722858,36.411371,38.438710,33.259834,37.882506,34.651160,37.531625,33.073953,37.428227,32.995384,34.999462,32.400829,34.651160,33.493396,35.831611,32.832562,34.684913,113.538959,118.455237,158.399771,115.893305,169.478908,61.848424,49.811411,248.090145,119.660000,2.586000,267.400000,118.160000,2.038000,195.800000,56500.898770,18.705521,27.982103,126.578203,35.362548,3380.381294,2275.899202
06/22/2026 15:38:51,0.000000,0.000000,74.281639,74.049512,65.195711,74.828168,77.504229,71.788007,68.027917,74.351309,36.128918,31.932195,32.359005,32.263926,37.539411,37.714869,35.568255,35.867733,35.605372,37.382794,36.175409,35.817708,34.227233,34.794261,33.630902,98.221866,31.763833,46.142420,26.628766,26.579619,26.478342,31.288161,31.660628,29.419537,35.966443,35.849515,30.594622,30.735420,35.222024,37.991775,34.726817,38.728391,36.423501,38.438006,33.277789,37.860578,34.661970,37.544164,33.075453,37.425739,32.992452,34.979688,32.419248,34.635797,33.468237,35.824687,32.829616,34.700604,113.646329,118.779574,159.112871,115.451387,170.230074,62.399342,49.189342,242.576200,119.780000,2.567000,264.700000,118.300000,2.012000,193.100000,56560.897666,18.723229,27.419191,124.800413,35.361327,3384.810907,2279.136392
06/22/2026 15:39:51,0.000000,0.000000,74.245940,74.032834,65.036967,74.824086,77.503950,71.798326,68.023278,74.338250,36.093994,31.881915,32.369740,32.255487,37.734769,37.761283,35.561477,35.842354,35.573527,37.353672,36.325548,35.729570,34.274737,34.816452,33.882133,99.566006,32.336020,47.017151,26.781233,26.688310,26.624794,31.824022,32.126373,31.515290,35.961099,35.844170,30.471129,30.405922,35.237420,38.014627,34.722002,38.733750,36.439204,38.454553,33.275779,37.873333,34.670784,37.551620,33.087171,37.439604,33.017113,35.006948,32.434140,34.645055,33.487726,35.834374,32.844450,34.698104,115.523746,120.563928,159.599156,117.400427,170.882576,62.881597,49.520186,249.911565,119.820000,2.586000,268.100000,118.130000,2.040000,196.700000,56620.895919,19.298069,27.719082,127.159423,35.373388,3389.249278,2282.383409
06/22/2026 15:40:51,0.000000,0.000000,74.207545,74.040524,65.133209,74.780655,77.522988,71.789085,68.002336,74.321691,36.029440,31.895378,32.355603,32.270532,37.478344,37.713034,35.522944,35.809150,35.567422,37.358192,36.272080,35.760497,34.247138,34.805282,33.684975,100.956643,32.560645,47.566075,27.028685,26.946945,26.900201,31.759197,31.970349,29.863785,35.994871,35.860230,30.577325,30.514145,35.247969,38.030441,34.704702,38.743019,36.408972,38.449563,33.275200,37.878921,34.657320,37.561630,33.075790,37.435799,32.995197,35.006370,32.403311,34.635583,33.491568,35.825802,32.829063,34.717352,116.564685,121.591201,160.190393,118.368462,171.457443,63.076711,50.013588,252.837426,119.660000,2.602000,269.500000,118.050000,2.054000,197.900000,56680.894054,19.401897,28.164178,128.086934,35.368679,3393.728528,2285.669252
06/22/2026 15:41:51,0.000000,0.000000,74.158717,74.003951,65.026154,74.797268,77.465423,71.756997,67.971410,74.341724,36.060791,31.992397,32.364410,32.340981,37.598722,37.719372,35.562058,35.851794,35.569548,37.374460,36.236573,36.142416,34.281021,34.847124,33.636683,101.902566,32.301572,47.870127,26.992330,26.936943,26.852594,31.404310,31.582968,29.442586,36.034712,35.864201,30.676254,30.582053,35.259653,38.014696,34.727079,38.711439,36.432351,38.440652,33.309335,37.857056,34.674847,37.546829,33.084660,37.438433,33.014675,34.996535,32.437038,34.632261,33.489574,35.804766,32.849052,34.679185,117.875973,122.732880,160.731455,119.515309,172.087830,63.268626,50.032816,256.731939,119.850000,2.615000,271.300000,118.080000,2.063000,199.800000,56740.892105,19.688655,28.181472,129.309987,35.370006,3398.236548,2288.984227
06/22/2026 15:42:51,0.000000,0.000000,74.167172,73.971809,65.000079,74.762089,77.434144,71.737804,67.976577,74.321911,36.104221,32.034720,32.513910,32.377139,37.353510,37.870171,35.646255,35.836303,35.641804,37.371399,36.498217,35.735077,34.333511,34.856116,33.773932,102.257614,32.004421,47.666411,27.064349,27.002265,26.927768,31.473498,31.632549,29.749068,36.036420,35.915516,30.704714,30.669526,35.212781,38.014370,34.716379,38.720653,36.408846,38.449879,33.247078,37.879884,34.631227,37.572318,33.056988,37.439204,32.992404,35.011565,32.412082,34.651189,33.476988,35.833412,32.830265,34.713671,118.652248,123.774287,161.418343,120.499320,172.955146,63.358860,49.858799,256.264202,119.720000,2.625000,272.000000,117.900000,2.076000,200.800000,56800.891194,19.641593,28.024818,129.163783,35.363559,3402.768285,2292.323788
06/22/2026 15:43:51,0.000000,0.000000,74.174664,73.990721,65.266209,74.763802,77.417319,71.747580,67.931384,74.347654,36.019153,31.893940,32.323468,32.295491,37.491205,37.842988,35.507013,35.881371,35.592134,37.384174,35.942094,35.877924,34.299994,34.821291,33.728966,89.229742,32.601875,47.245885,25.943645,25.925764,25.692569,31.883812,32.121575,31.811646,35.924573,35.794349,30.390240,30.441497,35.243986,38.028679,34.706245,38.736609,36.418722,38.458405,33.268103,37.895778,34.641418,37.572749,33.066958,37.449119,32.987653,35.010373,32.383749,34.651178,33.477865,35.837830,32.825120,34.718297,108.725481,113.933975,158.728935,111.286832,169.176038,62.988798,49.223232,233.856727,119.650000,2.527000,260.000000,118.180000,1.974000,188.900000,56860.890611,19.795921,27.449964,121.931010,35.368942,3407.038629,2295.403228
06/22/2026 15:44:51,0.000000,0.000000,74.216892,73.945839,65.212742,74.727411,77.442116,71.739045,67.944847,74.309019,36.061660,31.788803,32.313676,32.154743,37.419452,37.621897,35.524300,35.787914,35.592129,37.334211,36.025348,35.984521,34.304735,34.692965,33.811128,99.811584,32.794096,46.749720,27.066630,26.953179,26.917917,31.733653,32.144238,30.082987,35.987713,35.809662,30.387373,30.524963,35.241440,38.023934,34.701666,38.724992,36.415195,38.450471,33.283669,37.881128,34.652438,37.539971,33.098861,37.433106,33.006336,35.004179,32.391325,34.644010,33.457803,35.831115,32.841027,34.701786,113.997046,118.947468,159.212213,115.816743,170.354747,62.752079,49.833260,243.575439,119.840000,2.570000,266.300000,118.170000,2.024000,194.500000,56920.889027,18.747920,28.001800,125.124652,35.366223,3411.465819,2298.640699
06/22/2026 15:45:51,0.000000,0.000000,74.169709,73.931631,65.136847,74.733621,77.411241,71.682095,67.938813,74.341500,36.097785,31.879047,32.358423,32.266747,37.437451,37.788815,35.609874,35.866816,35.570675,37.365858,36.461688,35.777549,34.202972,34.902182,33.571350,97.241229,31.590790,45.930542,26.289425,26.210322,26.110761,31.456793,31.806962,30.860590,35.961675,35.811525,30.460566,30.517107,35.242050,38.024100,34.716963,38.719469,36.422610,38.443298,33.299557,37.869641,34.648446,37.550137,33.085476,37.438360,33.006671,35.004070,32.418352,34.649333,33.472019,35.817384,32.839642,34.705284,114.330049,119.491639,159.464013,116.178118,170.550150,62.960927,49.079416,246.247847,119.700000,2.572000,265.600000,118.320000,2.022000,194.300000,56980.886353,18.611250,27.319292,125.987295,35.368643,3415.883594,2301.866888
06/22/2026 15:46:51,0.000000,0.000000,74.226782,73.968420,65.241967,74.739825,77.412371,71.737511,67.886124,74.339515,36.063720,31.852797,32.298838,32.201384,37.455177,37.796813,35.554657,35.829335,35.519305,37.364563,36.131469,35.771392,34.236749,34.779376,33.635038,100.027300,32.802205,47.157002,26.783538,26.741545,26.630580,32.118340,32.467157,32.229142,36.009055,35.813733,30.405733,30.321657,35.240948,38.023002,34.710198,38.716268,36.414033,38.444014,33.300277,37.874897,34.654610,37.552301,33.098712,37.432516,33.017616,34.999024,32.387933,34.633760,33.492853,35.823539,32.830207,34.690548,115.955110,121.024233,159.989286,117.702517,171.280614,63.038553,49.667983,251.086085,119.930000,2.594000,268.700000,118.350000,2.040000,196.900000,57040.885671,19.304325,27.852677,127.532654,35.366863,3420.342571,2305.133962
06/22/2026 15:47:51,0.000000,0.000000,74.276620,73.953146,65.121407,74.756284,77.451945,71.721378,67.910620,74.315633,36.054708,31.942624,32.411683,32.277126,37.369515,37.738143,35.558479,35.835370,35.594034,37.373692,36.508036,35.871158,34.200455,34.806532,33.684617,101.510480,32.604521,47.808176,27.102672,27.061581,26.981082,31.680377,31.933854,29.755023,36.017395,35.875228,30.594645,30.498314,35.246410,38.035071,34.725390,38.719468,36.429581,38.459524,33.289670,37.891620,34.665190,37.570798,33.088708,37.472960,33.023007,35.031006,32.414682,34.661198,33.505225,35.833217,32.855769,34.705404,117.242277,122.023165,160.405664,118.861026,171.892184,63.178350,49.964452,254.540537,119.850000,2.610000,270.300000,118.150000,2.059000,198.700000,57100.883081,19.688209,28.119967,128.623392,35.381195,3424.833099,2308.431486
06/22/2026 15:48:51,0.000000,0.000000,74.305503,73.914795,65.392454,74.756414,77.464289,71.730837,67.923003,74.319891,36.177029,31.986834,32.464729,32.352711,37.803492,37.787585,35.558399,35.821116,35.641996,37.374686,36.181014,35.937545,34.398784,34.867243,33.954087,102.156774,32.140697,47.494938,27.147515,27.043450,27.014453,31.346102,31.584464,29.437394,36.009196,35.887845,30.656814,30.542757,35.257364,38.037152,34.717845,38.754771,36.429656,38.481673,33.307519,37.911438,34.652262,37.589741,33.087069,37.458069,33.000411,35.031081,32.391624,34.645165,33.486504,35.854859,32.854129,34.730382,118.386650,123.223290,161.059150,120.056803,172.522612,63.296918,49.833551,258.627000,119.870000,2.616000,271.500000,118.230000,2.071000,200.600000,57160.881198,19.492875,28.002063,129.900447,35.383936,3429.352957,2311.758187
06/22/2026 15:49:51,0.000000,0.000000,74.234684,73.929803,65.194829,74.772876,77.477329,71.757110,67.878024,74.320485,36.117580,32.029454,32.446818,32.362969,37.435361,37.774354,35.575537,35.855523,35.615294,37.378989,35.940886,35.864047,34.325588,34.805178,33.655969,98.670632,32.231058,45.438185,26.904120,26.843815,26.766480,31.563023,31.751471,30.357588,36.005582,35.882459,30.650948,30.571154,35.231969,38.053369,34.719141,38.737083,36.433992,38.456418,33.312761,37.911847,34.671748,37.580868,33.088146,37.469307,33.014101,35.021679,32.408438,34.663763,33.493135,35.846410,32.852094,34.727465,105.292245,111.013982,160.742581,106.240435,171.619999,63.350716,48.683995,214.825552,120.050000,2.458000,251.700000,118.370000,1.913000,180.600000,57220.880091,18.479316,26.958869,115.401347,35.384687,3433.794487,2315.004239
06/22/2026 15:50:51,0.000000,0.000000,74.310319,73.938222,65.245213,74.780264,77.482588,71.708977,67.893532,74.320657,35.993304,31.766815,32.213405,32.108384,37.529886,37.647453,35.524543,35.821822,35.571145,37.369422,36.251893,35.735514,34.269597,34.830387,33.992977,99.052396,33.110630,46.869024,26.690075,26.617697,26.498723,32.185485,32.509365,32.552064,35.939381,35.818463,30.122969,30.216932,35.249402,38.041145,34.717460,38.734086,36.421771,38.466303,33.305824,37.904183,34.657842,37.577621,33.083566,37.469173,33.012052,35.028060,32.410391,34.653406,33.483651,35.848913,32.839065,34.737976,113.069777,117.860985,158.600790,115.460027,169.430553,62.848942,49.741299,247.374784,119.760000,2.583000,267.000000,118.100000,2.028000,195.900000,57280.879027,18.950161,27.918863,126.349118,35.382095,3438.101883,2318.125212
06/22/2026 15:51:51,0.000000,0.000000,74.351856,73.951442,65.307281,74.777637,77.509872,71.783937,67.895331,74.309338,36.109621,31.895409,32.435264,32.270764,37.504212,37.705310,35.522910,35.838351,35.609103,37.381212,36.144602,36.144709,34.197215,34.799747,33.569456,98.211858,31.136706,45.245164,26.721440,26.645937,26.605454,31.278576,31.685794,29.431796,35.956715,35.822510,30.616923,30.726658,35.243895,38.048025,34.711968,38.741862,36.418546,38.453372,33.301253,37.909965,34.666753,37.566168,33.083200,37.461736,33.005701,35.027489,32.388020,34.657438,33.487244,35.848510,32.848925,34.721642,113.718186,118.801178,159.405417,115.395191,170.428039,62.920138,49.298782,242.703087,119.900000,2.561000,264.500000,118.210000,2.014000,193.400000,57340.877683,17.726644,27.518520,124.841638,35.379586,3442.536645,2321.368222
06/22/2026 15:52:51,0.000000,0.000000,74.357994,73.928400,65.236144,74.807295,77.529328,71.799284,67.886372,74.326233,35.927241,31.809507,32.296981,32.221965,37.581707,37.669657,35.506052,35.834345,35.581706,37.333538,36.340359,35.908374,34.311422,34.875730,33.503691,99.002789,32.307966,46.477436,26.579717,26.483652,26.397318,31.812395,32.162819,31.825760,35.939357,35.827298,30.375700,30.367153,35.261367,38.036283,34.741456,38.754432,36.445705,38.465010,33.328518,37.899702,34.670644,37.564741,33.114780,37.467063,33.037421,35.037847,32.427773,34.673305,33.523570,35.845308,32.864509,34.741181,115.398326,120.419925,159.682474,117.227338,171.065844,62.968915,49.458038,249.604705,119.920000,2.589000,267.500000,118.300000,2.033000,196.000000,57400.875726,18.814599,27.662837,127.061710,35.395031,3446.970222,2324.610672
06/22/2026 15:53:51,0.000000,0.000000,74.331881,73.916232,65.214876,74.800311,77.494148,71.761746,67.876537,74.323236,35.977713,31.899475,32.327217,32.235878,37.361688,37.795718,35.499325,35.843567,35.535163,37.352974,36.496147,35.587763,34.269380,34.845249,33.604448,100.835147,32.735465,47.751198,26.895621,26.829508,26.734336,31.993827,32.255945,30.374994,35.998257,35.843242,30.549533,30.419447,35.265055,38.061160,34.731462,38.749343,36.433049,38.477993,33.325144,37.906923,34.661925,37.559589,33.104039,37.478041,33.030045,35.029159,32.435071,34.652609,33.521946,35.852104,32.864435,34.737116,116.476187,121.521621,160.303802,118.237493,171.665820,63.110538,49.973289,252.358361,119.900000,2.594000,268.900000,118.190000,2.046000,197.800000,57460.874235,19.623278,28.127920,127.935582,35.393810,3451.444944,2327.895090
06/22/2026 15:54:51,0.000000,0.000000,74.453078,73.937259,65.449324,74.833932,77.544509,71.840855,67.872406,74.310260,36.018448,31.951140,32.426415,32.303829,37.345207,37.710753,35.577745,35.800590,35.601176,37.352965,36.152619,35.867179,34.291891,34.832264,33.504488,101.954337,32.448107,47.775156,27.112203,26.999202,26.966005,31.490697,31.731718,29.522364,36.020249,35.889599,30.662590,30.624221,35.252831,38.053397,34.732985,38.765863,36.410070,38.473174,33.318516,37.920510,34.662702,37.569645,33.109761,37.480195,33.028305,35.039395,32.395962,34.666251,33.527611,35.871926,32.851041,34.733955,117.710321,122.690613,160.799380,119.474503,172.020991,63.195155,49.891330,256.726760,119.800000,2.614000,271.200000,118.310000,2.063000,200.200000,57520.882430,19.721029,28.054127,129.308369,35.393205,3455.950255,2331.208321
06/22/2026 15:55:51,0.000000,0.000000,74.412535,73.958018,65.305806,74.868121,77.559218,71.861174,67.853931,74.307143,36.019548,32.035961,32.455990,32.392663,37.498905,37.741101,35.599198,35.853929,35.658103,37.376169,36.247582,36.083600,34.297961,34.818371,33.643266,102.570270,32.111850,47.807994,27.085067,27.016283,26.975122,31.351425,31.526522,29.413733,36.015785,35.881148,30.712025,30.611388,35.257799,38.036260,34.723401,38.744412,36.422643,38.457900,33.325806,37.909386,34.674157,37.568241,33.102346,37.479009,33.016928,35.029376,32.405484,34.670608,33.505320,35.862104,32.849848,34.728773,118.782040,123.741813,161.308991,120.358367,172.751480,63.267522,50.102247,259.951714,120.030000,2.620000,272.300000,118.340000,2.072000,200.800000,57580.881090,19.564107,28.243887,130.311409,35.388490,3460.480850,2334.545748
06/22/2026 15:56:51,0.000000,0.000000,74.394745,73.930068,65.401901,74.849056,77.550741,71.855607,67.846867,74.297174,35.987746,31.915803,32.376001,32.257139,37.529132,37.761598,35.567485,35.827984,35.596157,37.381115,36.158674,35.769755,34.276829,34.887727,33.771365,89.207916,32.389288,47.056352,25.815822,25.710758,25.547627,31.659217,31.966597,31.479673,35.879735,35.807092,30.437831,30.485341,35.235281,38.044301,34.729309,38.752937,36.416808,38.471507,33.307063,37.904224,34.665868,37.563518,33.094308,37.485160,33.021292,35.039494,32.390723,34.668530,33.502351,35.854270,32.849366,34.733171,108.319256,113.433014,158.801411,110.839979,169.317242,62.882452,48.977745,232.383116,120.070000,2.509000,259.000000,118.590000,1.968000,187.500000,57640.870514,19.829572,27.226780,121.438792,35.386474,3464.766304,2337.638190
06/22/2026 15:57:51,0.000000,0.000000,74.447691,73.955553,65.359287,74.873517,77.544382,71.859381,67.836143,74.364315,36.074206,31.817907,32.332509,32.173888,37.853904,37.710295,35.489547,35.851069,35.557715,37.360885,36.038780,35.981874,34.218644,34.730235,33.660385,100.005984,33.013927,46.762161,27.024856,26.963216,26.878138,32.025834,32.319971,30.549677,35.993276,35.823642,30.312290,30.457815,35.254451,38.052802,34.741382,38.766274,36.435301,38.478915,33.322517,37.948413,34.659667,37.573251,33.089498,37.495406,33.017194,35.040283,32.412423,34.655231,33.509468,35.863138,32.861005,34.735025,114.110512,119.171253,159.281528,116.019916,170.397079,62.589625,49.894243,244.481132,120.160000,2.571000,266.000000,118.540000,2.023000,194.600000,57700.877739,18.705410,28.056751,125.417739,35.395582,3469.190175,2340.870165
06/22/2026 15:58:51,0.000000,0.000000,74.487881,73.956858,65.387095,74.903148,77.567182,71.898021,67.841648,74.354560,36.004599,31.954137,32.337766,32.310259,37.649524,37.746747,35.449929,35.852220,35.552316,37.402360,36.078110,35.585182,34.253480,34.688756,33.760580,97.760286,31.553731,46.050312,26.496241,26.455133,26.316253,31.399671,31.690152,30.419260,35.972615,35.829554,30.450181,30.544267,35.278369,38.056318,34.754999,38.749812,36.449820,38.478828,33.343758,37.914458,34.683685,37.572431,33.128048,37.484679,33.055778,35.055714,32.441250,34.661062,33.529967,35.867631,32.885339,34.741559,114.212529,119.384016,159.425127,116.137043,170.439890,62.627453,49.259162,245.998604,120.030000,2.568000,265.400000,118.330000,2.020000,194.200000,57760.866650,18.567737,27.482575,125.907116,35.406675,3473.608242,2344.097065
06/22/2026 15:59:51,0.000000,0.000000,74.442981,73.947879,65.551894,74.896258,77.585160,71.908487,67.849873,74.319603,36.034104,31.876015,32.355395,32.225492,37.597587,37.735913,35.538900,35.851677,35.558796,37.357101,36.164289,35.794950,34.280324,34.959955,33.620576,100.114080,32.630884,47.445544,26.833452,26.732044,26.652892,32.004381,32.335897,31.899257,35.980369,35.835095,30.406726,30.342366,35.254450,38.068261,34.753907,38.784032,36.435364,38.497962,33.356350,37.946552,34.676874,37.594815,33.116940,37.487335,33.035482,35.047884,32.406704,34.676430,33.520924,35.874561,32.854665,34.753095,115.966977,121.031223,159.951691,117.784398,171.272766,62.947892,49.618750,250.763849,119.900000,2.596000,268.700000,118.220000,2.039000,197.600000,57820.865463,19.637344,27.808200,127.430377,35.407129,3478.065066,2347.362329
06/22/2026 16:00:51,0.000000,0.000000,74.463702,74.002022,65.276345,74.942787,77.559110,71.902613,67.789066,74.328591,36.120502,31.962038,32.401266,32.310436,37.445494,37.781831,35.483962,35.849473,35.569037,37.382350,36.281220,35.635425,34.231909,34.802925,33.617921,101.548520,32.643419,47.990784,27.055088,27.016676,26.897432,31.856223,32.045949,30.026877,36.021606,35.867924,30.602895,30.467178,35.250464,38.048829,34.745326,38.735332,36.443451,38.467619,33.345362,37.922808,34.686745,37.586088,33.103953,37.474861,33.039158,35.054655,32.439742,34.663679,33.520149,35.878217,32.871019,34.743684,117.134706,122.097247,160.617045,118.817571,171.869195,63.251015,50.132448,254.402806,119.950000,2.603000,270.400000,118.380000,2.052000,198.700000,57880.863461,19.719763,28.271021,128.580101,35.401057,3482.552891,2350.658636
06/22/2026 16:01:51,0.000000,0.000000,74.495030,73.976699,65.389195,74.908290,77.598418,71.912931,67.823194,74.331597,36.156275,32.013606,32.432757,32.372598,37.280466,37.765359,35.546990,35.865965,35.642937,37.359710,36.167787,36.009158,34.333418,34.743368,33.785464,102.012325,31.847063,47.261559,27.011530,26.952570,26.871445,31.297020,31.545189,29.408336,36.007424,35.883415,30.680435,30.560695,35.263678,38.067740,34.736724,38.753696,36.427685,38.481031,33.355751,37.932526,34.669444,37.597578,33.112538,37.505058,33.049995,35.049503,32.435908,34.682752,33.528143,35.870686,32.873381,34.752250,118.247121,123.196935,161.124632,119.998237,172.564684,63.509989,49.873851,258.708894,119.950000,2.614000,271.500000,118.340000,2.063000,200.600000,57940.871156,19.223179,28.038380,129.925896,35.407303,3487.072387,2353.984812
06/22/2026 16:02:51,0.000000,0.000000,74.521736,73.979739,65.579801,74.946601,77.648820,71.977660,67.833757,74.315024,36.121615,32.003691,32.477561,32.379133,37.454960,37.715288,35.564414,35.876295,35.617117,37.391418,36.375294,35.846034,34.293339,34.851451,33.662141,98.647158,32.176428,45.438722,26.867145,26.754571,26.725642,31.676889,31.913885,30.713976,35.999455,35.849755,30.590853,30.682814,35.270325,38.068621,34.761900,38.760651,36.446971,38.474220,33.356005,37.937682,34.687929,37.574450,33.122500,37.489328,33.036915,35.068822,32.398795,34.676396,33.537326,35.882499,32.889570,34.761305,105.194082,110.959015,160.926381,106.245913,171.794126,63.497227,48.615146,215.096644,120.100000,2.451000,252.000000,118.470000,1.906000,180.500000,58000.870727,18.542780,26.895942,115.497102,35.410111,3491.514880,2357.232203
06/22/2026 16:03:51,0.000000,0.000000,74.521249,73.969525,65.379811,74.947353,77.680309,71.974600,67.834518,74.340298,36.024968,31.766592,32.223417,32.101760,37.582535,37.656785,35.513058,35.830275,35.568265,37.349306,36.314093,35.994681,34.258109,34.814028,33.668849,98.935319,33.120863,46.803492,26.699467,26.616368,26.567655,32.243008,32.584209,32.677158,35.954071,35.828725,30.068209,30.137627,35.276045,38.044725,34.749497,38.754930,36.435245,38.471795,33.367338,37.945661,34.703481,37.577570,33.143809,37.482232,33.045141,35.048207,32.432385,34.652024,33.538241,35.862594,32.869540,34.732450,112.965513,117.815222,158.772964,115.349578,169.611367,62.953788,49.802283,247.415569,120.070000,2.573000,266.800000,118.490000,2.031000,195.500000,58060.868203,18.829619,27.973873,126.362191,35.406645,3495.819756,2360.349462
06/22/2026 16:04:51,0.000000,0.000000,74.577906,74.025795,65.446056,74.978459,77.678051,72.045659,67.781679,74.336057,36.018484,31.924003,32.416220,32.298271,37.506786,37.753399,35.559640,35.848048,35.577285,37.391906,36.092879,35.912138,34.253948,34.846237,33.564966,98.142716,30.992120,45.484405,26.588093,26.546541,26.447775,31.300901,31.688959,29.450127,35.978650,35.812556,30.595319,30.690924,35.279278,38.061641,34.765935,38.745689,36.452480,38.470003,33.363313,37.943322,34.692704,37.569042,33.137827,37.489543,33.052671,35.057492,32.429689,34.679397,33.551881,35.891696,32.889341,34.749101,113.536641,118.799964,159.553821,115.276132,170.567419,63.086156,49.240420,242.280506,120.090000,2.559000,264.200000,118.480000,2.008000,193.000000,58120.857163,18.018839,27.465566,124.704287,35.413602,3500.252050,2363.589281
06/22/2026 16:05:51,0.000000,0.000000,74.572453,74.015687,65.611410,74.993152,77.677539,72.034124,67.836254,74.325112,35.961574,31.892596,32.278525,32.205708,37.297224,37.812596,35.543523,35.845668,35.561997,37.337746,36.087342,36.033914,34.308522,34.800985,33.725144,98.956174,32.306994,46.876805,26.527358,26.470611,26.363957,31.883825,32.173652,31.855760,35.979076,35.804123,30.368427,30.343036,35.260879,38.057441,34.748384,38.751615,36.448305,38.477316,33.364009,37.933938,34.681508,37.592803,33.121715,37.501366,33.051145,35.057743,32.412147,34.669531,33.534005,35.892476,32.885228,34.762739,115.276807,120.363688,159.843132,117.034765,171.055645,63.209787,49.548153,249.234885,120.090000,2.577000,267.600000,118.520000,2.028000,196.200000,58180.855375,19.132426,27.744379,126.943837,35.410215,3504.682474,2366.828518
06/22/2026 16:06:51,0.000000,0.000000,74.615905,74.005039,65.645075,74.995294,77.719255,72.011688,67.832830,74.336509,36.099215,31.913451,32.395450,32.266918,37.745239,37.898562,35.537027,35.847590,35.560585,37.419452,36.265250,35.678486,34.276376,34.887274,33.605817,100.725686,32.662925,47.953635,26.895118,26.857149,26.738888,31.777415,32.075808,30.384885,35.995071,35.852014,30.500863,30.441048,35.264373,38.071524,34.747930,38.753812,36.435192,38.479248,33.357510,37.975202,34.668823,37.574418,33.126115,37.496460,33.041977,35.061900,32.400747,34.676364,33.522635,35.907714,32.861620,34.751606,116.412033,121.368010,160.381542,118.157369,171.772850,63.327702,49.729355,251.932704,120.140000,2.595000,269.400000,118.530000,2.043000,197.400000,58240.863413,20.045551,27.908084,127.800935,35.408759,3509.157686,2370.110180
06/22/2026 16:07:51,0.000000,0.000000,74.599077,74.004269,65.666507,75.008741,77.740238,72.035779,67.796832,74.335029,36.019494,31.981147,32.454156,32.319670,37.380400,37.823700,35.609676,35.849786,35.627035,37.362852,36.294012,35.889150,34.293935,34.823218,33.778125,101.763900,32.213419,47.694624,27.051680,26.958328,26.892498,31.342080,31.619202,29.458342,36.016051,35.895587,30.639200,30.578007,35.293307,38.099031,34.773511,38.764701,36.440458,38.497303,33.382791,37.959591,34.700168,37.610512,33.144489,37.527111,33.053488,35.087126,32.418051,34.695733,33.543809,35.915094,32.887114,34.764177,117.541706,122.638220,160.907609,119.257587,172.242060,63.508907,49.900750,256.170493,120.070000,2.608000,271.400000,118.550000,2.054000,199.400000,58300.852602,19.632012,28.062612,129.134469,35.427878,3513.659710,2373.418919
06/22/2026 16:08:51,0.000000,0.000000,74.639658,74.051644,65.530692,75.022308,77.751235,72.106614,67.809618,74.334189,35.994953,32.019699,32.488223,32.382019,37.376486,37.892690,35.590667,35.856031,35.636155,37.381679,36.362001,36.045107,34.321959,34.895128,33.795043,102.301641,32.005192,47.640540,26.996339,26.916831,26.849178,31.382636,31.499367,29.443190,36.060450,35.885958,30.649121,30.715526,35.281583,38.086906,34.744454,38.779923,36.433239,38.500699,33.388874,37.969414,34.695837,37.609290,33.147733,37.521939,33.063574,35.080782,32.421917,34.702934,33.531919,35.910769,32.863684,34.769189,118.661716,123.783704,161.532433,120.447769,172.869845,63.604570,49.779657,259.960292,120.200000,2.621000,272.400000,118.610000,2.067000,200.800000,58360.850655,19.687072,27.953468,130.314066,35.425233,3518.187451,2376.752699
06/22/2026 16:09:51,0.000000,0.000000,74.632566,74.016637,65.676862,75.020079,77.780170,72.070045,67.846924,74.326400,36.057215,31.923764,32.424433,32.272048,37.541733,37.705701,35.506350,35.852804,35.654141,37.350553,36.209533,36.338129,34.331642,34.792600,33.549746,89.664448,32.489100,46.626999,25.869191,25.784697,25.617572,31.716876,31.960549,31.369368,35.932538,35.832437,30.516376,30.504602,35.286352,38.097401,34.755617,38.785292,36.454469,38.500683,33.398188,37.973534,34.711507,37.608992,33.151776,37.544082,33.070669,35.082096,32.426794,34.693320,33.557384,35.914014,32.897071,34.778103,107.842461,113.144180,159.184723,110.347058,169.583210,63.266193,49.076891,230.314073,120.230000,2.500000,258.300000,118.430000,1.960000,186.900000,58420.859455,19.310003,27.316996,120.744032,35.434367,3522.482658,2379.856565
06/22/2026 16:10:51,0.000000,0.000000,74.674645,74.058323,65.719389,75.062020,77.779452,72.133324,67.822505,74.356277,35.985068,31.821789,32.311471,32.152833,37.721645,37.831672,35.480306,35.828986,35.602340,37.365179,35.972668,35.930803,34.267326,34.823681,33.612924,100.214119,33.081844,46.820626,27.071661,27.020297,26.932176,32.043626,32.394700,30.614294,36.010690,35.819355,30.379297,30.413139,35.298232,38.067719,34.787731,38.762522,36.488689,38.491993,33.412546,37.950677,34.714727,37.598057,33.151721,37.503361,33.092590,35.065388,32.441170,34.682789,33.560609,35.898627,32.915688,34.753209,114.200903,119.181179,159.496531,116.091974,170.575697,62.946784,50.067580,244.592644,120.170000,2.572000,266.600000,118.620000,2.019000,194.900000,58480.857440,18.607897,28.212729,125.453773,35.431902,3526.901663,2383.086359
06/22/2026 16:11:51,0.000000,0.000000,74.650225,74.046149,65.596048,75.044101,77.802852,72.121701,67.846924,74.335700,36.117036,31.902423,32.379988,32.273014,37.730965,37.777364,35.571726,35.814949,35.614750,37.369604,36.188765,35.958745,34.236742,34.837470,33.766734,97.584505,31.655161,46.127141,26.505477,26.385723,26.315519,31.438592,31.795001,30.587456,35.976288,35.834114,30.444072,30.561297,35.277132,38.080263,34.766908,38.785053,36.437168,38.506825,33.367492,37.988033,34.688361,37.612007,33.124691,37.519797,33.059963,35.086935,32.386274,34.700782,33.514215,35.910392,32.871755,34.748854,114.313714,119.428790,159.598373,116.190845,170.677426,63.196462,49.105441,245.888548,120.170000,2.564000,266.000000,118.470000,2.020000,194.600000,58540.846374,18.784186,27.342955,125.871694,35.421645,3531.319456,2386.312457
06/22/2026 16:12:51,0.000000,0.000000,74.668854,74.059717,65.428633,75.063806,77.812809,72.119434,67.809340,74.330109,36.071146,31.852249,32.365026,32.227071,37.641583,37.666774,35.610211,35.834375,35.600291,37.341472,35.973720,35.750894,34.271247,34.870175,33.955389,100.243732,32.652279,47.166105,26.842435,26.763811,26.677484,32.015972,32.338141,31.848939,36.032776,35.851191,30.381915,30.370606,35.294943,38.103754,34.782190,38.787460,36.469040,38.505504,33.411482,37.970269,34.717543,37.610145,33.172166,37.528116,33.086636,35.074967,32.453449,34.711333,33.578533,35.928014,32.932139,34.762968,115.987978,121.071361,160.278022,117.809383,171.406807,63.298219,49.748777,251.024422,120.150000,2.585000,268.800000,118.700000,2.043000,196.900000,58600.843841,19.240495,27.925610,127.513090,35.444033,3535.778935,2389.578347
06/22/2026 16:13:51,0.000000,0.000000,74.610401,74.050700,65.399871,75.052882,77.780027,72.099148,67.819244,74.361073,36.060448,32.001850,32.400545,32.301363,37.198171,37.803751,35.581713,35.862582,35.566546,37.372349,36.158306,35.676012,34.270791,34.864842,33.614633,101.445504,32.453331,47.698225,26.995067,26.931193,26.849706,31.594345,31.854958,29.717073,36.051887,35.852589,30.605292,30.452349,35.276941,38.086698,34.765130,38.774457,36.441384,38.489839,33.405935,37.960194,34.681256,37.606695,33.156829,37.524797,33.081087,35.086280,32.447451,34.695007,33.555076,35.911269,32.893234,34.756533,117.054473,122.123211,160.810635,118.876592,171.986946,63.335900,49.942312,254.498457,120.400000,2.602000,270.200000,118.730000,2.049000,198.500000,58660.843709,19.598188,28.100037,128.610167,35.429805,3540.267536,2392.873618
06/22/2026 16:14:51,0.000000,0.000000,74.699198,74.076974,65.636580,75.073352,77.822325,72.141729,67.766555,74.346836,36.094603,32.044191,32.453095,32.359255,37.423272,37.737524,35.580348,35.862104,35.615787,37.365333,36.730220,35.699991,34.380018,34.914566,33.607490,102.222096,32.234410,47.751442,27.121433,27.028533,26.978083,31.426111,31.631498,29.520152,36.058772,35.892695,30.650552,30.578796,35.300740,38.082587,34.760667,38.787669,36.467772,38.506006,33.424871,37.980582,34.714591,37.600132,33.165548,37.519324,33.076917,35.083895,32.430823,34.685315,33.572911,35.917537,32.910848,34.759468,118.262259,123.241203,161.252639,119.957934,172.645050,63.471092,50.095838,258.451396,120.360000,2.608000,272.000000,118.680000,2.063000,200.200000,58720.841909,19.513314,28.238128,129.845860,35.437410,3544.786123,2396.198268
06/22/2026 16:15:51,0.000000,0.000000,74.596506,74.078237,65.432817,75.070767,77.826905,72.123029,67.778752,74.336112,36.069526,32.019431,32.518646,32.373469,37.307860,37.764899,35.608141,35.881915,35.658484,37.372570,36.557807,35.693766,34.378664,34.929621,33.668220,98.838982,32.052006,46.110935,27.037960,26.941927,26.905318,31.355313,31.596793,30.056147,36.037475,35.924101,30.662545,30.578023,35.284900,38.101255,34.769582,38.797863,36.471883,38.529972,33.416558,38.006271,34.692480,37.632020,33.148796,37.546422,33.062822,35.106634,32.419385,34.720425,33.554766,35.954807,32.898980,34.798635,105.426245,111.113489,160.962558,106.439092,171.831948,63.466097,48.779355,215.059096,120.410000,2.455000,252.200000,118.890000,1.909000,180.800000,58780.840256,19.064992,27.045943,115.483844,35.445723,3549.231386,2399.445509
06/22/2026 16:16:51,0.000000,0.000000,74.599864,74.081175,65.391354,75.077394,77.772884,72.126712,67.794950,74.334430,36.048126,31.801917,32.258254,32.126560,37.375097,37.689809,35.566950,35.842067,35.621566,37.374637,36.190263,35.666775,34.403993,34.840517,33.714871,98.707881,32.979934,46.368133,26.710613,26.591771,26.561483,32.098915,32.440623,32.480212,35.995138,35.859168,30.047135,30.105747,35.279363,38.087345,34.771437,38.777202,36.461577,38.498060,33.415987,37.993258,34.701148,37.599112,33.142473,37.545438,33.079141,35.098527,32.435718,34.700261,33.564335,35.911643,32.894434,34.760834,113.017031,117.831857,158.820153,115.404997,169.771406,62.926504,49.693620,247.561879,120.330000,2.568000,267.200000,118.610000,2.027000,195.800000,58840.838355,18.492306,27.875827,126.409077,35.435865,3553.534584,2402.562467
06/22/2026 16:17:51,0.000000,0.000000,74.568076,74.084465,65.344263,75.061673,77.806473,72.132976,67.770812,74.355710,36.108908,31.970420,32.430989,32.280009,37.461678,37.775473,35.505290,35.875663,35.667317,37.352206,36.463511,35.828847,34.313398,34.902983,33.892879,98.487881,32.323288,46.773955,26.828756,26.766215,26.690400,31.363736,31.785641,29.633420,36.015443,35.821008,30.514235,30.624838,35.279597,38.086253,34.776242,38.792133,36.448326,38.507800,33.408905,37.989904,34.713306,37.607691,33.152861,37.534995,33.079169,35.098998,32.449980,34.692902,33.557854,35.929541,32.907937,34.762331,113.630086,118.671344,159.574292,115.399263,170.609505,62.965921,49.615060,241.696726,120.380000,2.556000,264.800000,118.570000,2.008000,193.100000,58900.837513,18.969089,27.804866,124.514270,35.438836,3557.968911,2405.803505
06/22/2026 16:18:51,0.000000,0.000000,74.544661,74.069071,65.463288,75.040062,77.770195,72.090945,67.748285,74.350267,36.121530,31.907835,32.421872,32.243499,37.487734,37.691487,35.532630,35.818390,35.598423,37.382050,36.228678,35.762377,34.243251,34.896306,33.720444,99.639469,32.390690,47.166492,26.766440,26.700322,26.583365,31.779151,32.077542,31.041325,35.990435,35.892113,30.451624,30.351701,35.260186,38.110639,34.746637,38.799748,36.457582,38.520564,33.420863,37.980837,34.683353,37.621601,33.124466,37.558028,33.072463,35.107826,32.416133,34.710411,33.539407,35.928422,32.882645,34.801411,115.262418,120.315661,159.828622,117.137617,171.000724,63.079522,49.624188,248.955700,120.140000,2.583000,267.800000,118.430000,2.032000,196.100000,58960.834975,19.353378,27.813114,126.854773,35.437161,3562.405223,2409.047423
06/22/2026 16:19:51,0.000000,0.000000,74.581429,74.072877,65.348791,75.043395,77.746993,72.054872,67.744027,74.338856,36.098805,31.977629,32.454647,32.267247,37.469333,37.718609,35.558705,35.856858,35.596951,37.366434,36.508294,35.718242,34.396080,34.769185,33.674185,100.891327,32.579092,47.599896,27.019964,26.934650,26.927331,31.792046,32.019215,29.844941,36.021074,35.841258,30.570268,30.411811,35.275635,38.092906,34.770772,38.767714,36.453280,38.492875,33.419654,37.965405,34.696691,37.590693,33.149006,37.515690,33.064142,35.092876,32.441614,34.678947,33.561204,35.894791,32.900524,34.756709,116.427311,121.485840,160.368410,118.187505,171.560813,63.201936,49.926192,252.531860,120.170000,2.601000,269.400000,118.480000,2.047000,198.000000,59020.833871,19.514372,28.085524,127.990419,35.429056,3566.881696,2412.330002
06/22/2026 16:20:51,0.000000,0.000000,74.549090,74.059548,65.405392,75.030104,77.703427,72.048316,67.746904,74.352701,36.109006,32.016831,32.445767,32.368062,37.803274,37.834645,35.554933,35.920411,35.613805,37.404029,36.273710,35.963899,34.231699,34.810699,33.648195,101.947995,32.352758,48.143723,26.993693,26.981633,26.858066,31.480609,31.632086,29.502901,36.084499,35.869707,30.665749,30.577651,35.300044,38.102212,34.773737,38.787434,36.480911,38.508957,33.427397,37.989779,34.735802,37.615963,33.160092,37.540860,33.091890,35.103707,32.440915,34.711849,33.570609,35.950673,32.898721,34.784184,117.618368,122.673225,160.854266,119.365046,172.193519,63.318555,49.883465,256.359206,120.190000,2.602000,270.600000,118.610000,2.057000,199.200000,59080.831486,20.096681,28.047042,129.193494,35.448787,3571.385017,2415.639426
06/22/2026 16:21:51,0.000000,0.000000,74.542342,74.054910,65.507507,75.041005,77.698715,72.058831,67.729165,74.321573,36.157869,32.045473,32.548230,32.414852,37.735744,37.806445,35.606032,35.920112,35.653837,37.384733,36.598747,35.828889,34.438136,34.890607,33.747826,102.694855,32.261798,47.807112,27.227079,27.103369,27.081049,31.418327,31.560452,29.477576,36.084001,35.919258,30.717839,30.546804,35.306600,38.103445,34.789038,38.769559,36.468567,38.496203,33.437665,37.994943,34.717034,37.619361,33.177283,37.528785,33.099940,35.105086,32.422280,34.701953,33.570027,35.934149,32.899469,34.780938,118.756730,123.639849,161.399432,120.367218,172.938643,63.403238,50.076417,259.691465,120.110000,2.624000,272.400000,118.690000,2.069000,201.100000,59140.830031,19.586439,28.220673,130.230789,35.446116,3575.915908,2418.974539
06/22/2026 16:22:51,0.000000,0.000000,74.529432,74.066519,65.325277,75.018364,77.703093,72.062390,67.705652,74.320648,36.045092,31.972596,32.456739,32.337060,37.128846,37.851574,35.583823,35.889939,35.619859,37.426426,36.526307,35.780666,34.477244,34.891998,33.615860,90.143489,32.425201,46.237637,25.889465,25.795137,25.668212,31.621653,31.890727,31.147141,35.950307,35.875456,30.527572,30.540066,35.283943,38.101185,34.772347,38.766633,36.456047,38.518591,33.425541,37.999558,34.704813,37.632376,33.168905,37.555371,33.082033,35.104958,32.431939,34.714128,33.576445,35.939219,32.886641,34.775237,107.539065,112.785083,159.219224,109.942611,169.625729,63.055173,49.047759,228.574549,120.370000,2.494000,256.800000,118.780000,1.950000,185.700000,59200.829517,18.947138,27.290499,120.156578,35.444795,3580.218372,2422.082792
06/22/2026 16:23:51,0.000000,0.000000,74.500978,73.999566,65.450318,74.987404,77.697073,72.019877,67.705258,74.300388,36.058056,31.833289,32.358548,32.153130,37.776734,37.710450,35.643559,35.851768,35.627070,37.335034,36.073555,35.615694,34.172195,34.880744,33.690400,100.096106,33.111887,46.724749,27.071927,26.950883,26.911140,32.120131,32.449375,30.717652,36.053380,35.874900,30.355405,30.401847,35.300743,38.099375,34.772705,38.800971,36.484188,38.521938,33.444904,38.018400,34.726837,37.641503,33.183582,37.550078,33.097404,35.115856,32.444653,34.735265,33.588728,35.935965,32.899100,34.785006,114.125935,119.246068,159.384145,116.113131,170.578899,62.776828,49.934155,245.105535,120.280000,2.575000,266.800000,118.730000,2.023000,195.200000,59260.827727,18.632055,28.092694,125.619361,35.457360,3584.632576,2425.305448
06/22/2026 16:24:51,0.000000,0.000000,74.516801,74.052613,65.302680,75.004875,77.703541,72.018335,67.734969,74.330714,36.064827,31.940775,32.402719,32.285408,37.547492,37.711016,35.561221,35.918281,35.620109,37.405456,36.252119,35.915279,34.281505,34.895504,33.696693,97.593268,31.669101,45.883639,26.438582,26.376469,26.275305,31.493401,31.798126,30.509018,36.004123,35.887200,30.431525,30.557100,35.299996,38.133082,34.780127,38.818947,36.473151,38.533444,33.453817,38.027225,34.725053,37.663591,33.174715,37.585901,33.091209,35.134061,32.464698,34.737030,33.586942,35.970058,32.918684,34.806317,114.275603,119.318967,159.660686,116.122168,170.688450,62.945797,49.229447,245.828341,120.440000,2.561000,265.500000,118.840000,2.016000,194.000000,59320.825854,18.428033,27.455606,125.852312,35.468902,3589.052077,2428.532013
06/22/2026 16:25:51,0.000000,0.000000,74.482680,74.039195,65.406618,74.996445,77.638291,71.991648,67.708445,74.341174,36.021450,31.907832,32.369375,32.245104,37.457944,37.769089,35.505852,35.880211,35.551895,37.391330,36.190599,35.667841,34.240414,34.875289,33.575899,100.252957,32.727831,47.273935,26.758850,26.728472,26.617756,32.092216,32.391221,32.075749,36.031881,35.872886,30.416228,30.354127,35.299389,38.126736,34.793190,38.793109,36.479679,38.531126,33.448819,38.017051,34.719717,37.633083,33.168946,37.566903,33.094653,35.113113,32.436562,34.710402,33.577600,35.943914,32.922693,34.785479,116.090040,120.829926,160.070810,117.701551,171.394651,63.012104,49.742853,250.650071,120.280000,2.586000,268.400000,118.480000,2.038000,196.800000,59380.823653,19.353670,27.920265,127.394243,35.458108,3593.507830,2431.795394
06/22/2026 16:26:51,0.000000,0.000000,74.484479,74.043532,65.453721,74.973191,77.655956,71.974246,67.731506,74.326432,36.212195,31.987915,32.446236,32.313240,37.329357,37.752358,35.528728,35.885360,35.649273,37.395210,36.334382,36.161742,34.394028,34.927236,33.593500,101.522715,32.609008,47.869748,27.077699,27.000429,26.917364,31.681870,31.949156,29.763651,36.072345,35.900513,30.590227,30.451039,35.289823,38.078775,34.776671,38.793884,36.448007,38.507482,33.420137,38.002883,34.697949,37.614930,33.143122,37.534149,33.081960,35.098235,32.414961,34.688190,33.570904,35.924394,32.903085,34.784102,117.049398,122.015600,160.530485,118.788305,172.051664,63.007748,50.058937,254.282554,120.230000,2.602000,270.300000,118.670000,2.047000,198.600000,59440.823124,19.664789,28.204959,128.542291,35.438682,3597.996874,2435.090865
06/22/2026 16:27:51,0.000000,0.000000,74.492557,74.022012,65.435399,74.948668,77.644143,71.979310,67.686115,74.294922,36.144406,32.018588,32.496008,32.359006,37.231584,37.778814,35.543243,35.894554,35.638593,37.398700,36.308217,35.684237,34.350925,34.865535,34.012158,102.121886,32.077079,47.463522,27.182371,27.081435,27.030861,31.349549,31.568753,29.455560,36.116889,35.944181,30.692110,30.511434,35.298021,38.119630,34.792235,38.797013,36.483275,38.527209,33.454206,38.015087,34.718188,37.612555,33.182006,37.552488,33.103154,35.109622,32.462419,34.707985,33.578734,35.931314,32.921086,34.773675,118.215504,123.177891,161.094384,119.859059,172.620809,63.157281,50.038448,258.413201,120.300000,2.612000,271.600000,118.510000,2.064000,200.800000,59500.821868,19.276985,28.186537,129.833984,35.456995,3602.514419,2438.414518
06/22/2026 16:28:51,0.000000,0.000000,74.518837,74.038581,65.431631,74.971306,77.663341,71.996093,67.719358,74.315646,36.118396,32.040066,32.548164,32.405003,37.250330,37.790919,35.639255,35.916118,35.663518,37.424013,36.398192,36.030346,34.459373,34.925136,33.801554,99.350197,32.049931,45.677125,26.892495,26.811194,26.763448,31.399162,31.609007,30.003724,36.077187,35.906685,30.697610,30.607527,35.317344,38.108409,34.794825,38.804003,36.498827,38.518440,33.463597,38.024291,34.738076,37.633697,33.213226,37.587075,33.107660,35.130077,32.450025,34.723882,33.601315,35.957815,32.929200,34.799068,105.820515,111.546630,161.037467,106.924160,171.931974,63.376009,48.671760,216.219856,120.340000,2.454000,252.100000,118.800000,1.909000,180.800000,59560.819029,18.729435,26.947690,115.892958,35.470043,3606.971234,2441.675195
06/22/2026 16:29:51,0.000000,0.000000,74.458194,74.005815,65.439115,74.939066,77.639624,71.960773,67.695846,74.301195,36.112830,31.779696,32.322822,32.121487,37.618480,37.846501,35.563689,35.859625,35.587502,37.374248,36.364742,36.034683,34.263580,34.890011,33.595676,98.643196,33.030565,46.614196,26.666785,26.569386,26.518761,32.131127,32.482163,32.497731,36.040820,35.869424,30.070386,30.122862,35.315884,38.110929,34.793809,38.802551,36.482661,38.524830,33.466473,38.011190,34.711614,37.638710,33.183342,37.566193,33.093203,35.104573,32.432442,34.722703,33.595249,35.933608,32.921534,34.774565,112.912339,117.740994,158.711465,115.210575,169.569360,62.875778,49.764120,247.216175,120.370000,2.568000,267.200000,118.810000,2.023000,195.600000,59620.817539,18.674743,27.939453,126.298263,35.459303,3611.269599,2444.787673
06/22/2026 16:30:51,0.000000,0.000000,74.476827,74.037145,65.499386,74.965961,77.673593,71.972077,67.694155,74.325305,36.156508,31.934115,32.478808,32.306522,37.738174,37.814177,35.552577,35.861806,35.627220,37.381163,36.427438,35.889349,34.345614,34.943156,33.922057,98.650975,31.985619,46.880667,26.806964,26.736826,26.628195,31.376553,31.798456,29.541009,36.006195,35.885286,30.583819,30.666689,35.301273,38.135238,34.774706,38.791488,36.475532,38.523900,33.456652,38.014394,34.721928,37.626005,33.180561,37.574035,33.101601,35.131127,32.425278,34.724146,33.594473,35.944793,32.892966,34.797514,113.756064,118.741551,159.466209,115.446316,170.700110,62.968755,49.443277,242.008119,120.380000,2.558000,264.800000,118.830000,2.008000,193.300000,59680.816422,19.231195,27.649472,124.615666,35.459381,3615.707795,2448.031807
06/22/2026 16:31:51,0.000000,0.000000,74.400686,74.013405,65.328865,74.937124,77.655375,71.949922,67.666711,74.301034,36.051049,31.914442,32.368413,32.237420,37.639929,37.661143,35.554377,35.845001,35.622274,37.343070,36.181673,35.941917,34.315298,34.906655,33.759560,99.329017,32.254416,47.002992,26.657298,26.574642,26.471744,31.735131,32.053593,31.385397,36.021033,35.859820,30.399960,30.493252,35.291022,38.122814,34.763939,38.800192,36.461964,38.528466,33.441255,38.020340,34.699066,37.637699,33.174718,37.566457,33.079974,35.137486,32.420537,34.721688,33.577797,35.931267,32.896014,34.789023,115.336040,120.372425,159.731286,117.092273,170.848389,63.164082,49.557767,249.246700,120.280000,2.582000,267.800000,118.750000,2.030000,195.900000,59740.814443,19.249919,27.753073,126.947605,35.453086,3620.142093,2451.273311
06/22/2026 16:32:51,0.000000,0.000000,74.402915,74.038893,65.264034,74.970964,77.620469,71.984305,67.627617,74.304944,36.002652,31.998951,32.406544,32.282846,37.498092,37.804803,35.596352,35.867472,35.552139,37.394669,36.450255,35.918929,34.180861,34.876985,33.814951,100.944616,32.661149,47.777334,26.922817,26.887528,26.755805,31.930598,32.149623,30.264025,36.050600,35.931913,30.542935,30.419472,35.277491,38.145108,34.760994,38.825064,36.467508,38.558718,33.459704,38.038994,34.700498,37.655036,33.178801,37.579799,33.082431,35.144369,32.422551,34.730661,33.584118,35.996914,32.904099,34.814830,116.626399,121.401235,160.237439,118.295707,171.589256,63.179516,49.797913,252.254131,120.360000,2.586000,269.400000,118.740000,2.040000,197.400000,59800.813288,19.807402,27.969932,127.902626,35.466384,3624.619118,2454.555887
06/22/2026 16:33:51,0.000000,0.000000,74.423155,74.051531,65.212280,74.936275,77.638947,71.960515,67.611237,74.310676,36.115985,32.055000,32.536402,32.380451,37.480582,37.804974,35.641752,35.899570,35.665094,37.399502,36.231989,35.960732,34.278233,34.974716,33.554447,102.135941,32.483090,48.162472,27.177696,27.091499,27.001011,31.555464,31.779996,29.602798,36.093106,35.905334,30.627169,30.510646,35.305216,38.123708,34.784227,38.800519,36.462593,38.531302,33.471653,38.027479,34.719099,37.637771,33.193708,37.591088,33.114831,35.132353,32.445636,34.715994,33.588974,35.962341,32.918122,34.789790,117.680923,122.630142,160.837480,119.396144,172.221233,63.347161,50.134778,256.500822,120.470000,2.602000,270.800000,118.720000,2.056000,199.400000,59860.812035,19.889358,28.273114,129.237768,35.465820,3629.121858,2457.864374
06/22/2026 16:34:51,0.000000,0.000000,74.455370,74.001721,65.457621,74.925150,77.639649,71.931547,67.656556,74.314210,36.157617,32.061686,32.580444,32.430068,37.776048,37.641263,35.652088,35.949320,35.662002,37.418521,36.193480,36.018984,34.538947,34.963868,33.601234,102.528675,31.936681,47.398755,27.154532,27.058508,26.996226,31.358664,31.556928,29.448630,36.088527,35.942829,30.707686,30.634280,35.305388,38.105329,34.787527,38.791005,36.487632,38.516986,33.481681,38.006260,34.730173,37.622287,33.195575,37.558911,33.126196,35.106006,32.438773,34.698679,33.601841,35.956568,32.934215,34.784556,118.691864,123.717308,161.467791,120.390768,172.987328,63.398511,50.039419,260.443080,120.300000,2.618000,272.400000,118.590000,2.067000,201.300000,59920.809714,19.211345,28.187410,130.463473,35.461779,3633.650183,2461.201106
06/22/2026 16:35:51,0.000000,0.000000,74.484127,74.024150,65.477288,74.927160,77.634915,71.951793,67.680516,74.302049,36.066101,32.015099,32.468946,32.307714,37.431738,37.744661,35.667134,35.909442,35.678981,37.393908,36.355654,36.471434,34.380529,35.013962,33.552799,89.727101,32.328269,46.743452,25.747350,25.694593,25.518090,31.623552,31.912226,31.273804,35.954851,35.866713,30.496042,30.498349,35.288998,38.143323,34.791063,38.793200,36.473497,38.541736,33.479488,38.026769,34.721046,37.661367,33.221311,37.588044,33.108002,35.135739,32.434353,34.723264,33.609137,35.965614,32.915060,34.814233,107.951499,113.111816,159.168912,110.446058,169.647611,63.143995,48.961819,230.486925,120.460000,2.497000,257.300000,118.730000,1.955000,186.400000,59980.808051,19.531173,27.212279,120.802238,35.471762,3637.945312,2464.304935
06/22/2026 16:36:51,0.000000,0.000000,74.416338,73.998616,65.172483,74.919784,77.592609,71.908356,67.678570,74.302232,36.053971,31.879518,32.374019,32.148034,37.570594,37.785815,35.565071,35.891125,35.587980,37.431753,36.355923,35.774541,34.242568,34.857484,33.513549,100.071012,33.056569,46.650691,27.085569,27.014999,26.960308,32.127284,32.443180,30.769382,36.043995,35.878358,30.312972,30.399372,35.304931,38.135349,34.801866,38.794240,36.499662,38.529868,33.487981,38.021379,34.731160,37.649346,33.206303,37.574001,33.117388,35.140667,32.465988,34.738257,33.601497,35.981912,32.949392,34.824091,114.203441,119.207413,159.447296,115.991678,170.535575,62.789424,49.975328,244.779253,120.300000,2.572000,266.700000,118.760000,2.028000,195.000000,60040.806716,18.520936,28.129755,125.514048,35.477764,3642.361991,2467.531141
06/22/2026 16:37:51,0.000000,0.000000,74.453189,74.007151,65.403724,74.910112,77.588864,71.889323,67.659943,74.296855,36.142339,31.954161,32.440108,32.311774,37.650587,37.700525,35.599750,35.900102,35.676842,37.374974,36.294198,35.697011,34.281620,34.876549,33.682905,97.800243,31.610858,46.023730,26.496789,26.391780,26.312178,31.399618,31.716829,30.227530,36.015428,35.895850,30.490152,30.390232,35.324210,38.151910,34.809733,38.829429,36.503170,38.541755,33.502609,38.065172,34.723237,37.660897,33.208519,37.592116,33.112911,35.156594,32.435262,34.736100,33.611330,35.998802,32.930270,34.818320,114.454737,119.374181,159.528253,116.266675,170.683337,62.975616,49.369670,245.832873,120.420000,2.570000,266.000000,119.000000,2.016000,194.400000,60100.805030,18.440938,27.582792,125.853771,35.485617,3646.779783,2470.757161
06/22/2026 16:38:51,0.000000,0.000000,74.458393,74.031811,65.270979,74.928321,77.606174,71.918620,67.687212,74.311651,36.077894,31.935211,32.415847,32.263778,37.402671,37.711628,35.549928,35.885290,35.613689,37.393303,36.378067,35.918549,34.241731,34.916517,33.697809,100.134143,32.665774,47.444870,26.849290,26.738502,26.693778,32.035766,32.373497,31.953387,36.028655,35.876746,30.427690,30.301334,35.308505,38.131403,34.803093,38.813114,36.484725,38.546755,33.489870,38.041554,34.728352,37.663784,33.205860,37.596986,33.097499,35.154522,32.442969,34.727021,33.597352,35.977780,32.934724,34.801918,116.089723,121.026164,160.159114,117.868670,171.402905,63.093789,49.661186,250.966643,120.580000,2.589000,268.800000,118.910000,2.037000,196.900000,60160.804054,19.598332,27.846538,127.494754,35.477389,3651.236655,2474.021803
06/22/2026 16:39:51,0.000000,0.000000,74.440918,74.032934,65.263141,74.938134,77.631537,71.929739,67.683756,74.284549,36.128406,32.006066,32.469705,32.325429,37.193347,37.870510,35.627745,35.865193,35.674421,37.405272,36.131506,35.805409,34.433696,34.926525,33.674548,101.593382,32.660233,48.071418,27.025970,26.980857,26.863174,31.766374,32.001579,29.835745,36.067406,35.923477,30.587039,30.465473,35.303732,38.141222,34.783195,38.800816,36.462687,38.544197,33.486408,38.029824,34.732542,37.655585,33.195327,37.590488,33.106480,35.136880,32.435054,34.734760,33.586002,35.978863,32.921075,34.821565,117.158719,121.972893,160.594565,118.961739,171.937860,63.213875,49.943283,254.465116,120.550000,2.597000,270.300000,119.160000,2.046000,198.300000,60220.802118,19.970506,28.100912,128.599688,35.472335,3655.725150,2477.316085
06/22/2026 16:40:51,0.000000,0.000000,74.459785,74.034471,65.364249,74.940621,77.613382,71.925452,67.666804,74.321419,36.248365,32.079919,32.507486,32.401136,37.349505,37.845403,35.621332,35.927434,35.716038,37.409224,36.557325,36.088934,34.321947,34.967399,33.829774,102.403252,32.265728,47.909592,27.130091,27.042997,26.962541,31.421302,31.640500,29.560824,36.097182,35.924913,30.686983,30.543978,35.302461,38.125379,34.769024,38.794219,36.489487,38.550180,33.474658,38.033894,34.730863,37.648608,33.198797,37.585541,33.086280,35.129145,32.444196,34.720661,33.602088,35.973201,32.916544,34.808617,118.290962,123.185323,161.133861,119.926754,172.650370,63.282217,49.960859,258.403490,120.860000,2.607000,271.800000,119.100000,2.058000,199.700000,60280.800656,19.792859,28.116733,129.830964,35.469192,3660.240345,2480.638005
06/22/2026 16:41:51,0.000000,0.000000,74.477069,74.040769,65.269348,74.955601,77.643475,71.954899,67.720766,74.311971,36.097313,32.086968,32.550115,32.436982,37.388667,37.925186,35.598398,35.933297,35.701791,37.441424,36.432888,36.114431,34.451780,35.002243,33.854747,98.958165,32.072677,45.734931,26.976074,26.906391,26.840318,31.396076,31.592555,29.568575,36.077712,35.947071,30.667832,30.675393,35.312146,38.161089,34.781753,38.805560,36.486357,38.559860,33.488842,38.035938,34.724487,37.659933,33.210037,37.604233,33.112471,35.140196,32.458399,34.739125,33.609029,35.998721,32.945570,34.812739,105.479953,111.017256,160.843475,106.323613,171.661151,63.366574,48.650688,215.037246,120.760000,2.446000,251.600000,119.050000,1.908000,180.200000,60340.798119,18.806498,26.928433,115.476128,35.482324,3664.686768,2483.884673
06/22/2026 16:42:51,0.000000,0.000000,74.443835,74.014285,65.248142,74.948355,77.624040,71.939996,67.709846,74.323964,35.998292,31.838209,32.268696,32.164922,37.212037,37.799932,35.516733,35.922090,35.577465,37.379707,36.353387,36.073919,34.234112,34.882740,33.851948,98.894754,32.972456,46.530396,26.584701,26.544042,26.411130,32.135189,32.439071,32.458199,36.075609,35.888276,30.043888,30.111729,35.306588,38.150692,34.794034,38.808953,36.481174,38.544537,33.499633,38.026387,34.722882,37.647285,33.209336,37.605747,33.115267,35.135004,32.460752,34.738850,33.620746,35.998004,32.931533,34.815588,112.985765,117.895332,158.726307,115.331843,169.620731,62.770606,49.671576,247.503452,120.020000,2.578000,266.900000,118.660000,2.023000,195.100000,60400.796443,18.674474,27.855922,126.390356,35.480650,3668.989451,2486.997833
06/22/2026 16:43:51,0.000000,0.000000,74.485694,74.066737,65.255422,74.974197,77.654853,71.973560,67.676750,74.320718,36.028661,32.013965,32.493168,32.316916,37.508955,37.906237,35.580362,35.919255,35.626902,37.436990,36.428891,35.705676,34.329354,34.985885,33.599065,98.201024,30.891633,45.423350,26.615574,26.590554,26.453531,31.340503,31.717863,29.469250,36.046767,35.872715,30.574289,30.654769,35.321775,38.130050,34.791884,38.798429,36.481415,38.535948,33.498098,38.045897,34.733157,37.659291,33.215744,37.586043,33.127509,35.142783,32.457880,34.728278,33.610160,35.974163,32.935275,34.797145,113.570920,118.807915,159.490903,115.303485,170.521142,62.883341,49.202451,242.568107,120.510000,2.553000,264.400000,118.820000,2.006000,192.700000,60460.795525,17.992254,27.431096,124.797784,35.478546,3673.421578,2490.235562
06/22/2026 16:44:51,0.000000,0.000000,74.538448,74.043402,65.574052,74.953628,77.663826,71.952071,67.709953,74.301664,36.056546,31.915073,32.395290,32.228633,37.480038,37.599822,35.631114,35.871661,35.617141,37.404263,36.234986,35.760423,34.328280,34.999002,33.633065,98.866867,32.309768,46.236119,26.573037,26.470269,26.405036,31.907848,32.255049,31.942148,36.055347,35.864466,30.369420,30.252173,35.332315,38.144528,34.806172,38.808233,36.497596,38.553853,33.516560,38.038976,34.750159,37.647947,33.244379,37.594632,33.131313,35.134607,32.457684,34.723989,33.630295,35.973867,32.949250,34.823062,115.319659,120.379815,159.818924,117.090827,171.007073,63.018965,49.513292,249.577029,120.330000,2.577000,267.400000,118.750000,2.029000,196.100000,60520.794249,18.523275,27.712844,127.052893,35.487971,3677.852317,2493.472493
06/22/2026 16:45:51,0.000000,0.000000,74.528279,74.028575,65.538572,74.967438,77.696540,71.948549,67.724969,74.318678,36.153764,31.917100,32.454701,32.262096,37.607869,37.721448,35.609582,35.883798,35.625361,37.394339,36.629604,35.927505,34.377187,34.957412,33.766039,100.932257,32.921217,47.838387,27.015676,26.929916,26.867818,32.162859,32.553022,31.295185,36.062947,35.870739,30.558483,30.357571,35.320543,38.142073,34.802045,38.804568,36.518404,38.554302,33.539223,38.067886,34.752576,37.661845,33.244150,37.601476,33.150876,35.165647,32.460805,34.739713,33.635380,35.972293,32.950799,34.813520,116.553590,121.447876,160.323849,118.280154,171.648946,63.053004,49.996497,252.142457,120.400000,2.591000,269.800000,118.760000,2.044000,197.900000,60580.792270,19.689584,28.148803,127.867305,35.494906,3682.326559,2496.753163
06/22/2026 16:46:51,0.000000,0.000000,74.557864,74.061561,65.369828,75.005798,77.720462,72.008240,67.702284,74.328297,36.153531,32.072266,32.527859,32.396528,37.550924,37.832872,35.650099,35.913228,35.639749,37.403832,36.242966,35.936877,34.338207,34.909148,33.946522,102.136285,32.423008,47.610851,27.202230,27.124520,27.073686,31.500090,31.811052,29.590630,36.104917,35.918033,30.636382,30.524282,35.351132,38.142963,34.799403,38.832389,36.495872,38.561846,33.521049,38.056935,34.736700,37.655750,33.225838,37.604479,33.141582,35.153274,32.460400,34.750450,33.627921,35.981686,32.953375,34.830282,117.700361,122.646674,160.922281,119.430814,172.153288,63.218044,50.077096,256.469100,120.410000,2.607000,271.100000,118.780000,2.059000,199.600000,60640.789931,19.389568,28.221283,129.227852,35.494166,3686.829633,2500.061506
06/22/2026 16:47:51,0.000000,0.000000,74.559502,74.064046,65.472309,74.989236,77.729216,71.992044,67.739050,74.302212,36.095186,32.075485,32.553760,32.415937,37.439369,37.754940,35.635378,35.927301,35.653586,37.417197,36.603808,35.814909,34.473829,34.882376,33.866498,102.042008,31.890162,47.787529,26.914937,26.859546,26.734087,31.501314,31.709368,29.832640,36.082740,35.939256,30.643923,30.630794,35.299705,38.143834,34.780465,38.821931,36.485633,38.555606,33.510772,38.057460,34.729687,37.654950,33.221604,37.612643,33.124189,35.146121,32.422529,34.721703,33.607573,35.995942,32.923799,34.812751,118.718749,123.734050,161.477357,120.397135,172.834290,63.313190,49.842485,260.532581,120.400000,2.617000,272.300000,118.900000,2.066000,200.400000,60700.788438,19.777414,28.010115,130.491149,35.481445,3691.358854,2503.395146
06/22/2026 16:48:51,0.000000,0.000000,74.591869,74.066832,65.548169,75.008457,77.728587,71.992258,67.759698,74.337073,36.138275,32.031564,32.476505,32.345068,37.636371,37.907243,35.576432,35.962273,35.656383,37.436787,36.363177,36.175263,34.299299,34.923927,33.612005,90.674735,32.728980,46.275686,25.882319,25.807662,25.664837,32.003181,32.291987,32.014753,35.976305,35.870009,30.489108,30.509263,35.305170,38.151488,34.771657,38.820670,36.477800,38.566334,33.497579,38.073297,34.719420,37.673888,33.199465,37.607421,33.102545,35.179061,32.427557,34.747808,33.620834,36.012262,32.926993,34.828799,107.321833,112.620911,159.348139,109.726766,169.684307,62.803851,49.078251,227.310368,120.500000,2.486000,256.300000,118.980000,1.941000,185.400000,60760.787862,18.957453,27.318233,119.727712,35.485502,3695.670648,2506.512563
06/22/2026 16:49:51,0.000000,0.000000,74.572228,74.058173,65.427072,75.039095,77.716179,72.009439,67.707006,74.321569,36.056558,31.905285,32.364161,32.190597,37.517840,37.875796,35.572656,35.892064,35.598101,37.423284,36.012275,35.963074,34.206460,34.964645,33.645974,100.566302,33.215699,47.395100,27.115510,27.064594,26.971917,32.227845,32.571722,30.879009,36.084283,35.892080,30.333914,30.377985,35.308486,38.112832,34.778853,38.804881,36.480318,38.543242,33.523651,38.066373,34.726218,37.667403,33.234136,37.614941,33.125964,35.158531,32.451885,34.724000,33.610318,35.987163,32.931446,34.823484,114.231603,119.255918,159.300295,116.216959,170.375053,62.323056,50.095644,245.558058,120.460000,2.577000,267.200000,118.720000,2.024000,195.200000,60820.785204,19.157147,28.237953,125.765259,35.483706,3700.081481,2509.732587
06/22/2026 16:50:51,0.000000,0.000000,74.692874,74.064303,65.551168,75.064666,77.748829,72.027896,67.734275,74.317342,35.998567,31.943170,32.474505,32.321971,37.288515,37.775170,35.567320,35.922606,35.641986,37.383960,36.432008,35.888783,34.236758,34.926182,33.507364,97.261799,31.186285,45.454087,26.351597,26.284117,26.196068,31.390793,31.745872,30.195519,36.052221,35.852037,30.449627,30.520988,35.327911,38.148531,34.811748,38.816430,36.512327,38.559277,33.538010,38.064823,34.743734,37.668946,33.227641,37.605388,33.132774,35.160004,32.464484,34.745065,33.628747,35.998452,32.951622,34.828977,114.241739,119.368464,159.465332,116.049661,170.599062,62.380251,48.947545,245.834168,120.410000,2.564000,265.300000,118.880000,2.013000,193.800000,60880.783813,18.254808,27.199279,125.854188,35.496745,3704.502796,2512.961679
06/22/2026 16:51:51,0.000000,0.000000,74.726395,74.109688,65.512010,75.072337,77.807840,72.068232,67.764099,74.341018,36.003729,31.937671,32.380935,32.237093,37.368200,37.684241,35.646721,35.899222,35.677277,37.353303,36.395118,35.678471,34.276361,34.897016,33.614509,100.114631,32.780689,47.237631,26.773982,26.664975,26.603106,32.160842,32.529211,32.325027,36.064884,35.903237,30.300567,30.242376,35.332325,38.173246,34.813426,38.835309,36.484972,38.561569,33.527434,38.070997,34.770336,37.681751,33.245105,37.647949,33.140859,35.176492,32.469017,34.737070,33.642505,36.006413,32.953978,34.827779,116.006864,121.119018,160.049133,117.776713,171.261547,62.475379,49.703816,251.138362,120.640000,2.583000,268.500000,118.900000,2.031000,196.900000,60940.782797,19.352599,27.885032,127.549238,35.504927,3708.954220,2516.223041
06/22/2026 16:52:51,0.000000,0.000000,74.809505,74.122670,65.488388,75.146203,77.863789,72.155075,67.743350,74.348752,35.987234,31.971416,32.518279,32.345805,37.324139,37.814749,35.672523,35.894455,35.641281,37.410666,36.644619,35.898781,34.404765,34.933531,33.521775,101.772440,32.856155,48.230478,27.040536,26.984258,26.890559,32.072480,32.350138,30.306664,36.117796,35.899026,30.593188,30.447610,35.318769,38.158414,34.806728,38.842767,36.497999,38.553373,33.529403,38.082481,34.744611,37.687496,33.227157,37.627447,33.134830,35.178900,32.475438,34.773441,33.642061,36.008627,32.947581,34.855547,117.035717,122.150226,160.612133,118.836564,171.862695,62.476207,49.968045,254.313628,120.430000,2.597000,270.000000,118.790000,2.049000,198.800000,61000.781202,20.107278,28.123200,128.552063,35.504654,3713.442462,2519.517592
06/22/2026 16:53:51,0.000000,0.000000,74.822692,74.201827,65.583735,75.206596,77.925253,72.233056,67.752448,74.375957,36.133491,32.140239,32.569554,32.423290,37.337480,37.797595,35.707850,35.943059,35.655141,37.425822,36.587217,36.180503,34.380436,34.877733,33.730867,102.678818,32.424884,48.150323,27.207239,27.150520,27.050404,31.528102,31.761992,29.600829,36.131355,35.969279,30.677702,30.568234,35.318603,38.159132,34.790203,38.820147,36.479344,38.568316,33.524450,38.066870,34.720063,37.689997,33.225830,37.629663,33.122763,35.190360,32.432222,34.781273,33.605043,36.039475,32.954700,34.847571,118.264752,123.294899,161.118792,120.094529,172.336752,62.575655,49.895215,258.601752,120.590000,2.613000,272.100000,118.970000,2.060000,200.400000,61060.779693,20.092697,28.057626,129.892601,35.498301,3717.959654,2522.843509
06/22/2026 16:54:51,0.000000,0.000000,74.830918,74.175812,65.876048,75.189365,77.933335,72.229326,67.762985,74.363162,36.097237,32.104248,32.589623,32.477787,37.594978,37.843331,35.669224,35.964678,35.714119,37.437370,36.849209,35.954004,34.422819,35.007001,33.768533,98.850845,32.014565,45.907054,26.940084,26.860573,26.804356,31.465802,31.640001,29.784171,36.089700,35.924516,30.709313,30.634016,35.319753,38.155419,34.818920,38.805031,36.508058,38.547956,33.554604,38.068721,34.752527,37.648096,33.263390,37.610005,33.158265,35.146861,32.450407,34.742769,33.644214,36.001031,32.963823,34.851349,105.388450,110.958346,160.619290,106.334501,171.423079,62.550793,48.728762,215.958798,120.520000,2.454000,251.800000,118.910000,1.910000,180.800000,61120.778131,18.907296,26.999758,115.801079,35.500560,3722.398618,2526.087420
06/22/2026 16:55:51,0.000000,0.000000,74.863757,74.193878,65.661129,75.227961,77.939394,72.260005,67.812867,74.393635,36.114489,31.851305,32.304468,32.197433,37.658109,37.812332,35.592753,35.896651,35.598467,37.440006,36.577962,35.789608,34.292724,34.856158,33.583503,99.095513,33.039222,46.671221,26.698271,26.637064,26.532115,32.215625,32.514584,32.571071,36.074986,35.927071,30.092300,30.101746,35.333450,38.162443,34.801291,38.823235,36.484188,38.560345,33.519539,38.070954,34.762310,37.687453,33.255507,37.627799,33.155182,35.181469,32.451326,34.748116,33.646460,36.012127,32.948824,34.847473,113.340459,118.063069,158.572694,115.600106,169.400823,62.068693,49.740911,247.916160,120.390000,2.579000,267.200000,118.990000,2.028000,195.600000,61180.776538,18.752709,27.918512,126.522529,35.503975,3726.710006,2529.211173
06/22/2026 16:56:51,0.000000,0.000000,74.845306,74.229108,65.625818,75.233639,77.969469,72.293247,67.799874,74.387506,36.138743,32.022688,32.547698,32.345533,37.469315,37.742012,35.670100,35.940309,35.659510,37.429739,36.321591,35.817010,34.408487,35.036134,33.841351,98.526100,31.689491,46.431056,26.716835,26.662777,26.566791,31.399084,31.771535,29.478384,36.051410,35.898176,30.590995,30.627640,35.327152,38.167651,34.808355,38.824527,36.494576,38.577770,33.536185,38.084430,34.748785,37.678397,33.242251,37.643785,33.134948,35.192761,32.447087,34.764753,33.636470,36.026524,32.952456,34.831140,113.825154,118.939316,159.392159,115.612513,170.423413,62.048489,49.413659,242.966573,120.490000,2.557000,265.100000,118.820000,2.008000,193.200000,61240.773565,18.808408,27.622648,124.927194,35.506000,3731.143814,2532.452290
06/22/2026 16:57:51,0.000000,0.000000,74.872265,74.233256,65.852079,75.237837,77.955553,72.323308,67.780920,74.370812,36.049831,31.948854,32.474399,32.282918,37.373059,37.784991,35.601749,35.915830,35.691058,37.413916,36.139278,35.991633,34.280796,34.904109,33.712444,99.613594,32.430431,47.267526,26.767484,26.680814,26.590793,31.905053,32.228675,31.734881,36.059363,35.904802,30.455480,30.264721,35.344347,38.176835,34.801031,38.823859,36.511520,38.564652,33.561632,38.080272,34.761465,37.702079,33.254327,37.635465,33.159963,35.188455,32.441876,34.744166,33.650944,36.032983,32.967649,34.856053,115.554317,120.541765,159.552814,117.369330,170.821722,62.203135,49.648853,249.844561,120.490000,2.576000,268.200000,118.850000,2.030000,196.500000,61300.773293,19.432128,27.835398,127.138094,35.512979,3735.580821,2535.697192
06/22/2026 16:58:51,0.000000,0.000000,74.857334,74.247487,65.706313,75.265072,77.927137,72.344280,67.770802,74.373454,36.173527,31.985538,32.518146,32.346655,37.361237,37.781571,35.608167,35.949705,35.611021,37.411419,36.681657,36.016105,34.324848,34.980940,33.682903,101.324487,32.768517,47.946852,27.067289,27.007884,26.900028,31.959931,32.184710,30.170343,36.113285,35.933047,30.592213,30.435664,35.330381,38.169101,34.790637,38.816607,36.491624,38.581447,33.535444,38.082206,34.734133,37.665566,33.252421,37.619868,33.143095,35.185371,32.429441,34.764738,33.654221,36.022966,32.953739,34.841733,116.567655,121.650671,160.185912,118.302238,171.355551,62.390353,49.972026,252.870119,120.530000,2.593000,269.900000,118.890000,2.042000,198.300000,61360.771558,19.820069,28.126783,128.097256,35.503237,3740.059497,2538.982375
06/22/2026 16:59:51,0.000000,0.000000,74.843746,74.236848,65.517456,75.243546,77.961665,72.324799,67.811272,74.364576,36.156528,32.093970,32.589580,32.411223,37.545635,37.791352,35.666336,35.932560,35.686609,37.428044,36.273854,36.446500,34.385705,34.944639,33.872214,102.300734,32.502792,48.159983,27.160856,27.068405,27.031602,31.553900,31.772641,29.569126,36.141178,35.933930,30.653717,30.578334,35.318896,38.170907,34.782973,38.828399,36.484511,38.577884,33.539410,38.093148,34.749999,37.686678,33.236500,37.636297,33.150174,35.210608,32.444533,34.769959,33.644348,36.029950,32.962707,34.854671,117.802059,122.758642,160.753535,119.574905,171.990476,62.532594,50.096227,257.203560,120.490000,2.608000,271.100000,118.810000,2.058000,199.500000,61420.769891,19.921506,28.238477,129.457217,35.508628,3744.567261,2542.294505
06/22/2026 17:00:51,0.000000,0.000000,74.842390,74.240564,65.776618,75.248139,77.933409,72.318391,67.756425,74.393852,36.048461,32.154468,32.598007,32.448769,37.342023,37.805670,35.699433,35.993548,35.715825,37.470016,36.470368,35.859560,34.434251,34.978962,33.905831,102.609248,32.123206,47.345475,27.152738,27.098250,27.014855,31.522938,31.642782,29.563108,36.143083,35.986767,30.702432,30.627497,35.326123,38.188708,34.800784,38.831998,36.511974,38.577024,33.533657,38.086806,34.760929,37.676797,33.237732,37.631777,33.140419,35.188022,32.428987,34.758268,33.641080,36.037763,32.954604,34.848805,117.866005,123.242482,161.230395,119.658812,172.616295,62.635414,49.886184,245.063132,120.440000,2.596000,269.800000,118.820000,2.041000,196.900000,61480.769128,19.295984,28.049491,125.605680,35.508113,3749.099897,2545.630629
06/22/2026 17:01:51,0.000000,0.000000,74.870480,74.264869,65.562853,75.245070,77.953923,72.335226,67.748552,74.364059,36.086146,31.994293,32.417463,32.315063,37.503578,37.800566,35.617184,35.969790,35.690618,37.459452,36.373478,36.011672,34.335938,34.944130,33.787870,90.553593,32.658193,46.859564,26.116465,26.048973,25.873634,31.871785,32.159846,31.817438,36.038518,35.918943,30.302555,30.324025,35.328408,38.168460,34.800005,38.837843,36.502656,38.572585,33.537187,38.082929,34.746835,37.679989,33.255467,37.633062,33.141728,35.180019,32.469887,34.761472,33.642956,36.028119,32.948339,34.844772,109.750552,114.830476,158.590887,112.275418,168.963234,62.253555,49.356075,237.389023,120.500000,2.533000,262.000000,118.910000,1.987000,190.600000,61540.767393,19.289094,27.570470,123.102201,35.508136,3753.365329,2548.706123
06/22/2026 17:02:51,0.000000,0.000000,74.848871,74.260579,65.737049,75.262318,77.971117,72.291092,67.777067,74.382207,36.133488,31.961293,32.430772,32.256098,37.768518,37.712839,35.607879,35.945874,35.637859,37.431565,36.268083,35.952980,34.294431,34.994447,33.792311,99.831135,32.956171,47.352353,26.968610,26.924836,26.805037,31.885698,32.233370,30.217309,36.114783,35.916386,30.466692,30.478691,35.341698,38.196277,34.815390,38.836822,36.503765,38.579872,33.561400,38.094120,34.766943,37.708862,33.269668,37.648953,33.162842,35.190882,32.442978,34.762507,33.645325,36.038895,32.969658,34.850075,114.098066,119.253315,159.322859,115.942164,170.345232,62.110691,49.788882,243.051542,120.500000,2.563000,265.100000,118.830000,2.012000,193.600000,61600.765534,19.390565,27.961788,124.954770,35.519347,3757.800608,2551.949300
06/22/2026 17:03:51,0.000000,0.000000,74.834723,74.276860,65.662955,75.281302,77.954261,72.316922,67.780273,74.379470,36.105078,31.983048,32.504095,32.351000,37.568455,37.695738,35.666584,35.949639,35.674560,37.402759,36.347253,36.052757,34.335394,35.034488,33.667735,98.707418,32.091932,46.669537,26.725589,26.638916,26.529370,31.621959,31.911969,30.712506,36.065022,35.933050,30.462066,30.454214,35.326223,38.179974,34.801059,38.838449,36.489259,38.586592,33.551283,38.110052,34.754555,37.716848,33.251997,37.645963,33.142942,35.205167,32.452864,34.765200,33.655128,36.049554,32.959093,34.852397,114.685969,119.794168,159.321816,116.576850,170.471222,62.223633,49.541356,247.617392,120.480000,2.574000,266.700000,119.010000,2.022000,195.300000,61660.763413,18.931306,27.738231,126.426862,35.516730,3762.223508,2555.179437
06/22/2026 17:04:51,0.000000,0.000000,74.872461,74.293909,65.539655,75.262894,77.950644,72.340400,67.790503,74.359185,36.193397,31.985929,32.489179,32.340747,37.209014,37.739025,35.639295,35.927230,35.649956,37.421975,36.180114,36.068236,34.262590,34.977268,33.647484,100.896200,32.749023,47.912885,26.948102,26.892266,26.773763,32.077173,32.385971,31.338607,36.112378,35.919296,30.494581,30.344481,35.362931,38.169737,34.831228,38.824779,36.513319,38.573068,33.570100,38.079993,34.769169,37.664678,33.275078,37.656544,33.178213,35.206658,32.473932,34.754975,33.664877,36.045103,32.965291,34.837735,116.299491,121.371144,159.957341,118.117062,171.195195,62.259655,49.965326,251.809539,120.580000,2.586000,269.000000,119.060000,2.038000,197.500000,61720.762623,19.792132,28.120753,127.761945,35.520870,3766.691143,2558.454727
06/22/2026 17:05:51,0.000000,0.000000,74.850554,74.285938,65.597382,75.249054,77.941477,72.307867,67.816479,74.371434,36.200245,32.066705,32.550324,32.418859,37.394529,37.683160,35.669292,35.939944,35.721934,37.427928,36.501256,36.165023,34.404416,34.995263,33.838321,102.137644,32.590423,48.017329,27.192575,27.136302,27.064474,31.656188,31.887840,29.695141,36.153338,35.950965,30.692698,30.475167,35.339523,38.172027,34.821422,38.822083,36.517289,38.570848,33.580305,38.086507,34.764621,37.679150,33.282289,37.649131,33.166201,35.190687,32.488598,34.764178,33.671427,36.025063,32.978728,34.852028,117.417036,122.404905,160.456493,119.198656,171.714253,62.410728,49.934349,255.547546,120.650000,2.599000,270.900000,118.880000,2.051000,199.000000,61780.760862,19.924461,28.092868,128.939411,35.521105,3771.183706,2561.755602
06/22/2026 17:06:51,0.000000,0.000000,74.816936,74.312329,65.445065,75.242547,77.935833,72.336933,67.774713,74.375221,36.170725,32.161196,32.636307,32.460620,37.468301,37.857208,35.679033,35.993969,35.733155,37.489076,36.168069,36.077297,34.448736,35.003191,33.680659,102.635011,32.156783,47.890026,27.177058,27.106492,27.069998,31.421115,31.626948,29.479475,36.183165,35.993643,30.735200,30.590444,35.356203,38.199690,34.805654,38.840815,36.523118,38.571365,33.580380,38.106798,34.770803,37.700777,33.285599,37.660821,33.168054,35.200958,32.481112,34.774351,33.655853,36.071533,33.000265,34.858436,118.408453,123.471828,161.027284,120.302173,172.306926,62.505630,50.191974,259.100563,120.530000,2.611000,272.300000,118.970000,2.062000,200.400000,61840.758963,19.565553,28.324473,130.047528,35.530629,3775.706396,2565.084108
06/22/2026 17:07:51,0.000000,0.000000,74.854549,74.281480,65.667195,75.241579,77.958442,72.312656,67.806103,74.396646,36.173276,32.149074,32.567710,32.427196,37.367446,37.929605,35.678827,36.004835,35.727290,37.458028,36.530063,36.023211,34.523216,34.960118,33.759063,94.039044,32.252808,44.994620,25.954063,25.875386,25.745492,31.607774,31.866159,30.926939,36.077301,35.957732,30.596998,30.610024,35.334454,38.208934,34.798840,38.864043,36.522923,38.586179,33.574410,38.127183,34.749137,37.714985,33.272563,37.674814,33.168303,35.228247,32.465792,34.792160,33.652812,36.057873,32.968554,34.873365,105.914455,111.511930,159.581667,107.377523,169.911441,62.444291,48.544938,217.114542,120.660000,2.444000,251.300000,118.890000,1.906000,180.100000,61900.756523,18.162901,26.831719,116.207265,35.531779,3780.067274,2568.248951
06/22/2026 17:08:51,0.000000,0.000000,74.801760,74.304754,65.728718,75.254640,77.965568,72.327881,67.837409,74.394316,35.933677,31.915765,32.411997,32.229419,37.780908,37.748209,35.667187,35.939169,35.629793,37.443853,36.065206,35.828980,34.369891,34.940809,33.591942,100.173806,33.292773,47.022307,26.972779,26.866468,26.821201,32.358918,32.712521,32.668941,36.117375,35.940238,30.264255,30.257613,35.355009,38.185251,34.805712,38.849699,36.525129,38.584407,33.581066,38.112974,34.753054,37.715353,33.269099,37.651481,33.172296,35.231343,32.416409,34.785876,33.666950,36.049828,32.973535,34.853942,114.364062,118.997434,158.738331,116.371706,169.720995,62.047156,49.943088,247.657530,120.440000,2.576000,267.300000,118.910000,2.030000,195.800000,61960.755002,18.921571,28.100736,126.439719,35.526921,3784.441773,2571.433786
06/22/2026 17:09:51,0.000000,0.000000,74.815915,74.270723,65.619597,75.214277,77.961955,72.288650,67.847200,74.363874,36.139833,32.034465,32.552351,32.388765,37.535256,37.826930,35.677709,35.947030,35.709334,37.449394,36.473620,35.976981,34.456932,35.066806,33.619814,98.474778,31.892190,46.456853,26.756600,26.656080,26.603983,31.358646,31.744022,29.708144,36.081333,35.945378,30.564509,30.580373,35.346188,38.214885,34.811780,38.860590,36.530877,38.610003,33.584170,38.127034,34.753867,37.729420,33.285732,37.670675,33.179846,35.222028,32.467114,34.770278,33.677535,36.043554,32.974171,34.880743,114.044269,119.116224,159.209840,115.828782,170.261407,62.137814,49.482411,244.366545,120.520000,2.555000,265.500000,118.910000,2.010000,193.900000,62020.752859,18.771954,27.684899,125.380700,35.537025,3788.868171,2574.665976
06/22/2026 17:10:51,0.000000,0.000000,74.788875,74.271568,65.669568,75.196170,77.948116,72.287007,67.801012,74.368768,36.081839,31.979716,32.476304,32.313585,37.603328,37.815447,35.663769,35.941952,35.673462,37.430840,36.362976,35.580962,34.444070,34.957291,33.771503,100.162842,32.576150,47.527159,26.814659,26.710123,26.667546,31.961533,32.285979,31.826111,36.119411,35.927659,30.470013,30.308225,35.363669,38.158989,34.815336,38.825736,36.522701,38.569624,33.590178,38.086723,34.759072,37.690856,33.298397,37.640844,33.166746,35.196993,32.459786,34.762620,33.667646,36.055393,32.976172,34.856130,115.887501,120.821808,159.585174,117.687367,170.783286,62.261539,49.704302,250.805929,120.240000,2.582000,268.300000,118.580000,2.034000,197.200000,62080.751841,19.641688,27.885471,127.443739,35.523181,3793.316873,2577.922893
06/22/2026 17:11:51,0.000000,0.000000,74.814725,74.263191,65.549198,75.210435,77.942551,72.298355,67.786481,74.357308,36.183531,32.075273,32.562444,32.396135,37.299879,37.761783,35.719391,35.947953,35.698123,37.456773,36.449141,36.013103,34.304975,34.969508,33.652720,101.547433,32.656259,47.849781,27.001879,26.945152,26.863006,31.802736,32.017879,29.869463,36.155668,35.929380,30.623733,30.424486,35.378214,38.183642,34.827585,38.847632,36.543706,38.589693,33.601932,38.147805,34.771621,37.709104,33.305657,37.679885,33.178507,35.206951,32.483567,34.779605,33.676215,36.059065,32.980323,34.867811,116.979312,121.749129,160.154192,118.653613,171.363387,62.360152,49.914927,253.731304,120.270000,2.597000,270.100000,118.850000,2.043000,198.400000,62140.749654,19.774401,28.075380,128.368807,35.540926,3797.802265,2581.213606
06/22/2026 17:12:51,0.000000,0.000000,74.770254,74.293522,65.526450,75.233987,77.927300,72.305038,67.787374,74.392856,36.233850,32.143652,32.592533,32.451691,37.640648,37.899149,35.645192,36.002657,35.704171,37.504802,36.456954,35.828363,34.430510,35.019565,33.882550,102.536630,32.409028,48.224637,27.260096,27.172117,27.108639,31.551441,31.737662,29.678591,36.154743,35.997543,30.665142,30.484499,35.348802,38.195849,34.807294,38.837593,36.507824,38.586127,33.569471,38.099227,34.738362,37.690550,33.270029,37.668317,33.146473,35.215783,32.465295,34.781386,33.659789,36.069257,32.970909,34.862411,118.040177,123.065132,160.781909,119.760356,171.938782,62.471826,50.166726,258.019590,120.410000,2.609000,271.700000,118.700000,2.062000,200.200000,62200.748338,19.922831,28.301806,129.711521,35.524537,3802.316888,2584.533588
06/22/2026 17:13:51,0.000000,0.000000,74.804527,74.305409,65.671296,75.209648,77.951448,72.290784,67.824622,74.355419,36.195203,32.159987,32.704029,32.504974,37.501327,37.899938,35.750225,35.995608,35.785997,37.464889,36.651991,35.822068,34.583044,34.997300,33.900792,101.007476,32.310290,44.704298,27.127928,27.037261,27.030352,31.449735,31.615471,29.615146,36.178970,36.004946,30.753261,30.573794,35.358704,38.191141,34.817244,38.848376,36.538550,38.606622,33.586541,38.132339,34.772056,37.721911,33.309367,37.676061,33.177330,35.224395,32.437461,34.776492,33.664659,36.075884,32.986257,34.881269,109.354858,114.833172,160.862646,111.290825,172.202196,62.492732,48.946476,218.385196,120.390000,2.474000,254.500000,118.810000,1.925000,182.500000,62260.746438,17.505992,27.198306,116.652125,35.539133,3806.812195,2587.832128
06/22/2026 17:14:51,0.000000,0.000000,74.755060,74.265214,65.413687,75.190114,77.904614,72.227959,67.820962,74.351364,36.028137,31.919459,32.385435,32.246070,37.315223,37.713043,35.667493,35.983763,35.652961,37.462548,36.412432,35.846885,34.394041,35.021256,33.510513,96.994178,32.937703,47.164762,26.530113,26.419745,26.317834,32.059189,32.385344,32.343970,36.108381,35.935229,30.128596,30.057014,35.379838,38.193652,34.832024,38.838811,36.540242,38.595949,33.606451,38.097897,34.784929,37.708664,33.319366,37.665236,33.195916,35.203038,32.513001,34.772510,33.696204,36.075009,33.012263,34.863754,111.834737,116.691209,158.224255,114.328405,168.945176,62.067725,49.766062,245.171245,120.450000,2.563000,266.000000,118.740000,2.010000,194.700000,62320.744743,19.223557,27.941205,125.640558,35.544738,3811.083766,2590.916871
06/22/2026 17:15:51,0.000000,0.000000,74.704615,74.248140,65.500244,75.168328,77.870268,72.186602,67.788525,74.369482,36.079900,32.027188,32.510830,32.333733,37.378459,37.893778,35.649936,35.960012,35.643167,37.472226,36.366793,35.892077,34.361217,35.002647,33.746090,99.243439,32.019232,47.056507,26.962635,26.886252,26.803291,31.495927,31.926720,29.727818,36.120383,35.943690,30.629220,30.625128,35.335735,38.204910,34.821576,38.843419,36.519342,38.581283,33.579256,38.133976,34.769709,37.708525,33.288948,37.670338,33.162929,35.227763,32.453297,34.781684,33.660532,36.067784,32.982722,34.888387,113.863118,118.952148,159.131098,115.555594,170.166854,62.037932,49.689153,242.622326,120.590000,2.555000,265.200000,118.950000,2.008000,193.300000,62380.743610,19.184713,27.871794,124.815401,35.534106,3815.526793,2594.165976
06/22/2026 17:16:51,0.000000,0.000000,74.721843,74.268336,65.371983,75.176871,77.814371,72.227383,67.746508,74.359072,36.148795,32.000746,32.502196,32.317133,37.622764,37.916615,35.666553,35.960237,35.697479,37.462319,36.423269,36.046060,34.245691,35.018028,33.601078,99.104785,32.210325,46.654263,26.646535,26.560751,26.469542,31.776148,32.099909,31.468746,36.113937,35.968244,30.420821,30.386227,35.348594,38.233622,34.796064,38.876285,36.503147,38.631785,33.582546,38.149115,34.747210,37.736487,33.273291,37.701170,33.165333,35.248335,32.454812,34.803983,33.671314,36.100674,32.971505,34.894492,115.310713,120.164591,159.257625,117.087537,170.442880,62.241939,49.710322,249.082750,120.470000,2.571000,267.100000,118.800000,2.027000,195.900000,62440.743020,18.763358,27.890905,126.895312,35.544488,3819.954333,2597.401945
06/22/2026 17:17:51,0.000000,0.000000,74.684784,74.272266,65.379372,75.173304,77.841549,72.235246,67.737195,74.361245,36.156305,32.052357,32.541322,32.342674,37.731218,37.825779,35.618541,35.964061,35.679741,37.453020,36.389612,35.740628,34.473969,34.968103,33.527621,101.122580,32.912705,47.914691,27.007571,26.950397,26.857174,32.226566,32.542868,31.458333,36.161484,35.970628,30.527966,30.434395,35.352611,38.218634,34.817714,38.853256,36.513375,38.609321,33.580818,38.137101,34.779500,37.716954,33.297019,37.687204,33.176936,35.245723,32.449968,34.785709,33.685437,36.082430,33.007689,34.884469,116.516834,121.482675,159.856846,118.324324,171.224936,62.239088,49.739940,252.389597,120.500000,2.592000,268.900000,118.840000,2.041000,197.800000,62500.741269,19.997055,27.917636,127.945456,35.544093,3824.427925,2600.682044
06/22/2026 17:18:51,0.000000,0.000000,74.634448,74.223174,65.283615,75.141236,77.803687,72.189929,67.730595,74.353428,36.088442,32.111875,32.588795,32.377546,37.542231,37.748622,35.679771,35.996036,35.696460,37.453788,36.439070,36.413436,34.480795,34.891557,33.902109,102.318471,32.614102,48.277873,27.164993,27.112292,27.018041,31.687392,31.907013,29.700511,36.206811,35.969465,30.684128,30.435832,35.358472,38.200185,34.798743,38.847177,36.533955,38.583498,33.607248,38.114359,34.766420,37.697735,33.323549,37.673816,33.186937,35.229988,32.482218,34.777952,33.688773,36.059186,32.990666,34.858616,117.600309,122.585595,160.401117,119.244554,171.611947,62.307576,49.948429,256.155765,120.560000,2.599000,271.000000,118.890000,2.054000,199.200000,62560.739325,20.172329,28.105544,129.129861,35.538975,3828.930252,2603.989548
06/22/2026 17:19:51,0.000000,0.000000,74.654899,74.260969,65.513207,75.141622,77.832279,72.191163,67.777497,74.364035,36.256032,32.185527,32.667740,32.460938,37.488508,37.867244,35.726675,36.017679,35.747189,37.484072,36.441952,36.116137,34.516051,34.955618,33.761729,102.830830,32.113088,47.763382,27.273883,27.152856,27.087960,31.479132,31.674269,29.543789,36.195271,36.003537,30.746049,30.550223,35.352550,38.201792,34.795412,38.861956,36.540759,38.580573,33.602083,38.121968,34.770957,37.723909,33.302306,37.673017,33.183992,35.227493,32.439681,34.799786,33.693760,36.084528,33.004087,34.891519,118.651695,123.654158,160.962554,120.347060,172.292209,62.484341,50.002518,260.264563,120.420000,2.620000,272.500000,119.020000,2.069000,201.100000,62620.737686,19.609162,28.154220,130.408250,35.542606,3833.460433,2607.323596
06/22/2026 17:20:51,0.000000,0.000000,74.619935,74.286445,65.421471,75.160078,77.790893,72.221126,67.742054,74.373675,36.111723,32.119697,32.550801,32.393905,37.714937,37.863847,35.651285,36.004319,35.741016,37.514159,36.365847,35.884661,34.419462,35.043553,33.836703,89.764567,32.508009,46.565157,25.956589,25.889089,25.722498,31.813401,32.070370,31.579961,36.077950,35.966352,30.491125,30.403200,35.342867,38.223057,34.796760,38.880066,36.513988,38.646570,33.606752,38.162127,34.748302,37.746854,33.299691,37.706212,33.177108,35.264955,32.447026,34.795317,33.672407,36.088036,32.983245,34.904430,107.881505,112.967774,158.473415,110.491483,168.802957,62.203542,48.891805,231.068763,120.810000,2.503000,258.400000,119.290000,1.956000,186.900000,62680.736037,19.416661,27.148496,120.997946,35.550289,3837.748954,2610.419787
06/22/2026 17:21:51,0.000000,0.000000,74.639064,74.262038,65.603134,75.126761,77.832200,72.192356,67.804825,74.391150,36.101654,32.002765,32.489091,32.281661,37.682989,37.902156,35.694260,35.979076,35.696831,37.485543,36.397834,35.846881,34.450836,34.891325,33.754549,100.231711,33.197611,46.788934,27.117876,27.050434,26.978307,32.202619,32.539390,30.731186,36.131484,35.942835,30.376526,30.339264,35.349322,38.226840,34.791012,38.872582,36.526266,38.611143,33.604861,38.137036,34.762136,37.729704,33.310572,37.682564,33.175216,35.233368,32.435345,34.774556,33.679598,36.081479,32.987907,34.886464,114.144102,119.102578,158.839626,115.915113,169.953619,61.971053,50.143421,244.403607,120.680000,2.565000,265.800000,118.860000,2.010000,194.700000,62740.734175,18.508057,28.280877,125.392681,35.542899,3842.166374,2613.645521
06/22/2026 17:22:51,0.000000,0.000000,74.592713,74.263863,65.333281,75.109807,77.780775,72.188480,67.784158,74.352467,36.091602,32.039394,32.522139,32.371316,37.630625,37.881177,35.629229,35.963229,35.704494,37.458268,36.298366,36.056594,34.335246,35.035670,33.724889,98.173175,31.947280,46.687929,26.615722,26.574617,26.467402,31.556163,31.860436,30.467063,36.113813,35.966348,30.486664,30.362779,35.370044,38.226731,34.820993,38.865786,36.542813,38.613080,33.605477,38.148229,34.789344,37.729855,33.313096,37.700541,33.178499,35.257034,32.459983,34.802650,33.702845,36.105542,32.999323,34.884548,114.250106,119.356292,159.078498,116.093899,170.067435,62.397918,49.574858,245.876572,120.740000,2.561000,266.100000,119.140000,2.013000,194.100000,62800.732502,18.919402,27.768527,125.867839,35.555821,3846.583556,2616.869875
06/22/2026 17:23:51,0.000000,0.000000,74.612099,74.222800,65.460115,75.078375,77.798282,72.123883,67.861349,74.350438,36.152722,32.020272,32.502139,32.340461,37.654777,37.742719,35.712281,35.981148,35.696092,37.441485,36.467915,35.973182,34.343965,35.045268,33.553201,100.524109,32.792952,47.482855,26.960070,26.891727,26.776932,32.113707,32.446512,31.938746,36.160805,35.940718,30.525945,30.290573,35.376256,38.223647,34.805112,38.851309,36.530201,38.608888,33.606589,38.145748,34.791287,37.732234,33.323586,37.695948,33.198277,35.248392,32.467769,34.782860,33.712786,36.080914,33.000482,34.882600,116.056030,120.962968,159.585904,117.871666,171.052822,62.938852,49.871617,250.889604,120.770000,2.584000,268.400000,118.930000,2.037000,196.900000,62860.730174,19.446487,28.036368,127.470303,35.553244,3851.038688,2620.133360
06/22/2026 17:24:51,0.000000,0.000000,74.580592,74.205653,65.374861,75.059460,77.801321,72.084133,67.812826,74.335259,36.135929,32.066145,32.580898,32.384103,37.565541,37.790485,35.802467,35.949075,35.716504,37.461410,36.717978,36.104305,34.382171,35.029792,33.897653,101.659095,32.619786,48.120739,27.107728,27.013040,26.930457,31.712303,31.942613,29.747739,36.169807,35.971424,30.646879,30.404740,35.358580,38.220608,34.815106,38.863899,36.530364,38.609492,33.613860,38.127608,34.766862,37.724690,33.317205,37.712140,33.181553,35.243236,32.460816,34.789039,33.689215,36.096824,32.970538,34.891753,117.073555,122.004370,160.178444,118.799149,171.472958,63.198682,49.897157,254.212150,120.390000,2.600000,269.700000,118.760000,2.047000,198.100000,62920.729680,20.061363,28.059376,128.520149,35.549169,3855.525457,2623.426777
06/22/2026 17:25:51,0.000000,0.000000,74.581521,74.230259,65.433049,75.068815,77.761385,72.134633,67.820337,74.340599,36.283162,32.158508,32.624282,32.464841,37.533937,37.871563,35.715942,36.000750,35.746871,37.491711,36.560245,35.899482,34.483118,35.000304,33.919268,102.548374,32.356179,47.698056,27.196324,27.125314,27.058019,31.507630,31.682717,29.525489,36.200259,36.009412,30.716753,30.582986,35.362969,38.205549,34.816244,38.856206,36.539215,38.623176,33.606309,38.153603,34.764580,37.743186,33.315138,37.703897,33.181109,35.257864,32.440799,34.787200,33.694925,36.099417,33.000921,34.898116,118.169291,123.276778,160.861560,119.974762,172.341023,63.436516,49.977173,257.895292,120.480000,2.608000,271.500000,118.780000,2.060000,200.100000,62980.727843,19.566641,28.131415,129.672822,35.552521,3860.039264,2626.747731
06/22/2026 17:26:51,0.000000,0.000000,74.565704,74.241494,65.349129,75.069221,77.735685,72.131650,67.789141,74.339656,36.193366,32.210649,32.658603,32.475855,37.686752,37.919614,35.722385,36.016491,35.750049,37.505933,36.698829,36.110175,34.493217,35.062717,33.908409,100.082942,32.074911,45.288962,27.038168,26.951516,26.923531,31.476400,31.644361,29.681074,36.169214,36.000502,30.697536,30.639091,35.348290,38.205496,34.804165,38.843746,36.521838,38.613348,33.604858,38.145893,34.780788,37.731053,33.312951,37.687581,33.176102,35.245778,32.442015,34.788328,33.692946,36.089473,32.999178,34.870212,106.908367,112.563696,160.878195,108.312083,171.991965,63.467879,48.625634,216.962568,120.430000,2.462000,252.500000,118.930000,1.916000,181.200000,63040.725144,18.383431,26.905531,116.153939,35.545202,3864.513122,2630.022504
06/22/2026 17:27:51,0.000000,0.000000,74.531511,74.218703,65.403856,75.059850,77.741502,72.103174,67.812080,74.362419,36.052142,31.930687,32.383303,32.244390,37.308690,37.802403,35.649701,35.940291,35.645964,37.506843,36.492193,35.621938,34.398578,35.065251,33.629046,98.014485,33.019950,46.639161,26.609651,26.546652,26.421717,32.164422,32.481638,32.482083,36.125626,35.963992,30.052784,30.072237,35.347106,38.221099,34.802712,38.861276,36.521304,38.607518,33.597215,38.134531,34.775588,37.740455,33.321866,37.697331,33.199120,35.248346,32.439254,34.807966,33.696621,36.100222,32.992982,34.891970,112.354405,117.323715,158.480566,114.821626,169.132461,62.946757,49.528829,246.438988,120.270000,2.567000,267.000000,118.800000,2.020000,195.200000,63100.723430,18.912261,27.726900,126.048745,35.550224,3868.798690,2633.120190
06/22/2026 17:28:51,0.000000,0.000000,74.587139,74.209666,65.287909,75.058083,77.760792,72.083598,67.875425,74.348765,36.120430,32.062583,32.566664,32.357191,37.578583,37.725309,35.752620,35.983830,35.715173,37.456988,36.532563,35.922517,34.404584,35.102730,33.832589,99.036280,32.404032,47.176097,26.954946,26.870522,26.805035,31.487420,31.915096,29.670700,36.143467,35.965893,30.600754,30.633080,35.380872,38.227805,34.831779,38.867250,36.524382,38.617210,33.625180,38.144227,34.781334,37.748389,33.323169,37.707907,33.200878,35.252759,32.481938,34.811493,33.688606,36.112157,33.003176,34.911453,113.829063,118.829434,159.324178,115.509901,170.428307,62.981713,49.521254,242.128209,120.320000,2.559000,265.400000,118.780000,2.007000,193.400000,63160.721139,19.456049,27.720048,124.654746,35.562098,3873.238632,2636.366566
06/22/2026 17:29:51,0.000000,0.000000,74.549406,74.182064,65.529171,75.044911,77.729977,72.069532,67.870424,74.337884,36.126724,32.032860,32.536959,32.352782,37.468561,37.952899,35.639770,35.997238,35.698433,37.503055,36.791073,36.032832,34.385099,35.028727,33.660397,99.505926,32.349128,47.154951,26.778760,26.700579,26.590003,31.762159,32.093500,31.333566,36.143465,35.955262,30.480410,30.355508,35.372565,38.234984,34.820782,38.864693,36.546496,38.624258,33.641155,38.133768,34.784580,37.747646,33.332497,37.718068,33.198197,35.265156,32.453009,34.811635,33.718505,36.123369,33.007618,34.915884,115.256926,120.280495,159.524684,117.158719,170.717666,63.208685,49.745669,249.215140,120.350000,2.582000,268.000000,118.790000,2.033000,196.000000,63220.721051,19.232145,27.922806,126.937541,35.565743,3877.670903,2639.607450
06/22/2026 17:30:51,0.000000,0.000000,74.561026,74.170013,65.498626,75.018177,77.731960,72.059236,67.808258,74.345522,36.112619,32.072979,32.579721,32.369261,37.572896,37.845999,35.764280,35.966257,35.708244,37.442117,36.545556,36.120528,34.412630,35.031405,33.768784,101.070090,32.674992,47.735490,27.045707,26.964415,26.915339,31.897690,32.100727,29.951569,36.167479,35.967323,30.608879,30.388379,35.375111,38.228688,34.822549,38.861156,36.545284,38.612013,33.612400,38.136809,34.790738,37.723290,33.343904,37.704666,33.219644,35.251530,32.455350,34.776102,33.718009,36.107377,33.006139,34.899331,116.456125,121.519708,160.200273,118.275400,171.442972,63.376558,49.923181,252.386522,120.270000,2.595000,269.600000,118.600000,2.044000,197.800000,63280.719444,19.652677,28.082813,127.944484,35.559505,3882.147228,2642.889863
06/22/2026 17:31:51,0.000000,0.000000,74.466970,74.171474,65.461229,75.038439,77.689840,72.052017,67.797671,74.340511,36.190923,32.153905,32.630800,32.411707,37.478044,37.914221,35.676303,35.984154,35.723682,37.446470,36.315326,35.883782,34.382638,35.000106,33.713453,102.034789,32.400772,47.821676,27.225012,27.147304,27.069687,31.546000,31.761179,29.738693,36.184435,36.008199,30.643777,30.446111,35.372682,38.201978,34.813497,38.860533,36.534480,38.586229,33.626875,38.127807,34.766175,37.742124,33.347937,37.692326,33.203463,35.242039,32.453388,34.769723,33.695190,36.099238,32.993282,34.888278,117.699468,122.482413,160.613046,119.441976,171.972391,63.339661,49.993390,256.324086,120.350000,2.604000,271.700000,118.600000,2.058000,199.500000,63340.717433,19.675669,28.146007,129.182512,35.550862,3886.651772,2646.200780
06/22/2026 17:32:51,0.000000,0.000000,74.449116,74.131627,65.381663,74.993218,77.658235,71.968062,67.793161,74.325468,36.092409,32.182167,32.638143,32.470849,37.764415,37.794905,35.674281,36.017562,35.747388,37.443160,36.558107,36.218983,34.488667,34.995207,33.950776,102.837677,32.258708,47.922345,27.254346,27.162347,27.102597,31.479921,31.606895,29.528970,36.208820,36.046317,30.709327,30.520601,35.340380,38.237803,34.818268,38.896611,36.531571,38.630559,33.623066,38.178865,34.758902,37.767578,33.324533,37.731801,33.206763,35.264835,32.450908,34.820552,33.700342,36.112345,32.985870,34.913257,118.597695,123.719234,161.284187,120.404741,172.598568,63.507005,49.980863,259.863346,120.300000,2.623000,272.400000,118.620000,2.072000,200.800000,63400.715271,19.787609,28.134736,130.284041,35.564740,3891.177359,2649.535243
06/22/2026 17:33:51,0.000000,0.000000,74.457363,74.166515,65.402816,74.996199,77.655732,72.011748,67.807666,74.319993,36.154533,32.118221,32.594692,32.421975,37.751216,37.964622,35.685499,36.072616,35.691259,37.490150,36.597184,36.157941,34.349392,35.099461,33.836359,90.468621,32.496576,46.312169,25.850329,25.806964,25.633965,31.677522,31.947927,31.200793,36.085390,35.991066,30.573941,30.537923,35.360264,38.254524,34.819725,38.890559,36.544438,38.640303,33.628429,38.166229,34.777259,37.784983,33.332753,37.745279,33.203241,35.287474,32.424251,34.836248,33.695186,36.151483,32.987871,34.930774,107.229124,112.570028,158.989639,109.748405,169.396547,63.238357,49.083980,227.138649,120.420000,2.491000,255.800000,118.800000,1.943000,185.300000,63460.714653,18.988727,27.323442,119.669330,35.573064,3895.482814,2652.646904
06/22/2026 17:34:51,0.000000,0.000000,74.516180,74.168696,65.556672,74.981639,77.684169,71.981453,67.854024,74.340210,36.146758,31.971525,32.492144,32.267120,37.601368,37.870927,35.678235,35.973685,35.723794,37.485040,36.625700,36.343407,34.417254,35.057751,33.946302,100.343248,33.220801,46.853684,27.130910,27.044710,26.962073,32.244737,32.522335,30.866514,36.131148,35.974387,30.330721,30.343534,35.362876,38.226654,34.825742,38.845357,36.527896,38.607472,33.612271,38.155211,34.787042,37.755401,33.336783,37.702444,33.195518,35.258051,32.446770,34.793251,33.717417,36.134239,32.997237,34.902867,114.154754,119.033993,159.032997,116.045920,170.160922,62.973146,50.124679,244.996774,120.310000,2.567000,266.500000,118.650000,2.020000,195.100000,63520.712732,18.589642,28.264042,125.584267,35.559525,3899.891646,2655.866024
06/22/2026 17:35:51,0.000000,0.000000,74.430174,74.106336,65.234759,74.947629,77.678058,71.936724,67.863872,74.294181,36.156706,32.034512,32.578195,32.348326,37.706340,37.893690,35.760126,35.980705,35.679699,37.459608,36.627234,35.853454,34.438340,35.094782,33.955560,98.486306,32.085589,46.548794,26.688841,26.601273,26.563135,31.501477,31.832930,30.411905,36.130881,35.948875,30.529252,30.435518,35.388297,38.257285,34.849135,38.887609,36.531023,38.640165,33.649611,38.160730,34.783713,37.756945,33.351479,37.725015,33.209324,35.283346,32.485054,34.806333,33.734957,36.129587,33.007494,34.908221,114.200523,119.190043,159.335410,116.027479,170.281217,63.157519,49.660895,245.325808,120.110000,2.567000,265.400000,118.710000,2.020000,194.300000,63580.710775,18.702519,27.846275,125.690402,35.577266,3904.310585,2659.092975
06/22/2026 17:36:51,0.000000,0.000000,74.375628,74.097861,65.211238,74.956823,77.594159,71.962907,67.840245,74.301594,36.174643,32.052542,32.523715,32.353192,37.595826,37.847713,35.625796,36.006742,35.707836,37.460276,36.355712,36.018626,34.378408,35.086774,33.990098,100.497769,32.662110,47.592331,26.910381,26.861691,26.753989,32.033440,32.318676,30.931214,36.161372,35.982916,30.522059,30.317726,35.366910,38.241274,34.808670,38.852642,36.538437,38.620634,33.631290,38.154657,34.787372,37.736729,33.336441,37.713594,33.190549,35.261517,32.440461,34.800678,33.715083,36.123499,32.997784,34.916273,115.838398,120.923402,159.856590,117.735772,171.055182,63.282511,50.003878,250.648291,120.360000,2.582000,268.900000,118.820000,2.037000,196.700000,63640.709008,19.436888,28.155443,127.393677,35.561725,3908.767370,2662.357823
06/22/2026 17:37:51,0.000000,0.000000,74.324137,74.083565,65.301482,74.936490,77.558308,71.939111,67.825862,74.302117,36.194886,32.104933,32.604539,32.409155,37.598387,37.874574,35.693954,36.006671,35.717902,37.453964,36.631319,35.901615,34.369885,35.050770,33.739586,101.612000,32.589905,47.936972,27.128190,27.029037,26.932768,31.702133,31.868298,29.642583,36.183380,35.989871,30.630680,30.442526,35.373105,38.231990,34.820268,38.864623,36.542895,38.618901,33.629991,38.149500,34.787515,37.760734,33.348531,37.715013,33.192804,35.271301,32.470298,34.796829,33.728106,36.118329,33.009435,34.925235,116.947339,121.953354,160.356660,118.777308,171.664632,63.336653,49.990671,253.975369,120.300000,2.602000,270.100000,118.670000,2.053000,198.400000,63700.706697,19.793411,28.143561,128.445649,35.567770,3913.255642,2665.651557
06/22/2026 17:38:51,0.000000,0.000000,74.236332,74.038870,65.292212,74.872534,77.477280,71.836772,67.823339,74.304685,36.200809,32.158502,32.643844,32.464023,37.601191,37.815078,35.791705,36.026446,35.751295,37.500546,36.417726,36.310029,34.350956,35.087279,33.871324,102.416584,32.243446,47.817914,27.158639,27.058148,26.996068,31.458309,31.610232,29.456499,36.214195,35.999880,30.692453,30.525931,35.361193,38.215703,34.798726,38.854222,36.533230,38.616324,33.611851,38.156927,34.781224,37.741651,33.340930,37.718059,33.198208,35.257188,32.456135,34.796304,33.723139,36.120904,33.019611,34.902128,118.034817,123.038189,160.896121,119.814848,172.403569,63.395106,49.942700,257.843501,120.460000,2.615000,271.600000,118.810000,2.057000,200.400000,63760.705503,19.717527,28.100387,129.656693,35.560183,3917.771468,2668.972046
06/22/2026 17:39:51,0.000000,0.000000,74.144814,74.012036,65.344573,74.861143,77.442757,71.824492,67.824359,74.303584,36.156405,32.195752,32.659725,32.526719,37.613986,37.874263,35.796149,36.047274,35.805210,37.518983,36.639324,35.978809,34.410841,35.173709,33.842475,100.721940,32.273691,44.492117,27.085829,26.983546,26.955328,31.570488,31.677410,29.453730,36.173792,36.050695,30.704818,30.607577,35.403377,38.267012,34.827193,38.885634,36.555357,38.634420,33.645606,38.164225,34.799198,37.760443,33.354624,37.735655,33.222205,35.270928,32.444123,34.809399,33.715822,36.123793,32.999972,34.910474,109.095799,114.723880,161.003279,110.982443,172.368777,63.413351,48.835968,217.397449,120.470000,2.473000,254.100000,118.770000,1.924000,182.400000,63820.713650,17.394527,27.097590,116.306466,35.576473,3922.267274,2672.269997
06/22/2026 17:40:51,0.000000,0.000000,74.111949,73.995236,65.174196,74.823558,77.408656,71.798645,67.803863,74.269293,36.050399,31.922698,32.448279,32.265917,37.387556,37.910822,35.678065,35.966429,35.650866,37.495379,36.594895,35.797543,34.483943,35.059214,33.715219,97.367584,33.049426,47.230855,26.570920,26.475747,26.327699,32.132652,32.426304,32.325763,36.128016,35.994726,30.129641,30.109624,35.365660,38.251951,34.812938,38.906752,36.520574,38.646958,33.635571,38.165226,34.785567,37.766747,33.353705,37.756394,33.203720,35.279086,32.444303,34.817944,33.733261,36.141623,33.011054,34.941928,111.905710,116.694918,158.449326,114.218995,169.203171,62.923693,49.661089,245.230319,120.450000,2.558000,265.100000,118.870000,2.015000,193.800000,63880.701894,19.384405,27.846450,125.659611,35.577048,3926.539368,2675.353604
06/22/2026 17:41:51,0.000000,0.000000,74.172795,73.983777,65.089536,74.772671,77.435849,71.760721,67.812919,74.274898,36.129217,32.074531,32.539908,32.362087,37.649301,37.954629,35.671618,35.974600,35.731053,37.502892,36.628968,36.140398,34.356217,35.070368,33.869516,99.160428,31.910636,46.766914,26.899731,26.865336,26.797605,31.490703,31.913033,29.673539,36.163359,35.964089,30.562837,30.586950,35.360707,38.225818,34.813016,38.873294,36.540329,38.613693,33.639407,38.150227,34.791794,37.746880,33.372090,37.726954,33.216447,35.274936,32.486845,34.809979,33.724397,36.122601,33.009444,34.920367,113.842526,118.843226,159.397161,115.498726,170.424233,62.963853,49.808303,242.486051,119.630000,2.563000,264.800000,117.920000,2.016000,193.500000,63940.710097,18.787613,27.979301,124.771116,35.570961,3930.979890,2678.600686
06/22/2026 17:42:51,0.000000,0.000000,74.226921,73.953334,65.236979,74.783370,77.456202,71.723543,67.872295,74.276752,36.152356,31.986511,32.553366,32.341032,37.556784,37.860379,35.709114,35.986839,35.731167,37.477368,36.514021,36.520511,34.346309,35.093277,33.760113,98.558605,32.088995,46.582736,26.479138,26.410324,26.299500,31.704636,32.008440,31.249745,36.106271,35.965448,30.365854,30.362965,35.364911,38.235307,34.807948,38.887226,36.539308,38.610908,33.631720,38.152628,34.776463,37.750607,33.357856,37.726497,33.198978,35.261502,32.470250,34.803075,33.729031,36.138290,33.008095,34.923899,115.093045,120.088195,159.602540,116.921455,170.867196,63.173220,49.378021,248.725555,119.670000,2.583000,267.200000,117.900000,2.033000,195.800000,64000.708329,18.992376,27.590360,126.781300,35.568725,3935.415870,2681.844284
06/22/2026 17:43:51,0.000000,0.000000,74.242340,73.965374,65.233762,74.801628,77.473139,71.759676,67.851620,74.301469,36.153612,32.063001,32.558631,32.335069,37.437256,37.988322,35.633909,35.986508,35.743056,37.436185,36.625027,35.900494,34.433105,35.065609,33.614991,100.865793,32.970719,47.775695,26.951067,26.889871,26.791088,32.234159,32.573586,31.857979,36.161954,35.999441,30.479409,30.305006,35.362240,38.261351,34.825268,38.886807,36.539333,38.639184,33.633966,38.187209,34.776595,37.758692,33.360558,37.742441,33.219446,35.292999,32.449813,34.836471,33.723389,36.160118,32.994351,34.917726,116.299966,121.376428,160.173542,118.111099,171.468748,63.252204,49.874919,251.988379,119.510000,2.597000,268.600000,117.870000,2.049000,197.800000,64060.706949,19.736352,28.039343,127.818555,35.578398,3939.889600,2685.126931
06/22/2026 17:44:51,0.000000,0.000000,74.322200,73.955606,65.519972,74.800391,77.506021,71.752922,67.913627,74.300862,36.183060,32.154903,32.625571,32.416081,37.713102,37.848316,35.687753,36.025714,35.748598,37.466470,36.552235,35.987345,34.429600,35.098020,33.848388,102.128501,32.534871,48.132552,27.180562,27.109996,27.050126,31.607572,31.905157,29.716935,36.226531,36.023290,30.661639,30.426286,35.395960,38.265803,34.824308,38.899090,36.557282,38.645610,33.640876,38.175659,34.796930,37.788673,33.366970,37.746608,33.224138,35.305657,32.474527,34.825759,33.753522,36.154295,33.019435,34.929890,117.541304,122.508885,160.615396,119.271652,172.027342,63.456274,50.001547,256.094587,119.590000,2.615000,271.300000,118.070000,2.062000,199.800000,64120.704400,19.979206,28.153346,129.110719,35.589550,3944.392270,2688.437124
06/22/2026 17:45:51,0.000000,0.000000,74.378331,73.973277,65.282340,74.821588,77.518727,71.794124,67.921653,74.291072,36.235166,32.194813,32.646334,32.497985,37.335676,37.844395,35.765362,36.040410,35.794973,37.495507,36.601219,35.957728,34.473140,35.049749,33.705028,102.623907,32.248054,47.985203,27.187828,27.111457,27.033687,31.496724,31.714134,29.692051,36.214634,36.036190,30.696015,30.636208,35.371573,38.254311,34.817333,38.882884,36.565142,38.648153,33.621227,38.179939,34.788367,37.769978,33.367194,37.743296,33.206700,35.286492,32.473531,34.810987,33.716523,36.143975,33.005435,34.917698,118.590115,123.491307,161.224215,120.249867,172.649852,63.484202,50.081078,259.574935,119.600000,2.627000,272.600000,118.070000,2.076000,200.800000,64180.704062,19.760341,28.224862,130.194671,35.578537,3948.922216,2691.773938
06/22/2026 17:46:51,0.000000,0.000000,74.386941,73.962860,65.461086,74.826518,77.550174,71.785079,67.917186,74.290444,36.204922,32.136826,32.620847,32.445738,37.331937,37.950670,35.711315,36.030225,35.708894,37.492275,36.701528,35.856985,34.551469,35.044668,33.773865,92.784573,32.507726,45.105856,25.954517,25.857958,25.761455,31.715900,31.966701,31.051137,36.140625,35.990508,30.589425,30.446966,35.383282,38.254054,34.835324,38.879603,36.553629,38.640642,33.633657,38.180325,34.784319,37.755340,33.363911,37.725448,33.234246,35.281609,32.481976,34.818026,33.744446,36.160301,33.019931,34.925950,106.167399,111.604086,159.619601,108.058104,170.027034,63.282471,48.757797,220.278797,119.710000,2.459000,252.800000,118.230000,1.920000,182.200000,64240.702450,18.079589,27.026267,117.311789,35.582801,3953.269485,2694.926683
06/22/2026 17:47:51,0.000000,0.000000,74.393135,73.990626,65.423771,74.839174,77.559000,71.805837,67.933190,74.304637,36.155426,31.966882,32.491066,32.269170,37.616664,37.923330,35.652536,35.988741,35.645633,37.455236,36.270539,36.031535,34.350073,35.055804,33.917440,100.329296,33.340309,47.255543,27.058975,26.973217,26.894826,32.405548,32.755573,32.193323,36.194190,35.983412,30.289880,30.296880,35.387846,38.283772,34.822891,38.899004,36.554127,38.646877,33.635045,38.185851,34.790312,37.782963,33.373664,37.784198,33.227192,35.293633,32.459791,34.847082,33.739789,36.160528,33.026133,34.945441,114.084219,119.102904,159.105286,116.217063,170.215211,62.912007,49.998148,246.850887,119.770000,2.583000,267.600000,118.080000,2.037000,195.800000,64300.699966,19.105255,28.150288,126.181055,35.592307,3957.656419,2698.125389
06/22/2026 17:48:51,0.000000,0.000000,74.444367,73.983523,65.292692,74.865105,77.578952,71.860266,67.906628,74.300680,36.076316,32.093458,32.567721,32.408796,37.712494,37.902936,35.683092,36.011313,35.706479,37.459365,36.634513,35.804254,34.483566,35.068148,33.750459,97.857890,31.731599,45.993123,26.606268,26.561141,26.415442,31.456239,31.752505,29.836577,36.124229,35.951523,30.513196,30.473238,35.373505,38.268601,34.827318,38.879139,36.544314,38.659601,33.644739,38.186040,34.785623,37.772105,33.383000,37.764318,33.225337,35.301977,32.476616,34.831306,33.732429,36.140793,33.017692,34.923717,113.898519,119.088644,159.531515,115.742211,170.441516,63.095520,49.278583,244.462196,119.720000,2.569000,265.200000,117.970000,2.020000,193.900000,64360.698461,18.492926,27.500197,125.411619,35.586909,3962.081363,2701.359166
06/22/2026 17:49:51,0.000000,0.000000,74.484754,73.990946,65.421104,74.876406,77.620959,71.908491,67.927342,74.294605,36.143411,32.052303,32.602645,32.335437,37.637411,37.838475,35.673916,35.986640,35.707598,37.436167,36.471443,35.767533,34.411286,35.112087,33.885140,100.089342,32.733126,47.008329,26.911585,26.812417,26.722574,32.096050,32.443542,31.988336,36.142860,36.008243,30.334488,30.269237,35.376760,38.264778,34.806926,38.893710,36.527150,38.648661,33.635064,38.185366,34.787607,37.793524,33.369761,37.767943,33.216545,35.314927,32.446020,34.841716,33.738857,36.168897,33.016005,34.939771,115.769336,120.835062,159.934342,117.588756,171.143995,63.116745,49.816363,250.249177,119.650000,2.593000,268.600000,117.990000,2.042000,196.900000,64420.697165,19.021761,27.986568,127.266832,35.586999,3966.535159,2704.621321
06/22/2026 17:50:51,0.000000,0.000000,74.391298,73.974409,65.328348,74.877950,77.574069,71.865950,67.944989,74.300706,36.130844,32.130014,32.584240,32.411068,37.671885,37.856593,35.709917,36.017314,35.712302,37.468711,36.447373,36.249803,34.420607,35.108099,33.739601,101.496466,32.777627,47.988081,27.184074,27.107703,26.996981,31.953274,32.136230,29.911344,36.203043,36.029911,30.603676,30.425579,35.395256,38.283649,34.833627,38.893800,36.551973,38.640756,33.655092,38.173346,34.798157,37.786360,33.386115,37.765207,33.238805,35.303443,32.477198,34.819889,33.744091,36.178986,33.031477,34.951216,116.781542,121.872605,160.469689,118.554734,171.828561,63.227590,50.023105,253.476558,119.540000,2.605000,269.900000,117.750000,2.059000,198.800000,64480.694950,19.815343,28.172738,128.288547,35.595422,3971.022302,2707.916063
06/22/2026 17:51:51,0.000000,0.000000,74.480897,73.982012,65.578252,74.897060,77.602804,71.908020,67.967882,74.290876,36.253727,32.172086,32.687214,32.450824,37.591613,37.939817,35.700778,35.973635,35.738680,37.449059,36.483465,35.939560,34.482892,35.072351,33.769965,102.397242,32.337616,48.169882,27.160719,27.062908,26.990743,31.482848,31.722534,29.521643,36.187095,36.052486,30.678543,30.459422,35.375723,38.281409,34.816568,38.898450,36.554053,38.660928,33.626976,38.208226,34.787501,37.798279,33.376624,37.763722,33.215119,35.320596,32.448596,34.843384,33.735642,36.179418,33.008202,34.953273,117.948265,123.021344,160.956522,119.714405,172.461498,63.422164,50.097003,257.405059,119.460000,2.622000,271.400000,118.050000,2.068000,200.000000,64540.684928,19.930707,28.239175,129.520064,35.592634,3975.538911,2711.239510
06/22/2026 17:52:51,0.000000,0.000000,74.479242,73.978664,65.424931,74.913344,77.615669,71.901046,67.972138,74.317928,36.186787,32.211156,32.700023,32.525708,37.502482,38.008004,35.791131,36.003287,35.765616,37.509973,36.651987,36.138105,34.519873,35.079599,33.952448,101.716618,32.171268,45.633653,27.089320,27.032150,26.963800,31.572702,31.703235,29.775227,36.237105,36.006854,30.682089,30.538810,35.388625,38.254961,34.824925,38.863961,36.541477,38.642647,33.646334,38.170531,34.792225,37.772496,33.377085,37.751807,33.226932,35.294260,32.463979,34.820610,33.742592,36.165095,33.020220,34.930230,114.074447,119.885837,161.428660,116.477807,172.796967,63.584220,49.541064,227.635841,119.670000,2.532000,261.800000,118.070000,1.977000,189.100000,64600.683262,17.895686,27.737967,119.838284,35.584550,3980.067617,2714.572333
06/22/2026 17:53:51,0.000000,0.000000,74.468079,74.004710,65.616981,74.939360,77.623495,71.950894,67.988556,74.327460,36.210225,32.020216,32.476284,32.342925,37.657666,37.982870,35.714621,36.002087,35.717302,37.500222,36.517429,36.056233,34.388580,35.130189,33.789170,94.283552,32.950340,46.980608,26.431553,26.338605,26.198123,32.117103,32.418768,32.296425,36.115284,35.992178,30.194391,30.190543,35.396469,38.273376,34.819993,38.886413,36.557770,38.663752,33.644920,38.188509,34.804070,37.799762,33.393655,37.764752,33.239293,35.322989,32.432314,34.856403,33.737132,36.176476,33.016351,34.940560,110.590757,115.555891,158.592143,113.173981,169.260298,63.075631,49.614769,240.720307,119.700000,2.547000,263.800000,118.070000,2.008000,192.400000,64660.680233,19.176005,27.804603,124.195737,35.595748,3984.324292,2717.640484
06/22/2026 17:54:51,0.000000,0.000000,74.517883,73.997875,65.630152,74.940965,77.654992,71.924949,68.009843,74.302087,36.260079,32.048080,32.579745,32.339062,37.732491,37.927788,35.688213,35.974360,35.733519,37.447887,36.534958,35.721969,34.430432,34.996429,33.899913,99.674019,32.508462,47.434520,26.982982,26.895879,26.829559,31.680729,32.134536,29.937290,36.152732,35.972946,30.560162,30.522616,35.396455,38.270713,34.802960,38.880498,36.556433,38.633728,33.630697,38.175097,34.797254,37.785902,33.381443,37.738024,33.224619,35.295499,32.448319,34.827856,33.752957,36.169229,33.035693,34.935467,113.832896,118.869027,159.451972,115.621854,170.556160,62.993817,49.843456,242.347996,119.740000,2.564000,264.700000,118.100000,2.013000,193.500000,64720.678107,19.423530,28.010990,124.726235,35.586942,3988.767496,2720.892174
06/22/2026 17:55:51,0.000000,0.000000,74.525404,74.001594,65.648857,74.947071,77.675817,71.953545,68.047372,74.336801,36.195736,32.035915,32.584934,32.372399,37.284690,37.805814,35.771171,36.042232,35.735143,37.440224,36.787916,36.139592,34.405110,35.090842,34.004812,98.370738,32.037246,46.679642,26.516101,26.414669,26.337745,31.740535,32.064777,31.346692,36.141373,35.979742,30.354388,30.372423,35.377861,38.267641,34.812089,38.886933,36.552916,38.654056,33.641824,38.189249,34.797273,37.800944,33.403130,37.756499,33.233530,35.314138,32.482594,34.847833,33.751644,36.186958,33.027163,34.940703,114.871959,119.826536,159.542167,116.774546,170.716295,63.182729,49.522323,247.936391,119.700000,2.576000,267.200000,117.970000,2.025000,195.700000,64780.677215,18.958627,27.721015,126.529004,35.596249,3993.193012,2724.126126
06/22/2026 17:56:51,0.000000,0.000000,74.449230,73.983737,65.535144,74.980444,77.647185,71.979406,68.006602,74.301406,36.108273,32.071281,32.535771,32.372170,37.438315,37.940343,35.765701,36.006650,35.698136,37.447945,36.559800,35.745191,34.402218,35.145145,33.685382,100.774543,32.939614,47.796220,26.995747,26.922939,26.826244,32.246038,32.568559,31.866307,36.212645,35.980615,30.488988,30.226969,35.407864,38.286938,34.841557,38.891100,36.571806,38.641116,33.677661,38.195129,34.835110,37.796664,33.416742,37.759875,33.245389,35.334387,32.467774,34.848415,33.789087,36.184883,33.049672,34.944091,116.317717,121.183572,160.180489,118.020177,171.524074,63.266430,50.009024,251.696247,119.600000,2.594000,268.700000,118.040000,2.048000,197.700000,64840.675787,19.636148,28.160072,127.726068,35.609263,3997.662319,2727.403490
06/22/2026 17:57:51,0.000000,0.000000,74.502025,73.995117,65.514174,74.961905,77.675866,71.958257,67.966878,74.299603,36.218887,32.157092,32.612637,32.440725,37.716814,37.934646,35.708159,36.009355,35.724639,37.466434,36.567688,35.962278,34.453294,35.093320,33.936332,101.927859,32.577951,48.099335,27.209081,27.102341,27.043655,31.636313,31.910731,29.706016,36.217717,36.005617,30.650984,30.378772,35.403231,38.289387,34.863753,38.888474,36.574474,38.651281,33.665238,38.206993,34.836824,37.799255,33.423933,37.773213,33.254289,35.318001,32.446880,34.835937,33.789471,36.191022,33.056422,34.946390,117.420010,122.447511,160.766611,119.149379,172.161319,63.375700,50.009024,255.306395,119.720000,2.614000,270.700000,118.010000,2.061000,199.500000,64900.673893,19.939263,28.160072,128.863812,35.610723,4002.161175,2730.709829
06/22/2026 17:58:51,0.000000,0.000000,74.486009,73.993893,65.540276,74.959325,77.646344,72.006537,67.945550,74.308026,36.175660,32.181730,32.692405,32.503237,37.623360,37.939742,35.713910,36.053632,35.758913,37.512126,36.420027,36.238381,34.501452,35.121932,33.724062,102.118281,31.910290,47.361533,26.974874,26.943160,26.835803,31.562212,31.730613,29.921228,36.221887,36.042116,30.697076,30.498519,35.396870,38.276867,34.855372,38.894696,36.585417,38.673671,33.677109,38.220500,34.829987,37.787140,33.427612,37.779523,33.262167,35.335609,32.455211,34.845509,33.769745,36.170027,33.048101,34.944741,118.399869,123.566894,161.333485,120.069998,172.680896,63.485304,49.654486,259.338154,119.600000,2.621000,272.400000,117.950000,2.071000,200.200000,64960.672374,19.521047,27.840486,130.121249,35.611794,4006.687700,2734.043772
06/22/2026 17:59:51,0.000000,0.000000,74.504412,73.994968,65.559302,74.957755,77.668782,71.987582,67.954980,74.326686,36.175546,32.160701,32.593117,32.468345,37.606370,38.043360,35.709647,36.058670,35.730890,37.469135,36.575702,35.929545,34.458216,35.237440,33.709130,94.025229,32.657033,45.427944,25.899401,25.864979,25.718721,32.016319,32.302895,31.849731,36.156235,35.992393,30.570373,30.539899,35.414526,38.276795,34.847552,38.878532,36.579153,38.655506,33.659718,38.182499,34.820654,37.792424,33.426423,37.777015,33.250988,35.323130,32.461369,34.823315,33.774611,36.200558,33.040689,34.956857,105.590008,111.129479,159.984939,106.923681,170.467563,63.315393,48.576789,215.507248,119.650000,2.441000,250.100000,118.060000,1.904000,179.500000,65020.670043,18.567083,26.860861,115.641976,35.607116,4011.052503,2737.215066
06/22/2026 18:00:51,0.000000,0.000000,74.509466,73.999179,65.584913,74.956627,77.660499,71.990689,67.967490,74.304437,36.082387,31.947303,32.463064,32.258339,37.528998,37.917876,35.709925,35.983221,35.758182,37.470729,36.515783,35.869729,34.321074,35.105752,33.814660,100.377520,33.453568,47.653264,27.079035,26.992832,26.938090,32.494894,32.875114,32.002786,36.161021,35.986993,30.257377,30.239960,35.396847,38.291859,34.812142,38.904194,36.561626,38.659212,33.647458,38.202777,34.807754,37.796804,33.415368,37.775741,33.242277,35.314884,32.443308,34.837469,33.765247,36.175726,33.014515,34.951145,114.001668,119.017184,158.998358,116.214939,170.083083,62.850580,50.240722,247.315063,119.660000,2.587000,267.500000,118.040000,2.036000,195.900000,65080.669004,19.285044,28.368220,126.329972,35.600818,4015.420761,2740.398178
06/22/2026 18:01:51,0.000000,0.000000,74.546287,73.991618,65.507222,74.938544,77.709004,71.964064,68.017242,74.309431,36.224939,32.101764,32.634727,32.390036,37.550221,37.906396,35.673329,36.001111,35.751517,37.473361,36.264342,36.014561,34.451101,35.123936,33.659396,97.315016,30.881492,44.884895,26.476725,26.389143,26.321603,31.338618,31.743599,29.676061,36.128675,35.975014,30.490928,30.568657,35.391268,38.277026,34.816468,38.894378,36.559049,38.653552,33.635987,38.184041,34.801356,37.801036,33.419848,37.772685,33.239244,35.324270,32.450948,34.841716,33.746851,36.194134,33.032776,34.946303,113.882041,119.072660,159.484577,115.636612,170.580022,63.063471,48.976774,244.342915,119.610000,2.567000,264.900000,117.880000,2.019000,193.700000,65140.666448,17.658999,27.225896,125.373060,35.599147,4019.849460,2743.636428
06/22/2026 18:02:51,0.000000,0.000000,74.553227,74.004906,65.539440,74.975767,77.702316,72.007776,68.016796,74.297151,36.185340,32.017009,32.563817,32.324186,37.337140,37.938639,35.613435,35.989958,35.718097,37.472725,36.646559,35.824105,34.392076,35.086687,33.893794,99.501228,32.650369,46.799879,26.665841,26.572016,26.491166,32.134351,32.489833,32.297207,36.161366,36.001511,30.346433,30.150097,35.405010,38.296018,34.854116,38.900948,36.565389,38.663406,33.658340,38.210564,34.817348,37.817851,33.420772,37.792163,33.256720,35.320868,32.455986,34.871455,33.790841,36.199029,33.056815,34.964077,115.823474,120.817497,159.956774,117.565092,171.308524,63.156469,49.708769,250.496317,119.560000,2.589000,267.600000,118.040000,2.040000,196.700000,65200.664121,18.910376,27.889503,127.345394,35.615886,4024.290982,2746.889968
06/22/2026 18:03:51,0.000000,0.000000,74.472495,74.009129,65.499707,74.986833,77.685978,71.996839,68.049425,74.310093,36.132377,32.113308,32.596899,32.391093,37.582653,37.939255,35.735663,36.016478,35.759022,37.404815,36.334704,36.100635,34.509392,35.068239,33.949245,101.371935,32.887095,48.037475,27.120747,27.023380,26.935280,31.989295,32.278560,30.144451,36.215321,36.021820,30.566563,30.319599,35.418410,38.283315,34.836978,38.890515,36.580771,38.663299,33.652014,38.208478,34.822349,37.821950,33.431095,37.777243,33.255279,35.342923,32.475451,34.861820,33.783414,36.185426,33.050252,34.956199,116.892929,121.700063,160.454462,118.649823,171.807451,63.199993,49.981349,253.320538,119.730000,2.593000,270.000000,118.110000,2.055000,198.200000,65260.662146,19.902302,28.135173,128.239363,35.614859,4028.774557,2750.181776
06/22/2026 18:04:51,0.000000,0.000000,74.447914,73.994683,65.321059,74.976322,77.638023,71.985867,68.026153,74.300521,36.141756,32.175690,32.619217,32.458373,37.581434,37.767930,35.693311,36.047212,35.702840,37.474300,36.387461,35.939547,34.530353,35.176967,33.799782,102.284721,32.389816,47.921337,27.137198,27.082263,26.990197,31.563389,31.757628,29.605379,36.228326,36.051656,30.666120,30.469779,35.397544,38.290787,34.841943,38.893690,36.569339,38.659842,33.663193,38.219302,34.810600,37.799198,33.425753,37.784303,33.256687,35.328371,32.486201,34.841202,33.789857,36.190965,33.055576,34.949981,118.010505,122.777041,160.974102,119.598991,172.438458,63.390247,50.055442,257.299373,119.620000,2.617000,271.900000,118.090000,2.067000,200.300000,65320.660433,19.719520,28.201817,129.487105,35.612717,4033.287233,2753.502653
06/22/2026 18:05:51,0.000000,0.000000,74.485319,74.041835,65.297345,74.966543,77.648487,71.995553,68.018675,74.319731,36.262516,32.196494,32.700045,32.506641,37.649281,37.920149,35.746633,36.025674,35.789559,37.487452,36.430729,35.922500,34.569178,35.131087,34.091651,102.454757,32.166341,47.191721,27.234882,27.171912,27.117722,31.506148,31.681680,29.594017,36.239891,36.070752,30.728125,30.486782,35.413564,38.304099,34.848735,38.920304,36.591195,38.668842,33.651373,38.216896,34.797096,37.823744,33.452201,37.792490,33.259971,35.348488,32.483260,34.852534,33.784774,36.201835,33.041587,34.965735,116.990661,122.451089,161.565525,118.816121,172.975318,63.501043,49.792475,239.882266,119.800000,2.582000,267.200000,118.150000,2.027000,194.800000,65380.660406,19.226693,27.965028,123.921631,35.620936,4037.822758,2756.845346
06/22/2026 18:06:51,0.000000,0.000000,74.446112,74.014026,65.305565,74.958298,77.650795,71.958453,68.016770,74.284866,36.112299,32.041949,32.563388,32.336751,37.701471,37.861872,35.698288,36.017203,35.752667,37.486444,36.801878,35.868507,34.423690,35.176349,33.818982,91.796497,32.892322,47.301862,26.223527,26.128330,25.963157,32.030014,32.386433,32.202681,36.121086,35.990452,30.288942,30.251162,35.403553,38.294124,34.847721,38.891055,36.582059,38.683122,33.664855,38.223551,34.821963,37.810961,33.443256,37.820268,33.259684,35.343326,32.493648,34.853895,33.765264,36.214705,33.034415,34.966563,109.875787,115.025263,158.846832,112.582069,169.396765,63.017551,49.459785,237.870192,119.910000,2.540000,262.400000,118.170000,1.996000,191.200000,65440.658507,19.637444,27.664418,123.260805,35.620899,4042.084066,2759.917747
06/22/2026 18:07:51,0.000000,0.000000,74.462956,74.035953,65.275591,74.960809,77.644877,71.992766,68.015361,74.288963,36.099886,32.030808,32.550920,32.348792,37.426579,37.934799,35.695627,35.992843,35.725187,37.451066,36.425723,35.709950,34.405969,35.030514,33.806101,99.924344,32.706590,47.274474,27.038585,26.948805,26.890933,31.733471,32.152956,29.972685,36.184943,36.009593,30.545342,30.518237,35.411158,38.299053,34.833536,38.907830,36.576443,38.678404,33.650336,38.231541,34.818012,37.826908,33.460912,37.810433,33.268264,35.355874,32.472435,34.873449,33.789730,36.202349,33.044524,34.978421,113.986086,119.076046,159.468550,115.841299,170.731362,62.857758,49.847146,242.905881,119.610000,2.570000,265.200000,118.120000,2.018000,194.000000,65500.656096,19.260158,28.014316,124.907492,35.624481,4046.522387,2763.166672
06/22/2026 18:08:51,0.000000,0.000000,74.498557,74.053389,65.517931,74.981498,77.673501,71.985974,68.094589,74.305464,36.226567,32.079814,32.628358,32.405459,37.502779,37.837766,35.718187,36.050379,35.741185,37.499741,36.522258,35.898379,34.371080,35.169895,33.796741,98.034471,31.927978,46.627910,26.497171,26.401993,26.308649,31.700391,32.027788,31.235697,36.148087,35.980700,30.390120,30.453496,35.400854,38.305566,34.829159,38.903917,36.553353,38.672147,33.633823,38.219801,34.797352,37.829302,33.428662,37.798685,33.252633,35.352250,32.442998,34.869643,33.783698,36.216702,33.044262,34.971952,114.749832,119.776956,159.655313,116.631314,170.809503,62.994001,49.485713,247.779400,119.940000,2.573000,266.500000,118.190000,2.026000,194.900000,65560.653434,18.940022,27.687888,126.478747,35.615338,4050.943108,2766.396833
06/22/2026 18:09:51,0.000000,0.000000,74.460618,74.017544,65.295020,74.960179,77.603822,71.929394,68.063983,74.312707,36.212448,32.064730,32.508764,32.345751,37.465111,37.904387,35.675184,36.029093,35.689400,37.467520,36.692235,35.779574,34.501884,35.123251,33.851332,100.687056,32.964074,47.584968,26.919376,26.862645,26.773155,32.264796,32.593981,32.205173,36.193917,35.998197,30.402382,30.287817,35.406755,38.282301,34.847835,38.891169,36.575432,38.682251,33.649322,38.184023,34.825732,37.790855,33.443859,37.794357,33.237032,35.332257,32.498553,34.835489,33.785025,36.205185,33.054133,34.958297,116.181207,121.205788,160.280795,117.920943,171.602097,63.109563,49.902983,251.543140,119.830000,2.591000,268.700000,118.290000,2.046000,197.200000,65620.653477,19.520345,28.064623,127.677566,35.613993,4055.407221,2769.671696
06/22/2026 18:10:51,0.000000,0.000000,74.433558,74.017535,65.427885,74.970264,77.587346,71.997168,68.042226,74.313516,36.217785,32.146639,32.629764,32.466813,37.504513,37.823593,35.669077,36.003504,35.736384,37.457376,36.902407,35.814187,34.381697,35.081193,33.703101,101.943744,32.669722,48.077237,27.176635,27.135100,27.030278,31.731227,31.978018,29.784070,36.212691,36.040889,30.566589,30.385055,35.421886,38.304442,34.815609,38.904114,36.562947,38.687895,33.660331,38.199074,34.808027,37.822705,33.443412,37.800981,33.247602,35.341471,32.449528,34.853708,33.776179,36.201236,33.041683,34.954302,117.248603,122.271823,160.713612,118.985930,172.025788,63.173992,50.006305,255.182906,119.860000,2.608000,271.100000,118.180000,2.059000,199.600000,65680.651538,19.919611,28.157626,128.825080,35.614857,4059.907076,2772.979534
06/22/2026 18:11:51,0.000000,0.000000,74.470589,74.027097,65.214511,74.967096,77.598506,71.950749,68.041130,74.311582,36.214824,32.187718,32.717066,32.489981,37.646428,37.992842,35.751330,36.030811,35.772848,37.480060,36.335240,35.990946,34.560991,35.179652,33.791329,102.604805,32.214075,47.867662,27.186772,27.105041,27.042512,31.496171,31.693089,29.525614,36.252381,36.067303,30.679194,30.446393,35.409304,38.295880,34.833452,38.907305,36.575107,38.688547,33.650772,38.210145,34.835111,37.827595,33.441586,37.804026,33.266479,35.351433,32.492443,34.875469,33.789531,36.212334,33.055858,34.975982,118.354531,123.401796,161.278569,120.099823,172.715895,63.297714,49.936388,259.192168,119.720000,2.623000,272.600000,118.090000,2.074000,200.600000,65740.650255,19.772958,28.094704,130.075957,35.624918,4064.433951,2776.314685
06/22/2026 18:12:51,0.000000,0.000000,74.379279,73.998754,65.468295,74.948673,77.586877,71.891562,68.050739,74.284342,36.207061,32.156776,32.659018,32.482498,37.605847,37.808687,35.692446,36.057418,35.785015,37.471866,36.354038,35.812531,34.458136,35.157122,33.841102,95.253799,32.359481,45.053198,26.193533,26.108614,25.963867,31.705999,31.872164,30.669115,36.155517,36.020460,30.580348,30.532765,35.414967,38.307264,34.833769,38.896148,36.597384,38.676338,33.652699,38.201071,34.831764,37.808354,33.465527,37.794256,33.263963,35.359118,32.470798,34.852165,33.808829,36.213864,33.045586,34.977263,105.270578,111.020835,160.197228,106.159277,170.738502,63.096728,48.495801,213.866128,119.700000,2.440000,250.300000,118.230000,1.903000,179.100000,65800.648661,18.266459,26.786739,115.061794,35.623556,4068.819804,2779.505903
06/22/2026 18:13:51,0.000000,0.000000,74.367528,74.022521,65.273556,74.946424,77.571580,71.936786,68.069266,74.297659,36.121034,31.975045,32.468526,32.275568,37.456824,37.831156,35.674643,35.989581,35.706917,37.485440,36.776982,35.932057,34.297874,35.098535,33.745542,100.000131,33.314917,47.409628,26.936078,26.865053,26.736827,32.400349,32.729033,32.694347,36.219492,35.990122,30.180285,30.159939,35.442271,38.310182,34.843556,38.914269,36.597468,38.682602,33.675880,38.221146,34.828861,37.821368,33.460457,37.807771,33.263604,35.364078,32.461097,34.858132,33.801037,36.222919,33.066294,34.985505,113.886235,118.876246,159.037847,115.981227,169.960005,62.551587,49.930173,247.663842,119.730000,2.589000,267.700000,118.050000,2.035000,196.300000,65860.645096,19.320520,28.089108,126.441740,35.631425,4073.176268,2782.675438
06/22/2026 18:14:51,0.000000,0.000000,74.412212,74.028319,65.311034,74.934561,77.579968,71.935904,68.020063,74.297012,36.137014,32.108179,32.666043,32.422829,37.581477,37.940288,35.771873,36.004407,35.740183,37.502719,36.786756,35.672924,34.504662,35.130017,33.760409,97.966671,31.061461,45.028920,26.573619,26.512406,26.433553,31.417713,31.764769,29.817641,36.152686,35.985300,30.560561,30.552946,35.417749,38.298555,34.841656,38.901789,36.589328,38.674482,33.657049,38.206756,34.818402,37.795041,33.461845,37.802082,33.258539,35.350606,32.467149,34.860091,33.789232,36.209822,33.049458,34.958068,113.707713,118.999405,159.446317,115.449301,170.376056,62.472538,49.312862,243.798787,119.740000,2.560000,265.100000,118.140000,2.012000,193.600000,65920.643950,17.497630,27.531290,125.196998,35.620385,4077.609573,2785.915126
06/22/2026 18:15:51,0.000000,0.000000,74.380642,73.970091,65.195795,74.912991,77.530247,71.847272,68.083505,74.266982,36.096607,32.011045,32.532950,32.320035,37.453706,37.961025,35.677219,36.003670,35.658553,37.429669,36.533094,36.145038,34.437191,35.187178,33.590006,99.593612,32.664693,47.172183,26.650297,26.556025,26.478302,32.117088,32.440995,32.299080,36.159309,36.006538,30.336783,30.160466,35.392272,38.293482,34.832949,38.896215,36.567811,38.683918,33.652332,38.219675,34.798556,37.825199,33.451366,37.786357,33.259152,35.361411,32.477993,34.854882,33.780019,36.209049,33.047863,34.965345,115.548656,120.561816,159.759771,117.372135,170.964698,62.417563,49.585248,250.056094,119.650000,2.585000,268.500000,118.130000,2.040000,196.800000,65980.643129,19.394263,27.777920,127.205416,35.617792,4082.050345,2789.164637
06/22/2026 18:16:51,0.000000,0.000000,74.345483,73.989472,65.356811,74.933203,77.515442,71.883668,68.073186,74.295209,36.135560,32.106273,32.605878,32.384005,37.499142,37.800992,35.700651,36.025322,35.682908,37.495963,36.990119,35.766279,34.444641,35.209693,33.788045,101.466587,32.974054,48.229691,27.054916,27.019184,26.881721,32.131764,32.369364,30.293387,36.213150,36.030721,30.549669,30.341822,35.424550,38.310629,34.837571,38.907873,36.602118,38.692536,33.682768,38.229086,34.845262,37.821359,33.473641,37.804093,33.277605,35.357655,32.472888,34.878967,33.817015,36.226010,33.073261,34.975606,116.677344,121.650745,160.289601,118.435050,171.608999,62.371150,50.224214,253.311636,119.840000,2.598000,270.100000,118.150000,2.050000,197.900000,66040.641167,19.876282,28.353409,128.236556,35.635525,4086.532365,2792.453723
06/22/2026 18:17:51,0.000000,0.000000,74.387921,73.994290,65.181787,74.926529,77.542902,71.888841,68.110355,74.287718,36.230153,32.189330,32.673764,32.516441,37.764194,37.873332,35.777062,36.053435,35.758506,37.508625,36.555052,36.015076,34.423219,35.253011,33.750512,102.449718,32.526421,48.028282,27.185921,27.160912,27.046817,31.574868,31.818109,29.612855,36.232673,36.067075,30.650886,30.446975,35.406337,38.310145,34.820814,38.908852,36.580244,38.687050,33.646600,38.218504,34.821773,37.809446,33.455106,37.819682,33.273415,35.369431,32.474477,34.855923,33.793940,36.230454,33.062718,34.987702,117.712800,122.885237,160.779807,119.517554,172.111641,62.452075,49.969307,256.845555,119.780000,2.612000,271.200000,117.990000,2.067000,200.000000,66100.639902,19.903946,28.124336,129.345473,35.626631,4091.040964,2795.771404
06/22/2026 18:18:51,0.000000,0.000000,74.379570,73.999045,65.153686,74.931123,77.518422,71.915496,68.105876,74.290881,36.240191,32.191409,32.707859,32.544099,37.446054,37.778856,35.760600,36.080375,35.773865,37.468697,36.538975,35.954484,34.453029,35.239350,33.823270,102.979579,32.283385,47.934328,27.224630,27.153174,27.063564,31.627214,31.718541,29.648750,36.255544,36.073124,30.665442,30.587157,35.417198,38.305071,34.849054,38.912238,36.594317,38.686962,33.643402,38.212702,34.837235,37.825734,33.471978,37.813486,33.271548,35.372002,32.501521,34.871384,33.816083,36.233492,33.058708,34.976164,118.494747,123.769629,161.281883,120.340528,172.734619,62.518777,50.072435,253.358734,119.790000,2.624000,272.200000,118.250000,2.066000,200.100000,66160.636988,19.717234,28.217094,128.251406,35.633514,4095.576077,2799.113491
06/22/2026 18:19:51,0.000000,0.000000,74.337564,73.970977,65.194553,74.907464,77.495256,71.859532,68.115758,74.273212,36.252804,32.102627,32.569767,32.417981,37.558096,37.871853,35.689239,36.048456,35.764779,37.468471,36.722833,36.009608,34.602312,35.153115,33.834335,90.147195,32.773826,47.721199,26.108435,26.027086,25.839679,31.918133,32.179445,31.802756,36.152342,36.016842,30.366322,30.289471,35.423025,38.334280,34.854711,38.922279,36.573573,38.677307,33.649677,38.250698,34.837694,37.842540,33.484043,37.825043,33.268049,35.385797,32.475778,34.890470,33.804997,36.240592,33.061444,34.975789,109.130784,114.248895,158.535760,111.734753,169.118484,62.085226,49.448715,234.940126,119.900000,2.529000,260.800000,118.160000,1.984000,189.700000,66220.635703,20.066803,27.654396,122.291523,35.638889,4099.850989,2802.196262
06/22/2026 18:20:51,0.000000,0.000000,74.304341,73.988490,65.053696,74.923909,77.476695,71.894691,68.122500,74.276946,36.132036,32.057782,32.540961,32.327512,37.236983,37.803210,35.611481,36.022547,35.739632,37.463270,36.291423,35.751225,34.418912,35.198175,33.809687,100.296199,33.007348,47.337123,27.116059,27.071842,26.953227,31.919438,32.286647,30.243941,36.174079,36.024855,30.461752,30.409918,35.406720,38.323333,34.826725,38.924881,36.568800,38.696380,33.650659,38.233875,34.816808,37.832337,33.467652,37.818462,33.265033,35.385448,32.479431,34.886437,33.783195,36.245863,33.036599,34.990912,113.987629,119.186899,159.234847,115.877122,170.309745,61.938233,49.851808,243.704916,119.740000,2.573000,265.800000,118.260000,2.024000,194.300000,66280.634462,19.318605,28.018518,125.166597,35.631977,4104.283008,2805.440472
06/22/2026 18:21:51,0.000000,0.000000,74.345430,73.972080,65.433659,74.884396,77.519429,71.853340,68.154299,74.279767,36.175288,32.078113,32.623100,32.399345,37.688522,37.891783,35.749299,36.043395,35.713354,37.466667,36.701116,35.994156,34.415125,35.258668,33.841694,98.212666,31.958292,46.762537,26.513727,26.454298,26.342473,31.670404,31.973328,31.004292,36.156582,35.975468,30.397335,30.387467,35.434921,38.305949,34.847585,38.917836,36.591765,38.687948,33.659052,38.217225,34.829359,37.833794,33.483512,37.796678,33.281428,35.357923,32.473157,34.866612,33.816634,36.222531,33.053356,34.968608,114.578149,119.615445,159.295611,116.313253,170.354779,62.071672,49.326457,247.114373,119.790000,2.574000,266.400000,118.190000,2.021000,194.900000,66340.632036,19.218918,27.543619,126.265610,35.632294,4108.705218,2808.671452
06/22/2026 18:22:51,0.000000,0.000000,74.365840,73.956974,65.218864,74.886720,77.495213,71.825994,68.132736,74.258782,36.194053,32.057366,32.610818,32.400922,37.517277,37.804097,35.749920,36.001060,35.783517,37.451364,36.594642,36.036025,34.453971,35.239405,33.834767,100.732457,32.957433,47.711584,27.001591,26.876074,26.846319,32.227768,32.576982,32.031963,36.202436,36.013361,30.423439,30.264147,35.437291,38.328182,34.849956,38.915342,36.593666,38.705292,33.655629,38.239366,34.828088,37.854620,33.479303,37.826957,33.279337,35.396169,32.479961,34.897716,33.816249,36.239857,33.062924,34.991899,116.169687,121.211974,159.892238,117.932383,171.103158,62.190400,50.012132,251.421593,119.730000,2.596000,268.800000,118.020000,2.046000,197.600000,66400.630803,19.548716,28.162868,127.639047,35.643890,4113.169349,2811.945024
06/22/2026 18:23:51,0.000000,0.000000,74.315927,73.929452,65.125243,74.870805,77.466290,71.785006,68.137845,74.269350,36.142471,32.101202,32.623493,32.435514,37.583914,37.861432,35.719592,36.037613,35.742541,37.434787,36.487322,36.067360,34.442772,35.232650,33.784827,102.105106,32.793186,48.026037,27.226497,27.124671,27.067205,31.860717,32.108294,29.902526,36.221856,36.026142,30.584730,30.403884,35.420663,38.337226,34.835112,38.936314,36.589599,38.702118,33.638667,38.225797,34.819340,37.859602,33.488032,37.807802,33.261923,35.380573,32.483435,34.900499,33.801717,36.268313,33.064102,34.996621,117.191548,122.231499,160.339819,118.976013,171.585618,62.308385,50.189450,255.200061,119.820000,2.611000,270.600000,118.290000,2.060000,199.100000,66460.630035,19.703829,28.322208,128.830461,35.640873,4117.665347,2815.249009
06/22/2026 18:24:51,0.000000,0.000000,74.343947,74.009926,65.217671,74.912179,77.498272,71.862992,68.154883,74.287956,36.229411,32.243759,32.697921,32.510037,37.884643,37.825438,35.733763,36.075691,35.765293,37.514956,36.664497,35.802746,34.560144,35.228898,33.861202,102.724852,32.268522,47.616419,27.290096,27.223110,27.137171,31.588813,31.763004,29.588464,36.258051,36.055262,30.685348,30.444909,35.418908,38.300592,34.853162,38.908824,36.582606,38.697792,33.646750,38.231099,34.837083,37.845907,33.494060,37.804519,33.277119,35.359830,32.450606,34.881432,33.814154,36.248393,33.077690,34.987562,118.380927,123.354836,160.903557,120.053901,172.225941,62.426435,49.996789,258.770882,119.770000,2.617000,271.900000,118.140000,2.069000,200.800000,66520.628415,19.467354,28.149065,129.945154,35.635904,4122.188863,2818.579836
06/22/2026 18:25:51,0.000000,0.000000,74.299022,73.945529,65.358988,74.868772,77.497536,71.802893,68.156117,74.252824,36.271176,32.219882,32.674947,32.541146,37.778132,37.740129,35.821326,36.056059,35.777847,37.493446,36.719071,35.947557,34.463838,35.218676,33.996919,99.091791,32.349793,46.185816,26.984909,26.896020,26.827443,31.765043,31.928531,30.474580,36.206249,36.046845,30.629188,30.588059,35.438038,38.318770,34.856853,38.897053,36.592637,38.682197,33.644381,38.205350,34.847149,37.816611,33.470973,37.811161,33.289858,35.349045,32.456685,34.864001,33.810023,36.226565,33.046145,34.955649,105.469043,111.209127,160.581378,106.301709,171.341551,62.406757,48.799941,216.071929,119.990000,2.459000,251.900000,118.270000,1.914000,180.600000,66580.626464,19.121089,27.064727,115.840905,35.628957,4126.635049,2821.830449
06/22/2026 18:26:51,0.000000,0.000000,74.270767,73.965053,65.251384,74.844928,77.499036,71.822635,68.171627,74.247929,36.241612,31.944012,32.509152,32.279375,37.588349,37.883980,35.661209,35.980581,35.725228,37.459948,36.887287,35.672281,34.433913,35.082378,33.830664,99.327421,33.275573,46.796116,26.741517,26.630272,26.580801,32.354870,32.713811,32.734267,36.206942,36.001482,30.062884,30.015831,35.423548,38.329502,34.846786,38.907775,36.570751,38.699210,33.645512,38.235598,34.834948,37.845106,33.488996,37.818924,33.273659,35.367015,32.452480,34.883289,33.818678,36.252018,33.058399,34.984281,112.893628,117.957824,158.496471,115.260525,169.338088,61.939007,49.953964,247.818891,119.790000,2.580000,267.000000,118.070000,2.028000,195.900000,66640.624768,18.685589,28.110527,126.491392,35.636824,4130.940901,2824.950002
06/22/2026 18:27:51,0.000000,0.000000,74.278896,73.911860,65.336084,74.837654,77.481676,71.800071,68.189684,74.246833,36.066442,32.096441,32.672991,32.410993,37.316416,38.045601,35.785982,36.044639,35.731156,37.451718,36.559594,36.042065,34.555859,35.084082,33.996126,98.638571,31.204608,45.747780,26.748865,26.666662,26.579023,31.444252,31.882181,29.621252,36.148444,36.002314,30.560748,30.599073,35.422842,38.329240,34.836139,38.904242,36.577100,38.690093,33.652772,38.231853,34.837397,37.836058,33.493839,37.812694,33.267591,35.384453,32.462864,34.871546,33.821129,36.244279,33.067690,34.992662,113.627162,118.900422,159.181353,115.344286,170.220669,61.998927,49.370253,243.209828,119.820000,2.560000,264.500000,118.170000,2.007000,193.400000,66700.622426,18.164460,27.583320,125.006124,35.636824,4135.379700,2828.197403
06/22/2026 18:28:51,0.000000,0.000000,74.324856,73.920200,65.417567,74.838978,77.494789,71.786136,68.191775,74.244680,36.201615,32.008445,32.584169,32.357051,37.454678,37.965531,35.676781,36.019618,35.690965,37.472176,36.590695,35.960909,34.469672,35.223174,33.735694,99.378826,32.549768,46.902911,26.639839,26.547353,26.455785,32.043482,32.397670,32.078196,36.178323,36.002971,30.347011,30.180170,35.432247,38.319183,34.844524,38.932441,36.588337,38.710570,33.633403,38.242721,34.839885,37.854001,33.509810,37.836532,33.289984,35.388173,32.455477,34.890886,33.829393,36.269784,33.076113,34.999291,115.351154,120.410736,159.403056,117.164150,170.709128,62.136522,49.620401,249.535758,119.750000,2.582000,267.500000,118.140000,2.039000,195.900000,66760.620098,19.093219,27.809692,127.039744,35.647138,4139.812195,2831.439193
06/22/2026 18:29:51,0.000000,0.000000,74.323457,73.926835,65.214479,74.866799,77.534316,71.795825,68.220524,74.268997,36.152287,32.104393,32.634242,32.396728,37.513553,37.909949,35.668387,36.027613,35.713820,37.441934,36.611312,35.802426,34.477298,35.166515,34.070955,101.287976,33.013282,47.754636,27.103263,26.999642,26.942655,32.208040,32.523905,30.567699,36.231130,36.030105,30.527656,30.326848,35.436254,38.341279,34.858512,38.914147,36.588579,38.713901,33.638976,38.243812,34.830779,37.864812,33.512317,37.840351,33.286672,35.396393,32.504650,34.914154,33.810062,36.256267,33.081288,34.994256,116.548449,121.553006,159.999198,118.286689,171.173181,62.313789,49.878998,252.731902,119.760000,2.601000,269.900000,118.280000,2.049000,198.100000,66820.618807,19.711618,28.043018,128.053613,35.651373,4144.289876,2834.725289
06/22/2026 18:30:51,0.000000,0.000000,74.366509,73.954260,65.343028,74.886082,77.517320,71.816450,68.233565,74.280677,36.225665,32.188378,32.689266,32.494991,37.522348,37.928460,35.684253,36.031959,35.739839,37.487788,36.511619,36.001692,34.558890,35.196172,34.005611,102.449924,32.617105,48.382441,27.205970,27.133620,27.043816,31.669886,31.870800,29.626804,36.230092,36.054751,30.631352,30.394513,35.438381,38.304098,34.868160,38.924187,36.586872,38.701164,33.647034,38.220181,34.836319,37.846914,33.528422,37.818813,33.279181,35.369865,32.503379,34.884216,33.846694,36.243646,33.084068,34.967763,117.753718,122.618070,160.405009,119.431440,171.825346,62.448312,50.139828,256.405171,119.810000,2.615000,271.400000,118.170000,2.062000,199.300000,66880.616894,20.104791,28.277650,129.207866,35.644968,4148.795649,2838.037628
06/22/2026 18:31:51,0.000000,0.000000,74.330094,73.966041,65.324594,74.895005,77.491259,71.867803,68.150720,74.243237,36.113261,32.205791,32.705779,32.527734,37.438189,37.920336,35.823188,36.037993,35.774008,37.517021,36.725856,36.471697,34.412298,35.246535,34.111102,102.836914,32.304529,47.874773,27.245854,27.184224,27.118823,31.622190,31.735347,29.792652,36.250871,36.089704,30.669206,30.495240,35.433053,38.339857,34.844902,38.931935,36.580915,38.707140,33.665040,38.244071,34.827935,37.864629,33.514932,37.827487,33.283865,35.395366,32.448906,34.900223,33.821425,36.260512,33.066569,34.996866,118.757487,123.792975,160.954511,120.433796,172.399907,62.520312,50.013006,260.269419,119.810000,2.626000,272.500000,118.250000,2.076000,200.900000,66940.615096,19.711119,28.163654,130.409753,35.647781,4153.328374,2841.377972
06/22/2026 18:32:51,0.000000,0.000000,74.371135,73.949161,65.285749,74.882290,77.518593,71.807556,68.203073,74.280419,36.174926,32.131152,32.627629,32.452506,37.649413,37.894215,35.734360,36.081600,35.744446,37.484871,36.560479,36.127670,34.446854,35.173780,33.811620,89.494004,32.728419,47.609403,26.091846,26.019882,25.790050,31.875809,32.146065,31.624108,36.131953,36.032763,30.400623,30.327918,35.422249,38.347195,34.858642,38.949135,36.588807,38.726045,33.641870,38.259063,34.829686,37.873443,33.508834,37.861188,33.289123,35.417008,32.480415,34.910843,33.823622,36.263145,33.077359,35.016940,108.271968,113.545722,158.447129,110.948952,168.823113,62.213735,49.363164,232.783362,119.900000,2.517000,259.600000,118.250000,1.967000,188.600000,67000.614822,20.032508,27.576895,121.572696,35.657231,4157.611940,2844.469766
06/22/2026 18:33:51,0.000000,0.000000,74.340118,73.953655,65.272343,74.892245,77.498194,71.811612,68.221102,74.255196,36.170492,32.035018,32.556907,32.304645,37.380943,37.955904,35.696151,36.013295,35.706341,37.474256,36.606054,35.716494,34.353948,35.229916,33.826609,100.290088,33.008545,47.264497,27.081978,27.024361,26.921429,31.880600,32.218043,30.086492,36.206560,36.022358,30.402630,30.392215,35.435209,38.330966,34.848518,38.915235,36.595156,38.706337,33.629587,38.252539,34.833335,37.866474,33.515552,37.839592,33.298165,35.388798,32.486352,34.910944,33.830384,36.266345,33.077857,34.999258,113.967474,119.063968,158.904016,115.872335,170.118987,61.911607,49.784998,243.765123,119.700000,2.568000,265.900000,117.950000,2.022000,194.400000,67060.612277,19.306212,27.958285,125.186097,35.651330,4162.035171,2847.702296
06/22/2026 18:34:51,0.000000,0.000000,74.350044,73.939902,65.382356,74.878592,77.493848,71.846243,68.210274,74.264317,36.175345,32.109323,32.569343,32.429833,37.440359,37.878323,35.758597,36.056675,35.753725,37.489268,36.361726,36.230846,34.502775,35.188866,33.740882,97.669197,31.749807,46.270333,26.502551,26.434185,26.293596,31.618560,31.888080,30.889599,36.139923,36.009292,30.398394,30.400170,35.432039,38.332222,34.841188,38.918973,36.587926,38.723842,33.633434,38.241398,34.833677,37.851351,33.503329,37.816388,33.270907,35.397955,32.464405,34.896209,33.839608,36.274213,33.075406,34.988388,114.288669,119.369732,159.116462,116.090451,170.174128,62.124604,49.278583,246.174045,119.670000,2.574000,266.400000,118.150000,2.018000,194.800000,67120.611109,18.770136,27.500197,125.963560,35.646143,4166.451502,2850.926567
06/22/2026 18:35:51,0.000000,0.000000,74.384550,73.990072,65.388178,74.886703,77.505725,71.880670,68.281481,74.262303,36.215098,32.061164,32.575030,32.362457,37.761473,37.845427,35.702767,36.026108,35.734582,37.494920,36.771871,36.287756,34.461753,35.244963,33.628947,100.546475,33.027386,47.576423,26.943240,26.857922,26.748981,32.301676,32.647300,32.314133,36.202446,36.005843,30.394922,30.207490,35.442566,38.340062,34.867349,38.934853,36.584138,38.707264,33.648732,38.247480,34.835350,37.852576,33.529584,37.827922,33.291988,35.408787,32.469494,34.882360,33.833734,36.261716,33.071007,34.996415,115.938097,121.004104,159.724870,117.711701,170.920476,62.142681,49.806458,250.719179,119.890000,2.590000,268.700000,118.180000,2.043000,196.800000,67180.609817,19.598786,27.977637,127.416192,35.651669,4170.910100,2854.192219
06/22/2026 18:36:51,0.000000,0.000000,74.425991,73.933841,65.427500,74.895007,77.542642,71.846607,68.264258,74.255770,36.063986,32.165174,32.638059,32.449758,37.925063,37.805769,35.731381,36.052054,35.713193,37.480209,36.651396,36.301145,34.551486,35.191433,33.806858,101.836282,32.757675,48.150436,27.063097,27.014412,26.926472,31.780942,32.006342,29.773189,36.235813,36.052060,30.528359,30.376872,35.411978,38.363897,34.841213,38.953414,36.602338,38.725858,33.649232,38.234761,34.833664,37.882266,33.524172,37.849933,33.285380,35.407957,32.457096,34.904622,33.840039,36.266231,33.071370,35.003871,117.022918,121.936772,160.154673,118.730111,171.277286,62.371750,49.996109,254.237237,119.740000,2.598000,269.700000,118.200000,2.057000,198.300000,67240.607196,20.001982,28.148454,128.528040,35.655465,4175.399071,2857.489825
06/22/2026 18:37:51,0.000000,0.000000,74.371209,73.991949,65.190105,74.911483,77.487050,71.906809,68.240279,74.264937,36.199096,32.214183,32.685260,32.519687,37.580923,37.966242,35.759609,36.056358,35.801853,37.486017,36.692166,36.141411,34.473047,35.297470,33.860910,102.614500,32.392041,48.206235,27.168908,27.115760,27.019756,31.532282,31.723405,29.547487,36.285910,36.100840,30.681305,30.441229,35.456020,38.350818,34.862275,38.939512,36.612321,38.734932,33.664582,38.244834,34.866398,37.891460,33.543103,37.858600,33.326065,35.417068,32.512057,34.921832,33.857272,36.289610,33.105424,35.032079,118.229728,123.136816,160.703416,119.843540,172.052739,62.458212,50.021163,258.156350,119.790000,2.619000,271.700000,118.040000,2.064000,200.300000,67300.605811,20.035244,28.170991,129.754085,35.674313,4179.915133,2860.814526
06/22/2026 18:38:51,0.000000,0.000000,74.402045,73.952174,65.436621,74.900588,77.537677,71.919616,68.230666,74.246936,36.141761,32.230427,32.710388,32.577525,37.502704,37.871271,35.724884,36.049545,35.756450,37.489777,36.744600,36.100248,34.592412,35.293497,33.877612,100.662113,32.324504,44.731437,27.107360,27.028752,26.965389,31.574732,31.673189,29.354958,36.235430,36.086659,30.690208,30.436055,35.447331,38.336861,34.847569,38.924439,36.608871,38.722664,33.658899,38.243262,34.859498,37.877517,33.536578,37.835762,33.296828,35.410954,32.468556,34.903846,33.849031,36.271211,33.068670,35.002509,108.440546,114.062958,160.809250,110.042026,171.977791,62.583045,48.853836,217.174911,119.880000,2.467000,253.200000,118.320000,1.922000,181.900000,67360.603023,17.617553,27.113884,116.228441,35.658543,4184.404789,2864.109043
06/22/2026 18:39:51,0.000000,0.000000,74.433296,73.982172,65.245606,74.891220,77.561609,71.898769,68.273390,74.258919,36.171755,32.012699,32.523038,32.325979,37.692539,37.723915,35.714625,36.041061,35.726654,37.517952,36.334676,35.858668,34.525647,35.237873,33.758087,97.516400,33.084035,47.009775,26.556560,26.479260,26.372481,32.159446,32.476219,32.359668,36.157591,36.048219,30.041723,30.014914,35.442136,38.332127,34.854388,38.921075,36.573436,38.711156,33.631772,38.233462,34.846552,37.850923,33.523178,37.847177,33.296351,35.413581,32.496102,34.897996,33.832072,36.283080,33.062820,35.005097,111.818307,116.745383,158.226742,114.314443,168.933959,62.596280,49.714304,245.043872,119.600000,2.567000,265.600000,118.150000,2.020000,194.500000,67420.601614,19.115276,27.894499,125.599465,35.652724,4188.676354,2867.196024
06/22/2026 18:40:51,0.000000,0.000000,74.410883,73.980047,65.306272,74.876762,77.588045,71.858821,68.330045,74.238655,36.140413,32.071987,32.662785,32.400933,37.405449,37.913683,35.701198,36.015240,35.720104,37.502576,36.219667,35.921333,34.421146,35.299257,33.777046,99.203469,32.488232,47.372305,27.013586,26.931399,26.853278,31.536871,31.962757,29.701910,36.203024,36.026349,30.547943,30.549287,35.425634,38.343945,34.878894,38.930897,36.606301,38.720542,33.632334,38.246195,34.854904,37.888845,33.541374,37.861298,33.306689,35.427437,32.494441,34.916103,33.865301,36.289646,33.080581,35.014834,113.661912,118.862612,159.231846,115.414079,170.202616,62.932995,49.738192,241.817626,119.890000,2.560000,264.700000,118.260000,2.012000,193.200000,67480.600719,19.456246,27.916059,124.553648,35.666310,4193.114371,2870.443004
06/22/2026 18:41:51,0.000000,0.000000,74.416168,73.977723,65.326569,74.905241,77.549896,71.897577,68.302575,74.245199,36.096671,32.064516,32.595726,32.406562,37.522882,37.800421,35.765418,36.010353,35.749437,37.465539,36.571660,36.075737,34.551440,35.282260,34.068746,99.063765,32.293715,47.084386,26.667719,26.581043,26.454836,31.824744,32.120864,31.426459,36.217863,36.035877,30.418021,30.313569,35.452300,38.348878,34.869811,38.913916,36.606785,38.722790,33.660802,38.233784,34.861510,37.849919,33.558800,37.842843,33.316951,35.403989,32.490923,34.887676,33.855931,36.264366,33.094018,35.006955,115.016676,120.130679,159.499167,116.905670,170.716776,63.113443,49.469690,248.769415,119.960000,2.576000,267.100000,118.210000,2.033000,195.400000,67540.599375,19.411001,27.673385,126.795306,35.662147,4197.542549,2873.681042
06/22/2026 18:42:51,0.000000,0.000000,74.532587,73.990174,65.344275,74.891883,77.592590,71.894346,68.300314,74.258173,36.122558,32.101216,32.572804,32.415491,37.397370,37.808847,35.687137,36.013142,35.746098,37.466186,36.818323,35.865846,34.484919,35.312875,33.777607,100.980659,32.919691,47.899293,27.019503,26.978857,26.834504,32.177732,32.450460,30.718739,36.208798,36.015296,30.495813,30.257663,35.418879,38.350903,34.849346,38.933267,36.572930,38.715948,33.637038,38.225062,34.826142,37.864169,33.539022,37.843936,33.284734,35.417949,32.497817,34.907300,33.843165,36.274217,33.056448,34.977013,116.231871,121.360428,160.096532,118.127633,171.267238,63.182025,49.768684,251.945328,119.830000,2.593000,269.300000,118.170000,2.042000,197.700000,67600.596660,19.955723,27.943570,127.804930,35.651764,4202.014180,2876.961144
06/22/2026 18:43:51,0.000000,0.000000,74.566817,74.011739,65.422457,74.947163,77.626220,71.915060,68.356778,74.277462,36.276830,32.198867,32.698859,32.480725,37.405172,37.842273,35.795281,36.062791,35.762241,37.466381,36.839753,35.540512,34.457697,35.323357,33.822511,102.115695,32.548496,47.940417,27.208533,27.118764,27.044745,31.605324,31.858363,29.653150,36.244732,36.103491,30.634948,30.395952,35.444686,38.369109,34.866339,38.958557,36.587136,38.755714,33.637972,38.266269,34.852002,37.894791,33.559879,37.850101,33.311440,35.453891,32.488521,34.926062,33.836641,36.312868,33.085763,35.017786,117.573324,122.460645,160.572861,119.250971,171.786983,63.436525,50.071076,255.934035,119.890000,2.609000,270.600000,118.090000,2.060000,199.300000,67660.595762,19.724545,28.215872,129.060468,35.673776,4206.513974,2880.269539
06/22/2026 18:44:51,0.000000,0.000000,74.663573,74.061199,65.674888,75.034434,77.707744,72.020870,68.391603,74.295557,36.201195,32.212733,32.688258,32.545886,37.403181,37.926879,35.793865,36.070675,35.764085,37.492533,36.838055,36.195384,34.515598,35.295653,33.819315,102.548743,32.232897,47.419928,27.195392,27.167256,27.071999,31.564791,31.681959,29.736096,36.262345,36.114022,30.658027,30.459658,35.439777,38.368633,34.881941,38.957313,36.601614,38.740142,33.646729,38.264585,34.862284,37.892664,33.547252,37.855658,33.319313,35.441800,32.470158,34.940778,33.854930,36.320476,33.070017,35.027796,118.545834,123.506863,161.170295,120.332912,172.554535,63.575216,49.877250,259.365182,119.720000,2.627000,272.300000,118.020000,2.078000,201.100000,67720.594357,19.378485,28.041443,130.129632,35.675193,4211.041062,2883.605683
06/22/2026 18:45:51,0.000000,0.000000,74.774444,74.073203,65.581516,75.023155,77.784078,72.023963,68.413300,74.290470,36.284200,32.198265,32.674244,32.485376,37.444718,37.755869,35.788144,36.067613,35.804611,37.503798,36.733416,35.850833,34.429058,35.269040,33.966326,93.114082,32.474450,45.187819,25.933145,25.852679,25.740818,31.720730,31.975985,30.972191,36.190199,36.036549,30.594757,30.461104,35.455395,38.346221,34.869608,38.921657,36.619239,38.723736,33.630219,38.246392,34.861754,37.870928,33.544783,37.831993,33.313460,35.425770,32.474530,34.919849,33.861504,36.301797,33.089326,35.028435,106.010657,111.450712,159.758935,107.817058,170.023922,63.429303,48.613301,219.016396,119.860000,2.460000,252.200000,118.390000,1.914000,181.400000,67780.591006,18.293565,26.894254,116.872449,35.666830,4215.390794,2886.761259
06/22/2026 18:46:51,0.000000,0.000000,74.865935,74.084431,65.681269,75.058688,77.851072,72.075729,68.439026,74.284311,36.252062,31.958536,32.509421,32.265923,37.595760,37.848973,35.738557,35.986601,35.744988,37.449164,36.567658,35.615024,34.443571,35.195768,33.792292,100.294488,33.407530,47.474002,27.068037,26.956820,26.901207,32.416796,32.777933,32.314029,36.234796,36.034658,30.235815,30.188060,35.449397,38.369829,34.874822,38.934787,36.601634,38.750312,33.642307,38.248200,34.856474,37.903664,33.559973,37.841800,33.308224,35.420547,32.490639,34.926099,33.877531,36.300067,33.091635,35.015663,114.166969,119.148633,159.087076,116.277852,169.994291,63.065795,50.108268,246.765918,119.890000,2.579000,267.900000,118.150000,2.034000,196.100000,67840.589343,19.224705,28.249297,126.153774,35.673180,4219.771975,2889.954973
06/22/2026 18:47:51,0.000000,0.000000,74.967827,74.162316,65.603619,75.152016,77.953356,72.193966,68.422535,74.325006,36.230976,32.118068,32.659915,32.483546,37.622799,37.916650,35.721686,36.045462,35.781479,37.486903,36.785526,35.974353,34.492014,35.280957,34.051114,97.400707,31.110492,44.924702,26.489185,26.367642,26.332030,31.422530,31.778049,29.945073,36.208724,36.047550,30.503762,30.445375,35.441973,38.342121,34.865928,38.944029,36.609117,38.749832,33.638270,38.233086,34.843513,37.873964,33.549074,37.844656,33.309517,35.412087,32.479924,34.927330,33.852121,36.299083,33.080729,35.004784,113.877194,119.113659,159.567071,115.704793,170.456003,63.256581,49.173999,244.384833,119.590000,2.566000,264.900000,118.180000,2.015000,193.600000,67900.588344,17.519447,27.405255,125.386612,35.665057,4224.195123,2893.188558
06/22/2026 18:48:51,0.000000,0.000000,75.000119,74.209859,65.810087,75.212525,78.007353,72.303842,68.424629,74.348644,36.142426,32.023719,32.529604,32.405556,37.651383,37.939922,35.740229,36.040971,35.776164,37.510774,36.656328,36.119459,34.477229,35.267516,33.771319,99.713605,32.781125,46.820872,26.761912,26.665860,26.572410,32.188118,32.547135,32.436822,36.214241,36.031811,30.265937,30.130006,35.461263,38.356483,34.893021,38.957748,36.630277,38.759901,33.644851,38.254357,34.864431,37.889500,33.585172,37.863772,33.330320,35.445687,32.488293,34.952237,33.870400,36.313765,33.118182,35.039043,115.866132,120.793331,159.943967,117.686569,171.146159,63.363329,49.766353,250.542281,119.740000,2.587000,268.300000,118.070000,2.037000,196.900000,67960.587246,18.879405,27.941467,127.359999,35.685935,4228.641764,2896.444804
06/22/2026 18:49:51,0.000000,0.000000,75.089901,74.238847,65.727908,75.268241,78.041842,72.345766,68.487703,74.362244,36.158895,32.128836,32.575502,32.469791,37.628579,37.966165,35.657991,36.052649,35.737710,37.493621,36.701106,35.438333,34.527544,35.213171,33.836319,101.449257,32.991645,48.284027,27.094475,27.072144,26.931522,32.102165,32.348671,30.299399,36.233503,36.051078,30.456945,30.288774,35.443604,38.336680,34.846302,38.927150,36.589758,38.721696,33.615729,38.233654,34.841866,37.858626,33.560065,37.841892,33.297631,35.417074,32.472474,34.913710,33.857133,36.297881,33.069059,35.009547,116.881713,121.899702,160.578523,118.692511,171.798933,63.397287,49.934543,253.436258,119.580000,2.606000,269.800000,117.940000,2.056000,198.300000,68020.585980,20.190984,28.093043,128.275845,35.657577,4233.125864,2899.737346
06/22/2026 18:50:51,0.000000,0.000000,75.043965,74.271079,65.844164,75.320132,78.051055,72.415630,68.481818,74.372041,36.221111,32.226964,32.702480,32.548947,37.416392,37.922851,35.757017,36.061738,35.777366,37.519046,36.647352,36.406939,34.514658,35.228667,34.081192,102.438155,32.467174,48.086659,27.234065,27.197891,27.060864,31.608927,31.825437,29.626879,36.270206,36.077604,30.680203,30.417192,35.447190,38.382642,34.874070,38.928303,36.603702,38.733839,33.634612,38.249617,34.858784,37.889176,33.571877,37.861152,33.309412,35.437243,32.446012,34.932843,33.873183,36.297503,33.102657,35.030650,118.006042,123.082408,161.082222,119.789743,172.403186,63.579661,50.149344,257.563506,119.650000,2.624000,271.700000,118.150000,2.067000,199.800000,68080.583179,19.800462,28.286197,129.569459,35.673223,4237.641292,2903.059941
06/22/2026 18:51:51,0.000000,0.000000,75.059535,74.261298,65.859050,75.330410,78.087395,72.437806,68.465584,74.354229,36.245490,32.230107,32.786107,32.593335,37.730559,37.962966,35.732264,36.062235,35.807518,37.482829,36.686320,35.817932,34.586888,35.272907,33.886785,101.302396,32.015839,44.425752,27.022210,26.907415,26.870682,31.551556,31.693228,29.461536,36.262039,36.124786,30.675101,30.585969,35.452800,38.356882,34.879992,38.939490,36.607103,38.748705,33.620702,38.248407,34.867325,37.870734,33.578785,37.831792,33.325268,35.442421,32.464554,34.935176,33.865305,36.306915,33.070456,35.015375,112.302700,118.290995,161.545605,114.830629,172.774820,63.685174,49.126028,223.153833,119.690000,2.510000,258.500000,118.140000,1.957000,186.400000,68140.582598,17.064084,27.361668,118.305931,35.671409,4242.161412,2906.382572
06/22/2026 18:52:51,0.000000,0.000000,75.004515,74.287823,65.721009,75.359116,78.060032,72.468728,68.458614,74.368020,36.161644,32.059949,32.544906,32.362659,37.576502,37.941943,35.754508,36.081371,35.752864,37.501228,36.304203,35.597491,34.473490,35.272203,33.996547,94.962455,32.958475,46.890739,26.360190,26.283772,26.120625,32.128052,32.450620,32.370102,36.190314,36.065448,30.093843,30.082400,35.456926,38.377331,34.862408,38.938762,36.598570,38.742402,33.622797,38.247592,34.856306,37.882290,33.585612,37.858023,33.326476,35.437421,32.463539,34.922827,33.866262,36.304327,33.078175,35.011104,111.198245,116.031869,158.710597,113.721945,169.292530,63.090377,49.499017,242.577333,119.670000,2.556000,264.400000,118.030000,2.010000,193.300000,68200.580083,19.190811,27.699928,124.800782,35.671958,4246.422705,2909.456193
06/22/2026 18:53:51,0.000000,0.000000,74.958344,74.259369,65.741805,75.348662,78.045824,72.413753,68.508135,74.351254,36.284206,32.073224,32.672471,32.384815,37.860121,37.835379,35.695303,36.065145,35.739056,37.481261,36.669706,36.204638,34.592751,35.324419,33.819098,99.508121,32.822725,47.570154,27.037771,26.973899,26.886374,31.745853,32.199143,29.998898,36.228954,36.057155,30.533487,30.498981,35.446523,38.364757,34.896906,38.931609,36.619652,38.739154,33.639961,38.237524,34.861718,37.883264,33.595265,37.858789,33.346311,35.437705,32.495406,34.946864,33.867684,36.319911,33.106058,35.034929,113.839944,118.959652,159.599003,115.600648,170.645560,63.068129,49.764411,242.011356,119.710000,2.563000,265.200000,118.070000,2.016000,193.300000,68260.579610,19.630439,27.939715,124.616720,35.681500,4250.865113,2912.707777
06/22/2026 18:54:51,0.000000,0.000000,74.970033,74.255848,65.714333,75.314113,78.015592,72.432894,68.465400,74.330796,36.214088,32.069940,32.678528,32.422808,37.514713,37.868253,35.763661,36.029411,35.775656,37.447055,36.638121,35.971899,34.474470,35.315291,33.841881,98.517134,32.040511,46.522442,26.559146,26.467548,26.379266,31.674563,32.048272,31.177782,36.206928,36.044867,30.366449,30.300601,35.456249,38.364293,34.873535,38.943655,36.624945,38.755908,33.647494,38.249551,34.867144,37.881600,33.578722,37.849845,33.332520,35.441234,32.476262,34.925682,33.864680,36.293453,33.110395,35.026397,114.990102,120.107062,159.739744,116.817507,170.841229,63.253700,49.329079,248.643498,119.760000,2.581000,267.400000,118.010000,2.031000,195.800000,68320.577884,18.976446,27.545996,126.755092,35.678178,4255.292486,2915.944212
06/22/2026 18:55:51,0.000000,0.000000,74.879230,74.287577,65.535393,75.331158,77.914722,72.404239,68.457475,74.344907,36.240691,32.130057,32.634540,32.419266,37.552743,37.801551,35.795729,36.025598,35.740698,37.474943,36.745238,36.256633,34.539708,35.267879,33.846939,100.895426,32.974870,48.041157,26.975784,26.946304,26.854830,32.294087,32.592127,31.760726,36.252760,36.082296,30.471431,30.248435,35.470862,38.374437,34.882262,38.959398,36.615676,38.764317,33.658179,38.250337,34.871481,37.915963,33.585227,37.870895,33.336988,35.465632,32.498972,34.961947,33.891668,36.329656,33.121793,35.051512,116.446837,121.421070,160.365114,118.078648,171.513138,63.337654,49.861421,251.681842,119.710000,2.597000,269.100000,118.060000,2.049000,197.800000,68380.576113,20.013977,28.027180,127.721506,35.693860,4259.765049,2919.225005
06/22/2026 18:56:51,0.000000,0.000000,74.892562,74.274707,65.486506,75.305168,77.917436,72.393412,68.470978,74.334222,36.269054,32.208850,32.730625,32.493409,37.670606,37.895961,35.772359,36.065561,35.777052,37.491327,36.789069,36.023144,34.566185,35.339098,33.805305,102.139958,32.682112,48.050126,27.217659,27.156028,27.060358,31.709997,31.935853,29.735622,36.288167,36.061916,30.636780,30.370436,35.459202,38.346482,34.867784,38.937933,36.627258,38.724231,33.641377,38.236263,34.870652,37.879351,33.595175,37.828654,33.328178,35.413414,32.505720,34.930964,33.881070,36.297840,33.122857,35.000697,117.407040,122.519108,160.906274,119.193100,172.026461,63.378628,49.961150,255.827864,119.730000,2.613000,270.800000,118.170000,2.063000,199.600000,68440.573833,19.933131,28.116995,129.027225,35.674755,4264.267184,2922.534657
06/22/2026 18:57:51,0.000000,0.000000,74.759721,74.248316,65.550828,75.282352,77.893427,72.368399,68.465225,74.323436,36.266368,32.222169,32.780842,32.556030,37.604661,37.947558,35.775833,36.075676,35.838152,37.537711,36.543458,35.973893,34.467150,35.326151,33.847421,102.782125,32.356332,48.329121,27.209875,27.137525,27.049371,31.503458,31.687010,29.508826,36.328622,36.113895,30.684640,30.472383,35.439133,38.392719,34.878970,38.951269,36.628416,38.748336,33.638097,38.247618,34.855002,37.896013,33.592157,37.847303,33.339560,35.469526,32.473968,34.949017,33.872505,36.332685,33.106504,35.039808,118.497662,123.586952,161.346238,120.289650,172.799156,63.480066,50.131185,259.478151,119.740000,2.623000,273.100000,118.120000,2.073000,201.000000,68500.571150,20.059235,28.269886,130.164666,35.684930,4268.798398,2925.872175
06/22/2026 18:58:51,0.000000,0.000000,74.765062,74.221951,65.560071,75.215586,77.875279,72.289963,68.496804,74.315059,36.182021,32.205921,32.689011,32.511281,37.879694,37.868649,35.753122,36.108768,35.800273,37.514056,36.879946,35.877958,34.433602,35.277568,33.933888,92.467276,32.416747,45.259307,25.869346,25.797817,25.654814,31.713442,31.929943,31.064274,36.212621,36.082887,30.554039,30.499563,35.475020,38.368425,34.887316,38.937510,36.634359,38.741465,33.648949,38.251384,34.884063,37.882108,33.604999,37.869797,33.346860,35.426287,32.509300,34.943487,33.898493,36.310342,33.117132,35.024250,106.512326,111.921435,159.704898,108.469809,170.012059,63.259236,48.697493,221.658859,119.790000,2.464000,253.700000,118.320000,1.926000,183.100000,68560.570132,18.288107,26.971200,117.790101,35.688077,4273.139991,2929.020982
06/22/2026 18:59:51,0.000000,0.000000,74.751373,74.256874,65.396287,75.207814,77.850271,72.269452,68.514890,74.334713,36.129540,31.996521,32.497977,32.308764,37.888423,37.893283,35.653780,36.062168,35.742894,37.477576,36.735928,35.687369,34.379801,35.262389,33.741062,100.373939,33.325463,47.390300,27.043158,26.981966,26.890146,32.422685,32.717119,31.697047,36.253899,36.079450,30.256388,30.253313,35.453553,38.384126,34.872045,38.946144,36.615686,38.763003,33.647084,38.243731,34.875491,37.892124,33.594063,37.888962,33.336997,35.465641,32.504764,34.956201,33.904119,36.335429,33.112411,35.036389,114.254813,119.243638,159.313189,116.281240,170.312817,62.872533,50.215863,246.838425,119.930000,2.573000,267.800000,118.300000,2.032000,195.700000,68620.568406,19.044385,28.345915,126.177054,35.691398,4277.532171,2932.227057
06/22/2026 19:00:51,0.000000,0.000000,74.676723,74.202898,65.533560,75.199820,77.836828,72.282618,68.459518,74.310159,36.181206,32.102753,32.685969,32.452295,37.916979,37.829498,35.748966,36.071846,35.784840,37.451799,36.345896,36.434695,34.644518,35.284833,33.897310,97.730209,31.397749,45.769426,26.535516,26.438554,26.369006,31.479890,31.781498,29.870946,36.195662,36.060612,30.466096,30.461606,35.445259,38.372771,34.881006,38.941381,36.619793,38.738412,33.633440,38.237212,34.860961,37.917412,33.612695,37.859337,33.331790,35.439619,32.463076,34.935021,33.886020,36.343502,33.103054,35.038139,114.021500,119.154671,159.581734,115.797587,170.636263,63.004555,49.499405,244.779738,119.900000,2.563000,265.500000,118.190000,2.021000,193.700000,68680.566463,18.069147,27.700279,125.514204,35.682995,4281.957221,2935.460341
06/22/2026 19:01:51,0.000000,0.000000,74.702120,74.231692,65.643805,75.194079,77.813844,72.272196,68.467826,74.336165,36.203615,32.059412,32.595517,32.387183,37.655670,37.896051,35.684845,36.066206,35.756317,37.506883,36.539588,36.088330,34.413200,35.287330,33.834372,100.008351,32.797829,47.113393,26.759039,26.704982,26.556476,32.194499,32.521488,32.290607,36.241599,36.052534,30.292592,30.161945,35.444708,38.377079,34.871852,38.958747,36.617997,38.747654,33.629416,38.257412,34.864838,37.898742,33.569988,37.852645,33.313990,35.431616,32.465719,34.949983,33.866812,36.329665,33.111434,35.039848,115.783385,120.861069,160.030215,117.498104,171.413858,63.042698,49.774510,250.532247,119.860000,2.586000,268.400000,118.240000,2.040000,196.400000,68740.565779,19.164568,27.948825,127.356811,35.680007,4286.408032,2938.719665
06/22/2026 19:02:51,0.000000,0.000000,74.663570,74.199462,65.371168,75.167443,77.802446,72.198428,68.511497,74.311052,36.261532,32.133206,32.661256,32.464796,37.634223,37.846334,35.705253,36.069777,35.761552,37.508128,36.762969,36.373215,34.422728,35.284879,33.976043,101.602783,32.860235,47.868426,27.093765,27.012029,26.921397,32.023539,32.233585,30.143078,36.283814,36.065090,30.561531,30.298536,35.466160,38.360039,34.883425,38.903193,36.648108,38.744144,33.637432,38.221540,34.866067,37.888038,33.609831,37.824675,33.344226,35.447591,32.503993,34.919284,33.903565,36.330892,33.119745,35.034394,116.916639,121.885153,160.559536,118.675096,171.967414,62.958800,50.029028,253.762703,119.860000,2.603000,269.600000,118.070000,2.051000,198.500000,68800.564074,19.690361,28.178065,128.378695,35.682817,4290.894904,2942.012988
06/22/2026 19:03:51,0.000000,0.000000,74.611574,74.215087,65.489061,75.173338,77.833162,72.231466,68.537423,74.306786,36.280901,32.226097,32.731408,32.546564,37.958036,37.976590,35.808906,36.066227,35.808840,37.518185,36.374306,35.990597,34.533134,35.335333,33.940961,102.555273,32.383230,47.643845,27.301184,27.224373,27.132326,31.559477,31.782227,29.576492,36.289284,36.122369,30.666874,30.428912,35.478341,38.376149,34.896889,38.963361,36.628731,38.765421,33.655736,38.242874,34.893699,37.919984,33.617076,37.855300,33.350984,35.447684,32.490743,34.965982,33.920130,36.345194,33.122105,35.031428,118.097683,123.135133,161.050951,119.847072,172.400302,62.909501,50.075737,258.102293,119.690000,2.621000,272.300000,118.180000,2.069000,200.500000,68860.560871,19.423783,28.220062,129.737263,35.698391,4295.410802,2945.335866
06/22/2026 19:04:51,0.000000,0.000000,74.641093,74.201072,65.330070,75.141101,77.799763,72.175384,68.523330,74.330413,36.208005,32.240489,32.769358,32.601495,37.835878,37.845598,35.831657,36.100483,35.822282,37.538229,36.744872,35.911102,34.553324,35.327137,34.003278,100.925813,32.282969,44.358825,27.158116,27.086656,27.030287,31.624761,31.757965,29.842488,36.280574,36.167677,30.653648,30.481929,35.444192,38.396435,34.875865,38.977741,36.612999,38.769591,33.626620,38.266501,34.869088,37.920206,33.599536,37.872316,33.315636,35.490425,32.490498,34.990150,33.879947,36.358253,33.068107,35.054711,109.383038,115.172033,161.298087,111.638293,172.453785,62.908002,48.903167,218.653699,119.990000,2.481000,254.400000,118.380000,1.930000,182.500000,68920.559714,17.199975,27.158850,116.745901,35.693941,4299.908633,2948.638247
06/22/2026 19:05:51,0.000000,0.000000,74.569304,74.179986,65.542021,75.115667,77.814826,72.137994,68.512233,74.327847,36.135215,32.025817,32.545043,32.363238,37.669890,37.881991,35.731986,36.084542,35.772493,37.546892,36.296814,36.176522,34.494035,35.327300,33.870965,97.244780,33.172922,47.332108,26.628043,26.524833,26.402366,32.243936,32.560675,32.512194,36.200234,36.087325,30.061925,30.025314,35.451145,38.370246,34.875060,38.953997,36.620043,38.749694,33.634134,38.230900,34.883450,37.888566,33.621656,37.851903,33.342705,35.431449,32.481120,34.939769,33.901875,36.324338,33.105798,35.025801,111.822074,116.652419,158.564134,114.280627,169.138568,62.222298,49.756837,245.168008,119.760000,2.568000,265.600000,118.050000,2.022000,194.000000,68980.558590,19.399226,27.932882,125.639514,35.684182,4304.178165,2951.721774
06/22/2026 19:06:51,0.000000,0.000000,74.583494,74.173887,65.293197,75.126413,77.785542,72.149626,68.514124,74.311547,36.089410,32.110623,32.693389,32.416674,37.770696,37.876741,35.760308,36.061485,35.783371,37.539182,36.513066,36.116799,34.559750,35.284800,33.970837,99.301416,31.347950,46.517785,26.952432,26.869794,26.799896,31.585656,32.036004,29.713282,36.225603,36.072845,30.573348,30.579274,35.443041,38.392638,34.859248,38.966504,36.609469,38.770484,33.622189,38.268764,34.854064,37.917168,33.597230,37.873114,33.328977,35.458529,32.485615,34.947635,33.881778,36.327321,33.097357,35.031126,113.781393,118.948459,159.462993,115.526473,170.309900,62.127148,49.611758,242.767178,119.660000,2.565000,265.300000,118.160000,2.012000,193.800000,69040.556413,18.715903,27.801882,124.862455,35.686613,4308.624421,2954.975768
06/22/2026 19:07:51,0.000000,0.000000,74.531010,74.156895,65.390532,75.098586,77.778853,72.122972,68.547325,74.317467,36.211171,32.079023,32.648915,32.417048,37.722902,37.907156,35.777781,36.077623,35.792671,37.510448,36.523243,36.255311,34.474937,35.343680,34.038961,98.542572,32.179960,46.697424,26.531601,26.417211,26.322055,31.868783,32.218254,31.738257,36.209944,36.077996,30.288357,30.280551,35.462905,38.382847,34.874002,38.948091,36.607857,38.759167,33.609911,38.252850,34.884648,37.890201,33.615924,37.847084,33.329136,35.463562,32.470650,34.951610,33.887534,36.341913,33.096506,35.047126,115.121593,120.159546,159.551939,117.002315,170.769633,62.234174,49.337527,248.939677,119.700000,2.580000,267.100000,118.050000,2.029000,195.800000,69100.555520,19.143768,27.553656,126.849659,35.686176,4313.053077,2958.213942
06/22/2026 19:08:51,0.000000,0.000000,74.498044,74.145479,65.238423,75.090420,77.758081,72.076207,68.532597,74.320593,36.091264,32.105810,32.609863,32.432208,37.567370,37.936349,35.726152,36.080924,35.771935,37.492852,36.489691,35.876734,34.540637,35.341056,33.793623,101.111467,33.094478,47.987526,27.006641,26.949914,26.838495,32.374806,32.723066,31.985879,36.279016,36.082432,30.454630,30.317533,35.463775,38.386363,34.878440,38.946329,36.643613,38.752018,33.615152,38.233940,34.875415,37.907070,33.621851,37.862259,33.333935,35.461258,32.517267,34.948586,33.899603,36.334910,33.102882,35.035751,116.451703,121.455978,160.143657,118.229551,171.402210,62.348097,49.989311,252.420995,119.760000,2.596000,269.400000,118.100000,2.050000,197.600000,69160.552681,19.845189,28.142337,127.955381,35.691021,4317.526116,2961.495898
06/22/2026 19:09:51,0.000000,0.000000,74.515286,74.145815,65.349429,75.059054,77.740707,72.091354,68.551558,74.290810,36.205098,32.212205,32.706408,32.511504,37.665161,37.898913,35.741969,36.073708,35.768875,37.519414,36.727366,36.440055,34.621941,35.357129,33.837455,102.289976,32.675475,47.899186,27.251634,27.167675,27.094358,31.722527,31.959964,29.736569,36.299259,36.133232,30.648392,30.379234,35.469721,38.413039,34.894259,38.983688,36.642593,38.794692,33.629675,38.251096,34.885991,37.914072,33.612161,37.891942,33.319581,35.461566,32.475319,34.970691,33.901756,36.391504,33.100742,35.073520,117.705225,122.580641,160.636264,119.390669,171.849111,62.458772,50.023687,256.472661,119.750000,2.614000,271.000000,118.170000,2.064000,199.600000,69220.550239,19.725925,28.173261,129.228965,35.703880,4322.028654,2964.807152
06/22/2026 19:10:51,0.000000,0.000000,74.477631,74.139012,65.259662,75.010197,77.736636,72.030034,68.556407,74.275757,36.200957,32.272561,32.748495,32.578535,37.786556,38.005695,35.801427,36.098161,35.795741,37.509976,36.826757,35.808064,34.576561,35.387580,33.892171,102.895779,32.325700,47.890302,27.238523,27.175553,27.072803,31.598115,31.750031,29.628989,36.306130,36.118408,30.685172,30.463939,35.464862,38.371991,34.883145,38.958511,36.624677,38.752110,33.625017,38.235616,34.861133,37.904329,33.643756,37.851353,33.332251,35.464010,32.490672,34.957364,33.882639,36.348100,33.112801,35.040325,118.754076,123.670405,161.144460,120.399487,172.531986,62.570036,50.046993,259.972592,119.910000,2.625000,272.200000,118.240000,2.074000,200.800000,69280.549787,19.696082,28.194220,130.317875,35.690233,4326.559176,2968.145293
06/22/2026 19:11:51,0.000000,0.000000,74.475771,74.127426,65.210777,75.021461,77.719654,72.041338,68.550588,74.293228,36.225061,32.206906,32.695331,32.520186,37.835078,37.817846,35.727596,36.079710,35.846434,37.506635,36.690682,35.958132,34.687826,35.394145,33.802620,91.261153,32.714154,46.282533,25.924188,25.843274,25.718424,31.922936,32.201152,31.559417,36.193837,36.095098,30.540924,30.414589,35.464101,38.404791,34.884536,38.986368,36.643845,38.765489,33.627378,38.263266,34.887569,37.928898,33.634014,37.890705,33.349276,35.469467,32.494815,34.966948,33.912661,36.355453,33.109719,35.045232,107.173245,112.483307,159.108715,109.529837,169.441322,62.326053,49.233331,226.617019,119.970000,2.489000,255.700000,118.370000,1.945000,185.100000,69340.547081,18.823402,27.459131,119.491798,35.704227,4330.877064,2971.270902
06/22/2026 19:12:51,0.000000,0.000000,74.473225,74.141369,65.503434,75.006085,77.695063,72.033537,68.589775,74.302559,36.258295,32.058302,32.572615,32.359091,37.767409,37.920286,35.707632,36.087653,35.730847,37.519925,36.705755,35.985970,34.442421,35.303222,33.963775,100.756056,33.368916,47.415972,27.187772,27.086390,27.016779,32.427801,32.715564,31.038741,36.274143,36.049659,30.325806,30.283830,35.471483,38.373290,34.882444,38.939282,36.624320,38.753519,33.619773,38.240752,34.886690,37.898863,33.637041,37.845556,33.348333,35.456562,32.473855,34.971833,33.895352,36.345723,33.106081,35.053574,114.297798,119.363541,159.023366,116.332193,170.070224,61.980326,50.105646,245.948593,119.940000,2.579000,267.000000,118.400000,2.028000,195.500000,69400.545700,19.169031,28.246941,125.891022,35.691216,4335.287156,2974.494271
06/22/2026 19:13:51,0.000000,0.000000,74.453702,74.099428,65.213250,74.951424,77.680998,71.961728,68.576329,74.269756,36.218069,32.141585,32.695423,32.474441,37.942508,37.811729,35.759382,36.011847,35.793814,37.480205,37.058829,35.999831,34.446548,35.387123,34.001432,97.826705,31.585653,46.020417,26.551044,26.421463,26.367796,31.529919,31.876515,30.294600,36.220752,36.078179,30.472636,30.406844,35.471468,38.378573,34.881455,38.956389,36.648148,38.764044,33.627700,38.215248,34.890349,37.917972,33.641388,37.871972,33.342044,35.470232,32.485352,34.957754,33.906563,36.374164,33.115320,35.044611,114.141023,119.401709,159.381963,115.978179,170.338233,62.130700,49.125348,245.407541,119.950000,2.564000,265.500000,118.230000,2.018000,194.200000,69460.545019,18.659367,27.361050,125.716751,35.698037,4339.709911,2977.727040
06/22/2026 19:14:51,0.000000,0.000000,74.429574,74.100661,65.310211,75.004212,77.677195,71.954084,68.552762,74.296234,36.245500,32.133557,32.585113,32.447467,37.452135,37.913951,35.757036,36.089212,35.794239,37.531462,36.430979,35.982276,34.491966,35.319028,33.921827,100.525350,32.949789,47.462668,26.891175,26.838463,26.727405,32.271289,32.613369,32.334022,36.279871,36.094799,30.365450,30.201304,35.478960,38.411647,34.883195,38.978415,36.643196,38.786909,33.630725,38.234269,34.875745,37.930814,33.643053,37.874071,33.351735,35.473693,32.490605,34.979513,33.915030,36.344094,33.113431,35.045387,116.074205,121.090542,159.878829,117.823802,171.035544,62.224112,50.011937,251.062618,119.810000,2.589000,268.700000,118.240000,2.039000,197.400000,69520.543416,19.299975,28.162693,127.525209,35.704224,4344.166404,2980.992009
06/22/2026 19:15:51,0.000000,0.000000,74.442798,74.100782,65.378268,74.979308,77.632999,71.980385,68.544109,74.304549,36.231141,32.180978,32.685873,32.502671,37.680692,37.908254,35.727777,36.103361,35.762595,37.529060,36.496293,35.906146,34.495119,35.280512,33.984409,101.893980,32.926298,48.028391,27.227121,27.181121,27.097922,32.032981,32.242134,30.176607,36.287138,36.100740,30.493116,30.301291,35.457821,38.404273,34.882188,38.958000,36.625808,38.773098,33.620822,38.235836,34.866676,37.920454,33.643336,37.867724,33.335608,35.470903,32.449550,34.969115,33.912611,36.342124,33.091046,35.033698,116.929815,122.048513,160.284442,118.764643,171.562931,62.340738,50.145266,254.475313,119.960000,2.603000,270.400000,118.330000,2.054000,199.100000,69580.541591,19.745857,28.282534,128.602893,35.693035,4348.657796,2984.291436
06/22/2026 19:16:51,0.000000,0.000000,74.408207,74.078862,65.272375,74.980770,77.640773,71.963624,68.551190,74.307777,36.229785,32.261488,32.741875,32.571806,37.725960,38.047161,35.731790,36.114899,35.827684,37.529032,36.794511,36.167171,34.551659,35.395944,34.059463,102.736942,32.389501,48.381265,27.213697,27.146260,27.029296,31.594815,31.793952,29.563256,36.334209,36.141180,30.693831,30.404074,35.467385,38.389959,34.899515,38.940823,36.638829,38.749895,33.618346,38.215310,34.878881,37.910523,33.640595,37.849534,33.351349,35.468433,32.491108,34.964468,33.919946,36.348552,33.102082,35.032736,118.125077,123.135168,160.817714,119.856343,172.219935,62.475836,50.099431,257.963591,119.950000,2.612000,271.300000,118.280000,2.065000,200.200000,69640.539488,20.139908,28.241357,129.694088,35.693913,4353.175554,2987.617681
06/22/2026 19:17:51,0.000000,0.000000,74.338267,74.062601,65.159367,74.957061,77.594818,71.920329,68.548909,74.273382,36.202944,32.231844,32.766499,32.593626,37.718474,37.994178,35.743844,36.109679,35.797286,37.476155,36.711941,36.233166,34.497113,35.330818,33.931249,100.459394,32.261923,44.996584,27.135204,27.019078,27.002916,31.670969,31.841590,30.202146,36.285714,36.136953,30.653030,30.446550,35.463969,38.390530,34.868491,38.954521,36.631245,38.758660,33.610289,38.223236,34.880632,37.938333,33.642359,37.839359,33.337068,35.459951,32.463023,34.958237,33.906603,36.353398,33.101625,35.032723,107.459895,113.176532,160.968461,109.028160,172.021954,62.484432,48.773237,217.622415,120.080000,2.468000,253.500000,118.580000,1.924000,182.100000,69700.536240,17.956225,27.040359,116.385287,35.690713,4357.666146,2990.913255
06/22/2026 19:18:51,0.000000,0.000000,74.393378,74.041616,65.264649,74.924945,77.612072,71.868172,68.596503,74.277535,36.147634,32.012486,32.520602,32.327321,37.522829,37.938660,35.742402,36.050229,35.772071,37.542052,36.696489,36.245266,34.446233,35.361989,33.888954,98.408180,33.234160,47.466943,26.694075,26.567189,26.471462,32.314070,32.671696,32.673475,36.249746,36.099207,30.044017,30.001138,35.475417,38.425337,34.909914,38.976320,36.633743,38.796458,33.593252,38.260106,34.871091,37.933689,33.641839,37.864909,33.340021,35.485053,32.489998,34.987719,33.914811,36.382829,33.124660,35.066787,112.403001,117.230701,158.355163,114.818407,169.011352,62.047681,49.875405,246.771744,119.980000,2.570000,266.700000,118.280000,2.026000,195.400000,69760.535127,19.427163,28.039780,126.155644,35.708698,4361.954454,2994.016223
06/22/2026 19:19:51,0.000000,0.000000,74.380450,74.044329,65.329774,74.932474,77.605682,71.877001,68.613135,74.273764,36.183906,32.129053,32.693128,32.440366,37.588735,37.884366,35.799467,36.093988,35.785769,37.532735,36.707959,36.033664,34.592251,35.376663,33.874665,99.122053,31.363191,46.187782,26.899369,26.845765,26.765680,31.537722,31.990336,29.683143,36.267085,36.098838,30.641852,30.583087,35.470320,38.405246,34.904561,38.977171,36.644944,38.770999,33.632923,38.226679,34.891628,37.928523,33.650190,37.879402,33.361932,35.472341,32.486579,34.981647,33.931376,36.373226,33.121461,35.047634,113.902486,118.783861,159.135879,115.472637,170.154477,62.069912,49.558835,242.802137,119.980000,2.557000,265.300000,118.430000,2.009000,193.800000,69820.533130,18.433743,27.754039,124.873808,35.707939,4366.399139,2997.271004
06/22/2026 19:20:51,0.000000,0.000000,74.367425,74.033837,65.125168,74.911259,77.599693,71.874363,68.641462,74.250324,36.218296,32.064379,32.608486,32.408465,37.591956,37.906142,35.833845,36.062375,35.762147,37.482200,36.779933,36.008992,34.526274,35.346209,33.844297,98.797667,32.341971,46.936494,26.568740,26.468206,26.367202,31.954324,32.347295,31.963233,36.250816,36.094521,30.301872,30.259443,35.470283,38.388873,34.904332,38.969001,36.643845,38.784467,33.613609,38.238985,34.892455,37.923162,33.649151,37.877485,33.361273,35.494727,32.504601,34.976710,33.946412,36.387774,33.120421,35.066993,115.430321,120.086863,159.453241,117.051846,170.495175,62.165654,49.275573,249.618138,120.040000,2.581000,267.300000,118.340000,2.032000,196.100000,69880.531999,19.439028,27.497466,127.065989,35.710728,4370.831666,3000.512637
06/22/2026 19:21:51,0.000000,0.000000,74.358925,74.044363,65.193926,74.939208,77.572808,71.857049,68.644317,74.281486,36.234172,32.131515,32.634218,32.461143,37.706606,37.927092,35.759856,36.097344,35.770501,37.511754,36.583409,35.851950,34.629386,35.385841,33.995247,101.233655,33.145223,48.242816,27.078628,27.000911,26.897373,32.400077,32.742101,31.714946,36.293707,36.086498,30.499730,30.222858,35.482217,38.383544,34.908291,38.985295,36.643634,38.782491,33.612508,38.237896,34.894023,37.928258,33.648849,37.862163,33.352174,35.482107,32.512840,34.982269,33.929778,36.359239,33.117453,35.052946,116.479440,121.547706,160.009516,118.269303,171.261097,62.293501,50.105840,252.601454,119.940000,2.597000,269.300000,118.370000,2.050000,198.000000,69940.531150,19.995700,28.247116,128.012408,35.707899,4375.307270,3003.797229
06/22/2026 19:22:51,0.000000,0.000000,74.336033,74.007506,65.122919,74.908714,77.578206,71.856123,68.646336,74.272077,36.340518,32.197918,32.757052,32.512017,37.739914,37.836242,35.799708,36.096442,35.790533,37.535279,36.867122,36.020857,34.416143,35.405506,34.054721,102.490700,32.783146,48.308901,27.213287,27.127986,27.073004,31.833536,32.067788,29.844557,36.326272,36.129699,30.641270,30.376615,35.503899,38.407354,34.901290,38.973034,36.641952,38.781696,33.614818,38.261138,34.901841,37.950184,33.663605,37.874190,33.359817,35.475549,32.496471,34.965697,33.933165,36.382093,33.127329,35.054375,117.654919,122.636709,160.471077,119.378626,171.845867,62.376228,50.182458,256.546139,120.010000,2.613000,271.200000,118.360000,2.061000,199.500000,70000.529538,19.992970,28.315931,129.251932,35.713475,4379.812566,3007.110335
06/22/2026 19:23:51,0.000000,0.000000,74.364733,74.053978,65.242956,74.935923,77.552267,71.896572,68.592376,74.264557,36.206814,32.235733,32.756601,32.584701,37.603540,37.980012,35.775823,36.111090,35.828621,37.544112,36.644126,36.093222,34.532134,35.361814,34.003702,103.057860,32.444831,48.039004,27.283534,27.196450,27.143656,31.637606,31.814020,29.812985,36.315834,36.151581,30.665080,30.472390,35.455981,38.395817,34.882584,38.950011,36.622608,38.781381,33.586961,38.229084,34.886505,37.923861,33.648415,37.850243,33.354612,35.500935,32.472579,34.967656,33.917366,36.367227,33.122796,35.050296,118.638540,123.686668,160.995766,120.450724,172.475341,62.495091,50.051363,260.449554,119.970000,2.617000,273.200000,118.450000,2.074000,201.000000,70060.526776,19.840854,28.198150,130.465475,35.698346,4384.344635,3010.450709
06/22/2026 19:24:51,0.000000,0.000000,74.334584,74.024241,65.360749,74.894477,77.526110,71.874904,68.601770,74.263742,36.208828,32.175906,32.665685,32.514270,37.801806,37.934796,35.791591,36.106040,35.768621,37.516950,36.864262,35.838855,34.468531,35.397115,34.063012,90.988542,32.540132,46.504494,25.904386,25.833306,25.620944,31.726918,31.992863,31.233266,36.217098,36.104634,30.541163,30.427942,35.476933,38.423315,34.870943,38.990493,36.625355,38.797802,33.615037,38.247706,34.885691,37.947349,33.654863,37.877865,33.343596,35.512991,32.479788,34.996995,33.927208,36.391646,33.111470,35.067818,107.119134,112.546907,158.897413,109.583491,169.134905,62.304809,48.765274,227.255826,119.940000,2.487000,255.900000,118.330000,1.949000,185.400000,70120.525649,19.471403,27.033091,119.709172,35.712243,4388.659197,3013.572877
06/22/2026 19:25:51,0.000000,0.000000,74.307208,74.020537,65.324107,74.928793,77.529155,71.883057,68.643511,74.298019,36.230077,32.078446,32.597193,32.389233,37.854347,37.933431,35.701346,36.080928,35.729191,37.528440,36.416445,36.041217,34.477809,35.366051,33.915740,100.663290,33.298612,47.414129,27.158645,27.087185,26.977708,32.375097,32.630859,31.015358,36.286371,36.064104,30.326528,30.256634,35.477240,38.404635,34.896271,38.959216,36.631130,38.778847,33.604399,38.217400,34.879206,37.909522,33.653492,37.842039,33.354726,35.451859,32.480699,34.976322,33.927820,36.348876,33.119432,35.038959,114.149114,119.208439,158.896097,116.105616,170.111560,61.954735,50.086225,245.742077,119.650000,2.581000,266.900000,118.120000,2.034000,195.300000,70180.523782,19.184641,28.229488,125.824535,35.697604,4393.068838,3016.795083
06/22/2026 19:26:51,0.000000,0.000000,74.357877,74.009906,65.406507,74.922880,77.524945,71.810983,68.678078,74.277821,36.154440,32.123023,32.646189,32.511548,37.769939,37.912212,35.714656,36.095117,35.758946,37.494920,36.609924,36.265247,34.409019,35.389971,34.004114,97.824665,31.984314,46.698479,26.637229,26.626507,26.476331,31.579768,31.826127,30.122031,36.247591,36.075797,30.474695,30.335349,35.464204,38.411074,34.891513,38.963748,36.650766,38.795341,33.604565,38.248109,34.886983,37.941126,33.665106,37.866846,33.362446,35.489693,32.466187,34.995627,33.930278,36.380099,33.129720,35.053213,114.227785,119.118696,158.991246,116.033315,170.129808,62.834070,49.514942,244.893678,119.760000,2.568000,265.900000,118.110000,2.019000,194.100000,70240.521981,18.984142,27.714337,125.550991,35.709832,4397.493316,3020.026930
06/22/2026 19:27:51,0.000000,0.000000,74.303425,73.980384,65.142949,74.887661,77.547111,71.798107,68.631231,74.290048,36.219248,32.132980,32.604550,32.455357,37.661085,37.931949,35.751777,36.072885,35.787463,37.510114,36.606549,36.035746,34.670195,35.367667,33.947192,100.297706,32.748104,47.337515,27.013286,26.929758,26.861907,32.139616,32.407019,31.279041,36.255482,36.069076,30.426477,30.197187,35.471765,38.399622,34.884440,38.956270,36.654583,38.762077,33.604400,38.204153,34.877434,37.931171,33.657581,37.857593,33.363169,35.465598,32.508278,34.977654,33.932706,36.357731,33.136857,35.028852,116.012643,120.835168,159.768746,117.790934,171.230979,64.633714,49.950954,250.564130,119.630000,2.592000,268.900000,118.080000,2.050000,197.300000,70300.520401,19.229698,28.107817,127.366941,35.701597,4401.948811,3023.291844
06/22/2026 19:28:51,0.000000,0.000000,74.292326,74.042865,65.244973,74.898790,77.535042,71.819876,68.635868,74.257451,36.372287,32.172006,32.723599,32.522583,37.753062,38.045099,35.783533,36.090458,35.785115,37.511749,36.633410,36.148278,34.590403,35.378806,33.905760,101.388763,32.590334,47.882409,27.119241,27.039294,26.950165,31.704337,31.854910,29.685812,36.273623,36.143456,30.598515,30.382568,35.484115,38.430471,34.894771,38.978461,36.627222,38.778480,33.595146,38.241114,34.895480,37.955334,33.664671,37.866856,33.329919,35.482069,32.473213,34.998802,33.933457,36.404958,33.118618,35.073617,116.991364,121.921413,160.570892,118.736814,171.957127,65.443706,49.933863,253.813846,119.710000,2.603000,270.300000,118.200000,2.056000,198.400000,70360.519351,19.789978,28.092431,128.394800,35.711339,4406.437508,3026.588702
06/22/2026 19:29:51,0.000000,0.000000,74.359632,73.996438,65.271130,74.878856,77.566129,71.773158,68.635662,74.261897,36.207040,32.248863,32.790621,32.578845,37.853584,37.888488,35.823569,36.100811,35.801384,37.546548,36.844337,36.308323,34.599939,35.387446,34.145220,102.152900,32.252183,47.839577,27.194206,27.113816,27.030818,31.559800,31.697017,29.571464,36.339274,36.134291,30.641436,30.354226,35.482527,38.421825,34.903787,38.965371,36.650947,38.805231,33.611854,38.244963,34.894467,37.945489,33.679134,37.880801,33.377290,35.509815,32.508626,34.983599,33.929778,36.388012,33.133980,35.051255,118.145750,123.025265,161.333984,119.799067,172.909299,65.677531,49.964938,257.505565,119.790000,2.617000,272.000000,117.970000,2.070000,200.200000,70420.517081,19.719173,28.120404,129.551398,35.718438,4410.953642,3029.913354
06/22/2026 19:30:51,0.000000,0.000000,74.277094,73.994642,65.298372,74.911812,77.514332,71.799451,68.693812,74.269354,36.263136,32.283437,32.793603,32.632203,37.979486,37.950770,35.799574,36.145458,35.854851,37.533157,36.643336,35.957627,34.535598,35.394083,33.942263,100.442494,32.323368,44.447705,27.136143,27.066469,26.978689,31.568395,31.650369,29.525662,36.295305,36.163814,30.691209,30.487750,35.470366,38.405292,34.898034,38.975972,36.644576,38.791375,33.609013,38.226611,34.891560,37.942151,33.673705,37.874075,33.366006,35.498118,32.495995,34.990005,33.945072,36.402373,33.128992,35.075985,108.664408,114.078158,161.603774,110.321900,172.967632,65.303025,48.858983,216.778387,119.840000,2.471000,253.600000,118.330000,1.921000,181.900000,70480.524195,17.329129,27.118576,116.089277,35.715264,4415.446737,3033.210169
06/22/2026 19:31:51,0.000000,0.000000,74.254830,73.941075,65.256214,74.872062,77.485653,71.763794,68.687514,74.256333,36.125550,32.062834,32.560688,32.365079,37.653157,37.987198,35.763652,36.127706,35.772127,37.532825,36.669553,35.626928,34.502969,35.368580,33.905369,97.401420,33.090900,46.823848,26.682753,26.579546,26.480663,32.183074,32.454022,32.326790,36.230572,36.102170,30.081774,30.001109,35.471401,38.401025,34.918791,38.966621,36.624879,38.769082,33.609229,38.216007,34.879137,37.939937,33.683130,37.860917,33.353782,35.477507,32.485092,34.986009,33.946843,36.389089,33.130423,35.059234,111.864940,116.792572,158.919739,114.362161,169.701181,64.336348,49.651184,245.464996,119.900000,2.564000,266.100000,118.110000,2.023000,194.500000,70540.521734,18.986344,27.837504,125.735270,35.708407,4419.720477,3036.296764
06/22/2026 19:32:51,0.000000,0.000000,74.341321,74.015334,65.331669,74.885267,77.520718,71.817752,68.676071,74.263144,36.230925,32.136706,32.727457,32.458206,37.774392,37.836253,35.761981,36.100797,35.796488,37.534590,36.546529,35.701069,34.438784,35.352777,34.008921,98.991546,31.316285,46.436009,26.970715,26.902819,26.781271,31.530103,31.927927,29.666153,36.257473,36.063097,30.515845,30.523073,35.478896,38.417765,34.886330,38.976682,36.634411,38.789622,33.593035,38.240517,34.890445,37.954736,33.670442,37.866853,33.355799,35.488825,32.467985,35.006184,33.924864,36.383113,33.122616,35.053663,113.754034,118.918439,159.841985,115.501587,170.940607,63.836746,49.589715,242.596430,119.750000,2.563000,264.300000,118.170000,2.015000,193.400000,70600.520343,18.654051,27.781958,124.806987,35.710139,4424.162541,3039.546994
06/22/2026 19:33:51,0.000000,0.000000,74.314770,73.965936,65.193733,74.864193,77.482442,71.755473,68.666240,74.262679,36.337094,32.096130,32.693581,32.447065,37.850813,37.863626,35.757812,36.105485,35.776475,37.495614,36.692923,35.997819,34.501770,35.438735,33.937701,98.349701,32.144971,46.577397,26.508533,26.416484,26.311913,31.913466,32.228179,31.815017,36.223159,36.114681,30.333757,30.249410,35.483797,38.426621,34.908903,38.983697,36.655636,38.808142,33.602792,38.244509,34.898002,37.957846,33.689796,37.884338,33.360672,35.514512,32.504444,34.999994,33.938646,36.409246,33.136649,35.062786,115.049513,120.043693,159.910135,116.900167,171.379782,63.754272,49.467748,248.649487,119.850000,2.582000,267.400000,118.260000,2.033000,195.900000,70660.518991,18.905770,27.671627,126.757005,35.723551,4428.589469,3042.783727
06/22/2026 19:34:51,0.000000,0.000000,74.301510,73.938714,65.393546,74.847089,77.515510,71.773924,68.685466,74.266558,36.280860,32.130829,32.672667,32.439832,37.949222,37.875441,35.724087,36.053176,35.752098,37.525658,36.653971,35.916657,34.341911,35.399621,33.792441,100.904970,33.065868,47.983439,27.027470,26.949303,26.867735,32.368336,32.669461,31.307132,36.282145,36.079362,30.431036,30.238186,35.471309,38.425659,34.883838,38.963171,36.637267,38.790264,33.583464,38.217328,34.886229,37.944793,33.663517,37.851570,33.363999,35.485924,32.481086,34.988665,33.953943,36.390413,33.128130,35.050741,116.405857,121.420402,160.461140,118.193046,171.924382,63.638094,49.999993,251.917814,119.780000,2.594000,269.600000,118.230000,2.052000,197.700000,70720.517159,19.831491,28.151948,127.796222,35.708065,4433.062943,3046.066348
06/22/2026 19:35:51,0.000000,0.000000,74.306268,73.987034,65.193258,74.880810,77.509116,71.806919,68.713208,74.244655,36.279486,32.236243,32.718425,32.527124,37.509636,37.807506,35.770983,36.079684,35.813626,37.541967,36.833559,36.110734,34.585617,35.394411,33.956229,102.121078,32.583721,47.934831,27.183165,27.131805,27.018577,31.642930,31.895074,29.676966,36.324667,36.148461,30.590182,30.408655,35.482132,38.406860,34.891720,38.973661,36.652404,38.792562,33.599103,38.215249,34.905872,37.950666,33.685498,37.874320,33.392527,35.498867,32.496302,35.001655,33.942086,36.398511,33.137682,35.061599,117.579327,122.528285,160.963982,119.296343,172.469327,63.664328,50.047285,255.916880,119.890000,2.609000,271.000000,118.330000,2.059000,199.400000,70780.516023,19.740348,28.194483,129.055097,35.717964,4437.564969,3049.376758
06/22/2026 19:36:51,0.000000,0.000000,74.354805,73.953547,65.458086,74.852416,77.507764,71.784358,68.677099,74.243872,36.353286,32.254802,32.795667,32.587196,37.796486,37.882646,35.747518,36.087669,35.871524,37.513108,36.909520,36.388790,34.653518,35.402859,34.012185,102.445342,32.104970,47.754547,27.105853,27.020544,26.947487,31.497176,31.658008,29.453483,36.345572,36.163172,30.650005,30.461963,35.481509,38.423901,34.912019,38.973560,36.652783,38.784114,33.602149,38.228761,34.891501,37.957555,33.681716,37.866139,33.372914,35.482851,32.469105,35.000588,33.952562,36.397889,33.136564,35.055607,118.607312,123.662008,161.507698,120.361761,173.082337,63.627483,50.059520,259.763972,119.860000,2.623000,272.100000,118.190000,2.071000,200.700000,70840.514492,19.549064,28.205483,130.253256,35.716189,4442.095214,3052.714978
06/22/2026 19:37:51,0.000000,0.000000,74.353282,73.948639,65.277103,74.864652,77.502694,71.800454,68.733853,74.263474,36.228915,32.198319,32.747226,32.517507,37.803254,37.964518,35.769721,36.110747,35.870664,37.512693,36.843190,36.083448,34.640794,35.405658,33.979828,92.346586,32.664645,45.618813,25.859667,25.780090,25.622461,31.948939,32.203543,31.612599,36.217163,36.109570,30.483285,30.421771,35.459276,38.426916,34.877228,38.995423,36.636796,38.803033,33.574551,38.234979,34.895528,37.954498,33.666019,37.859360,33.355972,35.507166,32.482837,34.999293,33.943717,36.412088,33.112411,35.062549,106.297708,111.782234,159.762852,108.386198,170.137075,63.400434,48.654086,220.957094,120.030000,2.464000,253.500000,118.380000,1.921000,182.600000,70900.502452,18.687274,26.931539,117.547135,35.712982,4446.433145,3055.859787
06/22/2026 19:38:51,0.000000,0.000000,74.353191,73.958275,65.475251,74.870743,77.496974,71.831583,68.723281,74.247898,36.245735,32.021197,32.569337,32.349629,37.854337,37.889241,35.648163,36.026884,35.775868,37.555122,36.706476,35.945549,34.300298,35.350529,33.886860,100.555397,33.462393,47.528789,27.157133,27.082547,26.992909,32.518348,32.828309,31.606191,36.248752,36.068102,30.238277,30.182567,35.485150,38.412517,34.897162,38.973339,36.633580,38.783939,33.584649,38.216393,34.898595,37.953136,33.676837,37.869680,33.372293,35.488436,32.463591,34.992161,33.952116,36.393460,33.136126,35.049405,114.196607,119.185747,159.274998,116.282427,170.375128,63.086067,50.238683,246.693734,119.840000,2.582000,267.800000,118.180000,2.033000,196.000000,70960.500019,19.162398,28.366391,126.130592,35.711628,4450.823939,3059.064267
06/22/2026 19:39:51,0.000000,0.000000,74.381197,73.999827,65.371545,74.907285,77.532983,71.892421,68.740438,74.275935,36.208990,32.132460,32.681412,32.506482,37.760045,37.902320,35.703252,36.127998,35.791375,37.512692,36.846286,35.890010,34.556598,35.450514,33.945623,97.112251,30.724573,44.354696,26.433782,26.353794,26.234847,31.495838,31.797000,30.143259,36.212604,36.104125,30.481815,30.481584,35.478416,38.437597,34.918781,38.980289,36.652262,38.807425,33.598072,38.211712,34.897442,37.961265,33.689028,37.873413,33.377278,35.498282,32.474364,35.012736,33.946966,36.400277,33.143881,35.064680,114.107517,119.207257,159.596323,115.880211,170.749785,63.160383,49.084077,245.138552,119.920000,2.566000,265.700000,118.360000,2.014000,194.000000,71020.497835,17.031166,27.323530,125.630012,35.721208,4455.248916,3062.298649
06/22/2026 19:40:51,0.000000,0.000000,74.354920,73.973116,65.450513,74.907057,77.518857,71.893040,68.731489,74.253093,36.222692,32.058116,32.604896,32.394912,37.600148,37.795477,35.705107,36.060774,35.710283,37.469349,36.625922,35.786886,34.442652,35.371709,33.960801,99.652311,32.808458,47.013753,26.715661,26.641051,26.520424,32.302315,32.624368,32.665727,36.264355,36.108505,30.258000,30.066809,35.491948,38.459467,34.899002,39.012673,36.661660,38.808413,33.595513,38.245572,34.899070,37.967745,33.697928,37.865035,33.371164,35.538269,32.468687,35.022345,33.968131,36.423148,33.145231,35.077111,115.793500,120.906028,160.133108,117.626962,171.548762,63.132269,49.622537,250.857720,119.890000,2.585000,268.000000,118.220000,2.041000,196.900000,71080.498040,19.202131,27.811622,127.460181,35.730906,4459.695125,3065.555409
06/22/2026 19:41:51,0.000000,0.000000,74.443814,73.984239,65.542485,74.904133,77.552582,71.844318,68.769029,74.253608,36.283578,32.112200,32.704303,32.457754,37.738150,37.889265,35.774707,36.088278,35.786713,37.469140,36.623058,36.041675,34.539940,35.462680,33.888921,101.653496,33.128289,48.128480,27.213014,27.100021,27.057186,32.251831,32.535654,30.406532,36.295151,36.125138,30.515447,30.279237,35.472678,38.440269,34.884915,39.011453,36.634722,38.811556,33.588016,38.237296,34.870359,37.961675,33.694209,37.877683,33.355223,35.529904,32.474969,35.020243,33.940719,36.402017,33.129954,35.065861,116.936401,121.932458,160.590363,118.683965,171.901284,62.942670,50.049712,253.867741,119.850000,2.605000,270.600000,118.370000,2.056000,199.000000,71140.496126,19.931815,28.196665,128.411769,35.720186,4464.181203,3068.849943
06/22/2026 19:42:51,0.000000,0.000000,74.449728,73.963089,65.580924,74.919057,77.563248,71.877526,68.803557,74.257898,36.322529,32.222553,32.747876,32.553874,37.896378,37.824359,35.823328,36.074002,35.831447,37.513780,36.844279,35.909742,34.497834,35.432588,33.937656,102.600112,32.569362,48.223962,27.262531,27.204028,27.078591,31.619927,31.888556,29.663307,36.317789,36.134055,30.626936,30.427988,35.505783,38.428659,34.910383,38.981199,36.652480,38.797492,33.604510,38.216672,34.902866,37.967109,33.687806,37.866011,33.388605,35.510465,32.491486,34.999092,33.965272,36.426052,33.132435,35.081194,118.135602,123.064397,160.964826,119.829902,172.366397,62.904331,49.972415,258.045809,120.060000,2.612000,271.900000,118.400000,2.067000,200.100000,71200.493381,20.096829,28.127133,129.719683,35.725779,4468.700135,3072.175596
06/22/2026 19:43:51,0.000000,0.000000,74.472303,73.972144,65.292305,74.899112,77.547998,71.870653,68.812571,74.249520,36.240952,32.260252,32.837572,32.601918,37.957797,37.911850,35.770366,36.083495,35.854359,37.533109,36.667625,35.994786,34.627834,35.437472,33.939627,100.967486,32.307796,44.125537,27.133017,26.995452,26.996028,31.637814,31.780818,29.707072,36.303941,36.133487,30.658009,30.414696,35.500102,38.415934,34.911926,38.969497,36.668435,38.802372,33.598316,38.200330,34.907299,37.949878,33.707781,37.834188,33.377967,35.486561,32.511083,35.002638,33.988357,36.402148,33.147536,35.058128,109.582994,114.952963,161.277045,111.737283,172.472055,62.825724,48.921617,218.672473,119.820000,2.475000,254.500000,118.410000,1.928000,182.800000,71260.492645,16.949876,27.175661,116.752455,35.722024,4473.199282,3075.479229
06/22/2026 19:44:51,0.000000,0.000000,74.486120,73.966092,65.555339,74.935910,77.581313,71.917756,68.784229,74.255181,36.254316,32.033385,32.576624,32.407650,37.847012,37.957464,35.740036,36.058934,35.768065,37.512417,36.661071,35.943522,34.420747,35.455308,33.976715,97.049669,33.144091,47.395045,26.537401,26.418991,26.330292,32.239359,32.566330,32.471145,36.271815,36.078328,30.033696,29.973353,35.495660,38.430053,34.893307,39.001271,36.653309,38.800525,33.594236,38.218865,34.908616,37.945005,33.707015,37.862146,33.384549,35.511294,32.477640,35.012823,33.974136,36.413643,33.152103,35.050713,111.675042,116.533163,158.517094,114.217228,169.265178,62.636720,49.660312,245.046299,120.060000,2.567000,265.600000,118.360000,2.019000,194.100000,71320.490755,19.549296,27.845749,125.600248,35.724345,4477.467789,3078.562940
06/22/2026 19:45:51,0.000000,0.000000,74.464725,73.989936,65.568743,74.959250,77.576365,71.925918,68.765628,74.265026,36.195661,32.124402,32.668913,32.435958,37.752734,37.899428,35.736000,36.074383,35.755889,37.471536,36.662184,36.185142,34.482706,35.434761,33.812376,99.375405,32.402338,47.079213,27.001933,26.951459,26.848133,31.652474,32.064925,29.826082,36.280768,36.103224,30.558463,30.479518,35.483010,38.428486,34.895006,38.978254,36.640860,38.803114,33.595954,38.232309,34.897282,37.962871,33.699653,37.845543,33.375160,35.513894,32.466460,35.015236,33.951689,36.425347,33.145624,35.073956,113.709657,118.911294,159.448941,115.441153,170.543524,62.434429,49.519895,242.465335,119.760000,2.559000,264.800000,118.110000,2.012000,193.700000,71380.487740,19.360395,27.718818,124.764382,35.721485,4481.911177,3081.815277
06/22/2026 19:46:51,0.000000,0.000000,74.492106,73.997033,65.651511,74.961270,77.617122,71.953381,68.802212,74.281927,36.313191,32.133069,32.709592,32.483995,37.772172,37.845521,35.776340,36.111165,35.824761,37.515507,36.443330,35.922096,34.481813,35.485276,33.865692,99.254665,32.432533,46.984800,26.760213,26.666394,26.575415,31.927139,32.232938,31.534216,36.276123,36.106549,30.384856,30.328279,35.524976,38.447341,34.911435,39.000777,36.659175,38.827117,33.612118,38.230259,34.927152,37.957286,33.734907,37.861616,33.389551,35.531792,32.487095,35.034017,33.975823,36.441439,33.152015,35.081218,115.126476,119.959637,159.456764,116.827912,170.646399,62.340863,49.650893,249.029826,119.770000,2.583000,267.400000,118.270000,2.035000,196.200000,71440.486644,19.147559,27.837241,126.878427,35.739355,4486.339763,3085.053634
06/22/2026 19:47:51,0.000000,0.000000,74.526852,74.019536,65.406409,74.960902,77.615071,71.983958,68.801670,74.262364,36.251713,32.142027,32.710539,32.480892,37.796044,38.006345,35.746585,36.075223,35.790267,37.499651,36.790763,36.313093,34.551926,35.396653,34.010362,101.254577,33.046462,48.170753,27.024495,26.955709,26.854206,32.256091,32.578163,31.045444,36.301807,36.082202,30.498526,30.311745,35.498790,38.424783,34.905470,38.982047,36.660366,38.789028,33.586218,38.205343,34.892377,37.951801,33.689982,37.835038,33.389414,35.518805,32.490517,35.022304,33.984961,36.416468,33.141724,35.071395,116.490077,121.385099,160.071310,118.110144,171.410397,62.385181,49.945516,252.052309,119.910000,2.600000,269.600000,118.220000,2.043000,198.000000,71500.485496,20.067831,28.102922,127.838785,35.722842,4490.816400,3088.336516
06/22/2026 19:48:51,0.000000,0.000000,74.491398,74.009858,65.510268,74.990149,77.629489,71.978547,68.811857,74.266990,36.244766,32.203572,32.719569,32.549129,37.748503,38.004318,35.796739,36.090817,35.789074,37.540895,37.209763,35.952849,34.503304,35.421211,33.980712,102.261578,32.666138,48.191946,27.185094,27.157851,27.041095,31.709494,31.914859,29.703905,36.321689,36.183118,30.621057,30.373016,35.498991,38.447058,34.912996,38.995711,36.658128,38.830927,33.581306,38.231815,34.918072,37.974305,33.709970,37.881433,33.388055,35.520995,32.491380,35.020504,33.975612,36.439458,33.147504,35.090906,117.495975,122.535880,160.648284,119.224800,171.899929,62.537841,49.986495,256.069339,119.860000,2.609000,271.700000,118.240000,2.061000,199.600000,71560.482819,20.052143,28.139803,129.102818,35.735756,4495.319838,3091.646980
06/22/2026 19:49:51,0.000000,0.000000,74.538096,74.002875,65.494244,74.986792,77.656040,71.953135,68.822379,74.260956,36.332718,32.247922,32.754553,32.583177,37.984683,37.785423,35.755167,36.135166,35.819937,37.550916,36.720849,36.250657,34.622893,35.436524,34.095319,102.672193,32.232706,48.012477,27.187161,27.134908,27.023645,31.610117,31.733966,29.653934,36.332731,36.179994,30.660699,30.412058,35.490389,38.451733,34.904572,39.001007,36.662527,38.843258,33.595050,38.227473,34.903512,37.981448,33.728607,37.872138,33.375589,35.536478,32.508257,35.032550,33.988561,36.442631,33.159932,35.096209,118.550156,123.583963,161.165965,120.243298,172.521096,62.576633,50.190129,259.963367,119.890000,2.622000,272.500000,118.200000,2.073000,200.900000,71620.481867,19.689660,28.322817,130.315018,35.740096,4499.850044,3094.984121
06/22/2026 19:50:51,0.000000,0.000000,74.539231,74.029385,65.427894,74.979154,77.677902,71.951828,68.829342,74.259842,36.194959,32.196231,32.738025,32.571473,37.728722,37.933298,35.755765,36.147718,35.852197,37.543769,36.738915,36.370485,34.598797,35.450122,34.026221,91.885456,32.727543,45.790091,25.824994,25.756145,25.547961,32.011465,32.254440,31.670688,36.251871,36.111074,30.548983,30.430535,35.511860,38.425001,34.908683,38.997156,36.672545,38.833391,33.602886,38.207015,34.923768,37.979096,33.739715,37.868609,33.384315,35.536762,32.505873,35.039058,33.994634,36.465504,33.166604,35.085131,106.645311,111.983562,159.321884,108.720398,169.490763,62.393165,48.903458,223.297552,120.010000,2.473000,253.900000,118.300000,1.931000,183.400000,71680.478631,18.630976,27.159115,118.355395,35.742380,4504.177919,3098.118422
06/22/2026 19:51:51,0.000000,0.000000,74.566859,74.046035,65.379350,74.993549,77.661934,71.983655,68.837425,74.256882,36.255908,32.013176,32.597791,32.381545,37.745523,37.867477,35.755028,36.076577,35.804209,37.517542,36.313459,35.892729,34.517173,35.351743,33.942014,100.726112,33.509789,47.453121,27.196295,27.131090,27.033014,32.522702,32.846445,31.566446,36.291373,36.116489,30.276736,30.242329,35.524173,38.441242,34.921545,38.999805,36.664587,38.822806,33.586902,38.217454,34.921389,37.985562,33.720991,37.875165,33.397207,35.528793,32.493871,35.036680,33.965613,36.445868,33.147866,35.106784,114.148267,119.222867,159.119360,116.197105,170.020710,62.095810,50.321418,246.382665,119.870000,2.577000,267.200000,118.330000,2.033000,195.700000,71740.478274,19.012537,28.440584,126.030642,35.740215,4508.576309,3101.328763
06/22/2026 19:52:51,0.000000,0.000000,74.601445,74.023131,65.365182,74.990431,77.684932,71.985189,68.835542,74.245709,36.116464,32.133807,32.722780,32.510643,37.907337,37.850783,35.796033,36.083470,35.829039,37.495023,36.583918,36.153661,34.586480,35.350067,33.769087,97.465676,31.310690,45.451987,26.410226,26.342302,26.254470,31.469957,31.829479,29.923426,36.263096,36.086877,30.479162,30.462040,35.507731,38.438547,34.908391,39.014954,36.667936,38.834530,33.596927,38.231081,34.916448,37.985057,33.720293,37.865193,33.403235,35.533032,32.514584,35.038833,33.967770,36.446690,33.150724,35.073279,114.005867,119.214679,159.373694,115.833210,170.394699,62.291972,49.240323,245.436511,119.910000,2.564000,265.100000,118.410000,2.014000,193.900000,71800.476672,17.986509,27.465478,125.726089,35.740762,4512.998940,3104.561843
06/22/2026 19:53:51,0.000000,0.000000,74.562867,74.023856,65.391976,75.018840,77.707357,71.992504,68.900212,74.271074,36.323719,32.111165,32.609878,32.428847,38.001928,37.984258,35.745729,36.111120,35.782139,37.528670,36.438807,36.107662,34.520426,35.373608,34.115603,100.107851,32.920360,47.171308,26.861604,26.794597,26.666537,32.282749,32.615484,32.482051,36.272107,36.118030,30.201613,30.137995,35.497566,38.449612,34.911486,39.001710,36.660758,38.833109,33.573286,38.222769,34.908102,37.979835,33.734511,37.886406,33.378256,35.542683,32.499807,35.032262,33.976285,36.439687,33.139618,35.068851,115.890720,120.911258,159.855328,117.658376,170.937849,62.323475,49.705176,251.051936,119.850000,2.590000,268.400000,118.210000,2.038000,197.200000,71860.474998,19.285048,27.886260,127.521820,35.736830,4517.451067,3107.822780
06/22/2026 19:54:51,0.000000,0.000000,74.551898,74.056015,65.410367,75.038456,77.689015,72.045252,68.868693,74.287528,36.267616,32.149556,32.722065,32.484402,37.886573,37.932521,35.706083,36.109574,35.772512,37.496080,36.711973,35.772344,34.499524,35.440037,34.078540,101.816988,33.089788,48.132134,27.149764,27.057312,26.959698,32.240146,32.499509,30.401066,36.301973,36.156758,30.541482,30.281112,35.513981,38.436386,34.929919,39.002842,36.684636,38.837947,33.587928,38.230270,34.920068,37.984245,33.736195,37.869967,33.412895,35.547541,32.509132,35.039792,33.987377,36.453843,33.155081,35.092257,116.964656,122.029877,160.338167,118.752776,171.618040,62.425918,50.044566,254.019391,119.900000,2.601000,269.900000,118.330000,2.051000,198.700000,71920.472818,19.940096,28.192038,128.459504,35.746615,4521.937710,3111.118188
06/22/2026 19:55:51,0.000000,0.000000,74.612358,74.072111,65.482165,75.058219,77.700296,72.082888,68.892860,74.306467,36.266377,32.275126,32.753282,32.607465,37.833414,37.931498,35.789512,36.135843,35.809368,37.532415,36.799223,36.211524,34.624051,35.451419,34.113755,102.743612,32.585242,48.217727,27.302145,27.252575,27.140338,31.680628,31.926978,29.736547,36.350244,36.125782,30.640002,30.354750,35.510523,38.449718,34.929971,38.996276,36.661722,38.816419,33.588912,38.200861,34.898077,37.980451,33.726370,37.835450,33.397885,35.528583,32.497218,35.037314,33.989335,36.425697,33.148805,35.074912,118.069630,123.118838,160.873224,119.784935,172.095312,62.564019,50.025532,258.304764,120.070000,2.617000,271.700000,118.470000,2.066000,200.000000,71980.470698,20.042806,28.174921,129.800259,35.734725,4526.455717,3114.443154
06/22/2026 19:56:51,0.000000,0.000000,74.590914,74.036698,65.570270,75.016049,77.678047,72.030396,68.879855,74.275366,36.285584,32.273073,32.814814,32.619578,37.862237,37.895816,35.796303,36.135990,35.871552,37.529933,36.733914,36.102264,34.592214,35.482987,34.185811,100.666305,32.366679,44.624449,27.208651,27.123349,27.057429,31.666536,31.872795,30.105430,36.322850,36.142216,30.685960,30.425488,35.507286,38.426183,34.917148,38.978223,36.665225,38.811085,33.593316,38.214766,34.900509,37.969620,33.730760,37.827446,33.388961,35.527659,32.485615,35.030434,33.984666,36.446272,33.148754,35.078851,107.715842,113.365362,161.013056,109.386438,172.106799,62.625390,48.883065,217.403276,120.090000,2.465000,252.900000,118.410000,1.919000,181.600000,72040.469022,17.483919,27.140530,116.308509,35.731639,4530.941704,3117.732564
06/22/2026 19:57:51,0.000000,0.000000,74.586679,74.078975,65.615964,75.042832,77.679482,72.023364,68.888182,74.294210,36.236347,32.070952,32.594152,32.400899,37.713488,37.898186,35.748860,36.078825,35.805900,37.541330,36.756825,36.016075,34.337243,35.386981,33.913632,98.135758,33.231734,47.375922,26.684040,26.594238,26.458400,32.291721,32.631123,32.624452,36.295300,36.116432,30.013210,29.960251,35.500363,38.440919,34.909840,38.990807,36.679103,38.830223,33.587260,38.224835,34.913724,37.984552,33.748191,37.838601,33.395788,35.539342,32.471988,35.052515,33.987242,36.457249,33.171974,35.089602,112.061418,116.983970,158.355332,114.495094,169.121653,62.190435,49.799078,246.273419,119.920000,2.574000,266.200000,118.390000,2.022000,195.100000,72100.468005,19.404939,27.970983,125.995519,35.740706,4535.221660,3120.826985
06/22/2026 19:58:51,0.000000,0.000000,74.594823,74.072747,65.467856,75.035262,77.695095,72.065360,68.907066,74.294372,36.256456,32.179278,32.722862,32.491429,37.956288,37.958939,35.821502,36.106273,35.822033,37.547704,36.825587,35.997702,34.553119,35.426652,34.008639,99.271898,31.663077,46.686194,27.042796,26.970437,26.880981,31.592123,31.993946,29.715741,36.274866,36.113705,30.494578,30.534648,35.522752,38.487950,34.918188,39.010142,36.667709,38.846219,33.597588,38.241576,34.914126,38.005274,33.723542,37.872401,33.404785,35.542997,32.484109,35.060454,33.990752,36.448356,33.147308,35.098247,113.733867,118.829237,159.265384,115.408019,170.241886,62.176340,49.570585,242.540432,120.080000,2.559000,264.900000,118.380000,2.009000,193.700000,72160.466066,18.921530,27.764664,124.788790,35.749224,4539.663767,3124.076379
06/22/2026 19:59:51,0.000000,0.000000,74.593464,74.036712,65.471608,75.011216,77.681651,71.990787,68.916270,74.271811,36.199415,32.106815,32.718488,32.447536,37.947596,37.872490,35.712908,36.087170,35.827421,37.499154,36.947753,35.804736,34.563467,35.323087,34.102691,98.789854,32.295061,46.855910,26.626627,26.517608,26.433378,31.906701,32.246339,31.723610,36.254144,36.118218,30.314138,30.223710,35.491484,38.448409,34.921793,39.009758,36.668386,38.832331,33.590271,38.206309,34.923502,37.997827,33.730404,37.850951,33.390358,35.530381,32.503916,35.045000,33.993036,36.449304,33.151064,35.084703,115.147318,120.283882,159.488618,117.057796,170.714969,62.337361,49.363649,249.270330,119.980000,2.580000,267.700000,118.490000,2.032000,195.800000,72220.464569,19.278575,27.577335,126.955140,35.740959,4544.091768,3127.315049
06/22/2026 20:00:51,0.000000,0.000000,74.585888,74.067190,65.286217,75.018092,77.666609,72.020578,68.902191,74.264163,36.280630,32.137718,32.677328,32.474186,37.838871,37.856544,35.716417,36.084920,35.794394,37.515704,36.713919,35.952191,34.489334,35.396620,33.938836,101.141403,33.119739,47.771004,27.094556,26.987807,26.913189,32.370006,32.687140,32.091020,36.313522,36.104105,30.397551,30.179149,35.506568,38.459023,34.918388,39.005046,36.681943,38.849824,33.574120,38.221146,34.925984,37.971585,33.731230,37.850447,33.400861,35.552377,32.495304,35.053245,33.983533,36.454437,33.143446,35.086858,116.414993,121.449535,160.054636,118.262911,171.261797,62.349606,49.913471,252.507421,120.120000,2.594000,269.300000,118.410000,2.043000,197.900000,72280.462052,19.696935,28.074069,127.982696,35.743268,4548.564636,3130.595717
06/22/2026 20:01:51,0.000000,0.000000,74.581347,74.082097,65.430737,75.020033,77.669807,72.075510,68.905563,74.264977,36.243146,32.198384,32.779306,32.552748,37.743703,37.984941,35.769098,36.111010,35.822891,37.520271,36.926420,35.922793,34.506471,35.464259,33.851771,102.403881,32.780663,48.244092,27.215259,27.150502,27.047825,31.811541,32.051155,29.823880,36.354832,36.145425,30.592474,30.327829,35.510348,38.461464,34.910486,39.011303,36.680707,38.848149,33.574655,38.196774,34.921910,37.986081,33.730886,37.862476,33.403618,35.555570,32.486499,35.051389,33.999877,36.461879,33.147101,35.106465,117.619421,122.634234,160.574981,119.343596,171.815727,62.496220,50.003975,256.175510,119.500000,2.612000,271.000000,117.800000,2.063000,199.600000,72340.460980,20.088562,28.155530,129.136039,35.745382,4553.067195,3133.906075
06/22/2026 20:02:51,0.000000,0.000000,74.562806,74.086380,65.317145,75.021233,77.699637,72.049163,68.903639,74.264333,36.251255,32.278616,32.803013,32.613754,37.961159,37.883845,35.818886,36.124026,35.874855,37.529251,36.774378,36.172181,34.585073,35.463447,34.109454,102.949542,32.328709,47.517005,27.292453,27.206263,27.129279,31.593415,31.766268,29.612245,36.357075,36.179105,30.695459,30.387025,35.508487,38.460493,34.930124,39.013635,36.689162,38.846432,33.580922,38.219514,34.920354,37.983206,33.724499,37.848611,33.395224,35.555618,32.509677,35.042296,34.000539,36.464309,33.168710,35.106740,118.664030,123.702022,161.103685,120.355358,172.557142,62.652807,50.034272,260.223293,119.430000,2.624000,272.500000,117.840000,2.079000,201.300000,72400.458237,19.334224,28.182781,130.395480,35.748428,4557.598793,3137.246394
06/22/2026 20:03:51,0.000000,0.000000,74.592033,74.083910,65.511172,75.032555,77.663342,72.069002,68.931571,74.298430,36.303192,32.216019,32.794261,32.596585,37.932618,37.961776,35.796372,36.135173,35.853291,37.576243,36.439086,35.892924,34.620739,35.472042,33.994552,91.453579,32.647900,46.107621,25.908549,25.826740,25.640373,31.928920,32.146166,31.392980,36.243944,36.115986,30.546350,30.342991,35.519217,38.443810,34.937695,38.998225,36.680648,38.835294,33.611909,38.195694,34.942999,37.996045,33.750664,37.854318,33.422220,35.550194,32.513574,35.052522,34.018326,36.469649,33.186005,35.087195,107.144567,112.442246,159.127445,109.496766,169.438326,62.330406,48.725363,226.240241,119.540000,2.492000,256.300000,118.050000,1.945000,185.300000,72460.456084,19.110967,26.996654,119.363390,35.753310,4561.916640,3140.373395
06/22/2026 20:04:51,0.000000,0.000000,74.551406,74.074128,65.514105,75.009981,77.645891,72.047197,68.953032,74.271139,36.197892,32.052324,32.618232,32.377897,37.905385,37.905827,35.775811,36.061041,35.750590,37.556863,36.927652,35.605578,34.421243,35.440293,33.917112,100.736330,33.457043,47.397350,27.192842,27.082528,27.027006,32.484693,32.782218,31.385358,36.300521,36.121653,30.292188,30.212369,35.511673,38.440267,34.927516,39.007951,36.694066,38.835437,33.572076,38.225200,34.902117,37.975640,33.743804,37.850585,33.395706,35.545020,32.483916,35.050665,34.015579,36.469123,33.164029,35.093203,114.277099,119.225217,158.964655,116.209139,170.017139,62.062628,50.156724,245.984523,119.490000,2.587000,267.200000,117.900000,2.034000,195.600000,72520.455405,19.104526,28.292824,125.902585,35.745179,4566.323895,3143.593719
06/22/2026 20:05:51,0.000000,0.000000,74.557956,74.082373,65.496377,75.022045,77.655811,72.047010,68.932880,74.281129,36.168938,32.168299,32.735014,32.546138,37.905481,37.910783,35.758167,36.100527,35.825278,37.528842,36.631051,36.030472,34.573082,35.437731,33.897207,97.561793,31.305377,45.851100,26.486671,26.418304,26.280194,31.571786,31.873384,30.331586,36.246750,36.117022,30.435515,30.387451,35.484538,38.454293,34.910514,39.002066,36.670392,38.844482,33.554972,38.218979,34.938885,37.994155,33.717397,37.852592,33.398148,35.551001,32.486361,35.057720,34.016427,36.464658,33.153603,35.104084,114.123617,119.373955,159.262029,115.995490,170.298926,62.192437,49.039214,245.896479,119.470000,2.575000,265.800000,117.720000,2.023000,194.200000,72580.454052,18.568375,27.282725,125.874247,35.743763,4570.747740,3146.829313
06/22/2026 20:06:51,0.000000,0.000000,74.600521,74.079717,65.572719,75.025278,77.689774,72.046016,68.927488,74.290991,36.214568,32.081993,32.638096,32.438518,37.924502,37.886507,35.754650,36.063357,35.761960,37.482897,36.776650,35.484729,34.499013,35.389004,33.866596,100.121040,32.943780,47.082062,26.867715,26.777478,26.685538,32.335040,32.651298,32.536107,36.312628,36.081513,30.228152,30.099192,35.514830,38.450035,34.938936,38.995048,36.685881,38.830804,33.575852,38.207413,34.936140,37.995397,33.764286,37.845336,33.409258,35.536824,32.493926,35.063400,34.022559,36.464574,33.188526,35.075078,115.886149,121.033863,159.832464,117.690445,170.989388,63.009798,49.849477,250.876494,118.830000,2.607000,269.000000,117.100000,2.051000,197.300000,72640.452319,19.065645,28.016417,127.466141,35.749705,4575.201222,3150.094302
06/22/2026 20:07:51,0.000000,0.000000,74.662357,74.122987,65.605748,75.039122,77.755364,72.050583,68.917905,74.285695,36.297043,32.175576,32.736950,32.519965,37.932058,38.032781,35.783041,36.063840,35.814804,37.544469,36.772798,36.234666,34.533666,35.479457,34.172522,101.356752,32.996595,47.928528,27.195471,27.099449,27.037637,32.012963,32.281299,30.076758,36.330352,36.138207,30.538855,30.307742,35.519627,38.492342,34.918583,39.037889,36.677113,38.876779,33.562608,38.226970,34.917642,38.021145,33.726391,37.883630,33.404009,35.576342,32.475325,35.074167,33.990720,36.485059,33.134603,35.125032,117.065461,121.987505,160.514649,118.817606,171.754972,64.824547,50.190809,253.594382,119.440000,2.605000,269.900000,117.710000,2.060000,198.800000,72700.449752,19.605100,28.323428,128.325675,35.756299,4579.689281,3153.392244
06/22/2026 20:08:51,0.000000,0.000000,74.716283,74.132127,65.364651,75.057717,77.794952,72.087470,68.988333,74.301992,36.250398,32.257288,32.798595,32.591464,38.290605,37.957574,35.787351,36.135898,35.841664,37.546960,36.921280,36.140693,34.612083,35.428828,34.102268,101.966261,31.948891,47.458316,27.224832,27.156055,27.058037,31.496509,31.777179,29.555830,36.335004,36.197320,30.643822,30.422077,35.525165,38.456801,34.932648,38.992321,36.702005,38.849974,33.591151,38.181641,34.941305,38.000543,33.751901,37.858198,33.409454,35.551199,32.543494,35.053046,34.022403,36.467074,33.163243,35.089315,118.172549,123.197190,161.465421,119.961551,172.861232,66.366855,49.937262,257.913257,119.310000,2.620000,271.500000,117.660000,2.072000,200.900000,72760.450101,19.362825,28.095491,129.678416,35.754144,4584.207751,3156.721903
06/22/2026 20:09:51,0.000000,0.000000,74.759619,74.134056,65.676725,75.096250,77.792944,72.128681,69.011234,74.301075,36.235105,32.262385,32.772564,32.635370,37.858045,37.902227,35.844792,36.127340,35.877300,37.535670,36.370568,35.983367,34.608411,35.518221,34.186018,99.427401,32.134257,44.514310,26.999468,26.903879,26.841762,31.732101,31.872872,30.545919,36.320338,36.156529,30.562647,30.493067,35.523954,38.461775,34.932183,39.012595,36.691187,38.855513,33.581623,38.222435,34.943242,37.988778,33.760060,37.851735,33.412809,35.556317,32.484136,35.076708,34.015019,36.461483,33.175408,35.100564,107.010251,112.694089,161.687875,108.389818,172.929027,66.692897,48.680694,215.305425,119.380000,2.464000,252.200000,117.760000,1.917000,180.800000,72820.449888,17.558457,26.955853,115.570790,35.755376,4588.683706,3160.002695
06/22/2026 20:10:51,0.000000,0.000000,74.805024,74.179918,65.413368,75.133473,77.837628,72.186377,69.037701,74.296094,36.146025,32.039799,32.555903,32.402635,38.014772,37.930394,35.786680,36.102017,35.808558,37.535584,36.528494,36.145332,34.538206,35.407324,33.963083,98.098071,33.237910,46.930800,26.591959,26.519129,26.400762,32.359797,32.679603,32.795662,36.298098,36.168821,29.929089,29.895777,35.507182,38.489656,34.935638,39.045150,36.683811,38.860513,33.581770,38.219207,34.938228,38.005428,33.747836,37.862107,33.420064,35.557349,32.499851,35.084552,34.002895,36.494983,33.152508,35.102991,112.382266,117.250751,159.380707,114.729887,170.198025,65.579016,49.677209,245.886606,119.340000,2.575000,266.400000,117.890000,2.026000,195.300000,72880.450942,19.069791,27.861009,125.871069,35.759586,4592.966006,3163.100946
06/22/2026 20:11:51,0.000000,0.000000,74.833127,74.200008,65.578908,75.166517,77.877303,72.233097,69.026607,74.296061,36.190108,32.158427,32.709140,32.486456,37.846640,38.014963,35.730116,36.104813,35.808364,37.561911,36.791584,35.858553,34.639548,35.409289,34.121710,98.915140,31.441990,46.237133,26.909132,26.822025,26.744424,31.553502,32.005663,29.696261,36.276752,36.160754,30.553083,30.480749,35.528546,38.449574,34.944053,39.004992,36.671508,38.850449,33.582745,38.208711,34.909062,37.997579,33.747035,37.846289,33.394382,35.554777,32.479032,35.062486,34.010989,36.490660,33.163707,35.102636,113.723298,118.893904,160.178326,115.524573,171.291835,64.810172,49.525624,242.119145,119.580000,2.560000,265.100000,118.040000,2.015000,193.800000,72940.450056,18.513132,27.724001,124.651797,35.749961,4597.407357,3166.351982
06/22/2026 20:12:51,0.000000,0.000000,74.759549,74.211784,65.385328,75.192289,77.871420,72.218699,69.041054,74.318451,36.203261,32.138271,32.703229,32.496238,37.994639,37.937650,35.820991,36.113289,35.818865,37.556477,36.671992,35.975033,34.528634,35.368511,34.026329,98.641461,32.233164,46.179197,26.609152,26.530961,26.427913,31.926199,32.226214,31.714598,36.255243,36.121531,30.311233,30.250933,35.514557,38.459035,34.925899,39.024873,36.672127,38.856362,33.573150,38.219083,34.909722,38.014139,33.745271,37.848509,33.399002,35.568690,32.511680,35.067579,34.013869,36.470516,33.157052,35.118165,115.145893,120.235098,160.377331,117.100682,171.598271,64.606326,49.461630,248.977711,119.590000,2.584000,267.900000,117.950000,2.036000,196.800000,73000.450533,18.513109,27.666088,126.861797,35.753464,4601.839336,3169.593340
06/22/2026 20:13:51,0.000000,0.000000,74.703064,74.189933,65.490986,75.184435,77.860644,72.258705,69.004833,74.316274,36.263582,32.147282,32.719793,32.491537,38.273530,37.908682,35.737766,36.086776,35.815875,37.506639,36.467204,36.102761,34.525719,35.392192,33.868321,100.923372,33.066067,47.892435,27.032582,26.970050,26.851059,32.351728,32.646633,31.047206,36.321687,36.165848,30.403989,30.242403,35.512725,38.459859,34.916950,39.001410,36.678708,38.838213,33.563321,38.189188,34.931588,37.995280,33.745369,37.853026,33.410942,35.554012,32.477374,35.072150,34.014006,36.468883,33.157151,35.083682,116.423360,121.440618,160.896002,118.140914,172.176504,64.330565,50.047187,251.826857,119.610000,2.602000,269.400000,118.020000,2.050000,197.700000,73060.452510,19.698040,28.194395,127.767428,35.746192,4606.314956,3172.877976
06/22/2026 20:14:51,0.000000,0.000000,74.700800,74.181326,65.412228,75.161609,77.839152,72.191726,69.000155,74.293025,36.314255,32.252947,32.791590,32.551724,37.757268,38.013964,35.835366,36.109947,35.858603,37.527178,36.266001,35.917345,34.579986,35.398536,33.897329,102.157253,32.684405,48.119562,27.226214,27.125282,27.054411,31.716984,31.938831,29.700255,36.331433,36.176482,30.601452,30.328243,35.526269,38.471587,34.921110,39.018344,36.691000,38.865034,33.563666,38.199006,34.914839,38.012168,33.743107,37.873309,33.418396,35.561889,32.498626,35.078015,34.027427,36.494654,33.153999,35.106695,117.570791,122.542620,161.289111,119.350106,172.556966,64.238772,50.003392,256.085524,119.690000,2.614000,270.700000,117.870000,2.064000,199.400000,73120.452919,19.964556,28.155006,129.107883,35.756957,4610.820848,3176.190638
06/22/2026 20:15:51,0.000000,0.000000,74.676169,74.176975,65.333918,75.155398,77.787912,72.196511,69.037433,74.307242,36.280987,32.280911,32.823981,32.628568,37.994871,37.971899,35.895102,36.169663,35.915230,37.581035,36.805418,35.952679,34.590979,35.502581,34.262175,102.743360,32.264296,47.635409,27.255488,27.171975,27.096956,31.574092,31.718436,29.583986,36.398641,36.201200,30.668675,30.417711,35.537663,38.486913,34.953492,39.014383,36.705968,38.856133,33.584912,38.225479,34.952950,38.020536,33.770259,37.860115,33.443200,35.579094,32.530130,35.093508,34.056258,36.481794,33.160282,35.105426,118.653171,123.613630,161.785442,120.334084,173.255818,64.179625,49.886863,259.996869,119.610000,2.628000,272.800000,117.960000,2.078000,201.100000,73180.452226,19.585306,28.050103,130.325392,35.770925,4615.353712,3179.531627
06/22/2026 20:16:51,0.000000,0.000000,74.625501,74.185050,65.294223,75.144760,77.746992,72.178208,69.022056,74.291115,36.276403,32.205112,32.778026,32.578167,38.045086,37.958944,35.837429,36.138135,35.881412,37.558337,37.095874,35.994165,34.752746,35.446157,34.059230,90.744889,32.570346,45.804321,25.891838,25.782310,25.661650,31.788858,32.029383,31.283188,36.244327,36.137181,30.484781,30.353404,35.501652,38.470019,34.906303,39.009348,36.679748,38.841898,33.557257,38.202348,34.907552,37.993424,33.731857,37.835607,33.404877,35.540431,32.505997,35.055212,34.002373,36.482071,33.156074,35.100785,107.075604,112.368824,159.685147,109.435292,170.019308,63.909608,48.810429,226.119018,119.680000,2.479000,255.600000,118.030000,1.947000,185.100000,73240.453031,18.730026,27.074295,119.322045,35.744242,4619.668383,3182.653893
06/22/2026 20:17:51,0.000000,0.000000,74.555956,74.154792,65.314920,75.123236,77.696901,72.128636,69.000079,74.281957,36.179501,32.052085,32.648680,32.381447,37.744100,37.897865,35.712533,36.088567,35.767186,37.570328,36.676565,35.974567,34.553012,35.392420,33.931392,100.497267,33.388008,47.125979,27.143544,27.041266,26.994819,32.401926,32.671465,31.273940,36.347359,36.114925,30.299234,30.206124,35.549777,38.473817,34.948411,39.004475,36.707448,38.863346,33.577070,38.197786,34.971262,38.011390,33.777457,37.865951,33.433135,35.560194,32.504041,35.070140,34.028420,36.477056,33.196373,35.096208,114.211944,119.274943,159.722907,116.144120,170.882832,63.566805,50.155753,245.392813,119.580000,2.581000,267.000000,117.890000,2.031000,195.600000,73300.453655,18.834027,28.291952,125.712004,35.765688,4624.076595,3185.875121
06/22/2026 20:18:51,0.000000,0.000000,74.585569,74.115499,65.290168,75.080187,77.695668,72.052374,69.040479,74.277295,36.211788,32.135272,32.756261,32.503419,38.061405,37.874536,35.758020,36.140674,35.833155,37.530514,36.286165,36.056138,34.635616,35.405360,33.971209,97.805691,31.750320,46.168513,26.576790,26.492789,26.397076,31.547082,31.840665,30.157087,36.285123,36.096510,30.405507,30.340671,35.516911,38.457849,34.932739,39.008736,36.704243,38.858384,33.548532,38.203332,34.918739,38.030631,33.753681,37.843621,33.398372,35.568948,32.508826,35.087235,34.014905,36.483499,33.169913,35.110600,114.270692,119.263049,159.824029,116.082589,171.053933,63.484960,49.312279,245.307358,119.590000,2.571000,265.900000,118.050000,2.024000,194.200000,73360.454545,18.637751,27.530762,125.684454,35.755985,4628.502633,3189.109780
06/22/2026 20:19:51,0.000000,0.000000,74.513993,74.111964,65.309241,75.041048,77.698757,72.028355,69.035716,74.275520,36.345263,32.123034,32.715573,32.466523,37.954083,37.886488,35.832235,36.097519,35.866154,37.560349,36.678965,35.827187,34.554897,35.477177,34.108627,100.370178,32.901619,47.448105,26.979013,26.872256,26.784176,32.249522,32.569372,32.170318,36.282084,36.109855,30.327115,30.145024,35.535128,38.471584,34.919504,39.024688,36.705754,38.861215,33.578035,38.214351,34.924926,38.015148,33.763169,37.847317,33.418550,35.571348,32.518351,35.084110,34.046848,36.491444,33.180297,35.116525,115.951798,121.038588,160.352085,117.776494,171.725767,63.519293,49.757031,251.052745,119.630000,2.591000,269.000000,118.110000,2.044000,197.600000,73420.453399,19.515048,27.933057,127.522077,35.764415,4632.960798,3192.378273
06/22/2026 20:20:51,0.000000,0.000000,74.480889,74.126203,65.362083,75.040563,77.679326,72.054997,69.033320,74.257919,36.316408,32.174127,32.769740,32.518060,38.182391,37.837385,35.890401,36.126885,35.889547,37.570875,36.711184,36.151303,34.587667,35.461163,33.997785,101.805558,32.951862,48.292972,27.177326,27.105421,27.018364,32.002660,32.270109,30.020072,36.346824,36.166638,30.521120,30.241660,35.520848,38.478990,34.941976,39.020573,36.698866,38.859640,33.548908,38.199270,34.948807,38.009341,33.756515,37.842907,33.423185,35.579958,32.492300,35.090695,34.028137,36.496247,33.163416,35.118750,117.048398,122.054670,160.849870,118.829923,172.269188,63.423372,50.122931,254.199850,119.680000,2.604000,270.800000,118.090000,2.057000,198.900000,73480.453895,20.030501,28.262471,128.516280,35.760966,4637.452223,3195.677272
06/22/2026 20:21:51,0.000000,0.000000,74.462487,74.093417,65.250334,75.020117,77.639151,71.986579,69.041938,74.274094,36.317795,32.275637,32.816043,32.597413,38.289004,37.948020,35.858249,36.144336,35.877648,37.580216,36.901481,36.019085,34.550583,35.427221,33.910056,102.628285,32.444474,47.872404,27.310862,27.229139,27.148233,31.595838,31.793639,29.647668,36.368521,36.202951,30.636565,30.372373,35.507658,38.476444,34.934163,39.022506,36.700813,38.861141,33.561968,38.199055,34.935287,38.039605,33.766400,37.864670,33.416698,35.561525,32.517386,35.097573,34.026588,36.514620,33.171531,35.108667,118.132215,123.196289,161.305648,119.889972,172.654805,63.556574,49.963384,258.336485,119.710000,2.621000,272.400000,118.080000,2.074000,200.500000,73540.455571,19.753399,28.119005,129.810125,35.764215,4641.972739,3199.004920
06/22/2026 20:22:51,0.000000,0.000000,74.447063,74.092363,65.495362,75.000875,77.608177,71.981257,69.031791,74.284303,36.261117,32.291641,32.829369,32.666517,37.874850,38.010037,35.876993,36.160858,35.881621,37.583297,36.832899,36.145456,34.602660,35.485445,34.099770,99.199300,32.401144,46.286575,27.120433,26.990460,26.914882,31.633508,31.761811,29.756270,36.359612,36.182971,30.656119,30.367628,35.514905,38.483223,34.927191,39.017334,36.707091,38.862107,33.574046,38.185105,34.943453,38.004007,33.765765,37.848133,33.422114,35.567812,32.496565,35.075145,34.023664,36.486920,33.162896,35.120891,105.522460,111.188023,161.010614,106.362413,171.880884,63.463735,48.738473,215.127071,119.820000,2.454000,251.700000,118.200000,1.912000,180.400000,73600.455796,19.277950,27.008625,115.507844,35.759418,4646.420446,3202.258346
06/22/2026 20:23:51,0.000000,0.000000,74.406612,74.050204,65.195555,74.958905,77.577285,71.930235,69.044190,74.261959,36.203707,32.029686,32.632079,32.399386,37.905077,38.008454,35.773020,36.114487,35.806466,37.527750,36.806942,35.836522,34.455545,35.357994,34.116760,99.261034,33.301413,47.114235,26.773749,26.652232,26.571674,32.364468,32.659813,32.665594,36.326139,36.150819,30.013060,29.786497,35.548794,38.494030,34.923659,39.028380,36.697904,38.870154,33.563490,38.203353,34.933838,38.031535,33.767412,37.868771,33.428883,35.582096,32.520690,35.097897,34.042895,36.526008,33.180988,35.132732,112.931977,117.790717,158.832799,115.223707,169.640383,62.895950,49.840834,247.028271,119.640000,2.584000,267.000000,117.970000,2.035000,195.600000,73660.455827,19.105608,28.008627,126.237986,35.772175,4650.721977,3205.374626
06/22/2026 20:24:51,0.000000,0.000000,74.371914,74.053973,65.387797,74.958925,77.558354,71.950604,69.004316,74.268412,36.189317,32.185220,32.770599,32.544398,38.074273,37.901544,35.843457,36.111837,35.815988,37.522666,36.608495,35.786911,34.518994,35.411179,34.075926,98.532403,30.992423,45.628247,26.798374,26.710813,26.597608,31.465458,31.899820,29.512264,36.301707,36.112213,30.557705,30.494613,35.539671,38.464189,34.930934,39.025029,36.706837,38.853028,33.588894,38.194183,34.955671,38.013087,33.783565,37.827403,33.426302,35.552049,32.486969,35.081597,34.048771,36.501771,33.181154,35.116937,113.599488,118.730178,159.542423,115.270252,170.676326,62.786900,49.368310,242.632522,119.630000,2.556000,264.700000,118.010000,2.009000,193.500000,73720.456038,18.046688,27.581559,124.818714,35.763902,4655.158408,3208.621498
06/22/2026 20:25:51,0.000000,0.000000,74.322001,74.029416,65.324533,74.922258,77.558859,71.865052,69.020941,74.258300,36.162163,32.102749,32.617478,32.464390,38.017787,37.900274,35.817514,36.104501,35.806541,37.566279,36.480008,36.139941,34.462701,35.461757,33.847463,98.914028,32.419955,46.774956,26.596574,26.519276,26.381941,32.078974,32.389106,32.148842,36.290775,36.134930,30.264543,30.055785,35.522644,38.472391,34.940936,39.022186,36.692876,38.852343,33.560220,38.177154,34.943452,37.996938,33.754399,37.831081,33.421169,35.562439,32.506740,35.067163,34.032543,36.493558,33.178631,35.090923,115.270253,120.302581,159.779070,117.181685,171.160237,62.877072,49.469885,249.249937,119.800000,2.580000,267.800000,118.030000,2.037000,196.100000,73780.456558,19.101395,27.673561,126.948637,35.755989,4659.589253,3211.861915
06/22/2026 20:26:51,0.000000,0.000000,74.375679,74.023487,65.262140,74.898189,77.550447,71.829449,69.060020,74.242178,36.267746,32.102071,32.701741,32.456564,38.010016,37.814739,35.788015,36.090953,35.775301,37.531130,36.972231,35.857578,34.534317,35.433575,34.192154,101.126491,33.163600,47.736824,27.089950,26.988561,26.899779,32.425605,32.735158,31.477214,36.310915,36.131607,30.455546,30.210816,35.492404,38.504954,34.901814,39.058265,36.673753,38.891961,33.537911,38.215025,34.917176,38.052044,33.726018,37.864702,33.398412,35.598232,32.479509,35.121585,34.001354,36.530623,33.144452,35.141063,116.403574,121.549623,160.404271,118.214504,171.662005,62.832881,50.053694,252.156862,119.610000,2.597000,269.300000,118.200000,2.049000,198.000000,73840.455185,19.536579,28.200245,127.871862,35.762563,4664.065734,3215.145979
06/22/2026 20:27:51,0.000000,0.000000,74.320677,74.006523,65.069358,74.910757,77.497275,71.861565,69.028985,74.259108,36.269330,32.202452,32.749578,32.550246,38.056227,37.960809,35.809855,36.120313,35.821625,37.540225,36.845530,36.411772,34.500869,35.437392,34.130590,102.451777,32.811441,48.081035,27.213124,27.174270,27.069843,31.833502,32.072204,29.793247,36.357117,36.165422,30.523461,30.293531,35.523225,38.489304,34.944683,39.019296,36.692627,38.872393,33.568853,38.182362,34.931830,38.019817,33.742759,37.838057,33.413365,35.560860,32.527394,35.081702,34.030230,36.508072,33.158094,35.101027,117.578183,122.678102,160.894755,119.375164,172.256299,62.808683,50.095644,256.627548,119.850000,2.612000,271.400000,118.200000,2.057000,199.800000,73900.457047,19.843082,28.237953,129.277373,35.760298,4668.572012,3218.460859
06/22/2026 20:28:51,0.000000,0.000000,74.327874,74.020912,65.185185,74.876954,77.504850,71.856894,69.070332,74.246086,36.344986,32.271821,32.846465,32.632385,38.142220,37.927095,35.797725,36.153794,35.833985,37.546812,36.840620,36.147782,34.527350,35.566205,34.071379,103.053133,32.325262,47.682563,27.284974,27.204589,27.140641,31.635935,31.786512,29.584348,36.346916,36.159203,30.647348,30.373527,35.514123,38.476704,34.910389,39.021354,36.682610,38.878731,33.548136,38.189695,34.914359,38.024942,33.757044,37.835921,33.402863,35.579187,32.461724,35.082856,34.011408,36.489750,33.182611,35.098440,118.645032,123.785107,161.384121,120.421484,172.858555,62.752689,49.898322,260.264402,119.670000,2.629000,272.700000,118.040000,2.077000,201.100000,73960.456573,19.622138,28.060425,130.408200,35.753142,4673.105115,3221.802639
06/22/2026 20:29:51,0.000000,0.000000,74.338248,74.011837,65.098234,74.871563,77.496107,71.835797,69.041568,74.245824,36.333057,32.203767,32.760674,32.563000,38.109973,37.896164,35.866031,36.173367,35.832236,37.586173,36.746408,35.902442,34.573931,35.532525,34.010651,90.506185,32.676330,46.581093,25.967076,25.883483,25.699605,31.880131,32.125463,31.579424,36.258326,36.133471,30.483275,30.280080,35.549734,38.467152,34.948658,39.014868,36.710171,38.862972,33.570919,38.191451,34.956919,38.018748,33.774491,37.835164,33.410100,35.589506,32.541917,35.075752,34.047357,36.506115,33.181406,35.118962,107.478223,112.791366,159.160430,109.959873,169.380796,62.382850,48.866169,229.139231,119.840000,2.501000,257.600000,118.310000,1.957000,186.800000,74020.456407,19.455965,27.125128,120.347614,35.768618,4677.411299,3224.916103
06/22/2026 20:30:51,0.000000,0.000000,74.390202,74.035901,65.211015,74.888308,77.514064,71.850483,69.081443,74.257975,36.346527,32.078022,32.629680,32.385266,38.245312,37.816384,35.750703,36.112549,35.797875,37.531113,36.466924,36.083322,34.404188,35.400657,33.850650,100.674123,33.363537,47.577465,27.210502,27.134579,27.023854,32.340981,32.620769,30.991434,36.303430,36.106408,30.274166,30.198272,35.516271,38.488557,34.915647,39.039380,36.679597,38.870872,33.526010,38.185394,34.933544,38.022408,33.740309,37.842689,33.422053,35.576614,32.484940,35.099820,34.019515,36.511110,33.172975,35.116315,114.083249,119.204423,159.253202,116.077393,170.346047,62.015525,50.152549,244.828778,119.760000,2.576000,266.900000,118.030000,2.027000,195.400000,74080.457851,19.288390,28.289075,125.530039,35.758201,4681.828210,3228.144125
06/22/2026 20:31:51,0.000000,0.000000,74.423764,74.038184,65.290664,74.901340,77.558641,71.842786,69.140525,74.295136,36.209291,32.203960,32.713732,32.545282,38.186896,37.951903,35.763467,36.120880,35.776172,37.542165,36.662974,36.026520,34.453322,35.424026,33.954913,97.696355,31.609146,45.809014,26.613029,26.503115,26.409260,31.599326,31.893794,30.473697,36.267185,36.105137,30.419540,30.345511,35.538560,38.459110,34.936576,39.019171,36.693999,38.852139,33.552463,38.173169,34.942554,38.003554,33.769889,37.842515,33.433848,35.560462,32.509648,35.089764,34.058281,36.504612,33.175022,35.097519,114.223441,119.288387,159.420118,115.932193,170.523152,62.125063,49.464738,245.866537,119.660000,2.565000,266.200000,118.190000,2.023000,194.400000,74140.457610,18.140112,27.668902,125.864609,35.760643,4686.248387,3231.376000
06/22/2026 20:32:51,0.000000,0.000000,74.516523,74.035420,65.472867,74.909571,77.638437,71.876485,69.131796,74.279274,36.321608,32.116609,32.696701,32.461526,38.090920,37.913777,35.829803,36.111914,35.815021,37.510208,36.565930,35.893966,34.430115,35.466437,33.983662,100.469670,32.939732,47.344502,26.863648,26.781898,26.659645,32.315483,32.611292,32.384886,36.324553,36.147019,30.260666,30.117433,35.538721,38.491941,34.954997,39.032645,36.699018,38.872148,33.549506,38.198198,34.948617,38.039632,33.775681,37.857998,33.414007,35.588529,32.493342,35.099816,34.036826,36.519072,33.174596,35.126356,115.927564,121.019700,160.009205,117.742647,171.246864,62.274484,49.979989,251.027659,119.780000,2.590000,268.400000,118.090000,2.041000,196.800000,74200.457806,19.210553,28.133949,127.514117,35.770582,4690.705124,3234.643567
06/22/2026 20:33:51,0.000000,0.000000,74.581341,74.098160,65.308539,74.989821,77.670429,71.987120,69.134096,74.287479,36.240545,32.210454,32.745568,32.563985,38.232850,37.742494,35.784373,36.105024,35.844208,37.530935,36.566325,36.103151,34.555393,35.430697,34.074423,101.988490,32.995381,48.287693,27.164776,27.130386,27.002855,32.044176,32.290700,30.054525,36.355187,36.171018,30.521072,30.253505,35.529964,38.490279,34.926228,39.028289,36.684107,38.879782,33.538534,38.201208,34.941883,38.026298,33.729526,37.824009,33.397258,35.605056,32.485914,35.113035,34.045623,36.516335,33.167074,35.117522,116.980578,122.044109,160.444282,118.651659,171.652893,62.423985,50.237518,254.663055,119.840000,2.600000,270.300000,118.050000,2.057000,198.900000,74260.458186,19.922347,28.365346,128.661887,35.762396,4695.195958,3237.942449
06/22/2026 20:34:51,0.000000,0.000000,74.637419,74.094650,65.336183,75.020896,77.731301,71.989904,69.174116,74.290899,36.246605,32.261484,32.789894,32.613785,37.797274,37.931590,35.765450,36.164483,35.795344,37.529029,36.804683,36.015016,34.539851,35.486521,34.112282,102.768852,32.469596,47.947232,27.307502,27.237390,27.135961,31.647750,31.832628,29.631402,36.393858,36.179591,30.602353,30.315415,35.529913,38.486696,34.958591,39.021662,36.697759,38.864714,33.544688,38.178421,34.954923,38.036195,33.767977,37.824706,33.416742,35.585495,32.493411,35.099914,34.049798,36.492615,33.165109,35.102261,118.176209,123.151611,160.945553,119.915412,172.295928,62.541260,50.000867,258.500760,119.720000,2.620000,272.300000,118.120000,2.072000,200.400000,74320.458659,19.794498,28.152734,129.861208,35.763580,4699.717104,3241.271503
06/22/2026 20:35:51,0.000000,0.000000,74.728459,74.121056,65.591411,75.059468,77.768909,72.069305,69.180488,74.318794,36.347012,32.312566,32.874288,32.686492,37.959198,37.799259,35.884402,36.169151,35.861703,37.595686,36.958544,36.205193,34.433582,35.549219,34.113411,100.223602,32.249468,45.600720,27.148606,27.072233,26.977662,31.569153,31.652463,29.585730,36.335962,36.171271,30.645679,30.417410,35.524070,38.496327,34.953552,39.028119,36.699632,38.903649,33.549233,38.202041,34.943163,38.028898,33.767577,37.858331,33.419066,35.592245,32.474388,35.121407,34.038469,36.516727,33.179376,35.125360,106.856478,112.483792,161.003531,108.096359,172.118746,62.641411,48.810623,216.726435,119.750000,2.465000,252.700000,118.340000,1.919000,181.400000,74380.457608,18.526248,27.074472,116.071031,35.771082,4704.192418,3244.550726
06/22/2026 20:36:51,0.000000,0.000000,74.753450,74.143951,65.368908,75.099708,77.806074,72.075355,69.201497,74.300783,36.201203,32.055207,32.577083,32.414285,38.092157,37.834161,35.738347,36.132966,35.733968,37.580942,36.719492,35.869961,34.377666,35.478758,33.857803,98.403594,33.172516,47.079267,26.628082,26.555701,26.405727,32.286881,32.542226,32.587593,36.341864,36.139096,29.969601,29.865919,35.539102,38.494086,34.952393,39.038879,36.722526,38.891621,33.566887,38.179218,34.953949,38.025065,33.781107,37.817004,33.431836,35.602765,32.516085,35.105147,34.060365,36.523509,33.193360,35.125567,112.507608,117.373820,158.639696,114.916683,169.362663,62.192667,49.600203,246.690336,119.790000,2.573000,266.100000,118.140000,2.025000,194.900000,74440.458727,19.287829,27.791438,126.129501,35.776024,4708.482163,3247.656088
06/22/2026 20:37:51,0.000000,0.000000,74.783143,74.156329,65.421148,75.112864,77.873077,72.130519,69.244382,74.314242,36.298792,32.169325,32.745377,32.493262,38.224898,37.931160,35.765694,36.075283,35.805480,37.477260,36.662161,36.014141,34.467098,35.394353,34.039279,99.140854,32.116657,46.768108,26.916587,26.862090,26.782638,31.598740,32.014805,29.676882,36.331994,36.143835,30.536497,30.359706,35.537606,38.509371,34.972000,39.049562,36.726136,38.891691,33.562072,38.209683,34.962809,38.050235,33.781353,37.853921,33.455898,35.600620,32.531278,35.125976,34.073230,36.540760,33.197606,35.125812,113.804675,118.933824,159.494061,115.524695,170.262601,62.181617,49.755283,242.631066,119.660000,2.564000,264.700000,118.220000,2.015000,193.500000,74500.459311,18.836628,27.931480,124.818241,35.787881,4712.921151,3250.905731
06/22/2026 20:38:51,0.000000,0.000000,74.830298,74.189144,65.440206,75.154864,77.901891,72.159104,69.212026,74.319703,36.241492,32.174028,32.706053,32.510338,38.086386,38.047515,35.809592,36.139089,35.813706,37.521272,36.612409,35.668816,34.536042,35.495568,34.103692,99.424334,32.465367,47.128873,26.656928,26.573379,26.459551,31.971993,32.245704,31.737230,36.301204,36.146690,30.340127,30.228510,35.532592,38.489366,34.962285,39.037250,36.718835,38.888822,33.547634,38.176969,34.980070,38.031650,33.787530,37.852997,33.444568,35.599955,32.530611,35.109983,34.061212,36.527451,33.197565,35.121781,115.350815,120.374277,159.664077,117.187171,170.741060,62.313961,49.707506,249.505169,119.720000,2.576000,267.700000,118.160000,2.034000,196.000000,74560.458824,19.240510,27.888363,127.029997,35.779956,4717.356004,3254.149955
06/22/2026 20:39:51,0.000000,0.000000,74.922615,74.235449,65.618984,75.221425,77.957294,72.244971,69.256934,74.320800,36.319950,32.207501,32.759959,32.523270,38.093486,37.807653,35.772892,36.111260,35.848798,37.539494,36.602331,35.998847,34.555597,35.462365,33.972794,101.297770,33.137663,48.067441,27.159909,27.068797,26.984154,32.337029,32.642168,30.979008,36.362442,36.166763,30.494057,30.182330,35.539419,38.484689,34.978826,39.032972,36.720104,38.879498,33.567565,38.182643,34.956501,38.033350,33.797154,37.836063,33.444066,35.592364,32.504754,35.113019,34.052710,36.513664,33.186754,35.135380,116.613672,121.580599,160.229896,118.328861,171.351047,62.474465,49.920268,252.618286,119.630000,2.602000,269.800000,117.980000,2.053000,198.200000,74620.459470,19.987251,28.080190,128.017726,35.777575,4721.833858,3257.436490
06/22/2026 20:40:51,0.000000,0.000000,74.942104,74.233391,65.698481,75.248978,78.007909,72.270925,69.240321,74.329228,36.306952,32.255840,32.822048,32.594724,38.086708,37.897193,35.848342,36.152586,35.857940,37.526516,36.793762,35.772804,34.619771,35.369143,34.067948,102.500440,32.743320,48.297314,27.302350,27.227772,27.133381,31.765014,31.998438,29.758138,36.404570,36.235909,30.641219,30.327483,35.562292,38.502622,34.959073,39.047290,36.699873,38.902565,33.555694,38.210415,34.956449,38.042133,33.792695,37.853718,33.434858,35.609323,32.502653,35.114297,34.069971,36.545919,33.189402,35.139795,117.844580,122.664016,160.739155,119.465090,172.023949,62.531264,50.100402,256.974223,119.800000,2.616000,271.100000,118.090000,2.065000,199.400000,74680.458449,20.055085,28.242229,129.385647,35.784552,4726.340031,3260.751711
06/22/2026 20:41:51,0.000000,0.000000,74.944925,74.247630,65.595839,75.287104,78.016870,72.282489,69.270981,74.340260,36.307754,32.352747,32.832635,32.665444,38.012505,38.023549,35.846403,36.142235,35.894176,37.537482,37.000703,35.843686,34.726241,35.473298,34.085538,102.873496,32.178648,47.840773,27.230710,27.163274,27.067210,31.644661,31.768509,29.725073,36.411378,36.189146,30.678825,30.371974,35.538723,38.494150,34.947966,39.030503,36.709955,38.879084,33.567149,38.196109,34.952727,38.024731,33.786770,37.835893,33.442316,35.588404,32.528801,35.114123,34.064025,36.521847,33.204359,35.117032,118.872901,123.886575,161.359399,120.551410,172.647987,62.689966,50.051946,259.474752,119.700000,2.624000,272.700000,117.920000,2.074000,201.200000,74740.458914,19.642099,28.198674,130.163612,35.777233,4730.872455,3264.091237
06/22/2026 20:42:51,0.000000,0.000000,74.938534,74.248421,65.732027,75.295800,78.024697,72.275537,69.266868,74.350544,36.333119,32.192705,32.759847,32.551582,37.991735,38.046953,35.836941,36.151816,35.878364,37.581373,36.962797,35.930490,34.493772,35.510514,34.024558,89.419473,32.800323,47.486600,26.125683,26.055063,25.881196,32.084600,32.344904,31.954157,36.305720,36.170246,30.374985,30.228598,35.555278,38.518590,34.964209,39.054164,36.707263,38.903317,33.548011,38.200365,34.957888,38.042683,33.787940,37.847661,33.447166,35.609192,32.516754,35.120612,34.065641,36.528325,33.207752,35.131501,108.476166,113.794017,158.761243,111.158631,169.053327,62.374008,49.090195,233.819179,119.720000,2.528000,259.900000,118.190000,1.980000,189.100000,74800.457667,20.157507,27.329093,121.918495,35.785716,4735.151088,3267.179756
06/22/2026 20:43:51,0.000000,0.000000,74.859889,74.292742,65.679427,75.301919,77.979023,72.330408,69.284107,74.330480,36.305288,32.100203,32.667856,32.415166,37.875684,37.997176,35.746347,36.085612,35.823940,37.551817,36.973028,35.714025,34.482377,35.458807,33.916886,100.332066,33.368500,47.389801,27.156092,27.105178,26.999325,32.268942,32.582558,30.712493,36.351816,36.105657,30.365236,30.233708,35.545292,38.455662,34.973904,39.015721,36.722411,38.858852,33.571658,38.154921,34.968577,38.006506,33.795490,37.813640,33.463264,35.568088,32.492394,35.110018,34.070570,36.524830,33.202864,35.104014,114.047190,119.079742,159.209929,115.871628,170.288648,62.089954,50.046605,243.653126,119.810000,2.569000,266.100000,118.210000,2.023000,194.500000,74860.459116,19.195930,28.193871,125.149821,35.770934,4739.580359,3270.419166
06/22/2026 20:44:51,0.000000,0.000000,74.834287,74.291644,65.509601,75.284284,77.955971,72.299151,69.282448,74.320375,36.317719,32.193689,32.788399,32.541076,38.255148,37.946400,35.893345,36.158165,35.872256,37.559366,36.730635,36.125066,34.430489,35.501819,34.043355,98.528140,32.102576,46.284378,26.707235,26.629943,26.535048,31.686872,31.987122,30.675830,36.304535,36.119469,30.426390,30.171433,35.542767,38.507450,34.971810,39.059079,36.722292,38.892712,33.560434,38.188343,34.950251,38.037284,33.776614,37.836393,33.433379,35.623355,32.538090,35.118741,34.059771,36.537963,33.200862,35.127731,114.387716,119.554608,159.369463,116.333633,170.226775,62.230542,49.521934,246.688231,119.690000,2.578000,266.400000,118.150000,2.026000,194.900000,74920.459145,18.563715,27.720663,126.128825,35.784266,4744.002056,3273.651723
06/22/2026 20:45:51,0.000000,0.000000,74.864328,74.279852,65.706551,75.266558,77.942510,72.298314,69.245880,74.333064,36.287748,32.183142,32.724945,32.493101,38.040999,37.896098,35.795064,36.116597,35.883462,37.542260,37.070058,36.092362,34.558336,35.516062,33.959942,100.836993,32.961673,47.802601,27.000491,26.914729,26.823494,32.279339,32.580053,32.079986,36.331953,36.160619,30.389364,30.134862,35.525914,38.484919,34.940566,39.035494,36.706048,38.890191,33.540127,38.186595,34.961356,38.043045,33.771899,37.812260,33.418845,35.607088,32.478169,35.113439,34.049135,36.532229,33.183256,35.128787,116.015701,121.172722,159.900375,117.814109,171.093812,62.315398,49.841126,251.288717,119.870000,2.592000,268.000000,118.140000,2.044000,197.300000,74980.458437,19.793711,28.008890,127.596923,35.770468,4748.465504,3276.924962
06/22/2026 20:46:51,0.000000,0.000000,74.835633,74.334842,65.606216,75.270615,77.917087,72.316792,69.269226,74.349083,36.265034,32.242631,32.799511,32.592313,38.218581,37.783011,35.837109,36.176336,35.892184,37.558921,37.124319,35.936061,34.525974,35.557297,34.011851,102.095805,32.944930,48.155309,27.217703,27.159645,27.056496,32.000601,32.226671,30.065266,36.371004,36.195694,30.540119,30.292931,35.519083,38.494891,34.951533,39.046406,36.693963,38.882992,33.540876,38.199889,34.957854,38.064735,33.754086,37.849326,33.440920,35.613596,32.489150,35.143632,34.069158,36.551304,33.181873,35.153121,117.185399,122.204954,160.427143,118.841638,171.668761,62.495436,50.095256,254.475960,119.770000,2.605000,270.800000,118.130000,2.056000,198.900000,75040.459264,19.917704,28.237605,128.603096,35.779919,4752.958455,3280.225953
06/22/2026 20:47:51,0.000000,0.000000,74.850054,74.314607,65.686142,75.283363,77.934426,72.293989,69.274722,74.343133,36.424723,32.337285,32.878094,32.663200,38.245252,37.958590,35.881252,36.180613,35.890299,37.563227,36.712820,36.318804,34.583381,35.562346,34.099599,102.891366,32.425956,48.078082,27.335143,27.251188,27.172072,31.629865,31.811180,29.610825,36.408034,36.189343,30.638466,30.342460,35.537744,38.492732,34.966820,39.056762,36.737176,38.888581,33.554055,38.176613,34.957542,38.034829,33.781705,37.818924,33.445214,35.591737,32.497453,35.120710,34.089710,36.521784,33.202846,35.125276,118.445831,123.265360,160.897539,120.087774,172.142146,62.599169,50.074960,258.970438,119.750000,2.619000,271.600000,118.190000,2.073000,200.700000,75100.458459,19.858719,28.219363,130.007132,35.779911,4757.481005,3283.555741
06/22/2026 20:48:51,0.000000,0.000000,74.786869,74.257724,65.745268,75.226297,77.878800,72.228247,69.262822,74.317776,36.311059,32.315139,32.828841,32.644978,37.941372,37.866265,35.820222,36.180265,35.845218,37.580563,36.619552,36.201053,34.635740,35.539759,34.061518,98.439707,32.319631,45.689418,26.933633,26.848760,26.759191,31.701880,31.832853,30.394444,36.356763,36.212000,30.590408,30.433179,35.540633,38.502234,34.953445,39.062425,36.712176,38.900273,33.551610,38.173982,34.937162,38.047657,33.777512,37.843030,33.435217,35.611010,32.506125,35.135359,34.074191,36.554994,33.191539,35.130401,105.092392,110.845804,160.446185,105.885445,171.159228,62.597780,48.773625,215.415157,119.880000,2.458000,251.900000,118.270000,1.913000,180.500000,75160.458982,18.648705,27.040713,115.609500,35.782049,4761.911905,3286.792769
06/22/2026 20:49:51,0.000000,0.000000,74.836649,74.274983,65.807114,75.236816,77.910335,72.225666,69.283942,74.341730,36.268213,32.070053,32.647955,32.408310,38.270396,37.981975,35.893858,36.168862,35.835125,37.609386,36.785131,36.209868,34.523014,35.515347,33.938648,99.731188,33.387795,46.790243,26.883376,26.762763,26.656494,32.465824,32.775805,32.819380,36.363129,36.163465,30.011972,29.930583,35.557284,38.486595,34.961864,39.033743,36.717735,38.871398,33.550972,38.165133,34.946016,38.032181,33.794318,37.822637,33.449684,35.600626,32.515717,35.114506,34.067073,36.540374,33.189248,35.120135,113.475847,118.302358,158.578010,115.732740,169.397044,62.168245,49.851322,248.069429,119.770000,2.580000,267.700000,118.140000,2.037000,196.000000,75220.458792,18.772163,28.018080,126.571575,35.776862,4766.234892,3289.930066
06/22/2026 20:50:51,0.000000,0.000000,74.752377,74.287894,65.701863,75.230597,77.890664,72.237223,69.292468,74.315118,36.404788,32.235381,32.826058,32.556593,38.026310,38.056347,35.811812,36.154149,35.880538,37.612270,36.726962,36.051953,34.476142,35.575770,33.992712,98.727077,31.716759,46.157433,26.847373,26.751327,26.653843,31.538910,31.917578,29.644200,36.355108,36.163412,30.579381,30.494322,35.586350,38.515113,34.992589,39.068282,36.738902,38.903540,33.564672,38.183361,34.982054,38.057038,33.821049,37.841280,33.481600,35.624038,32.524986,35.152753,34.100487,36.559967,33.223554,35.160121,113.779246,118.962805,159.369194,115.446859,170.239964,62.268527,49.419292,242.985347,119.730000,2.563000,264.800000,118.170000,2.015000,193.500000,75280.457580,18.529683,27.627750,124.933287,35.804087,4770.672609,3293.176861
06/22/2026 20:51:51,0.000000,0.000000,74.748589,74.274381,65.492585,75.206343,77.860171,72.219241,69.329250,74.319978,36.312911,32.172837,32.742217,32.497155,38.184157,37.890846,35.818537,36.124563,35.832454,37.557218,36.869616,36.052558,34.479411,35.411528,34.096231,99.797679,32.662991,47.325986,26.819244,26.735705,26.652849,32.133401,32.439954,32.085784,36.345255,36.167726,30.328318,29.985078,35.530799,38.506122,34.946435,39.068245,36.695467,38.906997,33.538833,38.178535,34.951490,38.042494,33.777837,37.843796,33.425992,35.623521,32.504896,35.151456,34.073885,36.570621,33.182533,35.153779,115.556446,120.573978,159.551763,117.391587,170.802495,62.420787,49.836853,250.315049,119.770000,2.584000,268.600000,118.220000,2.036000,196.800000,75340.458088,19.320947,28.005039,127.287777,35.783687,4775.114034,3296.427972
06/22/2026 20:52:51,0.000000,0.000000,74.739145,74.309744,65.715822,75.215702,77.848873,72.255331,69.279653,74.340425,36.277381,32.211880,32.733653,32.545318,37.996558,38.033665,35.828261,36.134726,35.832339,37.596883,36.672619,36.045598,34.529230,35.432926,34.026069,101.588720,33.145545,48.033294,27.255361,27.158897,27.084622,32.376595,32.684833,31.468228,36.382171,36.177642,30.529968,30.100148,35.561865,38.521179,34.979820,39.051607,36.749965,38.912809,33.566450,38.173811,34.980448,38.054113,33.799381,37.841371,33.465609,35.622267,32.501859,35.124991,34.085118,36.530925,33.213869,35.150459,116.699239,121.714206,160.228099,118.435989,171.343976,62.487946,50.087098,253.330734,119.660000,2.602000,269.900000,117.900000,2.055000,198.700000,75400.457858,19.803021,28.230273,128.242578,35.794396,4779.596045,3299.719320
06/22/2026 20:53:51,0.000000,0.000000,74.730773,74.284880,65.738109,75.189290,77.833488,72.229674,69.303568,74.326575,36.388288,32.279751,32.848609,32.630775,38.098219,37.980718,35.828785,36.169343,35.899903,37.566181,36.427239,35.931846,34.489806,35.469329,34.172197,102.695187,32.742140,48.158753,27.345822,27.234626,27.184844,31.778927,32.008780,29.797033,36.412570,36.239925,30.605595,30.216721,35.553664,38.526253,34.974398,39.065624,36.728399,38.918217,33.544354,38.202116,34.973392,38.060336,33.792771,37.833910,33.441732,35.622824,32.510424,35.153403,34.092704,36.555305,33.193922,35.158490,117.834903,122.910200,160.684465,119.596036,171.925956,62.653297,50.125165,257.381915,119.600000,2.620000,271.700000,118.070000,2.070000,200.300000,75460.458600,19.894275,28.264478,129.512847,35.795112,4784.108046,3303.039806
06/22/2026 20:54:51,0.000000,0.000000,74.708891,74.283279,65.718981,75.184960,77.842643,72.212615,69.309900,74.302855,36.350017,32.312026,32.868413,32.673088,38.104908,37.932186,35.848963,36.162504,35.894385,37.591614,36.729291,36.302085,34.572393,35.400701,34.071677,102.219775,32.367061,46.659629,27.287187,27.186258,27.126504,31.691777,31.809385,29.828856,36.439303,36.248513,30.693128,30.251395,35.546035,38.507174,34.948480,39.059250,36.717416,38.911235,33.538658,38.171549,34.959996,38.050966,33.793150,37.827219,33.454250,35.623789,32.507834,35.165723,34.082844,36.541935,33.196524,35.153550,115.060907,120.750974,161.145197,117.244652,172.397027,62.726680,49.773054,230.968903,119.860000,2.544000,262.000000,118.190000,1.989000,190.100000,75520.458930,18.712117,27.947512,120.964381,35.787879,4788.636152,3306.373878
06/22/2026 20:55:51,0.000000,0.000000,74.733734,74.299680,65.536944,75.183042,77.827680,72.252645,69.299599,74.323898,36.408311,32.178406,32.692197,32.502216,38.034590,38.106590,35.789047,36.160617,35.873432,37.612694,36.541532,36.311739,34.542582,35.602242,34.049808,93.847206,33.093058,47.173712,26.349360,26.259982,26.092461,32.228613,32.522675,32.377215,36.344747,36.192898,30.147712,30.017282,35.559262,38.505342,34.986367,39.064298,36.730501,38.907958,33.564233,38.185539,34.969608,38.050382,33.795967,37.836649,33.453172,35.627144,32.529884,35.145630,34.087140,36.547546,33.208675,35.154144,110.418594,115.383045,158.351991,112.984907,168.832620,62.286590,49.530577,239.790661,119.700000,2.548000,262.900000,118.250000,2.003000,191.900000,75580.457557,19.445230,27.728482,123.891629,35.795472,4792.893803,3309.445862
06/22/2026 20:56:51,0.000000,0.000000,74.656420,74.297580,65.378466,75.173650,77.825053,72.211013,69.307534,74.327136,36.261254,32.139157,32.735686,32.480303,37.963793,37.894873,35.736412,36.133688,35.847653,37.590506,36.610922,35.864828,34.467482,35.505971,34.170188,99.846373,33.034879,47.684619,27.144614,27.034742,26.953811,31.880375,32.308586,30.114353,36.379423,36.173565,30.429141,30.371229,35.529564,38.508423,34.955524,39.062288,36.710916,38.910048,33.533909,38.165395,34.952930,38.044370,33.771947,37.816726,33.446836,35.608862,32.510196,35.141369,34.083761,36.578696,33.194859,35.137702,113.737268,118.847092,159.237011,115.448537,170.148721,62.154799,49.867636,241.979634,119.790000,2.564000,265.500000,118.260000,2.017000,193.500000,75640.456755,19.651838,28.032781,124.606395,35.783216,4797.333911,3312.695818
06/22/2026 20:57:51,0.000000,0.000000,74.686782,74.254818,65.553979,75.156388,77.801108,72.192419,69.342837,74.331371,36.394701,32.195873,32.779465,32.559442,37.995124,38.048575,35.840429,36.201792,35.877087,37.576121,36.781475,36.077816,34.578367,35.480678,33.994312,98.872411,32.264131,46.729837,26.745683,26.658118,26.559503,31.844900,32.133879,31.177052,36.356053,36.163029,30.412295,30.244595,35.551683,38.501322,34.969598,39.045408,36.723698,38.915294,33.560513,38.188633,34.954977,38.066287,33.790939,37.813088,33.453450,35.628308,32.528383,35.127012,34.086254,36.571888,33.183644,35.150898,114.887542,119.833601,159.322274,116.508410,170.263102,62.327557,49.350248,248.207808,119.800000,2.579000,267.000000,118.100000,2.030000,195.200000,75700.457395,19.164649,27.565188,126.615839,35.790564,4801.759486,3315.930770
06/22/2026 20:58:51,0.000000,0.000000,74.617319,74.260153,65.506402,75.148930,77.772622,72.226043,69.276866,74.316518,36.230252,32.192544,32.742344,32.533727,38.056607,38.079135,35.771113,36.120994,35.809547,37.543201,36.803383,35.946813,34.466198,35.502473,34.043821,100.985808,33.026670,47.663899,27.038106,26.946540,26.870675,32.321881,32.593671,31.401849,36.385899,36.176500,30.486030,30.180429,35.552152,38.509737,34.975789,39.061274,36.708362,38.909266,33.530457,38.166135,34.966976,38.058362,33.802987,37.824192,33.449603,35.600988,32.504070,35.139895,34.082729,36.570587,33.188147,35.138986,116.192824,121.261853,159.902790,117.944611,171.044495,62.371403,49.902789,251.593474,119.840000,2.595000,269.100000,118.280000,2.044000,197.500000,75760.456703,19.599451,28.064448,127.693514,35.787035,4806.229351,3319.210093
06/22/2026 20:59:51,0.000000,0.000000,74.654774,74.248161,65.437467,75.162652,77.785039,72.169463,69.311318,74.323710,36.352008,32.258857,32.795718,32.602500,38.123583,37.989740,35.860131,36.177210,35.855186,37.569293,36.655176,36.579286,34.529925,35.528897,34.086866,102.139200,32.908711,48.600385,27.264829,27.171045,27.089178,31.998006,32.163562,29.982420,36.438417,36.206009,30.587497,30.275029,35.555348,38.492613,34.978581,39.063169,36.740769,38.915110,33.542114,38.165592,34.970421,38.079462,33.798198,37.833124,33.441713,35.607298,32.544209,35.131813,34.076856,36.554553,33.210907,35.147505,117.317607,122.359679,160.398754,119.122729,171.641518,62.505933,50.167503,255.145034,119.870000,2.602000,271.000000,118.250000,2.058000,199.200000,75820.458087,20.297881,28.302504,128.813199,35.792468,4810.727038,3322.516086
06/22/2026 21:00:51,0.000000,0.000000,74.605703,74.242614,65.579665,75.150349,77.763932,72.145249,69.345788,74.316550,36.396590,32.338816,32.858728,32.667792,38.307220,38.014837,35.875453,36.199610,35.895366,37.562538,36.798848,36.182590,34.619902,35.502226,33.968150,103.068464,32.518609,48.111367,27.331701,27.242834,27.150876,31.703168,31.850623,29.694006,36.427543,36.246048,30.686189,30.395694,35.546351,38.495569,34.976167,39.065179,36.712774,38.906606,33.522892,38.178512,34.968760,38.073832,33.788376,37.832630,33.446480,35.643066,32.508061,35.154979,34.081408,36.555108,33.184190,35.145236,118.459992,123.481885,160.958054,120.204684,172.254993,62.656347,50.127010,259.270502,119.910000,2.620000,272.100000,118.250000,2.068000,200.600000,75880.457781,19.845231,28.266136,130.100262,35.789309,4815.253765,3325.850680
06/22/2026 21:01:51,0.000000,0.000000,74.592005,74.261464,65.369737,75.154673,77.770348,72.158913,69.295521,74.324072,36.305941,32.311329,32.879276,32.676587,38.255896,37.906062,35.827796,36.184294,35.918937,37.627163,36.945371,35.950896,34.738686,35.543337,34.259532,94.770258,32.505200,45.248733,26.190214,26.158929,26.009998,31.776031,31.938182,30.830984,36.346467,36.207015,30.533241,30.461213,35.541473,38.524260,34.968645,39.066518,36.724745,38.918544,33.551346,38.163393,34.963337,38.062687,33.789884,37.830155,33.445171,35.624039,32.518760,35.161083,34.101726,36.573593,33.188367,35.159599,105.675616,111.369408,159.722476,107.016087,170.026542,62.536749,48.719925,216.425239,119.970000,2.450000,251.200000,118.390000,1.909000,180.400000,75940.457430,18.257045,26.991688,115.965189,35.793866,4819.624763,3329.029213
06/22/2026 21:02:51,0.000000,0.000000,74.578531,74.242488,65.614136,75.154589,77.759738,72.177900,69.347415,74.316899,36.334358,32.107620,32.691277,32.435437,38.394469,37.926744,35.790374,36.173455,35.827336,37.549018,36.751690,36.020344,34.574470,35.437788,34.083988,100.401562,33.517638,47.252543,27.091192,26.975509,26.871203,32.568845,32.854778,32.824989,36.369471,36.196817,30.177960,30.082636,35.563955,38.525028,34.975559,39.076485,36.737049,38.919784,33.549041,38.157569,34.970349,38.072323,33.806693,37.841577,33.467300,35.627056,32.523123,35.148588,34.110077,36.583689,33.231407,35.156429,114.217591,119.032189,158.719993,116.274337,169.763517,62.094090,50.046605,247.781828,119.850000,2.586000,267.500000,118.270000,2.034000,196.100000,76000.456663,19.058672,28.193871,126.479525,35.802154,4823.998404,3332.216813
06/22/2026 21:03:51,0.000000,0.000000,74.572801,74.253667,65.538721,75.148020,77.715294,72.153931,69.326169,74.308882,36.308022,32.240007,32.788886,32.608939,38.217867,37.944890,35.807256,36.189001,35.853252,37.597861,36.886406,36.065545,34.616205,35.531323,34.020555,98.785736,32.181854,46.955777,26.816753,26.769847,26.638202,31.586132,31.848082,29.729810,36.356341,36.203165,30.508863,30.400991,35.559593,38.510969,34.979287,39.071812,36.735251,38.910930,33.541460,38.173749,34.981715,38.056701,33.795183,37.834101,33.465494,35.630129,32.509751,35.147538,34.085943,36.572020,33.197224,35.163115,113.908443,119.061133,159.131536,115.730736,170.086584,62.274505,49.633413,244.094481,119.840000,2.566000,264.900000,118.250000,2.017000,193.900000,76060.455492,19.134328,27.821449,125.292709,35.796098,4828.426928,3335.453694
06/22/2026 21:04:51,0.000000,0.000000,74.606020,74.203189,65.568880,75.106986,77.745544,72.123772,69.362118,74.311648,36.362119,32.190263,32.782307,32.551533,38.100351,37.985943,35.850255,36.169552,35.876376,37.575411,36.933829,35.962772,34.586449,35.536166,33.958431,100.518147,32.802641,47.377100,27.003750,26.913969,26.842896,32.166956,32.446806,31.869994,36.371708,36.182673,30.427613,30.175417,35.567553,38.522432,34.995135,39.077874,36.746606,38.906811,33.545753,38.160923,34.991896,38.079652,33.793535,37.840414,33.491112,35.620676,32.520277,35.156387,34.093472,36.575543,33.213351,35.149500,115.837780,120.863017,159.611663,117.620836,170.711358,62.311002,49.672936,250.578049,119.820000,2.588000,268.500000,118.200000,2.042000,197.000000,76120.456426,19.519950,27.857150,127.371363,35.802445,4832.878165,3338.714162
06/22/2026 21:05:51,0.000000,0.000000,74.619934,74.198929,65.476580,75.106846,77.741615,72.149910,69.356983,74.318379,36.368316,32.219186,32.794313,32.564859,38.403725,38.033194,35.766157,36.197954,35.861759,37.555521,37.263306,36.203645,34.602404,35.480758,34.115654,101.763165,32.920410,48.396883,27.153322,27.084542,26.978259,32.060168,32.220815,30.006792,36.394513,36.221422,30.510751,30.283477,35.568620,38.512899,34.979123,39.061061,36.720799,38.914610,33.532282,38.164784,34.975818,38.051710,33.784864,37.810579,33.468310,35.591288,32.527693,35.130116,34.094689,36.559939,33.212230,35.132864,116.844199,121.839549,160.108589,118.561776,171.359861,62.423072,49.950857,253.751211,119.880000,2.597000,270.200000,118.280000,2.053000,197.900000,76180.455283,20.289153,28.107730,128.375076,35.789714,4837.364607,3342.008016
06/22/2026 21:06:51,0.000000,0.000000,74.618523,74.239373,65.341858,75.125909,77.745040,72.156324,69.364339,74.303710,36.411117,32.304923,32.839974,32.664531,38.038986,37.936055,35.905244,36.191755,35.898829,37.581464,36.632845,35.997349,34.637943,35.495431,34.064604,102.636511,32.660501,48.464680,27.309388,27.224539,27.132582,31.688038,31.880487,29.714981,36.449960,36.239251,30.674890,30.333201,35.582598,38.538305,35.011443,39.091011,36.744048,38.918821,33.563175,38.162573,35.000204,38.069818,33.833482,37.839511,33.477437,35.627861,32.548395,35.157157,34.110668,36.574984,33.231552,35.159677,117.995887,123.035488,160.669844,119.808925,172.007182,62.914849,50.040196,257.639574,119.740000,2.615000,272.000000,118.240000,2.065000,200.100000,76240.454879,20.276572,28.188108,129.593165,35.812136,4841.877576,3345.330049
06/22/2026 21:07:51,0.000000,0.000000,74.585404,74.239217,65.473714,75.127403,77.733899,72.168419,69.359623,74.316777,36.389561,32.363338,32.903239,32.729588,38.119950,37.901726,35.903308,36.222584,35.929523,37.645681,37.148334,35.760515,34.693081,35.539432,34.243768,101.457776,32.457875,44.972261,27.251525,27.178730,27.108465,31.735261,31.806984,29.679755,36.435353,36.277765,30.690933,30.471810,35.543588,38.538287,34.974245,39.091942,36.719967,38.925694,33.557211,38.192588,34.962052,38.087911,33.795719,37.856285,33.481247,35.656029,32.505062,35.177532,34.091118,36.601518,33.215982,35.188033,110.870761,116.494415,161.000426,113.367864,172.318087,63.420993,49.107480,220.200463,119.910000,2.488000,255.700000,118.350000,1.940000,183.800000,76300.455548,17.627453,27.344808,117.284578,35.808100,4846.386098,3348.643223
06/22/2026 21:08:51,0.000000,0.000000,74.558107,74.212332,65.493966,75.082557,77.699715,72.095019,69.341292,74.282910,36.383942,32.165478,32.726859,32.484551,38.104949,38.002911,35.853947,36.169257,35.907513,37.603389,36.643291,35.903605,34.581307,35.459241,34.012745,96.568187,33.138711,47.318582,26.604375,26.502056,26.366519,32.246953,32.511651,32.303459,36.388860,36.198058,30.102086,29.938155,35.556834,38.517050,34.985643,39.076812,36.747281,38.924693,33.545543,38.160477,34.980363,38.085391,33.801361,37.826109,33.456694,35.635973,32.524513,35.160816,34.090805,36.573769,33.218073,35.171056,111.503450,116.337485,158.339794,114.040454,169.005624,63.049960,49.817820,244.146595,119.860000,2.557000,265.300000,118.200000,2.014000,194.000000,76360.454683,19.330701,27.987881,125.309569,35.801963,4850.652980,3351.722956
06/22/2026 21:09:51,0.000000,0.000000,74.569127,74.209827,65.328663,75.077016,77.708929,72.092849,69.383236,74.278108,36.308644,32.185457,32.787288,32.518192,38.103020,37.974034,35.813967,36.129293,35.856090,37.570638,36.579966,36.118668,34.436059,35.430716,33.945589,99.432498,32.430234,47.438945,26.986169,26.915594,26.805770,31.714028,32.130419,29.840425,36.379615,36.179513,30.561269,30.450040,35.562712,38.517609,34.988567,39.083692,36.744547,38.915348,33.547685,38.161919,34.968951,38.088599,33.799952,37.831776,33.467721,35.655388,32.556458,35.170243,34.109566,36.594242,33.228217,35.182505,113.675322,118.777850,159.359530,115.414550,170.402823,63.097040,49.723140,241.860029,119.910000,2.561000,264.500000,118.380000,2.010000,193.300000,76420.453938,19.536470,27.902475,124.567456,35.808785,4855.093093,3354.972500
06/22/2026 21:10:51,0.000000,0.000000,74.509769,74.212174,65.477574,75.084646,77.720325,72.072108,69.398790,74.321473,36.362151,32.216993,32.796123,32.562176,38.407684,38.054824,35.833178,36.176834,35.864448,37.567487,36.815747,35.948568,34.536285,35.528158,34.153518,98.381832,32.176335,46.806610,26.529302,26.466300,26.275983,31.948034,32.255588,31.690103,36.356598,36.180400,30.355342,30.288367,35.547780,38.522157,34.983427,39.083872,36.737373,38.909517,33.534706,38.159909,34.976689,38.073779,33.789744,37.847247,33.453409,35.618519,32.506102,35.157143,34.099112,36.583820,33.201114,35.170541,115.104161,120.006503,159.410780,116.919657,170.589847,63.286122,49.398996,248.763265,119.950000,2.576000,266.900000,118.180000,2.028000,195.700000,76480.454350,19.197245,27.609365,126.793342,35.797798,4859.518901,3358.207244
06/22/2026 21:11:51,0.000000,0.000000,74.566401,74.195262,65.393840,75.054567,77.731604,72.063116,69.369090,74.302514,36.389413,32.214585,32.779933,32.507253,38.263520,37.956101,35.815821,36.155057,35.877997,37.565095,36.768668,35.893435,34.623469,35.541682,34.175186,100.890653,33.221672,47.755885,27.029059,26.957593,26.840349,32.448718,32.807618,32.348625,36.414909,36.204190,30.443926,30.121710,35.554937,38.503240,34.991097,39.094591,36.726243,38.916509,33.533750,38.167418,34.959839,38.077314,33.788448,37.801773,33.471555,35.633958,32.498027,35.166010,34.096005,36.582493,33.201595,35.163042,116.321071,121.445929,160.142860,118.188891,171.480068,63.354873,49.810828,251.718258,119.760000,2.592000,269.700000,118.250000,2.045000,198.000000,76540.454141,19.774307,27.981578,127.733040,35.796392,4863.988774,3361.485538
06/22/2026 21:12:51,0.000000,0.000000,74.550593,74.186634,65.503459,75.065457,77.702037,72.041830,69.407943,74.318736,36.358147,32.282380,32.867242,32.612581,38.326586,37.998429,35.866761,36.190478,35.906949,37.584705,36.721931,35.837544,34.588340,35.538498,34.119257,102.308692,32.908387,48.397300,27.260485,27.199749,27.077716,31.916192,32.167272,29.897859,36.431930,36.234055,30.638907,30.259200,35.561325,38.528588,34.971867,39.083400,36.730623,38.921759,33.534149,38.163250,34.986251,38.079771,33.794080,37.831679,33.456849,35.633027,32.518887,35.171579,34.093591,36.580529,33.210342,35.157138,117.578722,122.443188,160.629622,119.213361,171.942928,63.550622,50.141867,255.599175,119.990000,2.608000,271.200000,118.270000,2.054000,199.600000,76600.454004,20.117819,28.279481,128.955589,35.800434,4868.488736,3364.793309
06/22/2026 21:13:51,0.000000,0.000000,74.508740,74.166750,65.466281,75.052712,77.683015,72.015051,69.412104,74.276794,36.509591,32.345626,32.905990,32.667302,37.963548,37.939251,35.876934,36.178067,35.914547,37.614385,36.564026,35.863697,34.504064,35.582384,34.247964,102.778951,32.347063,47.954019,27.281849,27.171095,27.088540,31.634306,31.832994,29.623742,36.466765,36.226840,30.694486,30.335238,35.565569,38.510743,35.009394,39.064268,36.731320,38.926867,33.561502,38.146684,34.989129,38.085288,33.807065,37.819413,33.485538,35.637712,32.509358,35.156724,34.116005,36.587385,33.224226,35.174977,118.628704,123.597293,161.268069,120.295612,172.757328,63.697175,50.058840,259.720273,119.850000,2.621000,272.200000,118.140000,2.071000,200.900000,76660.453652,19.749147,28.204872,130.239716,35.805458,4873.019099,3368.131150
06/22/2026 21:14:51,0.000000,0.000000,74.579237,74.212331,65.365801,75.055310,77.667078,72.035038,69.390558,74.327240,36.449652,32.306730,32.871568,32.665445,38.179028,37.909573,35.876247,36.245120,35.932517,37.585910,36.722696,36.069114,34.683216,35.619525,34.076826,92.485473,32.744134,45.658963,25.932422,25.864026,25.706567,32.051841,32.269443,31.668335,36.341077,36.177716,30.571494,30.371588,35.570244,38.529086,35.002482,39.096654,36.743262,38.929509,33.529957,38.168837,34.984766,38.074316,33.797334,37.827405,33.478869,35.638594,32.531593,35.163001,34.116520,36.587013,33.219820,35.172355,106.601274,111.983123,159.575510,108.552467,169.870322,63.417504,48.986290,222.003268,119.880000,2.467000,253.800000,118.430000,1.929000,183.200000,76720.452857,18.424403,27.234560,117.909149,35.808081,4877.357317,3371.276912
06/22/2026 21:15:51,0.000000,0.000000,74.528641,74.173129,65.520144,75.021661,77.678168,72.034333,69.411945,74.300310,36.383581,32.119279,32.718936,32.437102,38.245102,37.957997,35.745711,36.159365,35.870832,37.588885,36.839377,36.177425,34.542856,35.458502,34.042338,100.655556,33.573681,47.431215,27.235965,27.129673,27.043859,32.626012,32.937710,31.881980,36.390501,36.180219,30.281609,30.140007,35.577111,38.534162,35.009791,39.091133,36.763137,38.935652,33.566793,38.154024,34.990735,38.078937,33.806324,37.843861,33.485498,35.632799,32.539119,35.159215,34.134480,36.584562,33.226595,35.158278,114.266955,119.143190,159.134299,116.247799,170.205028,63.065100,50.144100,246.260795,119.870000,2.583000,267.600000,118.200000,2.031000,195.500000,76780.452257,19.149728,28.281487,125.991459,35.813610,4881.750996,3374.484797
06/22/2026 21:16:51,0.000000,0.000000,74.505873,74.182063,65.388620,75.044055,77.638172,72.066554,69.387885,74.296681,36.343709,32.244287,32.811837,32.579379,38.348375,37.958380,35.877407,36.189609,35.885860,37.553493,36.922953,36.290704,34.494880,35.508962,34.180529,97.432626,31.023663,45.110010,26.522763,26.444120,26.329309,31.551694,31.845722,29.918282,36.310324,36.189461,30.461191,30.379383,35.570016,38.531067,34.986146,39.094076,36.733807,38.931994,33.527128,38.159579,34.971479,38.098185,33.788772,37.843187,33.453826,35.646848,32.513636,35.168337,34.119643,36.590570,33.200141,35.172231,114.079150,119.145690,159.455552,115.811565,170.546126,63.293553,49.032611,245.183869,119.860000,2.565000,265.600000,118.200000,2.019000,194.300000,76840.451807,17.833293,27.276717,125.644630,35.805033,4886.174907,3377.717329
06/22/2026 21:17:51,0.000000,0.000000,74.507311,74.158979,65.460565,75.006770,77.639320,71.989716,69.433958,74.293450,36.283242,32.168378,32.771110,32.514857,38.281226,37.995902,35.839022,36.165408,35.849719,37.594336,37.145161,35.880190,34.539663,35.500956,34.049284,99.888507,32.920346,47.226762,26.753482,26.643133,26.562201,32.360818,32.664170,32.532524,36.391756,36.196970,30.226705,30.043158,35.571243,38.531406,35.007268,39.088622,36.738718,38.940422,33.532948,38.160240,34.974360,38.089570,33.787942,37.836176,33.484081,35.645564,32.523912,35.175208,34.107878,36.604508,33.209532,35.185146,115.894635,120.923977,160.123764,117.698110,171.365517,63.382864,49.768878,250.499716,119.870000,2.586000,268.100000,118.220000,2.039000,197.000000,76900.461726,19.283017,27.943745,127.346474,35.809737,4890.625783,3380.977675
06/22/2026 21:18:51,0.000000,0.000000,74.518398,74.140896,65.378211,75.001447,77.627276,72.007689,69.434044,74.288462,36.298434,32.256622,32.873071,32.573360,38.436447,38.107452,35.913817,36.195899,35.882194,37.619227,36.551614,35.964134,34.527032,35.431617,33.979523,101.691211,33.140664,47.932073,27.209371,27.131662,27.059856,32.302987,32.543650,30.420785,36.446076,36.213671,30.537268,30.214271,35.582246,38.522944,35.016468,39.089393,36.762589,38.931575,33.540922,38.149826,34.991398,38.082248,33.800930,37.807564,33.483615,35.644656,32.553690,35.181601,34.129817,36.583896,33.230973,35.169295,116.945254,121.997758,160.648110,118.607150,171.959879,63.546131,49.941923,253.962583,119.980000,2.596000,270.300000,118.390000,2.054000,198.500000,76960.460935,19.832386,28.099687,128.441625,35.812782,4895.113336,3384.273326
