Timestamp,Defrost case 1,Always off,Ambient Dry Bulb Ta,Ambient Dry Bulb Tb,Ambient Wet Bulb,Ceiling Temp,Front Wall Temp,Right Wall Temp,Left Wall Temp,Rear Wall Temp,Discharge Air 2 in LE,Discharge Air 12 in LE,Discharge Air 24 in LE,Discharge Air Center,Discharge Air 24 in RE,Discharge Air 12in RE,Discharge Air 2 in RE,Secondary Air 2 in LE,Secondary Air 12 in LE,Secondary Air 24 in LE,Secondary Air Center,Secondary Air 24 in RE,Secondary Air 12in RE,Secondary Air 2 in RE,Return Air 2 in LE,Return Air 12 in LE,Return Air 24 in LE,Return Air Center,Return Air 24 in RE,Return Air 12in RE,Return Air 2 in RE,Left TXV Inlet,Into Left Distrubutor ,Left TXV Bulb,Coil Inlet 1,Coil Inlet 2,Coil Inlet 3,Coil Outlet 1,Coil Outlet 2,Coil Outlet 3,Right TXV Inlet ,Into Right Distributor ,Right TXV Bulb ,Right Coil Inlet 1,Right Coil Inlet 2,Right Coil Inlet 3,Right Coil Inlet 4,Right Coil Inlet 5,Right Coil Inlet 6,Air in left evap 6 in LE,Air in left evap 6 in RE,Air off left evap 6 in LE,Air off left evap 6 in RE,Air in right evap 6 in LE,Air in right evap 6 in RE,Air off right evap 6 in LE,Air off right evap 6 in RE,PS Top shelf LE Rear,PS Top shelf LE Front,PS Top shelf CTR Rear,PS Top shelf CTR Front,PS Top shelf RE Rear ,PS Top shelf RE Front,PS Second shelf LE Rear ,PS Second shelf LE Front,PS Second shelf CTR Rear,PS Second shelf CTR Front,PS Second shelf RE Rear ,PS Second shelf RE Front,PS Third shelf LE Rear ,PS Third shelf LE Front,PS Third shelf CTR Rear,PS Third shelf CTR Front,PS Third shelf RE Rear ,PS Third shelf RE Front,PS Fourth shelf LE Rear ,PS Fourth shelf LE Front,PS Fourth shelf CTR Rear,PS Fourth shelf CTR Front,PS Fourth shelf RE Rear ,PS Fourth shelf RE Front,PS BC LE Rear ,PS BC LE Front,PS BC CTR Rear,PS BC CTR Front,PS BC RE Rear ,PS BC RE Front,Water in HeatX,Water out  HeatX,Ref Temp in HeatX,Ref Temp out HeatX,Discharge line from Comp,Suction line into Comp,Suction Pressure,Discharge Pressure,Case Volts,Case Amps,Case Watts,Compressor Volts,Compressor Amps,Compressor Watts,Run Time,Left S.H.,Right S.H.,Evap,Liqcond,AVG Prod Temp,Total Case Watts,Total Compressor Watts
06/22/2026 13:11:12,0.000000,0.000000,74.019713,74.849018,64.818090,79.375169,77.365296,78.355885,75.281356,75.025849,35.440034,34.980780,34.955948,36.359564,33.745820,34.010909,36.563492,37.317237,37.211190,39.954262,36.411755,38.676633,38.632494,37.954206,39.652267,38.782887,37.798618,38.106098,39.484773,38.350760,39.952494,73.916291,35.527328,36.405553,25.766574,25.274242,26.263182,34.332207,34.617509,34.355727,69.635293,33.511040,37.182910,25.850181,25.810393,25.976628,36.842278,37.037350,37.340838,38.361038,38.642184,30.353405,30.418930,38.790861,38.945750,33.506327,32.683748,41.563443,48.579497,38.038214,42.178510,39.337626,42.747323,41.573038,45.672537,37.382315,41.799777,38.687919,43.220872,36.533199,41.988255,36.397321,41.446941,38.055479,43.159000,39.604592,42.690521,38.892730,40.621067,38.903320,42.253370,39.146796,42.007292,38.528141,40.895756,39.901708,42.361962,77.902376,81.081473,121.363279,82.397061,125.127375,52.042166,45.273112,132.140967,117.760002,2.843000,273.899994,117.050003,2.110000,172.899994,2865360.250853,12.627887,13.405244,23.777666,81.250771,40.805617,148621735339602888000000000000000000.000000,274976772116136397000000000000000000.000000
06/22/2026 13:12:12,0.000000,0.000000,74.219188,74.851870,64.789766,79.352756,77.384112,78.333867,75.314554,75.008370,35.356481,34.877666,34.885205,36.343639,33.752492,33.998045,36.583285,37.157491,37.208746,39.947861,36.360619,38.771094,38.561435,38.025782,39.793646,38.844991,37.861541,38.124388,39.702307,38.227294,39.873808,76.760658,36.106921,36.464623,25.988293,25.508122,26.464261,34.465080,34.727713,34.491259,71.771056,33.776068,37.218008,26.027814,25.976856,26.199125,36.857229,37.029298,37.376121,38.399809,38.731507,30.156092,30.643737,38.803569,38.935952,33.416938,32.648530,41.552803,48.560193,38.046486,42.179708,39.339710,42.770217,41.570018,45.669094,37.371321,41.807378,38.673480,43.228020,36.531372,42.053693,36.379116,41.461357,38.025782,43.137188,39.582243,42.718324,38.876221,40.627050,38.863865,42.270275,39.115684,41.981493,38.523420,40.898533,39.868032,42.357827,83.119395,84.977603,121.572335,86.371684,126.030992,52.008703,45.637200,144.818992,117.879997,2.925000,284.399994,117.150002,2.184000,183.199997,2865420.248474,12.341009,13.094394,24.123614,87.278693,40.801330,148621735339602888000000000000000000.000000,274976772116136397000000000000000000.000000
06/22/2026 13:13:12,0.000000,0.000000,74.214212,74.857882,64.725303,79.383453,77.377390,78.344404,75.331408,75.041281,35.434268,34.957716,34.964368,36.389884,33.746485,33.965400,36.538402,37.243975,37.209416,39.879338,36.396258,38.749677,38.492333,37.930128,39.868389,38.760515,37.889363,38.386693,39.575327,38.316043,39.959481,74.058326,35.628732,36.373619,25.787609,25.256374,26.301191,34.344756,34.646023,34.360288,69.661582,33.487427,37.189486,25.824642,25.853254,25.950113,36.842138,37.029691,37.351197,38.340476,38.665081,30.420656,30.501779,38.792929,38.960612,33.456430,32.689276,41.518331,48.553740,38.037298,42.172765,39.303194,42.729735,41.546188,45.656762,37.369030,41.790260,38.662475,43.201715,36.493397,41.992680,36.359282,41.456054,38.005437,43.137065,39.583882,42.670329,38.863842,40.616900,38.851045,42.261740,39.119026,41.947961,38.514025,40.886964,39.866687,42.332320,78.416030,81.339394,121.250226,82.654547,125.056670,52.026078,45.091263,134.148615,117.970001,2.852000,275.200012,117.269997,2.119000,174.300003,2865480.245550,12.769333,13.585200,23.604286,82.230140,40.783338,148621735339602888000000000000000000.000000,274976772116136397000000000000000000.000000
06/22/2026 13:14:12,0.000000,0.000000,74.305434,74.848913,64.645673,79.387761,77.350116,78.355449,75.321357,75.054879,35.387276,34.889410,34.909366,36.344258,33.686939,34.006657,36.559321,37.322797,37.151030,39.998309,36.352864,38.656516,38.422101,38.036560,39.783001,39.096420,37.693711,38.161129,39.508846,38.256082,39.841699,77.023293,36.189341,36.413343,25.944221,25.441674,26.416184,34.368279,34.667763,34.368279,72.067987,33.782469,37.190063,25.971852,25.924022,26.109019,36.822011,37.018414,37.333032,38.356775,38.624165,30.302222,30.499241,38.794916,38.926859,33.397564,32.436608,41.501580,48.533031,38.010575,42.147937,39.309591,42.735158,41.530069,45.619720,37.324089,41.775984,38.650792,43.189659,36.486496,41.858340,36.348396,41.445066,38.006771,43.128900,39.569951,42.696418,38.865943,40.618996,38.854911,42.252136,39.107178,41.941103,38.516851,40.873935,39.867903,42.325185,83.211739,85.269706,121.750183,86.694400,126.133639,51.969760,45.681688,144.705810,117.910004,2.930000,284.600006,117.199997,2.187000,183.399994,2865540.243586,12.247565,13.024285,24.165778,87.226462,40.769755,148621735339602888000000000000000000.000000,274976772116136397000000000000000000.000000
06/22/2026 13:15:12,0.000000,0.000000,73.920690,74.869236,64.807340,79.384506,77.356963,78.355136,75.341758,75.031360,35.375111,34.946861,34.908724,36.351590,33.692519,33.913670,36.484166,37.329511,37.165426,39.933774,36.377012,38.694283,38.603355,38.091141,39.651280,38.750123,37.708590,38.130066,39.590708,38.200291,39.893818,73.965290,35.469214,36.316958,25.784091,25.236305,26.293206,34.207792,34.573443,34.289900,69.644066,33.430912,37.170084,25.825592,25.830063,25.934104,36.829392,36.984217,37.333297,38.314208,38.646156,30.261130,30.713543,38.749761,38.941281,33.371209,32.653038,41.464896,48.535061,38.002914,42.143391,39.268422,42.735784,41.483634,45.611591,37.307034,41.783940,38.657455,43.164682,36.466293,41.882236,36.335715,41.448851,37.981858,43.124287,39.572812,42.661936,38.847502,40.598393,38.845737,42.253957,39.119153,41.927251,38.536933,40.850821,39.863148,42.322201,78.742852,81.247266,121.377447,82.546220,125.094714,52.143848,45.184913,134.766503,118.059998,2.857000,275.799988,117.379997,2.120000,174.699997,2865600.240660,12.623334,13.476460,23.693624,82.529606,40.759930,148621735339602888000000000000000000.000000,274976772116136397000000000000000000.000000
06/22/2026 13:16:12,0.000000,0.000000,74.015534,74.885400,64.877992,79.384006,77.389318,78.357580,75.302207,75.045439,35.303812,34.898141,34.806781,36.346045,33.681182,33.930308,36.500648,37.172205,37.211474,39.927663,36.335904,38.786292,38.577078,37.990193,39.831232,38.919687,37.698719,38.220458,39.546912,38.236798,39.897223,76.936894,36.057382,36.392089,25.908807,25.441127,26.427703,34.381944,34.642386,34.425431,72.049005,33.778124,37.177523,25.994042,25.945318,26.151507,36.815845,36.989250,37.319435,38.365274,38.653580,30.172340,30.719702,38.787883,38.890704,33.334942,32.493656,41.473978,48.506483,37.999141,42.130408,39.265979,42.700766,41.483309,45.583262,37.308919,41.748631,38.618036,43.161038,36.434724,41.898359,36.297943,41.432051,37.965428,43.107540,39.531300,42.643423,38.828636,40.596742,38.790242,42.244055,39.080538,41.901248,38.493602,40.808055,39.833288,42.275295,82.328701,85.150998,121.683496,86.569793,126.062228,52.003188,45.588330,142.400714,117.690002,2.930000,284.399994,116.970001,2.185000,181.899994,2865660.238263,12.314818,13.100252,24.077271,86.156737,40.738081,148621735339602888000000000000000000.000000,274976772116136397000000000000000000.000000
06/22/2026 13:17:12,0.000000,0.000000,73.834652,74.847935,64.833667,79.371494,77.365403,78.321070,75.298153,75.015196,35.310384,34.871899,34.831541,36.322833,33.680100,33.931891,36.470685,37.248395,37.139760,39.868973,36.329187,38.696947,38.386162,37.887506,39.707504,38.826269,37.838673,38.215919,39.478006,38.241533,39.821339,74.163002,35.623660,36.464601,25.810165,25.321428,26.248212,34.385646,34.717948,34.575106,69.635567,33.492224,37.159083,25.828776,25.784070,25.990800,36.793041,36.990336,37.290561,38.324074,38.627229,30.190306,30.527741,38.781464,38.897524,33.324924,32.601601,41.450531,48.489746,37.995880,42.099036,39.266251,42.679499,41.481804,45.543689,37.318459,41.738345,38.613007,43.129700,36.422796,41.784952,36.297081,41.423135,37.941011,43.104601,39.535403,42.637847,38.839382,40.620674,38.805843,42.251985,39.092910,41.880280,38.494620,40.819194,39.840935,42.277207,80.010986,81.893011,121.233305,83.334155,125.166078,52.003924,45.588135,138.125860,117.769997,2.882000,278.899994,117.050003,2.148000,177.699997,2865720.235627,12.387515,13.081997,24.077086,84.142046,40.729193,148621735339602888000000000000000000.000000,274976772116136397000000000000000000.000000
06/22/2026 13:18:12,0.000000,0.000000,73.967512,74.838272,64.864076,79.370487,77.365657,78.335209,75.311826,75.030563,35.286581,34.833891,34.802401,36.291931,33.690846,33.926649,36.493760,37.059627,37.122645,39.895547,36.291249,38.684675,38.429518,37.931772,39.711090,38.550469,37.749068,38.357324,39.554820,38.166548,39.878253,76.224338,35.974108,36.390743,25.989104,25.482998,26.431559,34.353817,34.636006,34.387543,71.846217,33.694027,37.136873,25.964575,25.941777,26.171873,36.777606,36.961193,37.288683,38.317781,38.593583,30.213387,30.605195,38.765626,38.871539,33.363188,32.522321,41.432387,48.462595,37.981186,42.059364,39.224234,42.642713,41.460798,45.516224,37.293365,41.722179,38.607814,43.120146,36.388258,41.768670,36.285115,41.411010,37.921323,43.087394,39.537960,42.620191,38.823401,40.597683,38.776621,42.227372,39.093346,41.847659,38.498063,40.782128,39.821447,42.251187,80.465987,84.209166,121.921957,85.457041,126.406329,52.032155,45.445810,137.331318,117.779999,2.888000,279.100006,117.070000,2.148000,177.699997,2865780.232789,12.448787,13.194917,23.941956,83.763044,40.708728,148621735339602888000000000000000000.000000,274976772116136397000000000000000000.000000
06/22/2026 13:19:12,0.000000,0.000000,73.981771,74.856741,64.866091,79.377405,77.385229,78.343398,75.316765,75.048175,35.304474,34.837602,34.866429,36.325663,33.645186,33.920521,36.457714,37.260198,37.266522,39.842822,36.332138,38.631353,38.503776,37.931859,39.693263,39.147778,37.824825,38.142453,39.466832,38.162329,39.886391,74.762178,35.724495,36.348454,25.747951,25.230117,26.228477,34.267761,34.588578,34.430626,69.851835,33.548123,37.136606,25.783700,25.788171,25.933817,36.780885,36.961817,37.291099,38.316662,38.615387,30.096765,30.514892,38.753008,38.884517,33.345597,32.480272,41.416756,48.481789,37.969265,42.070359,39.204833,42.651771,41.443918,45.524375,37.281703,41.705550,38.609660,43.117154,36.383059,41.809673,36.292754,41.413112,37.936687,43.084435,39.522643,42.600979,38.828467,40.613306,38.777716,42.220163,39.085228,41.847774,38.514072,40.782683,39.815929,42.236457,80.552225,82.284113,121.059892,83.839812,125.097048,51.877188,45.576940,139.264321,117.709999,2.891000,279.799988,117.010002,2.152000,178.800003,2865840.230927,12.281989,13.070141,24.066465,84.682588,40.708076,148621735339602888000000000000000000.000000,274976772116136397000000000000000000.000000
06/22/2026 13:20:12,0.000000,0.000000,74.109592,74.886849,64.771722,79.371028,77.401162,78.329019,75.296639,75.049583,35.282912,34.765022,34.753934,36.287230,33.630165,33.901953,36.459041,37.221286,37.013283,39.883527,36.301308,38.725007,38.519750,38.019852,39.620964,38.767438,37.699617,38.048658,39.546926,38.125515,39.799419,76.320980,35.896661,36.364686,26.069856,25.588823,26.509156,34.308209,34.608603,34.431131,71.993342,33.651408,37.155172,26.109566,26.043862,26.294527,36.786208,36.966255,37.281634,38.309859,38.589777,30.053512,30.565250,38.778620,38.855849,33.287402,32.287908,41.397663,48.456393,37.965626,42.064980,39.218402,42.630102,41.448169,45.500594,37.274922,41.679827,38.578541,43.081818,36.336080,41.846987,36.250197,41.373524,37.906206,43.044239,39.515339,42.575693,38.815232,40.575441,38.747709,42.207002,39.076427,41.802679,38.501019,40.731806,39.792573,42.226793,79.984226,84.202751,122.064855,85.411965,126.420280,51.977874,45.530115,136.116107,118.000000,2.874000,278.000000,117.300003,2.138000,177.000000,2865900.228271,12.342658,13.133144,24.022028,83.180559,40.687399,148621735339602888000000000000000000.000000,274976772116136397000000000000000000.000000
06/22/2026 13:21:12,0.000000,0.000000,74.046028,74.856719,64.706595,79.359779,77.341866,78.319019,75.304980,75.033429,35.239407,34.867408,34.814632,36.270652,33.637518,33.874225,36.474642,37.141799,37.041524,39.882580,36.323820,38.771592,38.393725,37.939253,39.821641,38.662945,37.648741,38.097635,39.557013,38.201869,39.814310,74.837575,35.792474,36.337146,25.732882,25.192230,26.171850,34.228674,34.559711,34.363590,69.971710,33.613018,37.129395,25.770151,25.750032,25.873142,36.749591,36.961936,37.262672,38.300194,38.559632,30.117135,30.549522,38.761071,38.855512,33.339940,32.523732,41.380116,48.432622,37.959657,42.027394,39.215530,42.602581,41.416209,45.470982,37.261809,41.670926,38.578876,43.068543,36.341298,41.673215,36.235936,41.368870,37.863536,43.039972,39.503558,42.565714,38.797751,40.569448,38.736847,42.208339,39.057034,41.777741,38.476420,40.729288,39.779521,42.222131,80.680383,82.537924,121.135327,84.073182,125.046441,52.082688,45.463528,139.536347,117.980003,2.892000,280.399994,117.269997,2.153000,178.800003,2865960.225930,12.378355,13.170604,23.958791,84.811312,40.667729,148621735339602888000000000000000000.000000,274976772116136397000000000000000000.000000
06/22/2026 13:22:12,0.000000,0.000000,73.896675,74.872708,64.726198,79.373114,77.331221,78.328162,75.286403,75.061308,35.264691,34.818198,34.804005,36.274690,33.599372,33.888488,36.446585,37.171254,37.032696,39.818249,36.255219,38.666161,38.385389,37.875687,39.858051,38.763844,37.783462,38.185466,39.537992,38.216823,39.776259,76.217416,35.869845,36.349837,25.861881,25.325311,26.333427,34.315417,34.590521,34.332725,71.828035,33.616350,37.129166,25.910294,25.878107,26.052276,36.742396,36.910066,37.253961,38.282221,38.537772,30.080794,30.399080,38.715056,38.835538,33.305165,32.517193,41.363091,48.404748,37.943791,42.002817,39.165723,42.599436,41.392824,45.450778,37.226806,41.668064,38.534065,43.081050,36.299280,41.786697,36.208080,41.374145,37.837463,43.040359,39.471758,42.561708,38.767479,40.590763,38.698628,42.206846,39.038329,41.777689,38.470628,40.717789,39.769562,42.202094,80.081562,84.093105,121.910854,85.275082,126.242414,52.109435,45.357125,136.785971,117.910004,2.876000,278.200012,117.209999,2.138000,177.199997,2866020.223274,12.492204,13.271533,23.857633,83.502068,40.655083,148621735339602888000000000000000000.000000,274976772116136397000000000000000000.000000
06/22/2026 13:23:11,0.000000,0.000000,74.049546,74.858121,64.733241,79.368141,77.326236,78.351373,75.268020,75.050524,35.276228,34.777406,34.767205,36.260234,33.573318,33.865552,36.408436,37.149061,37.156982,39.812532,36.216272,38.722810,38.454420,37.956690,39.538813,38.911154,37.714839,38.190637,39.331491,38.213603,39.774236,75.447879,35.685303,36.380562,25.757861,25.243609,26.212909,34.304913,34.600428,34.487737,70.573700,33.500737,37.104626,25.801889,25.777747,25.951112,36.722788,36.939121,37.264701,38.283232,38.557862,30.087262,30.467951,38.702557,38.845107,33.209037,32.433252,41.335064,48.403241,37.943147,42.022835,39.176990,42.571315,41.383137,45.437200,37.234314,41.656312,38.527565,43.041223,36.269705,41.723025,36.205952,41.362418,37.819057,43.022314,39.475239,42.562540,38.745214,40.571190,38.686513,42.213127,39.033164,41.759175,38.464842,40.712459,39.757463,42.200579,81.066318,83.065707,121.262406,84.552202,125.356854,52.044221,45.513760,140.289114,117.790001,2.903000,281.299988,117.089996,2.160000,179.800003,2866080.220726,12.374061,13.098125,24.006501,85.166659,40.643877,148621735339602888000000000000000000.000000,274976772116136397000000000000000000.000000
06/22/2026 13:24:11,0.000000,0.000000,73.842900,74.885323,64.731270,79.368181,77.367980,78.343419,75.308281,75.038420,35.318537,34.794017,34.808653,36.259668,33.561645,33.856103,36.421687,37.187063,37.136839,39.810087,36.297932,38.732396,38.419417,37.977329,39.723505,38.994519,37.671518,38.178258,39.315602,38.171633,39.753063,74.603930,35.534643,36.122885,25.728006,25.193167,26.196026,34.129710,34.363609,33.969004,70.505726,33.335426,37.088720,25.788940,25.678061,25.867720,36.715466,36.931801,37.233501,38.285192,38.514615,30.160390,30.690374,38.673626,38.802500,33.323443,32.512625,41.333497,48.381619,37.948193,41.981263,39.154239,42.546280,41.384460,45.405251,37.226358,41.639013,38.484150,43.017807,36.247789,41.714889,36.168980,41.346638,37.791276,43.005540,39.441194,42.538728,38.746862,40.544212,38.644022,42.189581,39.002906,41.712914,38.443999,40.667019,39.715911,42.154757,79.018675,82.390240,121.994482,83.410613,126.097922,52.057233,45.201852,134.442662,117.690002,2.866000,276.299988,116.980003,2.122000,174.699997,2866140.218515,12.413113,13.378948,23.709772,82.372767,40.619312,148621735339602888000000000000000000.000000,274976772116136397000000000000000000.000000
06/22/2026 13:25:11,0.000000,0.000000,73.925138,74.864384,64.839198,79.341711,77.391996,78.317338,75.277888,75.023225,35.293927,34.821727,34.825718,36.252652,33.530173,33.811321,36.414099,37.182135,37.042849,39.795311,36.250773,38.713486,38.443768,37.872692,39.646737,38.852374,37.796495,38.261204,39.431062,38.180826,39.797119,75.695205,35.563865,36.253031,25.742625,25.275330,26.185164,34.195968,34.518144,34.323789,70.858077,33.441582,37.048496,25.790303,25.720558,25.953847,36.715760,36.892283,37.213011,38.242649,38.518610,29.988327,30.378395,38.705698,38.811619,33.266416,32.346548,41.291115,48.353912,37.914824,41.976194,39.101068,42.538808,41.333426,45.392114,37.195843,41.608804,38.509451,43.011357,36.253691,41.678976,36.167799,41.349029,37.779538,43.000582,39.461349,42.553535,38.749669,40.555379,38.661837,42.203554,39.002817,41.710587,38.453142,40.675696,39.737228,42.132941,81.405603,83.507150,121.419665,84.996038,125.399476,52.101860,45.477157,140.860206,117.800003,2.906000,281.600006,117.080002,2.165000,180.399994,2866200.215600,12.281292,13.076757,23.971739,85.435401,40.611809,148621735339602888000000000000000000.000000,274976772116136397000000000000000000.000000
06/22/2026 13:26:11,0.000000,0.000000,74.324245,74.901932,64.872491,79.353470,77.386090,78.333740,75.306725,75.037287,35.207656,34.772663,34.781534,36.195351,33.569076,33.822678,36.380540,37.171161,36.921822,39.813990,36.202683,38.609130,38.491262,37.876039,39.682967,38.465795,37.732876,38.102663,39.279368,38.201156,39.692970,74.388662,35.561971,36.304264,25.561811,25.000057,26.068333,34.237539,34.533966,34.349378,70.106271,33.405870,37.059860,25.611326,25.586286,25.694457,36.706373,36.901478,37.213197,38.243276,38.514061,30.122829,30.486128,38.649107,38.796961,33.288983,32.446384,41.256543,48.349259,37.872999,41.969746,39.105626,42.531458,41.313306,45.376911,37.193750,41.584154,38.480733,42.987189,36.217842,41.666676,36.146558,41.316905,37.771575,42.974154,39.444065,42.516989,38.741305,40.568611,38.630519,42.182008,39.004570,41.676642,38.433187,40.642147,39.713446,42.114943,78.438889,81.785217,121.866568,82.851676,125.999053,52.039505,44.891404,133.390829,117.910004,2.849000,274.399994,117.190002,2.116000,173.399994,2866260.213619,12.890986,13.646582,23.413278,81.861624,40.592794,148621735339602888000000000000000000.000000,274976772116136397000000000000000000.000000
06/22/2026 13:27:11,0.000000,0.000000,74.298183,74.858144,64.822623,79.372886,77.359216,78.330037,75.297400,75.032605,35.260569,34.824718,34.759519,36.212995,33.556572,33.833269,36.392431,37.146779,37.023275,39.777126,36.246232,38.603325,38.334454,37.911759,39.668359,38.692192,37.702366,38.263848,39.349914,38.144162,39.752413,76.272206,35.750200,36.329430,25.809659,25.331208,26.231170,34.316738,34.582968,34.358453,71.391589,33.495022,37.034468,25.804289,25.746169,26.010342,36.691153,36.884934,37.208158,38.273131,38.505933,29.984887,30.379859,38.681152,38.806936,33.249701,32.265585,41.256369,48.339272,37.892042,41.946053,39.096848,42.502636,41.302039,45.338560,37.181983,41.600485,38.479467,42.989882,36.205454,41.554102,36.133726,41.352568,37.756580,42.973586,39.416154,42.506317,38.734063,40.543331,38.611799,42.181527,38.990409,41.665079,38.433940,40.626166,39.709298,42.116521,82.288371,84.325199,121.587985,85.675027,126.037557,52.069686,45.421765,142.996904,117.809998,2.913000,282.700012,117.110001,2.174000,181.800003,2866320.210347,12.410327,13.115365,23.919103,86.434509,40.581209,148621735339602888000000000000000000.000000,274976772116136397000000000000000000.000000
06/22/2026 13:28:11,0.000000,0.000000,74.434638,74.908334,64.895642,79.372611,77.390954,78.331866,75.296746,75.058983,35.307527,34.802071,34.798523,36.212236,33.519828,33.780551,36.359932,37.236802,37.024575,39.809275,36.250190,38.610514,38.374762,37.844729,39.859035,38.513230,37.701676,38.106814,39.488134,38.144357,39.769319,73.977779,35.554972,36.195003,25.526248,24.981030,25.999259,34.137303,34.416462,34.161717,69.516589,33.294564,37.019942,25.590644,25.563368,25.660393,36.675760,36.892548,37.205597,38.236127,38.488784,30.100871,30.523901,38.682128,38.760690,33.188912,32.481887,41.251621,48.329613,37.908324,41.940274,39.080902,42.519476,41.297346,45.336955,37.171517,41.567137,38.483958,42.957030,36.184690,41.561624,36.136871,41.314710,37.748160,42.949386,39.447851,42.481224,38.739559,40.534723,38.619503,42.181070,39.003628,41.623688,38.423732,40.608500,39.697155,42.103535,79.125225,81.269969,121.460894,82.624741,125.205541,52.103274,45.068970,135.657711,118.080002,2.863000,276.299988,117.379997,2.125000,175.199997,2866380.208162,12.611999,13.436938,23.583004,82.959943,40.573459,148621735339602888000000000000000000.000000,274976772116136397000000000000000000.000000
06/22/2026 13:29:11,0.000000,0.000000,74.149524,74.888724,64.774475,79.374212,77.411513,78.345671,75.286944,75.047067,35.252147,34.792341,34.746213,36.211336,33.484274,33.788087,36.387366,37.180191,36.994084,39.788587,36.186905,38.745563,38.376514,37.930869,39.689324,38.724657,37.447425,38.331940,39.408213,38.183999,39.737784,76.974091,36.025171,36.173510,25.785913,25.268989,26.239610,34.113902,34.387744,34.065959,71.969039,33.583745,37.047303,25.833804,25.786862,25.949876,36.688821,36.858272,37.210157,38.219042,38.436626,29.872096,30.374073,38.660288,38.801080,33.180254,32.211978,41.208200,48.330562,37.855383,41.912216,39.044362,42.485814,41.277712,45.311290,37.166817,41.563996,38.452991,42.966188,36.174812,41.615141,36.122122,41.312765,37.706877,42.958097,39.426174,42.473247,38.727620,40.547911,38.599617,42.169834,39.002936,41.613944,38.428077,40.615036,39.696251,42.092085,82.394496,85.134344,121.891131,86.542321,126.401691,51.969791,45.684901,142.315059,117.919998,2.921000,283.600006,117.209999,2.179000,182.199997,2866440.205440,12.004687,12.878480,24.168823,86.116766,40.561936,148621735339602888000000000000000000.000000,274976772116136397000000000000000000.000000
06/22/2026 13:30:11,0.000000,0.000000,74.019938,74.850932,64.681925,79.343136,77.419118,78.303196,75.297126,75.045002,35.224479,34.763770,34.718527,36.162295,33.499927,33.725128,36.322670,37.079737,37.005400,39.801626,36.247819,38.600009,38.373968,37.828470,39.727608,38.878609,37.659578,37.967111,39.424962,38.181784,39.715806,74.157327,35.612396,36.153648,25.675256,25.152471,26.102176,34.108268,34.393650,34.209029,69.491745,33.319254,37.059042,25.682932,25.644480,25.841781,36.663686,36.874284,37.193411,38.184650,38.476600,29.938323,30.409528,38.686857,38.794105,33.163008,32.433152,41.217936,48.295117,37.868521,41.887920,39.053951,42.457829,41.280043,45.274208,37.155451,41.529715,38.446393,42.911331,36.144270,41.423826,36.099991,41.264957,37.700837,42.914084,39.423420,42.440630,38.727217,40.505674,38.605835,42.119978,39.003183,41.583052,38.430177,40.559005,39.702901,42.047292,80.061312,81.826225,121.132897,83.318448,125.213776,51.853876,45.247217,138.247300,117.900002,2.884000,279.000000,117.199997,2.144000,177.600006,2866500.203213,12.400647,13.306041,23.753001,84.199846,40.535825,148621735339602888000000000000000000.000000,274976772116136397000000000000000000.000000
06/22/2026 13:31:11,0.000000,0.000000,73.915738,74.907380,64.715967,79.372850,77.388246,78.351881,75.270271,75.049396,35.205823,34.730023,34.706070,36.181317,33.479919,33.773519,36.282073,37.103307,37.007131,39.790129,36.172958,38.769041,38.345251,37.868219,39.534642,38.577735,37.743305,37.866585,39.203768,38.136938,39.700984,76.491218,35.870833,36.146288,25.826347,25.347903,26.272433,34.065882,34.364592,34.127143,71.879642,33.535382,37.029962,25.905685,25.815381,26.038275,36.663494,36.857724,37.162373,38.243747,38.488631,30.093138,30.343223,38.642968,38.747132,33.209924,32.336532,41.185294,48.278353,37.848004,41.869265,39.047141,42.438687,41.256033,45.251631,37.141932,41.532078,38.444791,42.904907,36.131338,41.543373,36.098571,41.283243,37.678106,42.915318,39.414076,42.435714,38.697594,40.518834,38.568262,42.130180,38.987835,41.566256,38.402719,40.554518,39.679486,42.042845,80.686283,84.452701,121.953549,85.743866,126.433627,51.846937,45.440456,137.846062,117.870003,2.890000,279.700012,117.169998,2.148000,178.399994,2866560.200920,12.209420,13.093094,23.936868,84.008746,40.528213,148621735339602888000000000000000000.000000,274976772116136397000000000000000000.000000
06/22/2026 13:32:11,0.000000,0.000000,74.311922,74.914964,64.809155,79.373322,77.380293,78.347304,75.270245,75.050637,35.185526,34.713705,34.732335,36.154697,33.481197,33.789008,36.313843,37.065612,36.912125,39.743941,36.150029,38.632162,38.396858,37.817353,39.623158,38.485367,37.864509,37.948452,39.588002,38.085393,39.690976,75.056900,35.656115,36.190696,25.566756,25.017978,25.980303,34.128498,34.433840,34.313137,70.101460,33.295532,36.992804,25.564549,25.524305,25.729054,36.613176,36.822018,37.171029,38.185262,38.476706,29.860851,30.361048,38.613080,38.743287,33.108276,32.111638,41.168385,48.275144,37.837242,41.845367,39.017865,42.438073,41.222860,45.242263,37.113896,41.533738,38.415552,42.918859,36.105324,41.459035,36.048644,41.282936,37.647304,42.908250,39.386251,42.440504,38.697283,40.540102,38.548527,42.150971,38.956643,41.552579,38.406208,40.551393,39.634209,42.040337,80.747668,82.603433,121.150751,84.153388,125.402567,51.944575,45.213437,139.542014,117.930000,2.896000,280.399994,117.220001,2.156000,179.000000,2866620.198547,12.469882,13.271990,23.720814,84.813992,40.512858,148621735339602888000000000000000000.000000,274976772116136397000000000000000000.000000
06/22/2026 13:33:11,0.000000,0.000000,74.353412,74.909535,64.826746,79.363513,77.387311,78.318128,75.296341,75.018029,35.213055,34.740364,34.737259,36.141941,33.467954,33.721589,36.268313,37.021894,36.962597,39.736491,36.212945,38.617680,38.471558,37.784740,39.565029,38.720271,37.737646,38.097272,39.377185,38.116265,39.742142,75.362252,35.558670,36.076932,25.749869,25.210567,26.168272,34.033358,34.315660,33.968539,71.085548,33.227840,36.997414,25.756104,25.703348,25.883267,36.634835,36.837478,37.156054,38.167215,38.418172,29.844988,30.469106,38.621884,38.765331,33.169142,32.344856,41.125763,48.250904,37.801199,41.832365,38.964667,42.399633,41.205042,45.235916,37.110580,41.519549,38.401748,42.873080,36.053520,41.356986,36.041564,41.256421,37.613155,42.889604,39.363554,42.429755,38.673616,40.525296,38.510729,42.129631,38.944484,41.509711,38.396729,40.515958,39.648925,42.000505,79.822584,83.123873,122.046002,84.164758,126.431653,52.075790,45.070041,135.952406,117.900002,2.866000,277.000000,117.180000,2.132000,176.000000,2866680.196058,12.492905,13.413387,23.584027,83.101830,40.486020,148621735339602888000000000000000000.000000,274976772116136397000000000000000000.000000
06/22/2026 13:34:11,0.000000,0.000000,74.415653,74.948502,64.991858,79.377014,77.421482,78.341744,75.284972,75.047206,35.215975,34.758366,34.725986,36.163873,33.443757,33.748473,36.299288,37.110333,37.023895,39.723085,36.223388,38.646166,38.391438,37.821208,39.450374,38.732615,37.545297,38.107772,39.434412,38.016778,39.651961,75.089632,35.606269,36.147082,25.515968,24.922876,25.956799,34.097838,34.388548,34.203482,70.139692,33.271533,36.972853,25.546169,25.503688,25.642047,36.627957,36.805827,37.132308,38.147032,38.435158,29.948192,30.380614,38.615464,38.723163,33.142678,32.306285,41.118856,48.233844,37.812197,41.831437,38.961530,42.410247,41.189712,45.211468,37.089423,41.477239,38.390183,42.853675,36.054436,41.482383,36.014581,41.245731,37.613024,42.865428,39.346328,42.406883,38.659922,40.512515,38.493942,42.125270,38.940547,41.487692,38.380366,40.508445,39.640097,41.990824,80.745299,82.613699,121.041071,84.156998,125.136510,52.027350,45.056899,139.555453,117.889999,2.894000,280.000000,117.169998,2.154000,178.899994,2866740.192875,12.575604,13.401375,23.571478,84.820347,40.478274,148621735339602888000000000000000000.000000,274976772116136397000000000000000000.000000
06/22/2026 13:35:11,0.000000,0.000000,74.296628,74.973607,65.012132,79.380144,77.374073,78.333517,75.263599,75.058350,35.179257,34.766869,34.703440,36.121981,33.468364,33.741540,36.256563,37.129566,36.947008,39.739470,36.136240,38.618970,38.294907,37.821822,39.359748,38.799031,37.656040,38.128340,39.514473,37.996265,39.673616,76.017522,35.646642,36.114813,25.660482,25.099669,26.134784,34.070712,34.353001,34.072044,71.651030,33.285616,36.962846,25.712669,25.627717,25.825666,36.617645,36.794190,37.132442,38.147166,38.395587,29.941226,30.309015,38.618420,38.738917,33.139432,32.460344,41.085985,48.207624,37.788287,41.797535,38.933684,42.373563,41.169253,45.191549,37.065763,41.481704,38.397315,42.855498,36.045570,41.401877,36.035827,41.239975,37.613871,42.850454,39.367452,42.391022,38.687914,40.499928,38.511786,42.109179,38.961897,41.448941,38.398866,40.482858,39.644690,41.961556,80.121337,83.830493,122.176790,84.940976,126.703249,51.954294,45.212269,136.638785,117.750000,2.876000,278.100006,117.019997,2.138000,176.800003,2866800.190636,12.395112,13.243145,23.719701,83.431514,40.466714,148621735339602888000000000000000000.000000,274976772116136397000000000000000000.000000
06/22/2026 13:36:11,0.000000,0.000000,74.071868,74.923512,64.812247,79.351487,77.378627,78.322918,75.272086,75.047832,35.193185,34.720925,34.717820,36.139325,33.395133,33.690096,36.232018,37.131583,36.970194,39.731279,36.172733,38.565632,38.328100,37.799804,39.403653,38.687618,37.585484,38.045456,39.485969,38.092720,39.665684,74.557771,35.493334,36.056365,25.518404,24.969604,25.952082,34.015667,34.321496,34.124429,69.699658,33.302407,36.986721,25.543197,25.474332,25.674685,36.599191,36.817327,37.146491,38.160755,38.423835,29.865866,30.255067,38.611048,38.702858,33.205341,32.337459,41.106565,48.200845,37.812351,41.788943,38.959037,42.357849,41.172877,45.170635,37.072501,41.484023,38.357254,42.857374,36.011632,41.307015,36.003218,41.268458,37.585911,42.869273,39.349308,42.375583,38.659315,40.536129,38.472143,42.143327,38.937938,41.476590,38.373194,40.491604,39.602458,41.983186,80.459362,82.160198,121.104073,83.706338,125.230725,51.962632,45.197666,139.035528,117.889999,2.886000,279.100006,117.190002,2.149000,178.100006,2866860.188438,12.350583,13.280939,23.705782,84.574193,40.459551,148621735339602888000000000000000000.000000,274976772116136397000000000000000000.000000
06/22/2026 13:37:11,0.000000,0.000000,74.068890,74.928563,64.804106,79.367233,77.391882,78.335318,75.256689,75.053128,35.195676,34.671963,34.660873,36.111550,33.438794,33.706206,36.267967,37.116635,36.884653,39.684386,36.167251,38.660657,38.175863,37.881665,39.572620,38.579120,37.689650,38.126596,39.291358,38.142055,39.696102,76.262613,35.677658,36.126771,25.691932,25.194202,26.138959,34.114442,34.366984,34.158387,71.776464,33.436601,36.966331,25.757771,25.650914,25.883624,36.627223,36.827656,37.121254,38.166026,38.426441,29.814102,30.224264,38.633271,38.719782,33.133941,32.191936,41.066050,48.164295,37.798748,41.780244,38.942365,42.341386,41.151109,45.151602,37.079370,41.450433,38.356651,42.811106,35.996200,41.368671,35.978042,41.225772,37.568666,42.837133,39.327612,42.379012,38.663233,40.489395,38.441183,42.108166,38.922934,41.442635,38.373549,40.468177,39.603726,41.951922,80.343461,84.110016,121.972345,85.280067,126.398730,51.925316,45.110344,136.761197,117.860001,2.885000,279.200012,117.129997,2.146000,177.699997,2866920.185147,12.504274,13.343834,23.622497,83.490196,40.441313,148621735339602888000000000000000000.000000,274976772116136397000000000000000000.000000
06/22/2026 13:38:11,0.000000,0.000000,74.055331,74.934027,64.778426,79.387504,77.415148,78.319007,75.301973,75.052385,35.189178,34.692520,34.729780,36.125200,33.439162,33.702132,36.266368,37.061082,36.929925,39.762118,36.160761,38.655284,38.438530,37.829894,39.636718,38.427423,37.817428,37.975155,39.436520,38.015355,39.603224,74.463234,35.607797,36.124257,25.501978,24.983144,25.945496,34.090023,34.349672,34.168592,69.688080,33.254310,36.944396,25.535734,25.508010,25.678791,36.582456,36.783784,37.105489,38.130847,38.382910,29.766575,30.240941,38.589499,38.689697,33.062308,32.200102,41.032759,48.163764,37.765954,41.756405,38.905646,42.324927,41.127145,45.133886,37.059707,41.461745,38.362708,42.822838,35.988693,41.277627,35.973193,41.228537,37.563045,42.847704,39.298978,42.370696,38.637008,40.511232,38.442325,42.133995,38.911801,41.433430,38.393893,40.444868,39.595167,41.974597,80.317680,82.199474,121.215866,83.734920,125.237655,51.949326,45.027986,140.997514,118.019997,2.895000,280.399994,117.300003,2.156000,179.199997,2866980.183569,12.580394,13.400533,23.543863,85.499907,40.431476,148621735339602888000000000000000000.000000,274976772116136397000000000000000000.000000
06/22/2026 13:39:11,0.000000,0.000000,74.234018,74.940618,64.677775,79.369512,77.370577,78.308987,75.272693,75.022673,35.200411,34.729486,34.683798,36.087307,33.387812,33.653909,36.237435,37.066233,36.953076,39.712457,36.159583,38.632519,38.309344,37.767779,39.496799,38.658590,37.902488,37.883048,39.313268,38.086259,39.609099,75.941852,35.578255,36.009710,25.754942,25.185226,26.145186,34.030398,34.249680,33.332646,71.624723,33.334924,36.984748,25.728995,25.698593,25.885079,36.586624,36.753442,37.124499,38.093297,38.339297,29.719412,30.252187,38.565847,38.725192,33.033158,32.298873,41.008107,48.151287,37.743594,41.757020,38.880670,42.321283,41.108534,45.105734,37.036578,41.427879,38.339308,42.792103,35.966515,41.287712,35.978030,41.211733,37.535999,42.831931,39.329003,42.347445,38.650155,40.489559,38.431634,42.101537,38.914955,41.398274,38.362137,40.415394,39.596836,41.938457,80.064422,83.831167,122.083694,85.001458,126.434059,51.988100,45.149478,136.418898,117.830002,2.877000,278.100006,117.129997,2.141000,176.899994,2867040.180513,12.349877,13.324915,23.659833,83.326017,40.415313,148621735339602888000000000000000000.000000,274976772116136397000000000000000000.000000
06/22/2026 13:40:11,0.000000,0.000000,74.068620,74.959554,64.687536,79.381792,77.364353,78.325911,75.292297,75.060446,35.153357,34.710794,34.698817,36.114499,33.410654,33.670969,36.213023,37.104207,36.984418,39.736198,36.127640,38.667570,38.283471,37.847936,39.506879,38.432063,37.521718,38.120429,39.402510,38.127937,39.679914,74.892118,35.656073,36.046304,25.451855,24.850678,25.864992,33.974126,34.269319,33.983893,70.041178,33.312468,36.951545,25.449054,25.466048,25.547277,36.572665,36.750989,37.087324,38.101664,38.405942,29.767093,30.212483,38.554570,38.708621,33.055141,32.308635,41.010282,48.142488,37.745728,41.737159,38.876623,42.302324,41.082506,45.069763,37.005995,41.414948,38.324561,42.779194,35.940123,41.194616,35.954295,41.188683,37.498256,42.804251,39.299879,42.325020,38.603345,40.489538,38.409978,42.098879,38.905227,41.365706,38.334744,40.421104,39.549199,41.914258,80.812356,82.625821,121.340209,84.114505,125.347061,51.925019,44.920123,139.657463,117.910004,2.894000,279.899994,117.209999,2.155000,178.699997,2867100.177822,12.605549,13.510790,23.440755,84.868571,40.392956,148621735339602888000000000000000000.000000,274976772116136397000000000000000000.000000
06/22/2026 13:41:11,0.000000,0.000000,73.944924,74.947938,64.863473,79.370104,77.396023,78.323465,75.262359,75.051197,35.218167,34.703340,34.660311,36.108813,33.384511,33.650164,36.215546,36.905479,36.944253,39.716889,36.157393,38.547574,38.246004,37.862587,39.383277,38.625291,37.443619,37.999098,39.337825,38.091861,39.667752,75.863810,35.572958,36.000430,25.642970,25.145220,26.085544,34.018065,34.273300,33.886199,71.475608,33.266678,36.923636,25.717299,25.617146,25.820015,36.553194,36.750548,37.096041,38.111252,38.356005,29.787116,30.225814,38.578851,38.677285,33.075589,32.070888,40.992989,48.105400,37.776653,41.716925,38.873086,42.294795,41.100929,45.071455,37.027608,41.388131,38.289251,42.761205,35.925062,41.283930,35.918862,41.190669,37.493621,42.804337,39.297319,42.312804,38.620770,40.462883,38.407539,42.083546,38.893363,41.351715,38.339688,40.385075,39.549849,41.874901,80.502456,83.796494,122.167048,84.911197,126.500183,52.011470,44.941734,137.870512,117.910004,2.886000,278.799988,117.190002,2.145000,177.500000,2867160.175008,12.539006,13.462212,23.461424,84.020401,40.386479,148621735339602888000000000000000000.000000,274976772116136397000000000000000000.000000
06/22/2026 13:42:11,0.000000,0.000000,74.328724,74.923728,64.769285,79.348007,77.390724,78.306811,75.289836,75.019125,35.225391,34.675082,34.707464,36.092627,33.374933,33.604611,36.185122,37.099776,36.953674,39.671175,36.187633,38.685933,38.324363,37.857040,39.439847,38.623209,37.704639,38.035125,39.398929,38.054119,39.682124,74.523240,35.454023,35.997154,25.529933,24.958770,25.924717,33.978405,34.262502,34.070304,69.818708,33.275348,36.956674,25.533837,25.473022,25.660795,36.573052,36.774826,37.109569,38.109746,38.381037,29.914496,30.185109,38.575704,38.697973,33.054197,32.295421,40.975204,48.115232,37.743308,41.708367,38.845523,42.276097,41.061960,45.053697,36.994633,41.376677,38.283494,42.746697,35.892402,41.183288,35.895946,41.189441,37.459234,42.799228,39.268371,42.309889,38.594398,40.462556,38.366147,42.076145,38.878872,41.348796,38.318213,40.382153,39.544230,41.893038,80.534879,82.233978,121.346334,83.747003,125.297105,51.970992,44.976975,139.041195,117.919998,2.889000,279.500000,117.199997,2.149000,178.199997,2867220.173098,12.502036,13.461556,23.495118,84.576879,40.368108,148621735339602888000000000000000000.000000,274976772116136397000000000000000000.000000
06/22/2026 13:43:11,0.000000,0.000000,73.935781,74.964151,64.840551,79.357417,77.403946,78.338533,75.274044,75.031628,35.160781,34.748827,34.692050,36.098444,33.358555,33.621996,36.224090,37.080765,36.940958,39.699499,36.202798,38.661276,38.296604,37.713050,39.374588,38.551703,37.732964,38.102750,39.343846,38.127485,39.692434,75.755772,35.471035,35.941080,25.641086,25.071317,26.060419,33.981510,34.245634,33.804787,71.378469,33.260900,36.943954,25.641708,25.617116,25.783570,36.557389,36.760051,37.088623,38.098985,38.360833,29.754090,30.244507,38.569350,38.712806,33.079357,32.236973,40.937193,48.095426,37.731642,41.700276,38.811808,42.257937,41.046853,45.041292,36.978565,41.390089,38.302698,42.745594,35.890547,41.278242,35.918893,41.188254,37.490752,42.783969,39.271570,42.301651,38.605607,40.461848,38.352633,42.089699,38.881007,41.318113,38.344819,40.364646,39.556749,41.888376,80.142134,83.552291,122.056477,84.645598,126.544451,52.040136,45.010366,136.746624,117.750000,2.873000,277.500000,117.040001,2.136000,176.500000,2867280.170411,12.414050,13.416924,23.527030,83.483212,40.367558,148621735339602888000000000000000000.000000,274976772116136397000000000000000000.000000
06/22/2026 13:44:11,0.000000,0.000000,73.907967,74.925809,64.736331,79.361484,77.350737,78.320305,75.272985,75.033526,35.169971,34.646241,34.655557,36.112318,33.344039,33.593271,36.184221,36.981229,36.943051,39.661028,36.147334,38.620814,38.246408,37.773737,39.522729,38.775908,37.544522,38.008494,39.271347,38.034998,39.570964,74.575162,35.351583,36.018790,25.455157,24.871431,25.873211,34.017851,34.301046,34.112409,69.788898,33.215292,36.931009,25.472565,25.431423,25.569740,36.557722,36.740032,37.067307,38.077696,38.350119,29.733462,30.099061,38.538340,38.662380,33.019240,32.275595,40.918619,48.080391,37.700946,41.671491,38.818224,42.229017,41.020971,45.002837,36.972014,41.361852,38.279651,42.718721,35.881146,41.216547,35.904178,41.159170,37.451367,42.752841,39.271180,42.260397,38.593069,40.459908,38.356870,42.054360,38.880830,41.294407,38.317492,40.349722,39.538053,41.853906,80.481573,82.231648,121.245865,83.719461,125.346265,51.993627,45.071793,139.005896,117.940002,2.889000,279.299988,117.230003,2.151000,178.199997,2867340.167472,12.433090,13.345309,23.585700,84.560146,40.345673,148621735339602888000000000000000000.000000,274976772116136397000000000000000000.000000
06/22/2026 13:45:11,0.000000,0.000000,73.990941,74.917019,64.784300,79.366703,77.378293,78.310803,75.272343,75.026970,35.125683,34.645842,34.654270,36.062978,33.359402,33.610850,36.186959,37.098515,36.876300,39.671212,36.153577,38.738034,38.259911,37.799178,39.420951,38.574276,37.437411,37.942532,39.357210,38.055180,39.630912,75.789722,35.470789,36.062177,25.439511,24.837881,25.882605,34.029422,34.309063,34.099563,71.423236,33.207809,36.914198,25.448862,25.417558,25.521801,36.522225,36.722241,37.055070,38.074309,38.360273,29.736135,30.186882,38.555906,38.641101,33.049374,32.204551,40.888395,48.067047,37.694501,41.654523,38.786633,42.222937,41.014881,44.977070,36.961913,41.336374,38.261583,42.692408,35.863753,41.065496,35.883241,41.153635,37.434313,42.747742,39.259003,42.268918,38.581048,40.452760,38.321884,42.044655,38.873293,41.270821,38.317665,40.315096,39.508851,41.835339,80.429851,83.674617,122.117980,84.768749,126.522466,51.987973,44.551265,137.347348,117.949997,2.869000,277.399994,117.250000,2.135000,176.500000,2867400.165282,12.975085,13.827106,23.087092,83.770705,40.325193,148621735339602888000000000000000000.000000,274976772116136397000000000000000000.000000
06/22/2026 13:46:11,0.000000,0.000000,73.914435,74.938184,64.727049,79.382957,77.298962,78.338437,75.267315,75.048974,35.191222,34.694121,34.683918,36.080042,33.316095,33.617306,36.153842,37.088433,36.871360,39.651301,36.174314,38.701637,38.245573,37.832995,39.391936,38.383200,37.534639,37.991107,39.521229,38.057810,39.577106,74.110554,35.299694,36.033816,25.422201,24.868435,25.843842,33.997980,34.264317,33.985105,69.531679,33.116131,36.928317,25.452851,25.385770,25.537628,36.519744,36.712682,37.063372,38.056539,38.273246,29.794065,30.160098,38.537097,38.666876,33.033103,32.187984,40.871127,48.031580,37.686417,41.647359,38.784297,42.209464,40.997428,44.972402,36.956756,41.340250,38.263707,42.698473,35.865486,41.160509,35.880989,41.150235,37.417193,42.743899,39.256466,42.272543,38.578197,40.462247,38.327422,42.064838,38.876346,41.264771,38.315125,40.313003,39.522757,41.813154,79.770428,81.664684,121.408589,83.036358,125.403732,51.940197,44.806516,137.426689,118.019997,2.874000,277.399994,117.320000,2.139000,176.399994,2867460.162912,12.701813,13.596314,23.332003,83.808613,40.324815,148621735339602888000000000000000000.000000,274976772116136397000000000000000000.000000
06/22/2026 13:47:11,0.000000,0.000000,73.775768,74.899389,64.684789,79.387745,77.291966,78.319669,75.237513,75.036059,35.107012,34.618288,34.601873,36.058104,33.346513,33.618842,36.138732,37.048132,36.879346,39.710396,36.135816,38.588399,38.324380,37.761615,39.527695,38.531932,37.519930,38.097441,39.412633,38.021907,39.543376,76.933641,35.982223,35.963179,25.640948,25.091309,26.030333,33.958844,34.222974,33.917995,72.149110,33.465948,36.929044,25.657041,25.579687,25.803286,36.525569,36.735319,37.050846,38.083341,38.356547,29.710524,30.159493,38.546440,38.647085,33.011839,32.220769,40.867463,48.024190,37.674955,41.622760,38.768437,42.191612,41.002434,44.945851,36.960903,41.311789,38.256335,42.659958,35.828236,41.103262,35.855699,41.123391,37.381824,42.703000,39.228622,42.226347,38.558688,40.435737,38.300841,42.047080,38.846603,41.214117,38.294314,40.282994,39.508563,41.787568,81.656417,85.072434,122.065305,86.455429,126.550237,51.939189,45.264643,139.978713,118.029999,2.905000,281.500000,117.339996,2.163000,180.199997,2867520.160455,12.193579,13.159444,23.769600,85.020286,40.300452,148621735339602888000000000000000000.000000,274976772116136397000000000000000000.000000
06/22/2026 13:48:11,0.000000,0.000000,73.793868,74.879021,64.841184,79.367048,77.311240,78.307783,75.238622,75.009713,35.194220,34.673167,34.681151,36.067075,33.307527,33.578092,36.072526,37.107608,36.948225,39.647229,36.117091,38.532009,38.218068,37.762172,39.373572,38.676049,37.613689,37.977346,39.265389,38.189366,39.586203,74.111668,35.386847,35.919393,25.461119,24.896634,25.863077,33.916990,34.213980,33.878804,69.594350,33.062535,36.894519,25.451775,25.438806,25.563792,36.525281,36.702289,37.057905,38.028551,38.275274,29.755537,30.139410,38.521872,38.664012,32.998658,32.213633,40.844557,48.031500,37.671311,41.627929,38.751117,42.198782,40.965604,44.938545,36.910174,41.305176,38.247048,42.665216,35.821615,41.049156,35.834461,41.142507,37.383346,42.712910,39.238575,42.225276,38.575977,40.458711,38.304005,42.060302,38.851493,41.206885,38.318409,40.285885,39.502903,41.802150,79.640189,81.612995,121.438128,82.959359,125.356626,51.958870,44.891697,137.174579,117.849998,2.880000,278.200012,117.160004,2.142000,176.899994,2867580.157695,12.505835,13.480961,23.413558,83.688107,40.297717,148621735339602888000000000000000000.000000,274976772116136397000000000000000000.000000
06/22/2026 13:49:11,0.000000,0.000000,74.413345,74.886208,64.686415,79.342334,77.369031,78.300289,75.261523,75.013613,35.092688,34.627910,34.627467,36.026089,33.324166,33.562299,36.142558,36.953319,36.903098,39.668381,36.138336,38.581648,38.208107,37.761043,39.533268,38.408154,37.475697,37.950311,39.235751,37.988303,39.587467,76.739333,35.797526,35.918448,25.688182,25.198949,26.074870,33.980862,34.212585,33.521656,71.964855,33.395885,36.899996,25.713526,25.571788,25.867791,36.501798,36.703589,37.040640,38.052388,38.307238,29.739210,30.072263,38.524935,38.609251,32.965735,31.986641,40.833976,48.011598,37.659549,41.584560,38.740694,42.141054,40.938158,44.889771,36.902496,41.286142,38.233683,42.628645,35.790499,40.972470,35.831695,41.115517,37.366398,42.680098,39.210473,42.218372,38.563050,40.431720,38.271201,42.033864,38.852751,41.177092,38.294691,40.249009,39.478967,41.758056,81.733903,84.945482,122.124169,86.192139,126.652475,51.923742,45.325584,140.338661,117.959999,2.905000,281.600006,117.239998,2.163000,180.399994,2867640.155023,12.090827,13.072375,23.827621,85.190003,40.271542,148621735339602888000000000000000000.000000,274976772116136397000000000000000000.000000
06/22/2026 13:50:11,0.000000,0.000000,73.773933,74.869674,64.545237,79.355875,77.307202,78.301645,75.214178,75.007650,35.103354,34.618620,34.571595,36.036297,33.296638,33.580533,36.100402,37.000557,36.908874,39.645483,36.058214,38.520308,38.302193,37.750460,39.557869,38.673821,37.592937,37.740544,39.253059,38.016682,39.518443,73.764576,35.162254,35.850880,25.504775,24.883939,25.866486,33.833374,34.114858,33.684155,69.573598,33.045727,36.915887,25.448334,25.444756,25.558976,36.491304,36.683806,37.031687,38.021359,38.291307,29.637509,30.096749,38.498575,38.635864,32.960086,32.203719,40.808777,47.983163,37.640471,41.573492,38.703105,42.143697,40.928480,44.890653,36.891442,41.256003,38.217561,42.594163,35.790147,40.970360,35.814953,41.081995,37.353498,42.661897,39.213807,42.167640,38.536129,40.414111,38.266793,42.013751,38.828586,41.141256,38.272416,40.236921,39.472802,41.734321,78.183556,81.155195,121.665452,82.451021,125.569270,51.800233,44.824039,133.118803,117.989998,2.850000,274.399994,117.300003,2.117000,173.300003,2867700.152917,12.502092,13.567099,23.348788,81.728998,40.253413,148621735339602888000000000000000000.000000,274976772116136397000000000000000000.000000
06/22/2026 13:51:11,0.000000,0.000000,73.971992,74.883304,64.624037,79.356492,77.355421,78.311519,75.252640,75.002615,35.117909,34.611446,34.613221,36.028234,33.316987,33.564895,36.105612,37.086698,36.880487,39.641881,36.073637,38.656178,38.204947,37.791463,39.366833,38.503767,37.446079,37.962239,39.160323,37.946777,39.606051,76.935814,35.847648,35.965462,25.600102,25.055365,25.944351,33.963865,34.220005,33.937669,71.867764,33.331892,36.898349,25.571911,25.483819,25.730022,36.480483,36.670332,37.004921,38.029524,38.298087,29.603330,30.127221,38.540316,38.640520,32.923876,32.106925,40.777294,47.960366,37.633291,41.553153,38.701231,42.149587,40.891244,44.871557,36.880119,41.243231,38.190166,42.596346,35.739086,40.996650,35.775854,41.071034,37.304021,42.654357,39.186826,42.164490,38.530840,40.415441,38.204091,41.992040,38.790020,41.133702,38.260419,40.204247,39.444148,41.722896,83.238836,85.145399,121.912161,86.544959,126.405013,51.885693,45.300273,146.171511,117.919998,2.933000,285.100006,117.199997,2.191000,184.000000,2867760.150059,12.161934,13.094821,23.803528,87.900762,40.234592,148621735339602888000000000000000000.000000,274976772116136397000000000000000000.000000
06/22/2026 13:52:11,0.000000,0.000000,74.065627,74.880101,64.729405,79.378011,77.296532,78.317497,75.226240,75.016336,35.162861,34.615171,34.647999,36.052539,33.242726,33.529750,36.057249,37.094120,36.854562,39.594001,36.073370,38.544005,38.188996,37.657956,39.529892,38.499697,37.454398,37.795150,39.331819,37.948463,39.553707,74.088958,35.228296,35.816763,25.422786,24.857836,25.830569,33.818709,34.078003,33.740549,69.841418,33.064438,36.853615,25.425182,25.375542,25.531547,36.465041,36.677904,36.992595,38.022957,38.272419,29.817308,29.909602,38.480325,38.577888,32.970159,31.830451,40.772510,47.947430,37.626818,41.539234,38.676670,42.117699,40.894961,44.835396,36.886509,41.266294,38.174011,42.597849,35.725260,40.920856,35.770003,41.113275,37.283235,42.671252,39.185268,42.192382,38.535987,40.421017,38.215865,42.007082,38.792764,41.143148,38.265483,40.221634,39.437825,41.740335,78.123240,81.443607,121.794034,82.680648,125.609358,51.940256,44.859961,132.685181,118.080002,2.843000,273.799988,117.379997,2.112000,173.000000,2867820.147913,12.433580,13.470432,23.383183,81.517215,40.232602,148621735339602888000000000000000000.000000,274976772116136397000000000000000000.000000
06/22/2026 13:53:11,0.000000,0.000000,74.289406,74.899224,64.710278,79.341037,77.273370,78.267853,75.218135,74.998936,35.110746,34.587865,34.571450,36.001610,33.212949,33.518197,36.075052,36.938964,36.846797,39.599930,36.069583,38.635379,38.241107,37.698612,39.410926,38.532898,37.498566,37.880390,39.278418,37.944893,39.534859,76.618629,35.679103,35.885531,25.572334,25.021322,25.921956,33.897564,34.168817,33.890904,71.603445,33.230421,36.887188,25.586117,25.461804,25.715123,36.481224,36.680366,37.006793,38.012399,38.312999,29.847133,29.995156,38.494260,38.594470,32.919731,32.010452,40.754504,47.947719,37.601476,41.528970,38.676079,42.086156,40.885379,44.828051,36.883072,41.229937,38.166664,42.569898,35.696204,40.935122,35.737848,41.057415,37.263809,42.640550,39.157521,42.166935,38.508357,40.385964,38.186457,42.010300,38.780991,41.099186,38.262434,40.177622,39.429629,41.715013,83.040539,84.894286,122.012949,86.238911,126.302839,51.943796,45.021464,144.507781,117.860001,2.927000,284.299988,117.160004,2.184000,183.000000,2867880.144669,12.347898,13.349555,23.537633,87.135010,40.212309,148621735339602888000000000000000000.000000,274976772116136397000000000000000000.000000
06/22/2026 13:54:11,0.000000,0.000000,73.727316,74.908033,64.802140,79.387943,77.279949,78.330387,75.232675,75.030375,35.174164,34.637128,34.586998,36.036379,33.260282,33.543746,36.078850,36.903389,36.883535,39.625961,36.043477,38.568950,38.115020,37.733308,39.331800,38.272648,37.485895,38.007772,39.261364,37.938414,39.590197,74.370856,35.262768,35.852096,25.347557,24.774964,25.745975,33.876727,34.114695,33.787915,69.916350,33.043691,36.832931,25.335849,25.317512,25.451485,36.440681,36.664612,36.979000,38.002311,38.250448,29.672057,30.123710,38.469270,38.595970,32.895011,32.105766,40.733444,47.920866,37.599470,41.507181,38.669221,42.088834,40.880138,44.801810,36.863206,41.220570,38.161236,42.567135,35.700365,40.905805,35.739793,41.059762,37.274126,42.640432,39.157843,42.154512,38.508082,40.427530,38.190598,41.996285,38.787220,41.107429,38.253925,40.188077,39.436850,41.716058,78.631821,81.712898,121.889985,82.990370,125.711117,51.922005,44.748690,133.977628,117.940002,2.858000,275.600006,117.250000,2.119000,174.199997,2867940.143039,12.575507,13.556342,23.276589,82.147109,40.208593,148621735339602888000000000000000000.000000,274976772116136397000000000000000000.000000
06/22/2026 13:55:11,0.000000,0.000000,73.767871,74.885587,64.671247,79.345697,77.265404,78.271678,75.221201,74.998201,35.040224,34.544360,34.551902,35.964182,33.260715,33.521079,36.053085,36.863494,36.826863,39.614452,36.008888,38.560110,38.171985,37.679824,39.500613,38.507024,37.496938,37.933104,39.170492,37.985234,39.520849,76.418018,35.463415,35.931693,25.506921,24.932168,25.872208,33.920686,34.240310,34.027242,71.565868,33.175046,36.871617,25.440697,25.373169,25.609151,36.458646,36.666643,37.005840,37.976990,38.259478,29.666905,30.087353,38.496903,38.608149,32.863263,32.033082,40.702045,47.926041,37.596315,41.516796,38.629875,42.091827,40.852322,44.799974,36.857371,41.187869,38.149169,42.533609,35.684233,40.877012,35.728978,41.047885,37.249370,42.593733,39.155938,42.128002,38.495801,40.410434,38.162413,41.977636,38.766731,41.067242,38.240093,40.162383,39.404299,41.687996,82.813518,84.702055,121.720297,86.090479,126.164839,51.874322,44.879917,143.999514,117.800003,2.924000,284.000000,117.110001,2.180000,182.500000,2868000.139666,12.529408,13.469332,23.402285,86.899904,40.189446,148621735339602888000000000000000000.000000,274976772116136397000000000000000000.000000
06/22/2026 13:56:11,0.000000,0.000000,73.825456,74.851847,64.583642,79.318255,77.250534,78.284177,75.234811,74.985625,35.129567,34.603592,34.604923,36.001341,33.261562,33.507266,36.041438,36.908483,36.773557,39.596161,36.064912,38.555654,38.138818,37.731045,39.295863,38.597830,37.436867,37.770999,39.135691,37.902668,39.508385,74.116955,35.223070,35.749524,25.262169,24.590191,25.648543,33.758668,34.056161,33.652076,69.855304,32.965610,36.845530,25.239009,25.249296,25.274766,36.438846,36.628263,36.986978,37.988192,38.229461,29.483641,30.095837,38.457728,38.572952,32.936292,32.151619,40.704403,47.920556,37.561146,41.486197,38.609760,42.072442,40.827184,44.768388,36.838302,41.207326,38.139992,42.528875,35.651601,40.850753,35.726917,41.075439,37.224437,42.618029,39.139314,42.150554,38.482917,40.382606,38.139365,41.992672,38.773442,41.062100,38.241557,40.174417,39.395839,41.688355,78.559052,81.602575,121.824578,82.875111,125.814313,51.877972,44.750637,133.677104,117.889999,2.857000,275.399994,117.180000,2.120000,174.000000,2868060.137720,12.471069,13.567075,23.278455,82.001003,40.181163,148621735339602888000000000000000000.000000,274976772116136397000000000000000000.000000
06/22/2026 13:57:11,0.000000,0.000000,74.023087,74.852389,64.680833,79.328423,77.253143,78.311188,75.236937,74.992822,35.065471,34.521263,34.501297,35.982422,33.208803,33.485622,36.016947,36.886673,36.871076,39.610459,36.001333,38.559750,38.168091,37.694932,39.259563,38.421106,37.550656,37.742904,39.318485,37.871044,39.431049,76.180713,35.405513,35.840605,25.521457,24.978026,25.897468,33.843500,34.157385,33.830622,71.366432,33.144741,36.846463,25.536904,25.447021,25.649526,36.420271,36.629163,36.989585,37.990795,38.220235,29.723152,29.961692,38.456860,38.560165,32.827827,31.841674,40.696872,47.890077,37.569611,41.484065,38.625277,42.045669,40.812696,44.745646,36.839667,41.165203,38.140110,42.518888,35.649214,40.786312,35.720542,41.028930,37.222808,42.595744,39.127078,42.104084,38.481382,40.395609,38.137829,41.966010,38.777125,41.021288,38.246973,40.131798,39.380194,41.649448,82.399175,84.382299,121.754183,85.715476,126.000039,51.849954,44.903476,143.108953,117.820000,2.918000,283.000000,117.110001,2.177000,181.699997,2868120.134735,12.415776,13.421634,23.424829,86.486627,40.165205,148621735339602888000000000000000000.000000,274976772116136397000000000000000000.000000
06/22/2026 13:58:11,0.000000,0.000000,74.028419,74.861095,64.671258,79.341722,77.302703,78.302201,75.254494,74.995177,35.109165,34.560551,34.577410,35.956380,33.228890,33.497260,36.000407,36.901558,36.831948,39.544569,36.063133,38.574405,38.071891,37.713138,39.400536,38.362227,37.485867,37.823071,39.474781,37.939270,39.523620,74.373391,35.225088,35.784321,25.280960,24.713258,25.687895,33.765777,34.028640,33.668070,70.030760,32.987351,36.832335,25.265922,25.263686,25.400055,36.419434,36.630096,36.954266,37.989978,38.179632,29.712033,30.082540,38.463971,38.572131,32.875003,32.073760,40.660394,47.866330,37.574289,41.457930,38.611851,42.024454,40.802895,44.732827,36.809025,41.156472,38.119421,42.501826,35.644071,40.766234,35.697236,41.031852,37.221323,42.562176,39.136156,42.082802,38.476299,40.382169,38.148644,41.966777,38.775689,40.991175,38.217639,40.117513,39.364092,41.631192,78.677249,81.751821,121.726027,83.055493,125.935621,51.813274,44.667987,133.811012,117.849998,2.852000,274.700012,117.160004,2.118000,173.600006,2868180.132769,12.585137,13.633151,23.199184,82.066132,40.151025,148621735339602888000000000000000000.000000,274976772116136397000000000000000000.000000
06/22/2026 13:59:11,0.000000,0.000000,73.835861,74.879560,64.715603,79.341585,77.290771,78.289021,75.248599,74.982522,35.077166,34.526754,34.524536,35.986155,33.206328,33.463600,36.046752,36.849648,36.818598,39.591226,36.035599,38.585102,38.080827,37.673467,39.291894,38.377529,37.527972,37.836438,39.329810,37.933638,39.507320,76.344773,35.483498,35.832619,25.420448,24.859524,25.791125,33.800191,34.118532,33.779763,71.370546,33.121051,36.827523,25.418932,25.339326,25.548992,36.415916,36.613747,36.949704,37.951847,38.194703,29.683997,30.087053,38.444127,38.559794,32.855020,31.973904,40.640443,47.874433,37.540507,41.455101,38.563986,42.017306,40.782529,44.722197,36.811120,41.136281,38.104012,42.475957,35.616190,40.875437,35.690622,41.029489,37.174286,42.558158,39.099918,42.078342,38.448310,40.377151,38.104302,41.961234,38.751588,40.962502,38.230382,40.098503,39.375825,41.623542,82.487988,84.457977,121.679692,85.790116,126.097350,51.890742,45.056607,143.404781,117.739998,2.914000,282.700012,117.019997,2.175000,181.800003,2868240.130514,12.261420,13.256324,23.571199,86.624099,40.139322,148621735339602888000000000000000000.000000,274976772116136397000000000000000000.000000
06/22/2026 14:00:11,0.000000,0.000000,74.054299,74.841746,64.712821,79.320050,77.270448,78.271667,75.255949,74.989451,35.118216,34.572270,34.612197,35.969596,33.210154,33.450098,35.987911,36.830682,36.831246,39.553569,36.044275,38.682480,38.138517,37.781561,39.236377,38.600536,37.503417,37.921025,39.063585,37.858729,39.475861,74.297167,35.156680,35.805002,25.282665,24.702434,25.676186,33.803062,34.094324,33.852354,69.919621,32.919531,36.800972,25.287440,25.233321,25.395312,36.394820,36.597523,36.940201,37.956935,38.238419,29.695138,30.138760,38.447809,38.519771,32.921414,32.058719,40.650797,47.833284,37.549218,41.428581,38.570478,41.990228,40.777861,44.679437,36.802006,41.147493,38.079488,42.464746,35.588368,40.735980,35.660145,41.012208,37.173726,42.568967,39.090922,42.075972,38.442040,40.370015,38.075060,41.964261,38.733001,40.964091,38.206802,40.094365,39.352803,41.619935,78.493602,81.621171,121.724134,82.829235,125.848787,51.792589,44.671297,133.382085,117.860001,2.851000,274.700012,117.169998,2.116000,173.500000,2868300.127495,12.602642,13.598612,23.202360,81.857363,40.123409,148621735339602888000000000000000000.000000,274976772116136397000000000000000000.000000
06/22/2026 14:01:11,0.000000,0.000000,73.688891,74.864169,64.704301,79.349284,77.218865,78.303461,75.215655,75.004481,35.026106,34.552417,34.499175,35.919060,33.149665,33.454050,36.013804,36.864068,36.856131,39.543980,35.996115,38.634322,38.111527,37.685622,39.265253,38.466981,37.435447,38.031130,39.016925,37.904783,39.393955,76.323226,35.436926,35.825049,25.434934,24.919203,25.805159,33.839033,34.111638,33.843918,71.297943,33.124545,36.789851,25.441671,25.325842,25.595493,36.379618,36.627020,36.926892,37.966174,38.174320,29.649594,29.872092,38.434853,38.518295,32.847904,31.796354,40.628743,47.811067,37.529368,41.401348,38.560807,41.980834,40.778579,44.668322,36.804054,41.147187,38.057979,42.484649,35.576274,40.837982,35.625012,41.014767,37.147554,42.567790,39.072093,42.058092,38.429508,40.390546,38.058546,41.977524,38.727339,40.967752,38.183536,40.078644,39.352634,41.610091,82.505329,84.435023,121.672901,85.793673,126.239165,51.923105,45.107229,143.260834,117.900002,2.918000,283.500000,117.190002,2.178000,182.199997,2868360.124789,12.205524,13.170326,23.619525,86.557231,40.117621,148621735339602888000000000000000000.000000,274976772116136397000000000000000000.000000
06/22/2026 14:02:11,0.000000,0.000000,73.715468,74.830296,64.669590,79.315817,77.250196,78.284681,75.224540,74.990558,35.556362,35.125106,35.111805,36.267322,33.949921,34.131050,36.443759,37.500906,37.340082,39.771143,36.440752,38.824320,38.521089,37.783498,48.253312,43.772226,44.882404,45.555334,42.797901,41.547166,41.326341,74.657891,35.331534,36.643301,25.409087,24.841893,25.901365,34.285703,34.458769,34.101945,70.220603,33.065079,36.994210,25.467594,25.341928,25.605550,36.617944,36.825458,37.186229,40.467736,41.471586,30.515353,30.394560,40.035293,40.773904,33.652904,32.745262,40.576948,47.807219,37.529892,41.393951,38.534401,41.968965,40.739397,44.649045,36.768660,41.107002,38.073739,42.438380,35.583806,40.739372,35.639633,41.004209,37.136061,42.553074,39.073195,42.044685,38.443474,40.359553,38.058384,41.941129,38.740230,40.927038,38.197447,40.073135,39.330862,41.580024,78.197497,81.478388,121.842109,82.725859,125.791740,52.000178,44.952929,132.822489,117.820000,2.851000,274.399994,117.139999,2.116000,173.300003,2868420.122281,13.171172,13.522081,23.472129,81.584327,40.100430,148621735339602888000000000000000000.000000,274976772116136397000000000000000000.000000
06/22/2026 14:03:11,0.000000,0.000000,73.804876,74.813124,64.595764,79.334275,77.194128,78.281701,75.231782,74.969501,36.816374,36.349941,36.193665,37.060926,35.451208,35.701998,37.698145,38.308648,38.301928,40.591392,37.194543,40.017371,39.555881,38.622836,52.038187,46.227865,45.536304,48.938899,45.494289,43.464455,42.028737,77.530889,37.248990,39.346987,26.733915,26.203073,27.376635,36.478239,36.771183,36.456109,72.520820,34.204523,38.329186,26.833334,26.545619,27.059739,38.106984,38.198410,38.701877,42.309473,43.840548,31.825266,32.163661,41.711963,42.585218,34.764337,33.853817,40.543364,47.806373,37.489252,41.379461,38.508382,41.972702,40.720686,44.647511,36.738353,41.107392,38.083847,42.440087,35.587597,40.856715,35.661146,41.022296,37.140968,42.528002,39.072720,42.056519,38.436309,40.364297,38.049007,41.929199,38.733990,40.939329,38.204921,40.078830,39.337817,41.607190,82.720694,84.605075,121.610801,86.080768,125.854337,52.464579,46.675336,144.195114,117.970001,2.925000,284.600006,117.260002,2.184000,183.500000,2868480.119867,14.245490,13.227689,25.101497,86.990446,40.101475,148621735339602888000000000000000000.000000,274976772116136397000000000000000000.000000
06/22/2026 14:04:11,0.000000,0.000000,73.793856,74.795358,64.553405,79.339052,77.204816,78.266287,75.237523,74.973132,37.240921,36.770311,36.592875,37.370715,35.952526,36.210243,38.268693,38.566722,38.713331,40.981821,37.526071,40.483698,40.197392,39.018061,43.752835,41.613084,41.026488,41.323058,41.727256,41.193707,40.762408,75.196748,38.436786,40.018059,27.374005,26.796061,28.013761,37.306424,37.778487,37.552656,70.996832,34.629995,39.217456,27.470522,27.270471,27.632616,39.048962,39.119547,39.604731,41.069302,41.850397,32.889875,32.908992,40.762877,41.149755,35.215688,34.162694,40.570105,47.810375,37.494189,41.376457,38.513312,41.954067,40.720954,44.624119,36.781096,41.102426,38.033365,42.436008,35.553815,40.947283,35.615847,40.996932,37.088504,42.521304,39.059376,42.036192,38.421861,40.382037,38.023067,41.940361,38.699295,40.917213,38.195979,40.043471,39.323827,41.598956,77.870054,81.273470,121.362809,82.649192,125.255613,53.263087,47.161694,132.911221,117.860001,2.853000,274.700012,117.169998,2.117000,173.699997,2868540.117265,14.462699,13.662096,25.555360,81.627671,40.092726,148621735339602888000000000000000000.000000,274976772116136397000000000000000000.000000
06/22/2026 14:05:11,0.000000,0.000000,73.975556,74.789694,64.694348,79.373874,77.197594,78.299048,75.239807,74.978796,36.916938,36.510757,36.339019,37.222233,35.674868,35.893256,37.993404,38.376317,38.559918,40.910274,37.395862,40.186457,40.002284,38.912245,41.790614,40.766391,40.026143,39.969738,41.266917,40.092236,40.401587,77.044687,38.550063,38.841810,27.636888,27.074684,28.131486,36.732156,37.160779,37.021911,72.107784,34.750393,38.940301,27.674904,27.557037,27.816991,38.650035,38.784649,39.159976,40.236023,40.732816,32.616301,32.851978,40.277143,40.487677,35.178447,34.105642,40.553581,47.784820,37.498807,41.351578,38.516600,41.930326,40.726675,44.612286,36.785075,41.067771,38.037010,42.397895,35.545314,40.950282,35.608234,40.978925,37.083677,42.506389,39.051897,41.990498,38.410066,40.359700,38.009058,41.922100,38.708767,40.890384,38.177009,40.031154,39.323953,41.557742,82.429105,84.401566,121.420727,85.910070,125.660269,53.360927,47.355712,143.802133,117.989998,2.923000,283.899994,117.279999,2.182000,182.699997,2868600.114763,13.106141,13.204632,25.735669,86.808453,40.078919,148621735339602888000000000000000000.000000,274976772116136397000000000000000000.000000
06/22/2026 14:06:11,0.000000,0.000000,74.006585,74.765345,64.692369,79.339083,77.212431,78.290723,75.228252,74.962591,36.873074,36.476165,36.247753,37.234515,35.582168,35.778876,37.870684,38.318129,38.449920,40.887756,37.358656,40.181953,39.932999,38.963330,41.354432,40.405413,39.712751,39.701730,41.285362,39.919907,40.398133,75.131601,37.796662,38.202635,27.520171,26.866349,27.935802,36.243926,36.667942,36.494911,70.838440,34.582890,38.682275,27.438854,27.423672,27.591576,38.350308,38.502191,38.848942,39.918794,40.393006,32.616886,32.719169,40.053814,40.259560,35.073857,34.115423,40.502072,47.761146,37.475271,41.336514,38.468812,41.908840,40.699873,44.595253,36.731595,41.044379,38.032525,42.397828,35.551091,40.889997,35.607363,40.945953,37.081061,42.477874,39.043113,41.981307,38.399714,40.339683,38.014603,41.925981,38.702954,40.886021,38.191623,39.999466,39.321110,41.536434,78.680421,81.944662,121.618289,83.336874,125.461323,52.983530,46.948109,134.238643,117.870003,2.864000,276.100006,117.160004,2.129000,175.000000,2868660.112220,12.846259,13.325899,25.356376,82.273830,40.061649,148621735339602888000000000000000000.000000,274976772116136397000000000000000000.000000
06/22/2026 14:07:11,0.000000,0.000000,73.885157,74.787268,64.639725,79.333988,77.199318,78.268790,75.212731,74.970298,36.696771,36.335632,36.185109,37.251199,35.467280,35.713193,37.844805,38.329358,38.389214,40.870812,37.373470,40.112223,39.888369,38.913351,41.311068,40.421457,39.873421,39.622168,41.075265,39.651705,40.280211,76.547065,37.514385,38.039777,27.503769,26.853066,27.840840,36.191607,36.613439,36.521833,71.838743,34.737235,38.534837,27.403129,27.379462,27.544808,38.165826,38.349978,38.666912,39.795631,40.248085,32.393593,32.739621,39.952134,40.128388,35.042489,34.038867,40.514204,47.727855,37.471614,41.316596,38.486351,41.899052,40.680825,44.578925,36.754927,41.021263,38.002696,42.376947,35.521862,40.871526,35.585226,40.962101,37.048638,42.503698,39.009046,41.975058,38.382540,40.336205,37.979751,41.900490,38.680008,40.862597,38.157520,40.016116,39.283227,41.537360,82.296205,84.241466,121.288754,85.720380,125.657173,52.655899,46.919099,143.337746,117.760002,2.917000,283.399994,117.040001,2.181000,182.699997,2868720.110087,12.710467,13.205527,25.329310,86.592965,40.048141,148621735339602888000000000000000000.000000,274976772116136397000000000000000000.000000
06/22/2026 14:08:11,0.000000,0.000000,73.999938,74.798420,64.798098,79.348221,77.243920,78.285987,75.208711,74.992889,36.677631,36.269114,36.130534,37.309524,35.381265,35.623659,37.764524,38.306091,38.355101,40.862335,37.387945,40.062395,39.741999,38.865655,40.846934,40.373586,39.492485,39.432074,40.760056,39.718653,40.266131,74.888434,37.054566,37.969554,27.313720,26.625399,27.672710,36.068253,36.490150,36.404283,70.654458,34.623091,38.432471,27.185263,27.189729,27.323239,38.075187,38.238163,38.565998,39.679429,40.183384,32.528434,32.595594,39.851559,40.074983,34.998056,34.109623,40.491033,47.760114,37.479089,41.302479,38.479248,41.906043,40.670655,44.587207,36.737186,41.046954,38.006396,42.393808,35.518996,40.847110,35.577929,40.964806,37.028358,42.493096,39.006781,41.989505,38.377843,40.321829,37.978144,41.913468,38.688183,40.843610,38.168503,40.004160,39.289562,41.526084,78.633931,81.817083,121.353517,83.168755,125.320458,52.656537,46.493292,134.094696,117.910004,2.858000,275.700012,117.209999,2.124000,174.899994,2868780.107373,13.038633,13.501550,24.930921,82.203965,40.046606,148621735339602888000000000000000000.000000,274976772116136397000000000000000000.000000
06/22/2026 14:09:11,0.000000,0.000000,73.830706,74.781464,64.766403,79.346533,77.258659,78.284718,75.201161,74.981535,36.577007,36.150728,36.043569,37.248398,35.310240,35.518536,37.693997,38.217946,38.231723,40.751228,37.315707,40.050390,39.685466,38.820535,41.234388,40.146898,39.493622,39.539037,40.803454,39.610021,40.184871,76.729436,37.336928,37.953890,27.396079,26.784193,27.735853,36.011631,36.406558,36.289251,71.874107,34.739635,38.340595,27.301339,27.298213,27.444634,37.988985,38.166553,38.461530,39.619635,40.074965,32.151574,32.424311,39.810507,39.968724,34.902209,34.061842,40.481065,47.713273,37.469223,41.293979,38.443787,41.886209,40.646388,44.543777,36.725631,41.026660,38.015181,42.371791,35.537575,40.924109,35.589860,40.955338,37.036093,42.476561,39.048853,41.990982,38.411585,40.338752,37.958449,41.910705,38.691147,40.814275,38.140837,40.003878,39.298126,41.525829,82.492101,84.497271,121.293660,85.954885,125.672024,52.619545,46.733648,143.841156,117.849998,2.925000,284.000000,117.139999,2.181000,182.699997,2868840.105229,12.797835,13.184540,25.156055,86.826540,40.042331,148621735339602888000000000000000000.000000,274976772116136397000000000000000000.000000
06/22/2026 14:10:11,0.000000,0.000000,74.283836,74.767334,64.629813,79.341994,77.269274,78.281014,75.207670,74.985933,36.536542,36.149650,36.018577,37.253252,35.233104,35.427681,37.629394,38.197993,38.215631,40.830716,37.351768,40.011164,39.643136,38.811700,40.838668,40.268409,39.364599,39.432070,40.635013,39.618137,40.221266,74.498482,36.886110,37.878613,27.199927,26.530763,27.510278,35.901653,36.295749,36.217830,70.352819,34.508038,38.314277,27.088490,27.104122,27.186123,37.923649,38.110508,38.415562,39.543311,39.997148,32.157537,32.307041,39.772648,39.987280,34.869440,34.033378,40.477051,47.721615,37.450265,41.276871,38.457965,41.875436,40.664218,44.547938,36.730275,41.040180,37.993854,42.360245,35.514159,40.849789,35.557141,40.965351,37.020059,42.463437,39.004348,41.960706,38.386271,40.339046,37.945933,41.900744,38.671436,40.824895,38.124992,39.994239,39.266665,41.501492,78.114357,81.398369,121.303420,82.715385,125.249671,52.632547,46.448316,133.158473,117.900002,2.847000,274.299988,117.199997,2.114000,173.199997,2868900.102335,12.989893,13.425557,24.888720,81.748350,40.029554,148621735339602888000000000000000000.000000,274976772116136397000000000000000000.000000
06/22/2026 14:11:11,0.000000,0.000000,74.038238,74.833727,64.710691,79.363887,77.339244,78.272638,75.217778,74.994354,36.452258,36.072853,35.943982,37.242231,35.147135,35.389600,37.616240,38.165858,38.214114,40.820400,37.318416,39.971096,39.577920,38.807319,40.943533,40.130623,39.246609,39.642592,40.900244,39.661108,40.228816,77.187009,37.316038,37.880883,27.298170,26.675965,27.608053,35.901748,36.267953,36.176749,72.148492,34.759284,38.221642,27.170325,27.173005,27.348159,37.857748,38.065825,38.364959,39.487488,39.897655,32.120260,32.421924,39.721886,39.877917,34.763813,33.967403,40.440671,47.666675,37.423357,41.260210,38.435506,41.839633,40.617353,44.514444,36.716808,41.011130,37.977946,42.346620,35.515458,40.944834,35.558883,40.939816,37.007225,42.427885,39.004823,41.955904,38.376594,40.312213,37.938017,41.908928,38.670825,40.773863,38.133859,39.969595,39.284785,41.478657,83.116513,84.995077,121.558646,86.510118,125.809598,52.685378,46.734038,145.170197,117.980003,2.924000,284.500000,117.250000,2.190000,184.100006,2868960.099617,12.724463,13.065222,25.156420,87.440595,40.015084,148621735339602888000000000000000000.000000,274976772116136397000000000000000000.000000
06/22/2026 14:12:11,0.000000,0.000000,74.035022,74.893039,64.722404,79.364179,77.306678,78.282608,75.203805,74.979111,36.425972,36.078880,35.924323,37.224859,35.048582,35.283985,37.550283,38.213013,38.142836,40.809664,37.239099,39.839198,39.524885,38.830582,40.619863,39.843209,39.275082,39.193042,40.911932,39.460744,40.277561,74.275205,36.709051,37.767616,27.106047,26.418069,27.366853,35.769738,36.139545,36.058069,70.107332,34.417561,38.210818,26.960177,26.974024,27.070153,37.808482,37.998018,38.317155,39.424758,39.822066,32.127599,32.342955,39.700065,39.857423,34.721453,33.830084,40.437915,47.660044,37.432556,41.257486,38.429682,41.826512,40.636355,44.495669,36.748734,41.015278,37.944117,42.349443,35.474016,40.868458,35.529851,40.938963,36.972753,42.436111,38.976023,41.955783,38.354813,40.348628,37.896785,41.872342,38.653071,40.768459,38.105469,39.964626,39.252002,41.476313,78.016186,81.253458,121.160021,82.616938,125.189714,52.570867,46.437900,133.147463,118.120003,2.854000,275.100006,117.440002,2.119000,173.899994,2869020.097044,12.888673,13.331875,24.878943,81.742979,40.002609,148621735339602888000000000000000000.000000,274976772116136397000000000000000000.000000
06/22/2026 14:13:11,0.000000,0.000000,73.930136,74.879094,64.725393,79.346751,77.310272,78.253797,75.202581,75.009144,36.392904,35.967855,35.820364,37.183552,34.971246,35.195146,37.502036,38.110038,38.172998,40.761808,37.226405,39.957126,39.570997,38.740369,40.833322,39.968743,39.243716,39.192550,40.794351,39.333248,40.195972,77.092815,37.222940,37.750732,27.153606,26.551889,27.471112,35.704667,36.082918,36.014722,72.126422,34.664328,38.129403,27.058291,27.036852,27.239473,37.751091,37.958754,38.266442,39.367058,39.784893,31.719519,32.318336,39.626939,39.802823,34.639885,33.811947,40.432259,47.628135,37.409083,41.224884,38.414185,41.795796,40.597228,44.467246,36.722690,41.014649,37.965133,42.342664,35.498168,40.930742,35.533618,40.938551,36.959954,42.432781,38.977531,41.941021,38.337717,40.336861,37.918117,41.881229,38.649635,40.766442,38.116697,39.978912,39.268006,41.480397,83.061260,84.998415,121.594319,86.488124,125.979266,52.562694,46.721771,145.043899,117.940002,2.932000,285.200012,117.209999,2.190000,183.800003,2869080.095059,12.605786,12.984457,25.144946,87.382403,39.998678,148621735339602888000000000000000000.000000,274976772116136397000000000000000000.000000
06/22/2026 14:14:11,0.000000,0.000000,73.739179,74.849328,64.693984,79.376454,77.318983,78.270494,75.229553,74.986280,36.369802,35.997444,35.858817,37.163111,34.909507,35.129434,37.440359,38.101413,38.107105,40.780655,37.258158,39.847731,39.546208,38.712465,40.780705,39.978206,39.116416,39.385908,40.737299,39.410603,40.141266,74.142286,36.505322,37.630011,26.991500,26.376305,27.283141,35.623445,36.003506,35.942832,70.030796,34.319427,38.087074,26.856915,26.850215,26.985538,37.739353,37.907257,38.225921,39.309393,39.732512,31.798444,32.234318,39.567171,39.819323,34.604589,33.759654,40.396692,47.631980,37.403250,41.233159,38.387166,41.808624,40.580132,44.478717,36.706397,41.043193,37.946516,42.339966,35.497809,40.837949,35.519523,40.967013,36.943439,42.425939,38.965807,41.947803,38.355567,40.316345,37.886936,41.895497,38.645864,40.764429,38.125278,39.972050,39.256725,41.452432,77.942400,81.056632,121.177534,82.363687,125.087563,52.509335,46.263060,133.100344,117.970001,2.846000,274.299988,117.279999,2.114000,173.100006,2869140.091820,12.915364,13.372427,24.714647,81.719992,39.991073,148621735339602888000000000000000000.000000,274976772116136397000000000000000000.000000
06/22/2026 14:15:11,0.000000,0.000000,73.832395,74.859623,64.626151,79.355233,77.285916,78.261449,75.229261,74.995704,36.315696,35.929140,35.795373,37.114348,34.836214,35.069019,37.323220,38.069184,38.092870,40.793761,37.236391,39.859954,39.505967,38.758247,40.707639,39.798850,38.955572,39.272753,40.534505,39.527643,40.066039,77.062936,37.028396,37.579742,27.020908,26.401258,27.304952,35.591912,35.945858,35.846202,72.187776,34.592357,38.099536,26.919101,26.855670,27.058757,37.696898,37.915177,38.200210,39.289449,39.689406,31.745081,32.139187,39.586539,39.764195,34.579713,33.681391,40.407606,47.626146,37.401763,41.218920,38.376850,41.783803,40.588740,44.455293,36.746018,41.011687,37.957300,42.289176,35.508696,40.859328,35.526421,40.942152,36.956937,42.392657,38.969004,41.916699,38.348315,40.322766,37.886307,41.852214,38.635512,40.735041,38.101093,39.963785,39.230956,41.434212,83.161683,85.053109,121.470052,86.536290,125.933609,52.529962,46.593659,145.092475,117.849998,2.933000,285.500000,117.120003,2.192000,184.300003,2869200.089802,12.554730,13.074524,25.025012,87.404788,39.981513,148621735339602888000000000000000000.000000,274976772116136397000000000000000000.000000
06/22/2026 14:16:11,0.000000,0.000000,74.291858,74.864919,64.813233,79.362115,77.302504,78.273810,75.217291,74.998937,36.324916,35.875914,35.772262,37.128479,34.766116,34.994065,37.309798,38.053124,38.076450,40.772114,37.169544,39.745334,39.463175,38.605509,40.731696,40.042840,39.112015,39.392533,40.300459,39.322412,40.050033,74.131689,36.466789,37.543796,26.763284,26.131894,27.077751,35.538283,35.880294,35.816510,69.786183,34.330685,38.025122,26.642813,26.653983,26.759926,37.649173,37.845374,38.142322,39.219290,39.645558,31.715471,32.231091,39.524376,39.722324,34.501189,33.692908,40.400089,47.620240,37.397992,41.212087,38.368227,41.784537,40.575384,44.442438,36.717112,41.045973,37.940471,42.314181,35.502707,40.802316,35.553223,40.956633,36.956009,42.402668,38.959644,41.939904,38.363024,40.333034,37.880701,41.875624,38.658574,40.725261,38.119108,39.948708,39.253588,41.429070,79.017205,81.215914,121.070775,82.633313,124.986492,52.616040,46.182260,135.977827,118.059998,2.863000,276.500000,117.349998,2.130000,175.399994,2869260.087721,12.905196,13.386522,24.638600,83.114060,39.982618,148621735339602888000000000000000000.000000,274976772116136397000000000000000000.000000
06/22/2026 14:17:11,0.000000,0.000000,74.151540,74.864967,64.861163,79.342471,77.296293,78.276864,75.210494,74.972284,36.292421,35.844729,35.707848,37.085699,34.752485,34.984428,37.269896,38.079519,38.059928,40.744641,37.120720,39.680653,39.215441,38.511599,40.710456,39.851034,38.686737,39.145197,40.718035,39.257676,40.089557,77.189500,37.059080,37.506535,26.970463,26.370453,27.238886,35.501757,35.869474,35.780883,72.341816,34.631620,38.019302,26.857619,26.776316,27.031199,37.636043,37.841967,38.158409,39.225652,39.581556,31.640995,31.986686,39.551399,39.734794,34.444079,33.604708,40.388824,47.620814,37.406973,41.233785,38.380729,41.779945,40.582234,44.437862,36.747003,41.038396,37.940817,42.306177,35.522725,40.757489,35.526270,40.953826,36.929744,42.394089,38.953676,41.918133,38.337871,40.333050,37.859951,41.853873,38.627025,40.723709,38.090607,39.963019,39.235079,41.408851,82.693927,85.240030,121.586614,86.700072,126.224030,52.504364,46.496212,143.328517,118.070000,2.927000,284.500000,117.349998,2.186000,183.399994,2869320.085077,12.572875,13.085642,24.933660,86.588677,39.975085,148621735339602888000000000000000000.000000,274976772116136397000000000000000000.000000
06/22/2026 14:18:11,0.000000,0.000000,74.242447,74.886095,64.934696,79.382336,77.319824,78.291111,75.196824,75.005498,36.257177,35.843130,35.739475,37.075675,34.636415,34.896774,37.220464,37.999656,37.971310,40.730285,37.124431,39.710776,39.517676,38.686992,40.696897,39.967470,38.910312,39.057677,40.623201,39.239861,40.165234,74.715619,36.635165,37.434377,26.725896,26.158850,27.010446,35.390703,35.742966,35.705310,69.896189,34.336387,37.942989,26.624531,26.587001,26.799583,37.574822,37.769273,38.100679,39.137119,39.560505,31.715507,31.874989,39.492970,39.664034,34.445181,33.606615,40.360324,47.594805,37.385496,41.192609,38.351330,41.755278,40.566337,44.394430,36.720853,41.035562,37.911906,42.290165,35.504219,40.869848,35.517070,40.949119,36.903780,42.371639,38.933777,41.906659,38.328884,40.321002,37.848750,41.845708,38.642222,40.706495,38.098514,39.932127,39.221250,41.401658,80.192188,82.056277,121.059927,83.661854,124.985379,52.527618,46.248945,138.816936,117.849998,2.891000,279.799988,117.129997,2.149000,178.500000,2869380.082383,12.733009,13.241621,24.701368,84.470520,39.962061,148621735339602888000000000000000000.000000,274976772116136397000000000000000000.000000
06/22/2026 14:19:11,0.000000,0.000000,74.124971,74.884470,64.833873,79.365738,77.344890,78.303105,75.209382,75.001586,36.199586,35.813416,35.701782,37.063193,34.663820,34.848336,37.218726,37.993944,38.079500,40.663327,37.081939,39.753876,39.462019,38.591551,40.516395,39.632519,38.989743,39.089450,40.888237,39.253985,40.145172,76.822547,36.932680,37.386837,26.843303,26.214632,27.163111,35.369703,35.743683,35.590833,72.355203,34.447318,37.970742,26.758480,26.724974,26.885133,37.602009,37.768173,38.098355,39.151120,39.553372,31.539897,31.941283,39.479526,39.663378,34.408134,33.561635,40.338186,47.616741,37.358639,41.210760,38.333337,41.767024,40.532304,44.414027,36.726036,41.038812,37.918704,42.281107,35.499723,40.788786,35.509915,40.950255,36.891651,42.375829,38.914598,41.909532,38.328796,40.333688,37.829662,41.846993,38.616144,40.720379,38.075782,39.977753,39.206606,41.403330,80.861920,84.617192,121.921399,85.931186,126.269751,52.653029,46.323904,138.263330,118.059998,2.887000,279.799988,117.339996,2.153000,178.800003,2869440.079907,12.614975,13.198880,24.771862,84.207473,39.957170,148621735339602888000000000000000000.000000,274976772116136397000000000000000000.000000
06/22/2026 14:20:11,0.000000,0.000000,73.829987,74.844965,64.633980,79.363263,77.313343,78.261914,75.211436,75.007864,36.186813,35.755011,35.645584,37.051498,34.583328,34.824190,37.205448,38.009393,38.029653,40.706542,37.110753,39.671249,39.411554,38.565752,40.630431,39.574752,38.963193,39.084521,40.534625,39.154221,39.975826,75.134311,36.519278,37.315952,26.631501,25.971440,26.905797,35.343951,35.707310,35.607181,70.270209,34.223810,37.899767,26.503523,26.507544,26.614445,37.526023,37.718277,38.069979,39.078666,39.467104,31.453173,31.837645,39.439878,39.644900,34.342495,33.548645,40.337639,47.561241,37.365653,41.165820,38.345641,41.748406,40.518502,44.388458,36.722345,41.046038,37.895914,42.267229,35.501219,40.846179,35.513184,40.924691,36.885864,42.359684,38.897943,41.879310,38.316859,40.301078,37.829207,41.836378,38.631089,40.660173,38.092238,39.938204,39.206151,41.381322,80.565255,82.411372,121.061042,83.978532,124.880912,52.447535,45.845236,139.351110,117.879997,2.894000,279.899994,117.180000,2.154000,178.600006,2869500.077168,12.995370,13.579185,24.320582,84.723675,39.945455,148621735339602888000000000000000000.000000,274976772116136397000000000000000000.000000
06/22/2026 14:21:11,0.000000,0.000000,73.844806,74.829771,64.603633,79.408542,77.386953,78.305989,75.226800,75.044773,36.205252,35.724286,35.627704,37.065257,34.593580,34.822465,37.138361,37.960486,37.949095,40.723115,37.057082,39.722433,39.322520,38.446602,40.424467,39.723447,38.887727,39.152003,40.371221,39.267127,40.107327,75.999001,36.483179,37.337367,26.675379,26.005506,26.967533,35.291551,35.681074,35.545937,71.733631,34.210600,37.925081,26.551911,26.539400,26.653916,37.557999,37.700752,38.051905,39.080909,39.469880,31.481819,31.880096,39.415776,39.613310,34.293387,33.536244,40.310365,47.579408,37.371230,41.184131,38.309703,41.775895,40.513446,44.400080,36.730982,41.037768,37.912795,42.240076,35.506748,40.747339,35.515168,40.922685,36.854209,42.352031,38.900406,41.874291,38.294928,40.313560,37.808588,41.829310,38.618696,40.658227,38.083219,39.924359,39.203212,41.374431,80.175858,83.538762,121.813116,84.648451,126.207000,52.489743,45.915425,136.928461,118.080002,2.878000,278.000000,117.370003,2.140000,176.899994,2869560.074430,12.950444,13.538158,24.386923,83.570323,39.938243,148621735339602888000000000000000000.000000,274976772116136397000000000000000000.000000
06/22/2026 14:22:11,0.000000,0.000000,73.861287,74.838628,64.635690,79.368101,77.374640,78.281066,75.198655,75.014088,36.215495,35.709727,35.579026,37.024166,34.512875,34.759968,37.133543,37.910610,37.892605,40.623230,37.050066,39.629017,39.218471,38.539354,40.296780,39.565668,38.928822,39.000741,40.448354,39.261451,40.061019,74.830741,36.535802,37.307701,26.593377,26.024038,26.860087,35.277659,35.645922,35.589653,69.914778,34.239968,37.880216,26.483303,26.440853,26.626948,37.474740,37.706780,37.999006,39.031166,39.466993,31.236966,31.795212,39.417822,39.618441,34.292340,33.484378,40.327213,47.557171,37.370816,41.175358,38.333135,41.739344,40.548178,44.373289,36.742428,41.030620,37.900760,42.246122,35.510505,40.862006,35.526901,40.909026,36.867024,42.340203,38.892498,41.876963,38.304734,40.315853,37.812214,41.816030,38.608012,40.649897,38.080604,39.921309,39.194922,41.360004,80.433697,82.182577,121.046090,83.791505,125.084452,52.409617,46.229183,139.538938,117.949997,2.895000,280.399994,117.239998,2.156000,179.100006,2869620.072034,12.624929,13.197444,24.682772,84.812537,39.939771,148621735339602888000000000000000000.000000,274976772116136397000000000000000000.000000
06/22/2026 14:23:11,0.000000,0.000000,74.547515,74.833163,64.739623,79.383436,77.366843,78.269490,75.195284,75.022544,36.117219,35.662341,35.557332,36.991243,34.479849,34.723847,37.089393,37.843970,37.901460,40.679606,36.976221,39.511106,39.414097,38.496781,40.431195,39.604100,38.932869,38.926692,40.560287,39.085083,40.123638,76.979383,36.810639,37.201634,26.740694,26.159799,27.039534,35.198187,35.531037,35.355543,72.378642,34.421723,37.867967,26.636681,26.607193,26.816267,37.492320,37.688559,38.009620,39.025883,39.426987,31.479471,31.760588,39.404050,39.563670,34.228770,33.456846,40.309606,47.553176,37.354390,41.185412,38.310989,41.731482,40.510800,44.368083,36.742039,41.041018,37.898828,42.255186,35.500634,40.863645,35.510826,40.957090,36.855168,42.348531,38.890713,41.854522,38.318824,40.318015,37.790964,41.839646,38.613182,40.651638,38.099577,39.949493,39.197969,41.388558,80.974939,84.688737,121.892264,85.989169,126.262983,52.495540,46.245927,138.807220,118.019997,2.892000,280.100006,117.320000,2.152000,179.100006,2869680.069628,12.503106,13.169439,24.698528,84.465910,39.940333,148621735339602888000000000000000000.000000,274976772116136397000000000000000000.000000
06/22/2026 14:24:11,0.000000,0.000000,73.976456,74.862417,64.745285,79.369793,77.370860,78.273503,75.192656,75.028362,36.111407,35.652095,35.567467,36.972309,34.482597,34.723046,37.070879,37.905003,37.900520,40.630677,37.015530,39.556606,39.406686,38.517616,40.195596,39.770353,38.753559,39.084496,40.448725,39.230065,40.061199,74.373659,36.223030,37.231830,26.365934,25.695902,26.651007,35.211844,35.542917,35.505252,69.810530,34.062722,37.813075,26.243351,26.251842,26.355525,37.423707,37.632780,37.955627,38.967105,39.358971,31.416545,31.653564,39.390285,39.565339,34.215804,33.386106,40.291448,47.518826,37.346574,41.136709,38.317312,41.713091,40.489739,44.312058,36.748311,41.054344,37.906021,42.228944,35.502427,40.859704,35.514392,40.955756,36.845865,42.316737,38.890995,41.846449,38.305637,40.301777,37.803397,41.808233,38.623137,40.649278,38.071590,39.907027,39.202882,41.355185,79.779949,81.670667,121.166110,83.123031,125.107523,52.501517,45.742727,137.638804,118.110001,2.871000,277.899994,117.419998,2.139000,176.800003,2869740.067028,13.008239,13.589484,24.223591,83.909889,39.927461,148621735339602888000000000000000000.000000,274976772116136397000000000000000000.000000
06/22/2026 14:25:11,0.000000,0.000000,74.711051,74.855972,64.894383,79.393393,77.384405,78.276935,75.225491,75.024035,36.175559,35.632992,35.534184,36.986874,34.442187,34.662243,37.048861,37.894936,37.872193,40.528028,37.004422,39.628878,39.291991,38.480500,40.441039,39.690221,38.849223,39.147919,40.346442,39.215408,40.032099,76.986651,36.865163,37.120375,26.705191,26.118023,26.969199,35.132207,35.490345,35.303318,72.358960,34.354516,37.824967,26.616879,26.518136,26.759172,37.449526,37.641799,37.975380,38.978451,39.336001,31.413834,31.878942,39.386936,39.573014,34.252379,33.411304,40.293084,47.529451,37.358217,41.150499,38.313045,41.724756,40.504503,44.325000,36.745447,41.055440,37.890332,42.225644,35.507236,40.820462,35.536039,40.922930,36.848262,42.315662,38.884621,41.851090,38.314634,40.319562,37.777492,41.821609,38.601694,40.623103,38.069185,39.905950,39.177022,41.328954,81.297243,84.750121,121.917097,86.129417,126.303394,52.470077,46.326727,139.566950,118.099998,2.901000,281.100006,117.400002,2.162000,179.899994,2869800.064682,12.345860,13.050452,24.774515,84.825783,39.924698,148621735339602888000000000000000000.000000,274976772116136397000000000000000000.000000
06/22/2026 14:26:11,0.000000,0.000000,73.989900,74.859370,64.757166,79.371191,77.320447,78.275323,75.187623,75.022906,36.085043,35.597802,35.502977,36.984220,34.397814,34.652041,37.048706,37.884178,37.834008,40.598737,36.967964,39.453397,39.167607,38.488889,40.243555,39.458159,38.583639,38.806973,40.419231,39.185088,40.024526,74.367223,36.054673,37.041129,26.408687,25.748959,26.683475,35.086092,35.384420,35.239038,69.876120,34.036678,37.803291,26.280828,26.214685,26.409288,37.403951,37.607284,37.898796,38.944322,39.289667,31.320688,31.786258,39.315010,39.499340,34.153801,33.285402,40.289406,47.504440,37.332448,41.119130,38.305853,41.698355,40.488632,44.283781,36.742775,41.042644,37.900459,42.201879,35.555146,40.801585,35.531661,40.921468,36.851659,42.305643,38.922656,41.830953,38.316158,40.302581,37.797575,41.795122,38.616595,40.600294,38.086941,39.907359,39.194424,41.331353,79.602597,81.532000,121.174604,82.989837,125.172094,52.413295,45.832580,137.029013,118.129997,2.873000,277.600006,117.419998,2.137000,176.500000,2869860.062421,12.732515,13.494677,24.308614,83.618461,39.919299,148621735339602888000000000000000000.000000,274976772116136397000000000000000000.000000
06/22/2026 14:27:11,0.000000,0.000000,73.904092,74.859838,64.748662,79.364587,77.414082,78.265765,75.211658,75.024137,36.105809,35.582248,35.483433,36.927234,34.393008,34.621506,37.025658,37.894290,37.863124,40.584161,36.974553,39.467582,39.212673,38.528695,40.298569,39.702802,38.682701,39.061756,40.695958,39.064403,40.058570,76.754870,36.614770,37.086355,26.698461,26.100116,26.953090,35.054525,35.458788,35.294359,72.313576,34.335829,37.822455,26.564745,26.475381,26.749474,37.414290,37.610990,37.940428,38.944866,39.283215,31.208569,31.631391,39.365015,39.522879,34.152197,33.327720,40.279818,47.515244,37.333220,41.127819,38.305740,41.690447,40.465739,44.285103,36.727739,41.050355,37.883460,42.186289,35.511350,40.703042,35.532620,40.930950,36.833318,42.301637,38.869653,41.804961,38.282948,40.287514,37.753296,41.783329,38.589747,40.593637,38.063478,39.881305,39.179336,41.315864,81.096893,84.580934,121.897837,85.926474,126.230147,52.427268,46.305699,138.949386,118.019997,2.889000,280.200012,117.300003,2.157000,179.500000,2869920.059917,12.331608,13.067708,24.754747,84.533351,39.902299,148621735339602888000000000000000000.000000,274976772116136397000000000000000000.000000
06/22/2026 14:28:11,0.000000,0.000000,74.292912,74.856679,64.841661,79.402350,77.406441,78.272859,75.223456,75.018620,36.062531,35.590785,35.495516,36.942734,34.363738,34.561189,37.011118,37.779909,37.793429,40.567105,36.985287,39.561957,39.139026,38.422755,40.355006,39.393343,38.792545,39.012733,40.383249,39.111555,40.014435,75.255352,36.435900,36.954038,26.485033,25.855745,26.762040,35.025936,35.310547,35.126581,70.484638,34.182480,37.777197,26.379565,26.333537,26.481079,37.388329,37.583710,37.906726,38.920914,39.284792,31.348734,31.675307,39.309568,39.534906,34.129682,33.298267,40.287181,47.503125,37.347916,41.127485,38.316445,41.695463,40.497626,44.267309,36.771721,41.046688,37.853269,42.192295,35.515456,40.667497,35.521660,40.914598,36.808920,42.305000,38.856262,41.807007,38.280053,40.291233,37.745097,41.771399,38.577770,40.589081,38.041239,39.891730,39.160122,41.308141,80.821905,82.780733,121.350654,84.353228,125.248550,52.430427,45.919806,140.052710,118.000000,2.893000,280.700012,117.300003,2.156000,179.500000,2869980.057324,12.562977,13.386136,24.391061,85.055200,39.898626,148621735339602888000000000000000000.000000,274976772116136397000000000000000000.000000
06/22/2026 14:29:11,0.000000,0.000000,74.168836,74.846339,64.817944,79.374931,77.371375,78.278226,75.189001,75.008656,36.037680,35.558386,35.429433,36.878751,34.311087,34.545820,36.935484,37.790958,37.777027,40.521254,36.932154,39.443946,39.106099,38.396421,40.377912,39.578980,38.619500,38.883423,40.088948,39.204161,40.009191,75.731166,36.292524,36.974871,26.522239,25.851394,26.836316,34.975845,35.360202,35.148319,71.509520,34.027511,37.775554,26.424376,26.410971,26.521164,37.388643,37.563693,37.912962,38.892724,39.230224,31.296283,31.723545,39.290035,39.484954,34.099812,33.280543,40.250669,47.506165,37.311203,41.129229,38.289050,41.687336,40.456897,44.271043,36.755580,41.055131,37.868814,42.200726,35.520672,40.710103,35.530421,40.937278,36.806056,42.300102,38.849137,41.794192,38.288764,40.312257,37.737022,41.796520,38.575621,40.598704,38.045591,39.898716,39.163531,41.309780,80.259423,83.499206,122.036473,84.640065,126.366504,52.436334,45.744187,137.353015,118.070000,2.879000,278.299988,117.370003,2.143000,177.199997,2870040.054474,12.749898,13.550581,24.224973,83.773413,39.898544,148621735339602888000000000000000000.000000,274976772116136397000000000000000000.000000
06/22/2026 14:30:11,0.000000,0.000000,74.034557,74.878212,64.785641,79.381399,77.380807,78.296063,75.182076,75.027496,36.023028,35.558348,35.454213,36.918994,34.336371,34.562223,36.959435,37.792791,37.849012,40.519456,36.975908,39.449667,39.259150,38.383163,40.363002,39.708656,38.590332,38.840583,40.408291,39.104874,39.969954,74.821166,36.226099,37.076138,26.342514,25.716732,26.645463,35.059536,35.415048,35.350340,70.040986,34.027796,37.763708,26.228727,26.205040,26.340310,37.336151,37.565137,37.858227,38.883508,39.265595,31.283002,31.897367,39.290594,39.474930,34.090164,33.263263,40.251160,47.474620,37.358400,41.102716,38.298213,41.669396,40.444655,44.245709,36.744166,41.035466,37.868954,42.163950,35.512359,40.787692,35.530970,40.912768,36.802656,42.265600,38.867000,41.793524,38.288303,40.281403,37.756887,41.758739,38.597725,40.578220,38.041386,39.872926,39.165276,41.300962,80.509997,82.238997,121.219618,83.758167,125.098534,52.400184,46.038767,139.307877,118.169998,2.888000,279.799988,117.570000,2.155000,178.800003,2870100.051993,12.572777,13.260347,24.503361,84.703210,39.892393,148621735339602888000000000000000000.000000,274976772116136397000000000000000000.000000
06/22/2026 14:31:11,0.000000,0.000000,73.875192,74.873218,64.722011,79.381370,77.382042,78.290564,75.196052,75.024578,36.006017,35.547531,35.438962,36.871580,34.269720,34.538185,36.952882,37.893170,37.809505,40.488006,36.890353,39.487508,39.313760,38.459025,40.402283,39.522250,38.670791,38.898955,40.391677,39.110732,39.964313,76.198726,36.370062,37.004576,26.564638,25.942540,26.855923,35.019616,35.342790,35.130902,71.828971,34.092019,37.733661,26.445466,26.419996,26.587754,37.352849,37.557962,37.878540,38.892763,39.212668,31.234436,31.530728,39.274614,39.478796,34.098939,33.294803,40.249388,47.453822,37.333360,41.122678,38.297490,41.677909,40.438208,44.220442,36.764678,41.080413,37.843386,42.189497,35.493756,40.785939,35.518571,40.951165,36.792143,42.297208,38.840493,41.793495,38.267087,40.302087,37.724610,41.783485,38.562976,40.569824,38.031197,39.887440,39.143200,41.299183,80.391617,83.843915,121.978519,84.978205,126.326506,52.394111,45.876485,137.617755,117.980003,2.881000,278.799988,117.360001,2.145000,177.600006,2870160.049746,12.654451,13.383536,24.350125,83.899844,39.890504,148621735339602888000000000000000000.000000,274976772116136397000000000000000000.000000
06/22/2026 14:32:11,0.000000,0.000000,74.238355,74.865953,64.758271,79.365473,77.331988,78.275910,75.188365,75.002951,36.003217,35.522130,35.418876,36.852324,34.290788,34.516210,36.889684,37.861416,37.668839,40.466726,36.910559,39.377474,39.150328,38.300718,40.408066,39.679259,38.690377,38.817483,40.433242,39.059281,39.909679,74.364848,36.144288,36.949297,26.288935,25.649714,26.565089,35.004740,35.299996,35.137752,69.837714,33.973914,37.688928,26.164271,26.156673,26.279135,37.275627,37.513470,37.817298,38.840866,39.229329,31.229880,31.500777,39.228011,39.438379,34.065353,33.219877,40.231499,47.446981,37.310074,41.072218,38.294546,41.635917,40.440634,44.193487,36.763133,41.046407,37.878612,42.161252,35.527836,40.619476,35.547333,40.921035,36.789287,42.264039,38.843809,41.760744,38.283963,40.292931,37.721611,41.772931,38.592551,40.567849,38.056602,39.877530,39.167557,41.281680,79.273607,81.705333,121.142734,83.167097,125.126419,52.320252,45.669812,136.037090,118.239998,2.873000,277.600006,117.580002,2.137000,176.300003,2870220.046854,12.794772,13.534403,24.154525,83.142565,39.878784,148621735339602888000000000000000000.000000,274976772116136397000000000000000000.000000
06/22/2026 14:33:11,0.000000,0.000000,74.511856,74.866803,64.700554,79.374612,77.347888,78.278748,75.170141,75.007533,35.967713,35.515852,35.393096,36.816293,34.245765,34.484955,36.891378,37.818924,37.666555,40.406754,36.843686,39.391831,39.008078,38.338056,40.340161,39.365691,38.814043,39.259198,40.258907,39.069078,39.965562,77.069248,36.689963,36.907632,26.575650,25.953111,26.842364,34.968106,35.287755,35.030627,72.305565,34.215598,37.725897,26.463532,26.368799,26.598162,37.306556,37.505935,37.844993,38.879116,39.172276,31.161106,31.475673,39.276508,39.458202,34.062669,33.258396,40.239287,47.466970,37.339158,41.099846,38.296216,41.645494,40.457272,44.206102,36.778963,41.042875,37.865347,42.151572,35.534341,40.722803,35.543646,40.921748,36.794428,42.272533,38.835571,41.751217,38.276029,40.270480,37.715881,41.753310,38.589185,40.532326,38.051007,39.865336,39.157867,41.264535,82.059450,85.023487,121.768690,86.440711,126.334378,52.282456,46.342692,141.654101,118.120003,2.911000,282.600006,117.349998,2.171000,181.399994,2870280.044532,12.118111,12.936376,24.789521,85.807790,39.881378,148621735339602888000000000000000000.000000,274976772116136397000000000000000000.000000
06/22/2026 14:34:11,0.000000,0.000000,73.765872,74.836696,64.705144,79.361188,77.320109,78.276668,75.188519,74.996769,35.940582,35.459901,35.357525,36.868827,34.244323,34.481738,36.920193,37.813242,37.695607,40.486795,36.869229,39.486087,39.242211,38.490714,40.358282,39.468500,38.609506,38.951092,40.206299,38.932560,39.899108,74.173765,36.110643,36.866141,26.364348,25.737236,26.627082,34.923664,35.239342,35.043831,70.018910,33.879521,37.681198,26.210532,26.185057,26.349283,37.291974,37.508595,37.816447,38.839574,39.170447,31.231889,31.545556,39.234174,39.413672,33.984541,33.231463,40.215231,47.422796,37.334219,41.069845,38.303205,41.631923,40.427385,44.185121,36.769291,41.040379,37.831028,42.166658,35.515080,40.644227,35.510205,40.935666,36.748248,42.246152,38.811725,41.774504,38.234369,40.283988,37.683473,41.766817,38.544476,40.551245,38.015651,39.876338,39.117135,41.293865,78.229248,81.292031,121.310390,82.676235,125.353668,52.416664,45.872104,133.135157,118.260002,2.844000,274.299988,117.500000,2.116000,173.699997,2870340.041354,12.520157,13.335214,24.345984,81.736976,39.865008,148621735339602888000000000000000000.000000,274976772116136397000000000000000000.000000
06/22/2026 14:35:11,0.000000,0.000000,73.829737,74.858235,64.631162,79.371323,77.351331,78.245579,75.200889,74.991401,35.943515,35.450870,35.318797,36.812669,34.254113,34.494630,36.873894,37.747994,37.655224,40.405593,36.826593,39.476411,39.064023,38.256718,40.349182,39.306364,38.466021,38.923724,40.400104,38.949316,39.871708,76.966440,36.665642,36.908975,26.492830,25.904226,26.764474,34.995581,35.291727,35.146771,72.090124,34.144420,37.696841,26.370698,26.290706,26.553668,37.266063,37.479155,37.808785,38.815153,39.187384,31.175031,31.577365,39.208767,39.368867,33.937655,33.154873,40.204068,47.418777,37.301411,41.073717,38.269996,41.628474,40.425253,44.169409,36.767591,41.037227,37.849514,42.144613,35.503774,40.684068,35.540997,40.903679,36.770514,42.233413,38.820115,41.716029,38.263389,40.291350,37.708977,41.729416,38.577558,40.517342,38.043045,39.838881,39.138183,41.244463,83.111339,85.118949,121.852711,86.467087,126.101553,52.394554,46.071963,144.918087,118.220001,2.924000,284.200012,117.519997,2.188000,183.199997,2870400.038918,12.374306,13.162172,24.534669,87.324401,39.860508,148621735339602888000000000000000000.000000,274976772116136397000000000000000000.000000
06/22/2026 14:36:11,0.000000,0.000000,74.071121,74.894884,64.857664,79.366174,77.326372,78.271141,75.177439,75.003005,35.977268,35.500597,35.377396,36.809649,34.193827,34.425932,36.816845,37.774084,37.749005,40.400842,36.889948,39.350368,39.098069,38.297422,40.123210,39.403847,38.513188,38.716681,40.269653,39.003073,39.888751,74.380706,36.041342,36.830528,26.380905,25.779284,26.657039,34.904446,35.232099,35.080482,70.073242,33.888791,37.667203,26.275483,26.210680,26.409875,37.254653,37.483662,37.784508,38.803263,39.195295,31.216441,31.538130,39.214146,39.433336,33.999899,33.183787,40.196164,47.418750,37.313763,41.071929,38.298672,41.630413,40.419266,44.155997,36.774850,41.061797,37.843695,42.144978,35.500344,40.755945,35.544656,40.914496,36.761478,42.238988,38.805854,41.748429,38.257217,40.288277,37.699708,41.770337,38.559045,40.532616,38.031420,39.858575,39.129812,41.257673,78.342327,81.475252,121.433078,82.804789,125.287434,52.341627,45.735620,133.396820,118.410004,2.848000,274.700012,117.629997,2.118000,174.000000,2870460.036429,12.613666,13.450341,24.216862,81.864542,39.866171,148621735339602888000000000000000000.000000,274976772116136397000000000000000000.000000
06/22/2026 14:37:11,0.000000,0.000000,73.849135,74.857331,64.709780,79.348505,77.352049,78.260603,75.197127,75.006224,35.990549,35.395562,35.326421,36.783471,34.199522,34.447156,36.834136,37.702534,37.639403,40.386302,36.732002,39.412474,39.094024,38.247446,40.349678,39.458123,38.530284,38.641083,40.383175,38.977803,39.886171,76.882915,36.486332,36.879255,26.413469,25.782804,26.665471,34.928439,35.243228,35.078755,71.962206,34.155173,37.665210,26.284192,26.230116,26.410128,37.265072,37.467556,37.772477,38.791689,39.132872,31.205520,31.452806,39.205132,39.399189,33.970848,33.138353,40.174477,47.375924,37.295159,41.066174,38.258452,41.596982,40.391071,44.107326,36.735023,41.025706,37.867550,42.102342,35.518972,40.566634,35.550876,40.899580,36.772589,42.204837,38.829370,41.707222,38.270975,40.264557,37.703753,41.713058,38.573937,40.492668,38.041707,39.830935,39.133409,41.230022,83.138192,84.933494,121.637414,86.377985,126.021464,52.303082,45.791304,144.820935,118.059998,2.924000,284.700012,117.559998,2.183000,183.300003,2870520.033854,12.609686,13.395641,24.269569,87.279589,39.843376,148621735339602888000000000000000000.000000,274976772116136397000000000000000000.000000
06/22/2026 14:38:11,0.000000,0.000000,73.870972,74.891816,64.704918,79.374557,77.324243,78.284585,75.169259,75.017210,35.953901,35.436888,35.335396,36.829984,34.192036,34.419261,36.799239,37.701703,37.655865,40.355139,36.789629,39.340210,39.125846,38.343331,40.328588,39.256193,38.468849,38.813143,40.218362,38.981263,39.922692,74.617819,36.112642,36.835844,26.286164,25.633974,26.545339,34.890805,35.209598,35.059307,70.394701,33.912662,37.629995,26.192717,26.154281,26.287411,37.241367,37.443415,37.775751,38.767155,39.155510,31.227495,31.533589,39.187219,39.386572,33.927953,33.090978,40.164524,47.373748,37.307987,41.034494,38.268174,41.604625,40.403570,44.100039,36.747579,41.049718,37.856311,42.114457,35.509032,40.581857,35.549799,40.911718,36.748952,42.220444,38.811503,41.696455,38.253224,40.274603,37.677593,41.733829,38.581547,40.508749,38.032216,39.839977,39.121412,41.235215,78.731838,81.845753,121.677991,83.113920,125.607052,52.347122,45.761905,134.467112,118.180000,2.858000,275.799988,117.589996,2.126000,174.899994,2870580.031510,12.594098,13.388249,24.241746,82.384617,39.843778,148621735339602888000000000000000000.000000,274976772116136397000000000000000000.000000
06/22/2026 14:39:11,0.000000,0.000000,73.785140,74.885936,64.744717,79.377603,77.344146,78.258179,75.179160,74.985718,35.899987,35.350586,35.313354,36.732483,34.167012,34.414655,36.839074,37.807775,37.676314,40.373758,36.805676,39.409279,39.116856,38.321969,40.182355,39.532712,38.440974,38.879276,40.137239,38.987380,39.898742,76.575407,36.349792,36.800741,26.471905,25.901172,26.759189,34.901712,35.211635,34.982419,71.661041,34.068474,37.661475,26.383198,26.292929,26.554769,37.232221,37.422335,37.769725,38.755841,39.042678,31.129568,31.515425,39.186034,39.384506,33.922320,33.063581,40.182307,47.387256,37.293369,41.044148,38.281836,41.616625,40.404578,44.079998,36.768501,41.063776,37.851426,42.114871,35.514514,40.708387,35.559711,40.928975,36.758334,42.213085,38.832357,41.705801,38.244588,40.277882,37.685302,41.729315,38.557149,40.515026,38.047789,39.846259,39.123814,41.235851,82.410786,84.482412,121.568858,85.925803,125.771102,52.252529,45.937134,143.214525,118.190002,2.919000,283.500000,117.440002,2.178000,182.199997,2870640.028655,12.393312,13.254046,24.407429,86.535709,39.852428,148621735339602888000000000000000000.000000,274976772116136397000000000000000000.000000
06/22/2026 14:40:11,0.000000,0.000000,73.838131,74.853522,64.628102,79.389063,77.359004,78.292377,75.190472,75.010550,35.923886,35.482193,35.328406,36.771115,34.203992,34.446300,36.788703,37.694714,37.675854,40.376823,36.810082,39.288581,39.043763,38.361849,40.281537,39.460903,38.654008,38.947041,40.187717,39.145131,39.888364,75.121445,36.181319,36.846950,26.184279,25.483742,26.458220,34.863405,35.211910,35.040337,70.638520,33.937162,37.612708,26.048300,26.047406,26.140051,37.207885,37.394025,37.732428,38.738450,39.121934,31.089311,31.529083,39.148965,39.392869,33.923192,33.121183,40.134106,47.379685,37.253867,41.043119,38.259606,41.586016,40.375684,44.082364,36.736821,41.043669,37.830355,42.095670,35.490484,40.643124,35.536569,40.904775,36.739318,42.222277,38.774949,41.696091,38.224049,40.262681,37.651048,41.723658,38.559857,40.498696,38.007554,39.823744,39.106385,41.219788,79.300643,82.317828,121.789355,83.655051,125.638046,52.329612,45.570905,135.527527,118.300003,2.868000,277.100006,117.480003,2.134000,175.800003,2870700.026258,12.786211,13.551969,24.060739,82.897198,39.830200,148621735339602888000000000000000000.000000,274976772116136397000000000000000000.000000
06/22/2026 14:41:11,0.000000,0.000000,74.314030,74.814411,64.582526,79.360276,77.296868,78.241671,75.170206,74.991969,35.905182,35.384150,35.274672,36.735749,34.178722,34.373556,36.802630,37.641452,37.691662,40.398744,36.755562,39.228184,39.124524,38.193628,40.421376,39.034601,38.912286,38.767542,40.461357,39.046857,39.958251,76.362896,36.371055,36.846766,26.314464,25.708341,26.606696,34.892847,35.259071,35.036962,71.532142,33.988591,37.620885,26.175461,26.122274,26.332895,37.203684,37.407951,37.759511,38.765058,39.110246,31.224995,31.626430,39.157126,39.344138,33.874128,33.006634,40.131590,47.372355,37.266784,41.030450,38.239385,41.592915,40.373784,44.073458,36.734913,41.046595,37.838152,42.118369,35.489106,40.689747,35.516580,40.906044,36.722011,42.235905,38.774955,41.679826,38.219465,40.281456,37.631877,41.750615,38.534830,40.465231,38.013302,39.823309,39.087689,41.221821,81.882606,84.117811,121.398258,85.504177,125.635543,52.283053,45.747302,142.288180,118.330002,2.909000,282.500000,117.480003,2.174000,181.500000,2870760.023550,12.618844,13.392963,24.227922,86.104220,39.828751,148621735339602888000000000000000000.000000,274976772116136397000000000000000000.000000
06/22/2026 14:42:11,0.000000,0.000000,73.723442,74.826007,64.686629,79.384489,77.330829,78.289480,75.179221,75.001408,35.916830,35.474247,35.382066,36.756503,34.188446,34.355321,36.772352,37.731412,37.684724,40.448204,36.771622,39.438071,39.100662,38.381708,39.964773,39.449017,38.687571,38.758188,40.154251,38.928527,39.877795,75.351177,36.257036,36.683258,26.249823,25.606558,26.548325,34.709504,35.053643,34.784021,70.839695,34.014361,37.581644,26.132202,26.129074,26.255748,37.187045,37.400600,37.736137,38.713908,39.034900,31.220189,31.574845,39.158172,39.376055,33.947112,33.055576,40.125909,47.351656,37.259974,41.008708,38.252898,41.574122,40.371260,44.023593,36.757155,41.009398,37.841457,42.072431,35.512650,40.673954,35.565824,40.882730,36.744591,42.187152,38.819113,41.627522,38.254624,40.232828,37.665736,41.692289,38.563681,40.444558,38.033207,39.800857,39.131633,41.194371,79.634381,82.655602,121.878183,84.021085,125.788707,52.337216,45.664652,136.064940,118.430000,2.874000,277.899994,117.629997,2.137000,176.699997,2870820.020983,12.533623,13.432009,24.149635,83.155958,39.822529,148621735339602888000000000000000000.000000,274976772116136397000000000000000000.000000
06/22/2026 14:43:11,0.000000,0.000000,74.283636,74.793329,64.704441,79.350457,77.313566,78.230998,75.156202,74.973316,35.880526,35.329782,35.286344,36.719480,34.145978,34.367890,36.794623,37.738632,37.612259,40.281285,36.764558,39.300621,39.148006,38.237452,40.355707,39.250710,38.535072,38.637043,39.993216,38.951261,39.831576,75.869150,36.177844,36.795698,26.229448,25.613895,26.519018,34.895119,35.202385,35.052979,71.088520,34.026914,37.584885,26.118943,26.070671,26.267599,37.167375,37.380936,37.712514,38.730919,39.066812,31.148152,31.476087,39.131933,39.330419,33.800365,32.934461,40.110286,47.326791,37.273707,41.010935,38.241883,41.564435,40.364201,44.004289,36.754046,41.023319,37.821411,42.074467,35.513049,40.648374,35.557361,40.886228,36.736603,42.181330,38.784581,41.625654,38.247252,40.245299,37.655707,41.690069,38.535848,40.438283,38.014986,39.795899,39.108830,41.187026,81.312512,83.388325,121.217947,84.873271,125.297664,52.229914,45.700866,140.659101,118.379997,2.909000,281.200012,117.800003,2.162000,179.899994,2870880.018589,12.611751,13.400938,24.183947,85.340849,39.814072,148621735339602888000000000000000000.000000,274976772116136397000000000000000000.000000
06/22/2026 14:44:11,0.000000,0.000000,73.816634,74.793604,64.593112,79.365284,77.292621,78.254681,75.164759,74.990323,35.858910,35.438896,35.289977,36.725147,34.113044,34.341179,36.737861,37.702707,37.593783,40.360218,36.725267,39.429750,38.939684,38.205570,40.043228,39.288510,38.557926,38.769352,40.370673,38.974986,39.908778,75.273188,36.299669,36.691798,26.295403,25.641430,26.556364,34.802734,35.134419,34.821805,70.807599,33.979459,37.606178,26.133771,26.109636,26.260147,37.186092,37.369585,37.723584,38.708873,39.062479,31.091194,31.533639,39.131195,39.357464,33.912410,33.081175,40.106784,47.342577,37.265372,41.022883,38.244158,41.579442,40.354124,44.012235,36.754985,41.039273,37.814010,42.093916,35.492800,40.491305,35.517616,40.887510,36.693202,42.196117,38.767655,41.625499,38.200535,40.264777,37.629286,41.715244,38.535077,40.441211,37.988325,39.798388,39.092603,41.185362,80.258674,82.922325,121.848210,84.253917,125.985857,52.301672,45.708654,137.750529,118.260002,2.889000,279.299988,117.680000,2.149000,178.000000,2870940.016150,12.500474,13.414854,24.191324,83.963191,39.805076,148621735339602888000000000000000000.000000,274976772116136397000000000000000000.000000
06/22/2026 14:45:11,0.000000,0.000000,73.667137,74.794281,64.641264,79.347633,77.261025,78.250052,75.167228,74.960689,35.882763,35.378557,35.265090,36.715223,34.144370,34.335663,36.741119,37.694030,37.575155,40.296284,36.733609,39.317547,38.956703,38.113072,40.304202,39.196487,38.620198,38.883678,39.970671,38.911919,39.810760,75.619210,35.952347,36.778343,26.193427,25.540295,26.455748,34.918730,35.245492,35.085896,70.911791,33.936598,37.593161,26.038365,25.984279,26.199297,37.173199,37.360674,37.693896,38.716739,39.099336,31.123076,31.492003,39.136861,39.350339,33.818648,32.985971,40.100096,47.309704,37.272765,40.994594,38.265674,41.568762,40.347392,43.984047,36.743798,41.040878,37.823576,42.084531,35.498464,40.502658,35.538345,40.884619,36.696049,42.171174,38.769969,41.626924,38.231757,40.259798,37.637549,41.720490,38.526216,40.452328,38.001685,39.802903,39.077028,41.176428,81.156481,83.213955,121.146237,84.688062,125.385701,52.164155,45.734939,140.446338,118.400002,2.896000,280.799988,117.739998,2.162000,179.699997,2871000.013638,12.562126,13.376944,24.216217,85.240717,39.803673,148621735339602888000000000000000000.000000,274976772116136397000000000000000000.000000
06/22/2026 14:46:11,0.000000,0.000000,73.956495,74.770651,64.612216,79.352588,77.257987,78.257537,75.185048,74.970487,35.862056,35.354292,35.255892,36.701188,34.123187,34.335787,36.743259,37.561811,37.604436,40.355419,36.738145,39.418660,38.871223,38.325621,40.265805,39.327851,38.623187,38.707934,40.087781,38.973151,39.949769,75.086110,36.089369,36.682513,26.207723,25.553257,26.515618,34.787412,35.112453,34.798500,70.790164,33.903947,37.571577,26.065258,26.032182,26.196119,37.167844,37.371236,37.710036,38.715204,39.027499,31.122704,31.502325,39.113432,39.344999,33.845687,33.067993,40.097242,47.300244,37.270704,41.020709,38.260965,41.540846,40.362160,43.960162,36.761729,41.022461,37.823643,42.069654,35.466468,40.486275,35.555094,40.878146,36.711666,42.188414,38.770511,41.590963,38.227470,40.251997,37.623535,41.703285,38.523070,40.445382,38.000019,39.785813,39.078039,41.157636,79.746342,82.625043,121.957124,83.844251,125.917982,52.297278,45.725885,136.482856,118.150002,2.874000,277.899994,117.550003,2.137000,176.399994,2871060.011260,12.474870,13.363934,24.207643,83.356714,39.797810,148621735339602888000000000000000000.000000,274976772116136397000000000000000000.000000
06/22/2026 14:47:11,0.000000,0.000000,73.883829,74.781716,64.538741,79.353456,77.258857,78.239050,75.183563,74.952950,35.870999,35.321577,35.281242,36.724159,34.083199,34.304241,36.747059,37.686263,37.568278,40.322907,36.754156,39.270883,38.928992,38.238589,40.140069,39.348839,38.442090,38.755943,40.043181,38.935548,39.770957,75.635544,36.060270,36.754318,26.265850,25.622146,26.523242,34.862726,35.198819,35.054733,70.810302,33.971187,37.586544,26.084416,26.084863,26.251306,37.182650,37.363049,37.690045,38.708037,39.096261,31.101699,31.524985,39.125555,39.319191,33.794833,32.908745,40.087003,47.303563,37.266990,41.012611,38.256372,41.545786,40.340239,43.963771,36.756523,41.025918,37.823579,42.059042,35.489130,40.469601,35.545407,40.874828,36.700808,42.155871,38.772254,41.581705,38.222952,40.240443,37.606639,41.690320,38.532569,40.438313,38.006181,39.787554,39.076615,41.168975,81.102825,83.098219,120.940640,84.629334,125.135915,52.093999,45.710017,140.433546,118.449997,2.899000,280.899994,117.559998,2.159000,179.600006,2871120.008184,12.561703,13.393929,24.192615,85.234694,39.793385,148621735339602888000000000000000000.000000,274976772116136397000000000000000000.000000
06/22/2026 14:48:11,0.000000,0.000000,73.756587,74.775879,64.614942,79.353676,77.235907,78.247266,75.167705,74.970459,35.856406,35.291904,35.244032,36.681691,34.065450,34.329546,36.747280,37.663060,37.548412,40.263023,36.725421,39.266040,38.930324,38.250964,40.196240,39.327890,38.495565,38.818665,40.047200,38.938691,39.903312,75.291598,35.999288,36.657106,26.272854,25.656427,26.544989,34.744862,35.120464,34.861951,70.921009,33.841450,37.555435,26.167825,26.080222,26.290435,37.142654,37.355779,37.680846,38.682960,38.958440,31.164803,31.470014,39.111243,39.292974,33.811067,32.942614,40.078713,47.270017,37.252480,40.977483,38.257779,41.529623,40.318766,43.907751,36.753979,41.012050,37.809656,42.050027,35.458386,40.616956,35.531503,40.883008,36.683810,42.182115,38.754917,41.577623,38.201264,40.239514,37.607475,41.698094,38.513002,40.408680,37.979992,39.764509,39.076567,41.153967,79.634875,82.783365,122.051759,83.965760,126.047511,52.351818,45.723354,136.046320,118.529999,2.867000,277.100006,117.739998,2.136000,176.000000,2871180.006308,12.451859,13.350188,24.205247,83.147004,39.784990,148621735339602888000000000000000000.000000,274976772116136397000000000000000000.000000
06/22/2026 14:49:11,0.000000,0.000000,73.929254,74.812728,64.712529,79.369536,77.197880,78.262726,75.156275,74.989440,35.846025,35.362627,35.196849,36.687375,34.060942,34.351223,36.713192,37.601610,37.516836,40.317012,36.680538,39.330364,38.926285,38.203199,40.148201,39.211432,38.692082,38.855373,40.318224,38.973629,39.816228,75.721099,36.133203,36.713483,26.171581,25.601162,26.455803,34.849689,35.146332,34.984943,70.743763,33.927345,37.540965,26.073188,26.014633,26.230458,37.125759,37.327393,37.672698,38.713663,39.055179,31.050846,31.413102,39.111594,39.273036,33.747027,32.881513,40.074114,47.261074,37.251385,40.972872,38.236812,41.525896,40.322081,43.899650,36.747133,40.982301,37.831485,42.024711,35.470733,40.597961,35.542520,40.884342,36.693115,42.144679,38.761015,41.552914,38.211880,40.204287,37.602630,41.669107,38.513921,40.391863,37.987422,39.763988,39.074819,41.132862,81.074695,83.041628,121.079322,84.567396,125.230837,52.349982,45.771347,140.228879,118.440002,2.895000,281.500000,117.629997,2.162000,180.000000,2871240.003114,12.462800,13.290282,24.250683,85.138271,39.777652,148621735339602888000000000000000000.000000,274976772116136397000000000000000000.000000
06/22/2026 14:50:11,0.000000,0.000000,74.456892,74.788625,64.694549,79.350905,77.228494,78.231866,75.179298,74.982054,35.875592,35.322185,35.230430,36.665827,34.056193,34.269254,36.723924,37.721930,37.559159,40.258758,36.712730,39.345051,38.963040,38.240430,40.197656,39.250800,38.442739,38.655078,40.161029,38.948552,39.817124,75.035014,36.152700,36.608185,26.203890,25.539585,26.518488,34.683053,35.055137,34.763339,70.769679,33.913158,37.534124,26.082809,26.060460,26.169556,37.125197,37.330369,37.674007,38.672157,38.979966,31.092967,31.520710,39.094711,39.317463,33.821514,32.996637,40.051625,47.250876,37.242386,40.972717,38.217225,41.510216,40.299770,43.892348,36.727819,41.010807,37.802222,42.027248,35.468732,40.475313,35.555585,40.865793,36.685532,42.150354,38.757005,41.547158,38.211556,40.235242,37.608051,41.684872,38.524892,40.392706,37.991801,39.758660,39.072289,41.133419,79.661890,82.553502,121.989630,83.774954,125.928457,52.347301,45.693760,136.128899,118.610001,2.867000,276.600006,117.820000,2.132000,176.000000,2871300.000957,12.430969,13.356908,24.177216,83.186709,39.770807,148621735339602888000000000000000000.000000,274976772116136397000000000000000000.000000
06/22/2026 14:51:13,0.000000,0.000000,73.772886,74.790468,64.662634,79.377374,77.269353,78.264261,75.173512,74.991897,35.797655,35.301374,35.219813,36.697583,34.064525,34.292674,36.681429,37.742240,37.561833,40.265387,36.690628,39.300405,38.876453,38.130356,40.042109,39.227406,38.368571,38.806913,40.144296,38.926499,39.885033,75.632513,36.070818,36.729904,26.231847,25.557272,26.477628,34.804186,35.162914,34.966499,70.892444,33.829772,37.545142,26.043442,26.026456,26.189965,37.083036,37.309441,37.661565,38.642517,39.046554,31.138385,31.309488,39.072506,39.270124,33.715226,32.905881,40.021154,47.250144,37.234128,40.961417,38.220901,41.517330,40.295442,43.866112,36.751347,40.998148,37.805861,42.008011,35.477396,40.423147,35.563362,40.867093,36.679317,42.144683,38.780879,41.532686,38.210518,40.213502,37.587124,41.673196,38.522000,40.405521,38.019232,39.754294,39.079194,41.148666,81.077177,83.194060,121.153235,84.638600,125.256576,52.233427,45.694247,140.210420,118.550003,2.899000,281.100006,117.750000,2.160000,179.800003,2871361.997855,12.552227,13.367465,24.177677,85.129570,39.767060,148621735339602888000000000000000000.000000,274976772116136397000000000000000000.000000
06/22/2026 14:52:13,0.000000,0.000000,73.827935,74.788837,64.636182,79.372008,77.291357,78.246265,75.185549,74.977325,35.813569,35.293363,35.192739,36.653429,34.058848,34.296318,36.726148,37.646372,37.578154,40.179450,36.714488,39.386938,38.956855,38.154300,40.108672,39.384444,38.819154,38.757810,40.139335,38.857547,39.796922,74.952715,36.034544,36.690563,26.210002,25.572976,26.471427,34.848704,35.166627,34.954692,70.760943,33.851180,37.547149,26.050389,26.013289,26.203170,37.102294,37.320293,37.655463,38.683209,39.010175,31.122585,31.487058,39.094363,39.274775,33.763433,32.921526,40.012867,47.232078,37.249442,40.961695,38.247237,41.516767,40.293998,43.834852,36.737949,40.992386,37.786379,42.010608,35.454974,40.529460,35.531194,40.865814,36.672278,42.140465,38.723241,41.528465,38.194457,40.208935,37.570608,41.661965,38.497922,40.381473,37.956679,39.740366,39.040650,41.115502,79.285091,82.497356,122.119001,83.646127,126.131482,52.324256,45.528363,135.259550,118.589996,2.863000,276.799988,117.839996,2.128000,175.399994,2871421.995392,12.670198,13.526784,24.020365,82.767915,39.756357,148621735339602888000000000000000000.000000,274976772116136397000000000000000000.000000
06/22/2026 14:53:13,0.000000,0.000000,73.881128,74.796763,64.706633,79.344297,77.273268,78.246712,75.181225,74.981870,35.800420,35.260258,35.212384,36.672800,34.073844,34.278912,36.644939,37.603709,37.551332,40.273863,36.696929,39.304370,38.903808,38.158619,40.116368,39.264692,38.611057,38.874982,39.779084,38.934993,39.794710,75.677282,36.035421,36.765330,26.196819,25.568283,26.438138,34.871003,35.211083,35.080300,71.004789,33.899798,37.524920,26.041319,25.976505,26.218899,37.092650,37.303136,37.652446,38.662982,39.030341,31.150083,31.572469,39.105037,39.261629,33.700898,32.597002,40.023959,47.215851,37.217979,40.960747,38.235245,41.508602,40.306964,43.822763,36.729736,41.011372,37.791742,42.031767,35.464707,40.414060,35.550232,40.869938,36.655627,42.146459,38.756624,41.518190,38.218626,40.232603,37.586840,41.696502,38.493745,40.392326,37.982584,39.760043,39.056411,41.126382,81.268140,83.363072,121.138396,84.822380,125.437047,52.256883,45.642165,140.552072,118.559998,2.902000,281.700012,117.940002,2.163000,180.300003,2871481.993653,12.637009,13.396599,24.128321,85.290491,39.759288,148621735339602888000000000000000000.000000,274976772116136397000000000000000000.000000
06/22/2026 14:54:13,0.000000,0.000000,73.951231,74.821585,64.700968,79.368264,77.298978,78.255981,75.184806,74.973202,35.808762,35.294316,35.174629,36.640649,34.033153,34.278175,36.664770,37.750791,37.564960,40.255288,36.644642,39.319075,38.863803,38.274478,40.118490,39.309156,38.460954,38.660488,40.020147,38.842320,39.829939,75.222142,36.156718,36.534313,26.103716,25.439805,26.425934,34.690423,34.985796,34.508089,70.707492,33.867652,37.504691,25.977504,25.955153,26.068236,37.091282,37.283640,37.634428,38.663526,38.954115,31.068196,31.544951,39.061321,39.269527,33.738608,32.967940,40.011283,47.208756,37.221408,40.927629,38.221888,41.504778,40.278026,43.822458,36.739605,40.973344,37.780958,42.010051,35.432280,40.545221,35.537305,40.829135,36.673020,42.119911,38.736584,41.498659,38.184421,40.203770,37.558796,41.662566,38.496759,40.353827,37.967826,39.727685,39.046065,41.110342,79.763785,82.646563,121.980925,83.875430,126.089365,52.281470,45.411641,136.631985,118.500000,2.871000,277.799988,117.889999,2.137000,176.399994,2871541.990645,12.624834,13.595212,23.909479,83.428253,39.746145,148621735339602888000000000000000000.000000,274976772116136397000000000000000000.000000
06/22/2026 14:55:13,0.000000,0.000000,74.082185,74.821021,64.806004,79.381867,77.267538,78.270444,75.166286,74.988048,35.793087,35.293701,35.175787,36.688699,34.048953,34.284207,36.657431,37.615745,37.467544,40.237056,36.711286,39.263322,38.960256,38.232785,40.154801,39.350355,38.508850,38.968294,40.040631,38.979765,39.879768,75.866764,36.071285,36.689664,26.124937,25.524089,26.435086,34.772119,35.118005,34.950845,71.010671,33.846451,37.508620,26.010085,25.940800,26.175410,37.084997,37.274703,37.620072,38.654926,39.022896,31.103796,31.538219,39.065198,39.294132,33.694545,32.698731,39.993884,47.198778,37.198040,40.934298,38.211798,41.498771,40.279939,43.793224,36.739314,40.984850,37.793836,42.010554,35.453755,40.532652,35.547699,40.851776,36.650202,42.105606,38.719571,41.493579,38.194019,40.220393,37.577684,41.650940,38.507603,40.352264,37.982605,39.719069,39.056536,41.114626,81.212906,83.348594,121.113688,84.835309,125.505291,52.103629,45.533230,140.546891,118.510002,2.899000,281.500000,117.879997,2.163000,180.000000,2871601.987709,12.664679,13.483635,24.024985,85.288052,39.745596,148621735339602888000000000000000000.000000,274976772116136397000000000000000000.000000
06/22/2026 14:56:13,0.000000,0.000000,74.075361,74.774065,64.772170,79.354552,77.314721,78.230890,75.178022,74.967261,35.792260,35.211755,35.207322,36.609316,34.035902,34.226333,36.687703,37.558028,37.500315,40.219053,36.629928,39.341211,39.009056,38.262199,40.173927,39.102650,38.694795,38.651098,40.040296,38.836463,39.727843,75.297464,36.075852,36.569882,26.174901,25.524890,26.442142,34.732177,35.056355,34.729516,70.721471,33.826767,37.498385,26.033259,25.995265,26.135446,37.073314,37.259486,37.620069,38.658895,38.989296,31.080555,31.441024,39.043396,39.228671,33.739216,32.935270,39.981102,47.180555,37.202584,40.917254,38.222078,41.496536,40.257436,43.760293,36.718925,41.019797,37.791806,42.020842,35.429385,40.387763,35.546375,40.867426,36.651775,42.131276,38.726812,41.502555,38.200425,40.223699,37.556691,41.675718,38.510405,40.373585,37.972182,39.723215,39.039553,41.102526,79.414747,83.371327,122.198029,84.528762,126.396231,52.297255,45.584534,141.447652,118.730003,2.906000,282.500000,117.980003,2.172000,181.100006,2871661.984952,12.496212,13.424715,24.073670,85.711086,39.739686,148621735339602888000000000000000000.000000,274976772116136397000000000000000000.000000
06/22/2026 14:57:13,0.000000,0.000000,73.961348,74.810567,64.767208,79.369858,77.293414,78.248740,75.173547,74.981371,35.761568,35.224484,35.241329,36.619159,34.063535,34.254847,36.643072,37.628362,37.462615,40.162537,36.676706,39.314416,39.035635,38.335610,40.026826,39.460842,38.697233,38.652212,40.112788,38.827868,39.785657,75.560978,36.017469,36.704918,26.173951,25.551216,26.425552,34.801864,35.151283,34.987235,70.783836,33.796084,37.483403,26.019897,25.997100,26.146322,37.058867,37.256538,37.619963,38.651286,39.026845,31.071690,31.366665,39.038691,39.247344,33.698950,32.742645,39.994216,47.179445,37.221360,40.920978,38.232438,41.473192,40.260047,43.772103,36.731281,40.975860,37.793648,41.974322,35.443644,40.491338,35.565948,40.838137,36.663926,42.107882,38.745248,41.455391,38.222146,40.176641,37.574010,41.622553,38.507360,40.337367,37.986217,39.718265,39.052869,41.086765,80.824790,82.978914,121.141941,84.487478,125.416363,52.234394,45.535761,139.653253,118.529999,2.893000,280.500000,117.680000,2.156000,179.300003,2871721.983182,12.677531,13.456016,24.027387,84.866581,39.737487,148621735339602888000000000000000000.000000,274976772116136397000000000000000000.000000
06/22/2026 14:58:13,0.000000,0.000000,74.271740,74.794539,64.706520,79.361545,77.277919,78.248412,75.184136,74.974644,35.791207,35.263007,35.198731,36.583568,34.001191,34.205834,36.660135,37.603860,37.503241,40.228578,36.641265,39.294380,38.933526,38.365447,39.823471,39.459767,38.361059,38.749093,40.191872,38.798522,39.813729,75.179161,36.012017,36.555212,26.236269,25.637710,26.512434,34.676048,35.080501,34.821089,70.929962,33.881456,37.524035,26.131158,25.983656,26.238961,37.084641,37.271253,37.627875,38.680374,38.926213,31.010161,31.511877,39.064843,39.255846,33.743041,32.860429,39.984478,47.171523,37.230584,40.917836,38.242976,41.479134,40.280975,43.721885,36.751416,40.967021,37.802006,41.961537,35.436492,40.474542,35.549049,40.836667,36.652271,42.092537,38.743521,41.444872,38.190887,40.190396,37.557754,41.617251,38.504244,40.329917,37.976537,39.709047,39.050319,41.079381,79.344315,82.748270,121.998136,83.914992,126.339309,52.230527,45.792180,135.073989,118.589996,2.859000,276.500000,117.820000,2.130000,175.399994,2871781.980571,12.284815,13.253638,24.270397,82.678294,39.731568,148621735339602888000000000000000000.000000,274976772116136397000000000000000000.000000
06/22/2026 14:59:13,0.000000,0.000000,74.218190,74.827637,64.812699,79.394552,77.301317,78.257897,75.200955,75.004984,35.779210,35.252776,35.246127,36.643989,34.040499,34.242025,36.637084,37.545477,37.550501,40.248807,36.700080,39.241250,38.907289,38.229234,40.056555,39.317286,38.709406,38.763250,39.905937,38.849306,39.784293,75.797295,36.014770,36.619474,26.120451,25.519602,26.387256,34.725624,35.050691,34.911012,70.878071,33.893331,37.488549,25.988447,25.922737,26.136370,37.061402,37.269243,37.599597,38.665375,38.996244,30.997113,31.481901,39.042984,39.257370,33.720593,32.767511,39.971707,47.149617,37.222999,40.912926,38.229218,41.473249,40.264950,43.716894,36.737975,40.959847,37.768292,41.975473,35.427230,40.507176,35.553968,40.861643,36.633571,42.115456,38.724166,41.449775,38.171515,40.206756,37.528200,41.654651,38.483073,40.337469,37.966882,39.692360,39.033615,41.092203,81.079143,83.409430,121.200486,84.889616,125.347627,52.240828,45.551824,143.305200,118.779999,2.907000,282.600006,118.120003,2.170000,181.500000,2871841.977571,12.576841,13.445916,24.042633,86.577845,39.727429,148621735339602888000000000000000000.000000,274976772116136397000000000000000000.000000
06/22/2026 15:00:13,0.000000,0.000000,74.193467,74.827436,64.898425,79.373783,77.331049,78.263611,75.172469,75.013663,35.747208,35.284140,35.122779,36.583784,34.058678,34.290823,36.644350,37.662785,37.469503,40.229757,36.659264,39.274749,38.923593,38.238044,40.185833,39.308650,38.590363,38.807517,40.200851,38.765592,39.794299,75.213332,35.866269,36.646778,26.039826,25.348153,26.333461,34.753485,35.113566,34.890530,70.986912,33.726111,37.481271,25.909118,25.886767,25.943062,37.049694,37.255327,37.628003,38.637246,38.976626,30.953680,31.448279,39.049394,39.224523,33.678635,32.832993,39.953318,47.152250,37.190732,40.918661,38.208915,41.444968,40.237068,43.702728,36.714837,40.958587,37.773213,41.953993,35.432406,40.415430,35.555598,40.832028,36.623270,42.076503,38.708883,41.429266,38.179388,40.178043,37.517514,41.615799,38.488219,40.327063,37.957770,39.682386,39.032214,41.058681,79.344720,82.820142,122.123817,83.912142,126.452638,52.273578,45.130982,135.020070,118.669998,2.861000,276.600006,117.940002,2.129000,175.500000,2871901.974759,13.004589,13.839082,23.642189,82.652237,39.710658,148621735339602888000000000000000000.000000,274976772116136397000000000000000000.000000
06/22/2026 15:01:13,0.000000,0.000000,74.384029,74.794803,64.757241,79.353946,77.310323,78.247115,75.202682,74.987281,35.808936,35.246174,35.200515,36.580272,34.023635,34.215844,36.641249,37.549637,37.488223,40.199073,36.661630,39.281834,38.932887,38.275610,39.976098,39.368626,38.590085,38.997863,40.110257,38.821361,39.675169,75.648923,35.973780,36.650647,26.083813,25.404239,26.324706,34.811401,35.133773,34.940011,70.818426,33.874898,37.485364,25.909234,25.869895,26.041043,37.031205,37.253203,37.599817,38.635579,38.972769,31.047376,31.579825,39.075951,39.239606,33.739568,32.842430,39.952536,47.141175,37.187037,40.900898,38.201250,41.441483,40.224326,43.666792,36.718410,40.950124,37.774437,41.940705,35.399818,40.360141,35.535866,40.818145,36.623475,42.090510,38.709266,41.424808,38.180015,40.173383,37.499135,41.627193,38.461688,40.312469,37.961688,39.698638,39.012987,41.062827,81.164802,83.171211,121.289330,84.669020,125.370295,52.305840,45.499061,140.392581,118.769997,2.899000,281.399994,118.129997,2.161000,180.100006,2871961.973195,12.658104,13.492821,23.992543,85.215402,39.701708,148621735339602888000000000000000000.000000,274976772116136397000000000000000000.000000
06/22/2026 15:02:13,0.000000,0.000000,74.315267,74.833392,64.881367,79.396388,77.351602,78.268572,75.162824,74.996835,35.701600,35.222991,35.122358,36.608078,33.981829,34.235300,36.604572,37.554109,37.332921,40.155767,36.620346,39.346152,38.812347,38.355463,40.026384,39.406162,38.573695,38.694640,40.037498,38.915296,39.733799,75.198023,35.968025,36.502840,26.163288,25.528922,26.447511,34.638604,35.000511,34.666551,70.841910,33.814650,37.482621,26.065593,25.982006,26.145980,37.061182,37.249126,37.611220,38.605917,38.902522,31.151111,31.446076,39.041883,39.253622,33.693724,32.760973,39.936583,47.114194,37.201730,40.892635,38.197376,41.440502,40.198233,43.668008,36.732468,40.937840,37.768292,41.946020,35.413699,40.372615,35.557278,40.799170,36.618118,42.070436,38.711618,41.387123,38.159403,40.160751,37.510332,41.603025,38.470979,40.283981,37.955648,39.673655,39.023721,41.050209,79.562283,82.684495,122.014824,83.874526,126.198598,52.315688,45.326655,135.691876,118.669998,2.863000,276.899994,118.019997,2.136000,176.300003,2872021.970148,12.674200,13.653981,23.828640,82.976403,39.695188,148621735339602888000000000000000000.000000,274976772116136397000000000000000000.000000
06/22/2026 15:03:13,0.000000,0.000000,74.198037,74.878896,64.813696,79.368453,77.364462,78.266270,75.181132,75.002475,35.749169,35.218282,35.183262,36.589776,34.044712,34.225377,36.579695,37.573903,37.385257,40.226862,36.636001,39.381715,38.886766,38.304524,40.004697,39.470006,38.320391,38.903945,39.985623,38.852317,39.807304,75.710022,35.975890,36.614256,26.013007,25.388850,26.288324,34.800268,35.094269,34.939078,70.829985,33.844805,37.473412,25.874348,25.828302,25.983609,37.015508,37.264041,37.604452,38.632264,38.985989,31.011710,31.571789,39.040882,39.219541,33.634533,32.750607,39.926751,47.099349,37.190240,40.871514,38.194733,41.439574,40.235630,43.624970,36.724898,40.941509,37.760044,41.939134,35.398696,40.453719,35.546709,40.838261,36.614933,42.084543,38.709453,41.399922,38.167421,40.196064,37.509516,41.630174,38.474836,40.281380,37.968502,39.688245,39.002171,41.053798,81.141101,83.198733,121.288841,84.698890,125.525787,52.302158,45.531283,140.359873,118.820000,2.895000,281.200012,118.029999,2.160000,180.000000,2872081.966859,12.591119,13.450275,24.023137,85.199996,39.698890,148621735339602888000000000000000000.000000,274976772116136397000000000000000000.000000
06/22/2026 15:04:13,0.000000,0.000000,74.172709,74.887809,64.758157,79.375628,77.416724,78.268825,75.193345,75.010044,35.737098,35.211966,35.150789,36.601675,34.056205,34.242193,36.666065,37.592988,37.489032,40.211334,36.615536,39.326099,38.912310,38.244858,40.072635,39.121662,38.708857,38.688112,40.040234,38.799331,39.692099,75.066845,35.725912,36.687995,26.074592,25.460304,26.378049,34.818563,35.158222,35.047383,70.896556,33.696404,37.489691,25.950266,25.877847,26.054052,37.030809,37.251923,37.587004,38.661186,38.965617,31.091843,31.424241,39.050850,39.189368,33.649898,32.697923,39.928744,47.096869,37.174905,40.862412,38.214749,41.428081,40.213547,43.622282,36.727496,40.936795,37.757962,41.936624,35.421954,40.361879,35.532741,40.818907,36.627781,42.055819,38.715477,41.382611,38.171144,40.156163,37.512358,41.599379,38.477916,40.267129,37.967021,39.677069,39.019567,41.030663,79.180102,82.825442,122.079213,83.859141,126.282836,52.351798,45.519212,138.459092,118.790001,2.874000,278.600006,118.220001,2.148000,177.600006,2872141.964709,12.676318,13.478014,24.011677,84.300570,39.689868,148621735339602888000000000000000000.000000,274976772116136397000000000000000000.000000
06/22/2026 15:05:13,0.000000,0.000000,74.299264,74.905695,64.772411,79.403590,77.411474,78.279992,75.176857,75.006647,35.742993,35.252441,35.224515,36.596734,33.988206,34.232355,36.571887,37.638588,37.430817,40.214112,36.663905,39.357779,39.052543,38.324273,39.849729,39.146884,38.705766,38.680608,40.154349,38.807715,39.764254,75.764605,35.834748,36.624138,26.025370,25.391381,26.296663,34.782440,35.099946,34.946087,70.978194,33.806252,37.467193,25.887729,25.845707,26.024730,37.018160,37.242814,37.610013,38.625017,38.964339,31.107486,31.430080,39.054997,39.217333,33.688717,32.746864,39.911142,47.110463,37.198838,40.876991,38.203762,41.435389,40.207650,43.594913,36.699449,40.938733,37.783328,41.930647,35.411591,40.371841,35.562259,40.810052,36.628615,42.061559,38.712855,41.371200,38.186192,40.155313,37.515042,41.619164,38.477910,40.286978,37.958654,39.673569,39.017393,41.024973,81.093080,83.263146,121.265569,84.731907,125.459546,52.270930,45.489326,140.205077,118.550003,2.894000,281.100006,117.849998,2.162000,179.899994,2872201.962519,12.640841,13.483896,23.983297,85.127052,39.691216,148621735339602888000000000000000000.000000,274976772116136397000000000000000000.000000
06/22/2026 15:06:13,0.000000,0.000000,73.997028,74.890993,64.748981,79.393739,77.372115,78.254559,75.190062,74.990709,35.728688,35.203551,35.155230,36.565622,34.013378,34.222456,36.581959,37.566441,37.392228,40.203411,36.608020,39.378373,38.870624,38.254367,40.008274,39.410087,38.474171,38.892599,40.187548,38.874948,39.690255,74.781198,35.819744,36.506035,26.121515,25.473712,26.412003,34.592539,35.014772,34.691908,70.556986,33.777737,37.466722,25.975762,25.939107,26.057559,37.053740,37.239917,37.612750,38.592878,38.894152,31.053983,31.400199,39.030930,39.245759,33.668485,32.835433,39.902412,47.083105,37.161413,40.863068,38.176984,41.459216,40.217857,43.604200,36.699082,40.950411,37.750864,41.931760,35.382159,40.427156,35.541695,40.832762,36.584181,42.069916,38.682407,41.364167,38.151814,40.150979,37.485056,41.621898,38.458138,40.261875,37.967495,39.656823,38.996728,41.041328,78.893479,82.172317,122.013188,83.318153,126.108280,52.341113,45.403171,134.137443,118.550003,2.859000,275.899994,117.849998,2.122000,174.500000,2872261.960202,12.604609,13.565296,23.901426,82.224717,39.682565,148621735339602888000000000000000000.000000,274976772116136397000000000000000000.000000
06/22/2026 15:07:13,0.000000,0.000000,74.085602,74.864570,64.633297,79.375712,77.372580,78.252498,75.189173,75.006716,35.798485,35.180747,35.132868,36.557972,33.998600,34.199692,36.608570,37.583738,37.495475,40.182071,36.630836,39.454094,38.953012,38.286919,39.899485,39.186097,38.505976,38.787147,40.073894,38.743896,39.719127,75.760227,35.815092,36.615564,26.100418,25.485696,26.326561,34.785981,35.126983,35.022791,71.001584,33.828061,37.486945,25.928714,25.874623,26.083373,37.023113,37.243787,37.589331,38.617603,38.991555,30.957618,31.471819,39.019790,39.212128,33.620849,32.760740,39.902418,47.066452,37.183469,40.853769,38.225069,41.402620,40.198180,43.572322,36.725778,40.949443,37.746799,41.920683,35.390235,40.278377,35.536477,40.805390,36.596492,42.037905,38.676302,41.332567,38.160221,40.154078,37.484629,41.586407,38.451206,40.249175,37.943714,39.651167,38.994096,41.017578,81.261329,83.399734,121.112187,84.846296,125.544931,52.160200,45.500229,140.697962,118.559998,2.899000,281.100006,117.849998,2.159000,180.000000,2872321.957238,12.621912,13.493293,23.993652,85.359127,39.669767,148621735339602888000000000000000000.000000,274976772116136397000000000000000000.000000
06/22/2026 15:08:13,0.000000,0.000000,74.028382,74.891053,64.685759,79.384143,77.368815,78.245371,75.182487,74.984822,35.755986,35.171465,35.120038,36.526612,33.943163,34.166464,36.564280,37.559833,37.420354,40.149936,36.598559,39.502659,38.990136,38.242377,40.148412,39.212967,38.373797,38.577767,40.349947,38.778154,39.723460,74.707816,35.798626,36.405265,26.093124,25.401481,26.350997,34.498385,34.906476,34.610631,70.292809,33.820790,37.469942,25.938341,25.852511,26.016662,37.005311,37.212282,37.565212,38.590867,38.880157,30.968997,31.591459,39.021887,39.183347,33.648722,32.839632,39.863384,47.039112,37.161984,40.854832,38.182854,41.411924,40.180624,43.546503,36.701509,40.934008,37.734396,41.915817,35.372403,40.316596,35.527953,40.799873,36.585193,42.065640,38.688264,41.337891,38.132873,40.153673,37.482454,41.588908,38.451510,40.262435,37.933156,39.655179,38.983101,41.008811,79.543768,82.241005,121.935451,83.453183,126.049164,52.222536,45.409207,136.210021,118.589996,2.869000,277.399994,117.910004,2.134000,176.199997,2872381.954958,12.498100,13.562777,23.907165,83.225698,39.662429,148621735339602888000000000000000000.000000,274976772116136397000000000000000000.000000
06/22/2026 15:09:13,0.000000,0.000000,74.113633,74.883704,64.912185,79.394348,77.470445,78.235812,75.203584,75.004234,35.721062,35.157794,35.119667,36.558665,34.005510,34.217697,36.606084,37.531750,37.423078,40.161904,36.607040,39.393930,38.824412,38.302624,40.219546,39.292123,38.541246,38.632181,40.017446,38.853737,39.725511,76.128779,36.013284,36.545857,26.157119,25.533034,26.402020,34.746571,35.046357,34.856121,71.372996,33.834875,37.453816,26.032444,25.918904,26.158323,36.983610,37.225520,37.543663,38.612163,38.914805,31.077068,31.415706,39.004653,39.163911,33.581623,32.583602,39.871866,47.034656,37.138015,40.826571,38.182324,41.390484,40.181180,43.511081,36.709147,40.883490,37.770732,41.872394,35.378309,40.228638,35.529426,40.785426,36.593240,42.027850,38.688715,41.295667,38.141004,40.122572,37.479099,41.584499,38.472249,40.226763,37.949954,39.641082,38.992107,40.997989,81.613697,83.889688,121.517423,85.260039,125.844656,52.252671,45.606924,141.296257,118.680000,2.907000,282.399994,117.970001,2.165000,180.600006,2872441.951602,12.450950,13.358909,24.094907,85.640110,39.650218,148621735339602888000000000000000000.000000,274976772116136397000000000000000000.000000
06/22/2026 15:10:13,0.000000,0.000000,73.969702,74.883974,64.806864,79.378609,77.452144,78.257082,75.187299,75.014134,35.800744,35.221131,35.139118,36.544961,33.997978,34.209279,36.592558,37.581447,37.382793,40.136295,36.576449,39.382920,38.923272,38.203276,39.952288,39.144110,38.513026,38.635305,39.803738,38.852888,39.680384,74.658073,35.791663,36.484617,25.920779,25.195941,26.198351,34.621827,34.965117,34.737604,70.220586,33.828771,37.442171,25.751106,25.740823,25.824954,36.967336,37.168569,37.545770,38.580720,38.938040,31.152222,31.577727,38.991508,39.211642,33.566612,32.786282,39.825486,47.029857,37.157922,40.823496,38.174822,41.406261,40.167463,43.500053,36.700237,40.916415,37.733083,41.903521,35.365901,40.324670,35.534746,40.806073,36.567087,42.039750,38.659175,41.292620,38.144456,40.143639,37.461335,41.569930,38.457623,40.236487,37.934082,39.619953,38.992466,40.999228,78.857880,81.869342,121.843626,83.166432,125.849888,52.321298,44.986418,134.297582,118.580002,2.862000,276.299988,117.870003,2.123000,174.300003,2872501.949593,12.980473,13.938027,23.504144,82.302422,39.649595,148621735339602888000000000000000000.000000,274976772116136397000000000000000000.000000
06/22/2026 15:11:13,0.000000,0.000000,74.542465,74.907961,64.872608,79.380200,77.434363,78.270878,75.184800,75.015436,35.713100,35.186179,35.126773,36.560901,34.037498,34.199079,36.570811,37.579616,37.399218,40.183944,36.581385,39.427468,38.867240,38.307946,40.114821,39.384866,38.275854,38.746906,40.146513,38.876651,39.755583,76.525735,35.996996,36.615433,26.092634,25.542748,26.355423,34.772693,35.119465,34.951862,71.605686,33.916401,37.406926,25.969386,25.857182,26.134791,36.964746,37.210641,37.532759,38.636146,38.913451,30.953601,31.512357,39.025543,39.169800,33.645741,32.702491,39.865842,46.995198,37.159099,40.805739,38.176881,41.372253,40.176579,43.471398,36.704526,40.919432,37.727274,41.880157,35.383651,40.261261,35.534768,40.787317,36.573456,42.024037,38.681356,41.305050,38.148632,40.125776,37.462421,41.563580,38.439769,40.227347,37.928450,39.617860,38.980313,40.970381,82.552205,84.391386,121.555679,85.830686,126.082694,52.312841,45.722283,143.386322,118.400002,2.917000,283.500000,117.690002,2.177000,182.300003,2872561.947383,12.411201,13.202694,24.204232,86.615527,39.642327,148621735339602888000000000000000000.000000,274976772116136397000000000000000000.000000
06/22/2026 15:12:13,0.000000,0.000000,74.180608,74.881338,64.799493,79.384344,77.414087,78.256092,75.216107,75.002821,35.778547,35.208227,35.164783,36.569834,33.960775,34.203600,36.596305,37.605520,37.415459,40.151227,36.622866,39.375073,38.948954,38.290807,40.226992,39.217099,38.601295,38.589818,39.989698,38.736800,39.727736,74.420309,35.715654,36.549418,25.892942,25.253966,26.176331,34.757257,35.075660,34.904058,70.073565,33.753244,37.435054,25.762685,25.754190,25.856831,36.978971,37.222209,37.550206,38.634589,38.941967,31.063949,31.478330,39.019438,39.213540,33.628934,32.742277,39.853709,47.012061,37.168651,40.809965,38.193045,41.384120,40.180974,43.465684,36.699648,40.897303,37.732014,41.864649,35.357025,40.363860,35.533848,40.797704,36.550265,42.028843,38.649988,41.274223,38.128257,40.127481,37.444681,41.549971,38.446858,40.181941,37.949627,39.626207,38.959518,40.982207,78.384824,81.433699,121.619837,82.738635,125.558477,52.344214,45.148213,133.368484,118.389999,2.851000,275.200012,117.690002,2.120000,173.600006,2872621.944851,12.890791,13.776427,23.658627,81.850736,39.640478,148621735339602888000000000000000000.000000,274976772116136397000000000000000000.000000
06/22/2026 15:13:13,0.000000,0.000000,74.155609,74.845375,64.748133,79.369887,77.446351,78.237829,75.223863,74.985657,35.710474,35.136559,35.149859,36.516027,34.007133,34.156735,36.588416,37.532225,37.425775,40.112603,36.609739,39.328068,38.922223,38.190743,40.106353,39.222026,38.500035,38.562722,40.015970,38.836813,39.721939,76.515900,36.079220,36.508635,26.151472,25.510839,26.386990,34.714558,35.039186,34.721211,71.674178,33.914850,37.454938,25.976809,25.897240,26.118482,36.985760,37.205118,37.568934,38.622394,38.925191,31.073297,31.391440,38.987825,39.187669,33.535362,32.601470,39.808035,47.019723,37.126878,40.826490,38.174734,41.390053,40.153874,43.455367,36.690129,40.913768,37.719819,41.903075,35.362789,40.292065,35.532521,40.810333,36.547914,42.061038,38.671284,41.294570,38.129416,40.139210,37.457334,41.597777,38.445843,40.216413,37.932506,39.615294,38.952733,40.994804,82.606003,84.542518,121.768012,85.937812,126.073455,52.297147,45.557373,143.707410,118.209999,2.918000,284.000000,117.480003,2.182000,182.399994,2872681.942451,12.460736,13.407039,24.047899,86.764537,39.641193,148621735339602888000000000000000000.000000,274976772116136397000000000000000000.000000
06/22/2026 15:14:13,0.000000,0.000000,74.534060,74.945183,64.758078,79.385430,77.418124,78.259705,75.203558,75.018569,35.752094,35.154270,35.178209,36.565864,33.942140,34.161446,36.538429,37.603407,37.479242,40.165891,36.614142,39.443878,38.921610,38.303184,39.886926,39.185437,38.393281,38.869119,39.998876,38.834257,39.628666,74.379419,35.698051,36.538030,25.998815,25.369285,26.259388,34.650709,35.037440,34.804182,70.053734,33.645463,37.426243,25.841399,25.826647,25.953294,36.984186,37.193373,37.555933,38.567032,38.911551,30.962823,31.399500,38.998167,39.192716,33.638168,32.746260,39.815786,46.986441,37.136526,40.799556,38.172003,41.378419,40.147509,43.436743,36.680197,40.891252,37.727706,41.875751,35.339316,40.333048,35.513928,40.786350,36.547259,42.031660,38.632954,41.266924,38.113912,40.124626,37.438280,41.561936,38.419134,40.207674,37.920649,39.607430,38.954012,40.969232,77.885488,81.375090,121.548168,82.643464,125.442582,52.315421,45.294821,132.061950,118.459999,2.844000,274.000000,117.750000,2.110000,172.800003,2872741.939572,12.739692,13.627905,23.798338,81.212025,39.627207,148621735339602888000000000000000000.000000,274976772116136397000000000000000000.000000
06/22/2026 15:15:13,0.000000,0.000000,74.019227,74.883597,64.726957,79.364863,77.447633,78.226486,75.174911,74.986960,35.709349,35.163363,35.139423,36.532412,33.984057,34.167399,36.535955,37.571766,37.356128,40.080201,36.548873,39.302058,38.901053,38.288793,40.151935,39.171061,38.287912,38.731593,40.021514,38.722325,39.679976,76.850545,36.266423,36.518286,26.152814,25.548403,26.403972,34.675331,35.033673,34.791543,71.847709,33.910523,37.432512,25.993469,25.930888,26.118367,36.966626,37.185105,37.560120,38.589754,38.904571,31.135357,31.547053,39.015507,39.157119,33.561457,32.574365,39.806738,46.973799,37.121960,40.803986,38.172472,41.366264,40.140182,43.395219,36.681688,40.879983,37.710206,41.831082,35.320606,40.274368,35.529785,40.774177,36.537234,41.998423,38.634448,41.216936,38.097548,40.099051,37.427208,41.538125,38.420397,40.177005,37.904031,39.578502,38.949579,40.947645,82.913192,84.807893,121.609442,86.227269,126.104631,52.259884,45.425951,144.481227,118.389999,2.921000,284.200012,117.680000,2.182000,183.000000,2872801.936694,12.595204,13.509430,23.923082,87.122740,39.610288,148621735339602888000000000000000000.000000,274976772116136397000000000000000000.000000
06/22/2026 15:16:13,0.000000,0.000000,73.957100,74.887017,64.803531,79.373241,77.403801,78.271905,75.203395,75.024742,35.765211,35.186016,35.170057,36.547549,33.957508,34.195896,36.543912,37.539049,37.391983,40.108003,36.619280,39.340958,38.987625,38.310079,40.056316,39.205458,38.544010,38.653042,40.106567,38.830023,39.711917,74.298190,35.659883,36.540618,25.982164,25.290459,26.236037,34.707235,35.018564,34.820339,70.035414,33.651185,37.436720,25.832325,25.777336,25.923665,36.976099,37.198996,37.551064,38.591304,38.892445,31.036664,31.411842,39.015690,39.169212,33.572746,32.731135,39.810050,46.969606,37.141595,40.782151,38.174858,41.355440,40.141678,43.394954,36.668146,40.855242,37.717186,41.838026,35.326381,40.291121,35.512074,40.746187,36.540962,41.997970,38.646794,41.208123,38.116893,40.066356,37.410319,41.537650,38.412856,40.155403,37.888554,39.582456,38.927428,40.943154,78.345809,81.399734,121.727248,82.685659,125.552270,52.247618,45.236119,133.256273,118.580002,2.849000,274.899994,117.870003,2.118000,173.500000,2872861.934683,12.798190,13.694292,23.742428,81.796043,39.605320,148621735339602888000000000000000000.000000,274976772116136397000000000000000000.000000
06/22/2026 15:17:13,0.000000,0.000000,74.501391,74.902814,64.815669,79.374151,77.442200,78.249673,75.199623,75.015478,35.693849,35.144306,35.079577,36.497833,33.939156,34.155355,36.567396,37.474541,37.342429,40.097391,36.560828,39.445324,38.846277,38.302424,40.172661,39.132261,38.388211,38.945684,40.039643,38.823453,39.713354,76.709638,36.125947,36.528341,26.072015,25.427317,26.326317,34.677059,35.015891,34.789279,71.815772,33.893506,37.422430,25.934551,25.829944,26.050334,36.953264,37.189876,37.557183,38.600505,38.894949,31.125194,31.487884,39.013650,39.164525,33.544483,32.671476,39.787942,46.955620,37.126111,40.786547,38.167785,41.361447,40.130952,43.367157,36.687020,40.842057,37.698204,41.860469,35.321325,40.149529,35.503917,40.766139,36.519860,41.989268,38.616426,41.222732,38.120876,40.102494,37.400601,41.536922,38.414774,40.170913,37.910292,39.587395,38.933171,40.942281,82.956639,84.787958,121.640813,86.188833,126.301200,52.223340,45.423615,144.348776,118.459999,2.925000,284.399994,117.760002,2.182000,183.100006,2872921.932116,12.607480,13.501569,23.920861,87.061519,39.599341,148621735339602888000000000000000000.000000,274976772116136397000000000000000000.000000
06/22/2026 15:18:13,0.000000,0.000000,74.102687,74.890511,64.810915,79.392195,77.411847,78.229448,75.199489,75.044067,35.723809,35.173400,35.151677,36.541143,33.942645,34.173492,36.515049,37.500497,37.357296,40.062859,36.565973,39.431152,38.751332,38.300596,39.848658,39.202715,38.533136,38.665563,39.841886,38.719411,39.635650,74.526020,35.668741,36.375080,26.005863,25.322669,26.266435,34.498020,34.863981,34.572556,70.275616,33.684682,37.439609,25.840164,25.794563,25.923417,36.981604,37.156742,37.544440,38.567031,38.947396,31.036456,31.576927,38.942204,39.190582,33.487209,32.634640,39.769504,46.955654,37.092535,40.790544,38.141761,41.351335,40.098794,43.367162,36.668441,40.862677,37.733929,41.845451,35.340925,40.157997,35.540351,40.761811,36.542063,41.998258,38.646200,41.216330,38.128992,40.101778,37.446301,41.560176,38.432821,40.174196,37.939650,39.584949,38.954516,40.953890,78.639187,81.730558,121.677236,82.994917,125.998756,52.232801,45.257342,133.920632,118.290001,2.858000,275.799988,117.570000,2.123000,174.199997,2872981.928754,12.612434,13.676963,23.762646,82.119416,39.605300,148621735339602888000000000000000000.000000,274976772116136397000000000000000000.000000
06/22/2026 15:19:13,0.000000,0.000000,74.384292,74.897305,64.963564,79.357840,77.398895,78.229554,75.198129,74.992864,35.763448,35.122628,35.143022,36.524751,33.956392,34.105116,36.577954,37.460775,37.414979,40.115942,36.590524,39.336762,38.897827,38.240521,39.844754,39.200131,38.287219,38.607754,40.107625,38.738404,39.670566,76.829325,36.011671,36.426074,26.040207,25.396387,26.305687,34.640214,34.978175,34.717399,71.828206,33.928728,37.412785,25.906470,25.835390,26.006356,36.964593,37.172017,37.542811,38.611312,38.873849,31.021449,31.671518,38.998037,39.163914,33.523877,32.653458,39.756860,46.940370,37.114213,40.762377,38.170477,41.350286,40.117570,43.343736,36.691723,40.864217,37.720892,41.827645,35.298351,40.214805,35.499116,40.761446,36.514699,41.984627,38.617946,41.216326,38.093579,40.102582,37.393174,41.542261,38.395849,40.150841,37.895908,39.571277,38.929730,40.935768,82.979322,84.806391,121.862496,86.222389,126.375572,52.240913,45.213632,144.335498,118.199997,2.926000,284.399994,117.500000,2.180000,183.100006,2873041.926512,12.705074,13.691785,23.721000,87.055379,39.592622,148621735339602888000000000000000000.000000,274976772116136397000000000000000000.000000
06/22/2026 15:20:13,0.000000,0.000000,74.384118,74.933884,64.921070,79.378693,77.357876,78.258429,75.193809,75.010086,35.712977,35.216201,35.151921,36.527342,33.967872,34.121032,36.488279,37.566142,37.400865,40.141528,36.537008,39.458852,38.718591,38.255472,39.823763,39.076338,38.403939,38.607018,40.128479,38.705008,39.714056,74.558925,35.463967,36.469740,25.969316,25.338877,26.229895,34.660267,35.012408,34.748095,70.205291,33.719965,37.428563,25.819158,25.749414,25.941898,36.942831,37.173256,37.531407,38.541654,38.902395,31.038245,31.572478,38.995743,39.159415,33.548221,32.568601,39.746369,46.916758,37.122596,40.761036,38.184590,41.347433,40.091802,43.322020,36.676022,40.847608,37.735152,41.826004,35.327700,40.224592,35.520925,40.745236,36.539121,41.972089,38.641551,41.174296,38.105631,40.096539,37.429551,41.547847,38.438987,40.146205,37.924836,39.565315,38.952358,40.931051,78.592545,81.656360,121.805071,82.994776,125.779967,52.229183,45.279635,133.733452,118.309998,2.857000,275.399994,117.610001,2.123000,174.100006,2873101.924504,12.685862,13.644685,23.783878,82.028415,39.595374,148621735339602888000000000000000000.000000,274976772116136397000000000000000000.000000
06/22/2026 15:21:13,0.000000,0.000000,73.920831,74.908665,64.770714,79.370379,77.331429,78.253050,75.237147,75.004859,35.718597,35.126954,35.093259,36.498286,33.980458,34.155810,36.527641,37.454282,37.396304,40.058115,36.544392,39.383598,38.769499,38.196888,40.266570,39.253198,38.436150,38.708959,40.033727,38.701015,39.668368,76.465923,35.917787,36.536727,26.056574,25.421259,26.307751,34.735046,35.081390,34.786053,71.668113,33.884966,37.422191,25.901229,25.805560,26.016992,36.958752,37.167946,37.537016,38.617003,38.901770,30.935120,31.505464,39.021771,39.178380,33.498464,32.542222,39.763864,46.929898,37.119534,40.765032,38.163425,41.343075,40.120923,43.318989,36.661018,40.858590,37.690938,41.828620,35.276954,40.130097,35.486587,40.767435,36.497706,41.995993,38.596254,41.200424,38.097494,40.092828,37.384714,41.550583,38.398905,40.129631,37.875964,39.548288,38.923492,40.914580,82.562346,84.429175,121.692140,85.842066,126.092381,52.223983,45.493609,143.454491,118.370003,2.917000,283.500000,117.660004,2.180000,182.600006,2873161.921479,12.549362,13.434826,23.987365,86.647181,39.581061,148621735339602888000000000000000000.000000,274976772116136397000000000000000000.000000
06/22/2026 15:22:13,0.000000,0.000000,73.684204,74.905115,64.640983,79.401837,77.330526,78.264350,75.208669,75.008898,35.749756,35.143506,35.143063,36.543838,33.970213,34.146455,36.531500,37.603559,37.344727,40.090869,36.545868,39.452798,38.900972,38.203921,40.006062,39.272481,38.327936,39.085320,40.005931,38.733640,39.626513,74.733626,35.564298,36.471252,25.977027,25.292475,26.194700,34.629018,34.986938,34.680476,70.333343,33.712178,37.434746,25.801716,25.718111,25.926146,36.921051,37.155461,37.518522,38.569399,38.864439,31.047150,31.580936,38.967400,39.156222,33.549892,32.670379,39.743658,46.882665,37.089856,40.742532,38.144827,41.328126,40.090530,43.275550,36.672974,40.826291,37.691214,41.804274,35.288483,40.228787,35.502545,40.759005,36.496755,41.981572,38.613554,41.154748,38.082529,40.059835,37.376809,41.533248,38.414176,40.109890,37.890629,39.547492,38.926633,40.899227,78.828779,81.787877,121.744879,83.080156,125.963526,52.198377,45.224340,134.318793,118.400002,2.856000,275.500000,117.699997,2.124000,174.600006,2873221.919348,12.740048,13.703542,23.731204,82.312710,39.571947,148621735339602888000000000000000000.000000,274976772116136397000000000000000000.000000
06/22/2026 15:23:13,0.000000,0.000000,74.279762,74.900570,64.658619,79.383939,77.374928,78.269993,75.160768,75.003227,35.706740,35.122626,35.052574,36.546919,33.945333,34.125576,36.570155,37.487464,37.398619,40.104924,36.567509,39.426324,38.835647,38.308126,39.953775,39.119131,38.305293,38.510163,40.125218,38.741021,39.587554,76.505429,35.810017,36.489235,26.032131,25.442866,26.292698,34.685717,35.017451,34.787292,71.629611,33.943225,37.392428,25.924330,25.806310,26.042479,36.925585,37.154246,37.515829,38.599817,38.861031,31.059305,31.572149,39.009426,39.157656,33.504692,32.451066,39.743176,46.897379,37.129957,40.740189,38.157051,41.330020,40.101679,43.238818,36.693463,40.848194,37.713645,41.830986,35.318169,40.132293,35.510954,40.751239,36.511962,41.977862,38.608945,41.164674,38.097012,40.084857,37.390863,41.529421,38.414309,40.148467,37.912966,39.538479,38.921245,40.904856,82.190428,84.349326,121.681674,85.698961,126.264276,52.199215,45.463139,142.644728,118.449997,2.911000,283.000000,117.739998,2.173000,181.800003,2873281.916927,12.530813,13.434006,23.958422,86.270519,39.578104,148621735339602888000000000000000000.000000,274976772116136397000000000000000000.000000
06/22/2026 15:24:13,0.000000,0.000000,73.887016,74.847428,64.646735,79.377134,77.366002,78.270334,75.201248,74.975708,35.709845,35.123516,35.129280,36.485821,33.922221,34.114455,36.575895,37.548008,37.371656,40.108894,36.557777,39.343835,38.769427,38.339013,39.955966,39.206459,38.327764,38.753770,39.876197,38.776719,39.673914,75.068850,35.762127,36.333380,25.932602,25.289174,26.207937,34.550317,34.869246,34.556972,70.484376,33.870107,37.380798,25.812878,25.779348,25.953829,36.908190,37.161620,37.502516,38.581666,38.810146,31.132692,31.554636,39.008842,39.172952,33.521429,32.616029,39.731663,46.850541,37.108199,40.730856,38.138413,41.315581,40.073559,43.225730,36.676285,40.839005,37.707955,41.796747,35.294727,40.199750,35.506129,40.763418,36.499864,41.963903,38.608612,41.142340,38.094175,40.083790,37.391118,41.530822,38.404677,40.106278,37.898495,39.539028,38.916205,40.899828,78.989976,82.181497,121.873312,83.505467,126.000894,52.238600,45.353426,134.701735,118.459999,2.867000,276.899994,117.769997,2.130000,175.100006,2873341.913997,12.479266,13.526684,23.854114,82.498258,39.567923,148621735339602888000000000000000000.000000,274976772116136397000000000000000000.000000
06/22/2026 15:25:13,0.000000,0.000000,73.996322,74.900849,64.655480,79.386719,77.328852,78.245847,75.177988,74.977365,35.650437,35.064508,35.038348,36.483749,33.961435,34.154103,36.550615,37.536903,37.345088,40.153352,36.539591,39.459073,38.889160,38.339596,39.944453,39.428683,38.223601,38.953728,40.070589,38.719842,39.606202,76.310726,35.799518,36.461926,26.055609,25.409114,26.275950,34.748618,35.035545,34.816036,71.524344,33.851220,37.412424,25.881965,25.811778,25.997789,36.917632,37.156024,37.500119,38.598254,38.887167,31.121792,31.659126,38.971932,39.150607,33.429620,32.330712,39.729714,46.867770,37.114582,40.717838,38.158479,41.314339,40.058216,43.234586,36.670170,40.838067,37.680057,41.801527,35.271412,40.199045,35.493455,40.742025,36.501814,41.964063,38.593323,41.123140,38.080709,40.046123,37.366146,41.505494,38.389847,40.098949,37.892471,39.547566,38.909372,40.897414,81.888824,84.139382,121.663477,85.492927,125.997085,52.172381,45.341646,142.011782,118.419998,2.907000,282.500000,117.709999,2.167000,181.100006,2873401.911202,12.619020,13.569518,23.842906,85.975113,39.560257,148621735339602888000000000000000000.000000,274976772116136397000000000000000000.000000
06/22/2026 15:26:13,0.000000,0.000000,74.096499,74.873767,64.815346,79.384189,77.328422,78.244996,75.173441,74.986757,35.690558,35.086924,35.110422,36.460194,33.900508,34.124264,36.518881,37.486200,37.411207,40.117911,36.531430,39.355345,38.807865,38.324485,39.813688,39.148308,38.394763,38.670677,40.025031,38.696718,39.728254,75.007719,35.700669,36.377323,25.938872,25.272637,26.189625,34.530670,34.887304,34.564832,70.524649,33.861598,37.397618,25.768639,25.723483,25.855351,36.919562,37.119480,37.507488,38.541604,38.860032,31.066763,31.627275,38.968563,39.133122,33.535515,32.649049,39.712817,46.843214,37.102553,40.704542,38.136307,41.320230,40.064998,43.197451,36.661493,40.811154,37.693696,41.793992,35.283543,40.213745,35.507355,40.720717,36.487475,41.922724,38.599044,41.104200,38.102556,40.057341,37.382264,41.524276,38.386183,40.086594,37.903940,39.527267,38.904720,40.880009,79.036211,82.189923,121.880572,83.493374,125.924325,52.235598,45.021366,134.519250,118.279999,2.869000,277.000000,117.589996,2.131000,175.199997,2873461.908832,12.839784,13.860079,23.537539,82.409881,39.554547,148621735339602888000000000000000000.000000,274976772116136397000000000000000000.000000
06/22/2026 15:27:13,0.000000,0.000000,74.047945,74.855254,64.765828,79.385572,77.331071,78.245539,75.184313,74.981157,35.643756,35.123883,35.071566,36.484962,33.972863,34.180176,36.516245,37.443341,37.381305,40.129966,36.553275,39.433382,38.902724,38.397765,39.926094,39.452204,38.408983,38.652671,40.074473,38.636339,39.653096,76.204593,35.759370,36.496611,25.987840,25.353832,26.241712,34.752218,35.047568,34.773065,71.410954,33.813774,37.393094,25.827995,25.756464,25.969009,36.894459,37.113842,37.484244,38.592554,38.860372,31.025664,31.616926,38.981469,39.123528,33.419675,32.398372,39.684789,46.844599,37.079188,40.702415,38.127548,41.299402,40.037086,43.181937,36.652048,40.821840,37.711936,41.778284,35.284506,40.067989,35.499456,40.739343,36.479644,41.924181,38.599183,41.108299,38.068082,40.063930,37.363676,41.494979,38.389446,40.078802,37.896126,39.514178,38.904259,40.890993,81.955200,84.012360,121.646680,85.385144,125.971438,52.262981,45.589206,142.106344,118.250000,2.906000,282.399994,117.519997,2.170000,181.300003,2873521.906174,12.418509,13.314992,24.078102,86.019302,39.542938,148621735339602888000000000000000000.000000,274976772116136397000000000000000000.000000
06/22/2026 15:28:13,0.000000,0.000000,73.861582,74.906517,64.683880,79.375560,77.327355,78.243509,75.193876,74.997059,35.709608,35.203963,35.093574,36.513268,33.939988,34.157963,36.550876,37.461135,37.317481,40.141702,36.561523,39.439537,38.950359,38.317383,40.476007,39.129029,38.380887,38.832461,39.955219,38.667399,39.675571,75.241903,35.703544,36.414722,25.944682,25.210466,26.170406,34.587427,34.965764,34.595856,70.822277,33.755474,37.403215,25.743451,25.684434,25.819628,36.918276,37.117309,37.498667,38.570318,38.842231,30.982391,31.685485,38.949190,39.138898,33.508902,32.701100,39.665669,46.839443,37.050086,40.689295,38.117477,41.303970,40.012579,43.167183,36.619472,40.811477,37.677227,41.795193,35.258766,40.133167,35.473279,40.738172,36.472271,41.946640,38.577152,41.108779,38.084689,40.054939,37.348024,41.505090,38.380610,40.090298,37.886447,39.513336,38.878929,40.880691,79.433640,82.561543,122.099890,83.848365,126.025241,52.352764,45.124849,135.372084,118.120003,2.871000,277.100006,117.419998,2.135000,175.899994,2873581.904083,12.778384,13.766877,23.636338,82.822227,39.536012,148621735339602888000000000000000000.000000,274976772116136397000000000000000000.000000
06/22/2026 15:29:13,0.000000,0.000000,74.039848,74.893636,64.802534,79.366600,77.294782,78.249265,75.161677,74.987663,35.697659,35.114867,35.074522,36.506803,33.989001,34.164352,36.570168,37.371213,37.297597,40.146120,36.551799,39.505852,38.789466,38.353323,40.108453,39.296463,38.378776,38.825497,40.035956,38.676764,39.524055,76.011093,35.762166,36.618008,25.850500,25.269199,26.121830,34.810516,35.149292,34.967950,71.212241,33.771411,37.401304,25.697702,25.644049,25.861027,36.892886,37.132612,37.495131,38.596804,38.905191,31.030819,31.516938,38.965781,39.140487,33.458080,32.498740,39.678454,46.830562,37.075153,40.695756,38.124401,41.304961,40.045738,43.157198,36.651444,40.797071,37.687512,41.770692,35.260258,40.126279,35.481418,40.739893,36.463821,41.935633,38.575368,41.089839,38.069294,40.039582,37.360910,41.512340,38.374642,40.065606,37.880685,39.509350,38.903704,40.886038,81.507916,83.550553,121.599170,85.021479,125.806959,52.286756,45.376400,140.906515,118.459999,2.896000,281.000000,117.750000,2.158000,180.000000,2873641.901184,12.742040,13.525336,23.875968,85.457161,39.536453,148621735339602888000000000000000000.000000,274976772116136397000000000000000000.000000
06/22/2026 15:30:13,0.000000,0.000000,73.858223,74.835568,64.696306,79.365689,77.330519,78.231101,75.187409,74.941590,35.775904,35.131991,35.161251,36.465191,33.952141,34.073343,36.536306,37.428898,37.332801,40.059596,36.550305,39.411038,38.815054,38.285311,40.247442,39.108329,38.456302,38.681879,40.111119,38.792216,39.611883,75.238327,35.843763,36.241871,25.923147,25.232304,26.186864,34.492627,34.772548,33.815706,70.761514,33.831795,37.397862,25.771569,25.712106,25.840474,36.899533,37.116261,37.490784,38.546111,38.800702,30.986353,31.711722,38.961381,39.136529,33.475418,32.606449,39.662656,46.791081,37.070574,40.681952,38.126895,41.289265,40.028256,43.135832,36.633003,40.814696,37.668084,41.764993,35.231970,40.195089,35.473080,40.724117,36.424945,41.953875,38.581768,41.077296,38.055276,40.042784,37.336711,41.499680,38.359284,40.055250,37.876487,39.498105,38.882200,40.878232,79.503567,82.675295,122.149046,83.992473,126.010770,52.344833,45.051934,136.009564,118.570000,2.862000,277.000000,117.849998,2.134000,176.199997,2873701.898717,12.675134,13.831125,23.566737,83.129326,39.527115,148621735339602888000000000000000000.000000,274976772116136397000000000000000000.000000
06/22/2026 15:31:13,0.000000,0.000000,74.330717,74.855592,64.622071,79.384641,77.304021,78.237454,75.186986,74.952149,35.723535,35.089334,35.089334,36.470225,33.967403,34.103695,36.506239,37.433347,37.375590,40.017200,36.508609,39.327412,38.828017,38.282827,40.197690,39.225252,38.247364,38.750210,39.880134,38.739618,39.544018,76.169409,35.769377,36.440219,25.974062,25.384323,26.201121,34.650609,34.945109,34.656819,71.341729,33.786602,37.370439,25.813580,25.734000,25.957745,36.871368,37.124810,37.485862,38.600349,38.863352,31.039369,31.487615,38.967704,39.117265,33.374268,32.444930,39.667887,46.765924,37.066783,40.651761,38.121343,41.268695,40.016907,43.086337,36.630899,40.797282,37.680212,41.776179,35.261590,40.043446,35.496930,40.702704,36.479989,41.947533,38.585552,41.061705,38.061752,40.036906,37.333466,41.495565,38.372373,40.061231,37.877624,39.507617,38.891758,40.855193,81.721653,83.973207,121.608334,85.358996,125.841104,52.183695,45.413004,142.431803,118.570000,2.914000,283.200012,117.839996,2.177000,181.899994,2873761.896333,12.529444,13.459664,23.910775,86.171241,39.520105,148621735339602888000000000000000000.000000,274976772116136397000000000000000000.000000
06/22/2026 15:32:13,0.000000,0.000000,73.716298,74.839151,64.571219,79.364249,77.256196,78.244807,75.143226,74.973432,35.640616,35.078622,35.059557,36.494685,33.914241,34.136662,36.529556,37.437628,37.395856,40.084546,36.531109,39.377805,38.880647,38.310323,40.093575,39.194237,38.319467,38.621892,40.015107,38.707963,39.575655,75.173643,35.685096,36.423291,25.936501,25.293075,26.180998,34.639108,34.961993,34.702542,70.696658,33.854988,37.377166,25.758240,25.703694,25.863739,36.893800,37.103011,37.473437,38.527905,38.832999,30.995349,31.694430,38.989195,39.142281,33.472771,32.423530,39.643593,46.784619,37.057400,40.675001,38.105346,41.283415,40.023278,43.100146,36.626233,40.782192,37.671692,41.738243,35.263507,39.998644,35.481564,40.697336,36.461757,41.902525,38.579204,41.054056,38.054348,40.018944,37.334898,41.472561,38.374448,40.046962,37.873479,39.465119,38.873771,40.833288,79.642594,82.543976,121.989329,83.863229,125.949260,52.319585,45.197180,136.101696,118.559998,2.870000,277.600006,117.870003,2.135000,176.500000,2873821.894020,12.717972,13.671847,23.705319,83.173631,39.509252,148621735339602888000000000000000000.000000,274976772116136397000000000000000000.000000
06/22/2026 15:33:13,0.000000,0.000000,74.005508,74.841164,64.735748,79.369080,77.304851,78.235338,75.179920,74.971694,35.705932,35.081472,35.081472,36.479147,33.929290,34.146380,36.506945,37.472510,37.296127,40.008064,36.473762,39.450519,38.781308,38.375186,39.966630,39.212723,38.312954,38.803843,40.016979,38.706749,39.580345,76.221879,35.769993,36.524043,25.894107,25.300304,26.156042,34.714768,35.035405,34.829644,71.330018,33.784557,37.385362,25.736573,25.666825,25.879309,36.887089,37.089226,37.475037,38.560404,38.864127,30.972862,31.481714,38.960882,39.143088,33.379394,32.486526,39.629318,46.767046,37.042709,40.655093,38.111876,41.276933,40.018548,43.079630,36.618386,40.795049,37.676644,41.747127,35.260288,40.166842,35.484550,40.721315,36.453997,41.922901,38.578917,41.042328,38.074071,40.024960,37.328112,41.494862,38.371667,40.041829,37.869215,39.488202,38.890826,40.859546,81.719092,83.855488,121.483025,85.263730,125.909632,52.297310,45.456032,141.616697,118.639999,2.899000,281.899994,117.949997,2.165000,180.800003,2873881.891547,12.572374,13.433693,23.951669,85.790276,39.516426,148621735339602888000000000000000000.000000,274976772116136397000000000000000000.000000
06/22/2026 15:34:13,0.000000,0.000000,73.798822,74.826935,64.580664,79.363045,77.197691,78.225507,75.136686,74.968580,35.676208,35.119559,35.065469,36.478181,33.902124,34.081933,36.454759,37.457521,37.370362,40.011108,36.502047,39.432800,38.718998,38.421025,39.993992,39.225995,38.362140,38.619967,39.942237,38.751498,39.634711,75.494523,35.872899,36.443631,25.885150,25.216649,26.142170,34.642465,34.982643,34.758683,70.917514,33.834241,37.378480,25.733190,25.664336,25.849825,36.867203,37.116666,37.466110,38.543102,38.785325,31.015835,31.411958,38.947225,39.098995,33.482045,32.526027,39.641576,46.739366,37.020001,40.650980,38.113051,41.254670,40.018283,43.060929,36.631837,40.750090,37.680567,41.739598,35.252071,40.121226,35.493175,40.709173,36.448871,41.925949,38.565203,41.025575,38.058336,40.017634,37.319877,41.466145,38.377280,40.007429,37.886859,39.482000,38.882608,40.836822,79.779973,82.832587,122.091259,84.155229,126.199617,52.247784,45.345054,136.516374,118.550003,2.875000,278.100006,117.860001,2.140000,176.600006,2873941.889072,12.597482,13.532331,23.846149,83.372798,39.505906,148621735339602888000000000000000000.000000,274976772116136397000000000000000000.000000
06/22/2026 15:35:13,0.000000,0.000000,73.938997,74.811054,64.547910,79.353913,77.233196,78.226884,75.157801,74.965199,35.656924,35.027991,35.024001,36.464910,33.993594,34.101916,36.500457,37.433760,37.310444,39.985318,36.527483,39.439421,38.742837,38.309760,39.969425,39.155971,38.488770,38.831731,39.766297,38.665344,39.514126,76.131952,35.683966,36.476161,25.932657,25.279389,26.179389,34.677111,35.016829,34.803081,71.338680,33.821157,37.375462,25.768140,25.698394,25.888997,36.866152,37.110751,37.467906,38.559905,38.907197,30.991403,31.633461,38.957207,39.132797,33.322374,32.303629,39.616475,46.772610,37.047456,40.651013,38.094974,41.261486,39.981044,43.036561,36.640463,40.762443,37.678383,41.754574,35.235102,40.142250,35.467791,40.706907,36.432873,41.909351,38.573697,41.018200,38.055831,40.018661,37.331077,41.462408,38.353217,40.027806,37.873711,39.454327,38.892903,40.818478,81.661969,83.827985,121.572505,85.221674,125.893370,52.179782,45.388569,141.442309,118.519997,2.907000,282.100006,117.800003,2.166000,180.500000,2874001.886409,12.588620,13.487921,23.887541,85.708582,39.502402,148621735339602888000000000000000000.000000,274976772116136397000000000000000000.000000
06/22/2026 15:36:13,0.000000,0.000000,73.773529,74.815615,64.617529,79.383504,77.229578,78.235473,75.140040,74.957572,35.635613,35.139231,35.097557,36.476195,33.953856,34.122112,36.514890,37.433146,37.360359,40.095432,36.506195,39.522537,38.795575,38.283484,40.011998,39.350309,38.325883,38.948704,40.105667,38.727174,39.571063,75.476215,35.878495,36.430632,25.840031,25.179111,26.092144,34.630195,34.959735,34.753067,70.786065,33.910317,37.334449,25.665859,25.619805,25.768802,36.857367,37.078971,37.448033,38.546680,38.851700,31.045427,31.506592,38.947121,39.084774,33.425518,32.465136,39.620021,46.728540,37.023198,40.637871,38.112710,41.237929,39.974635,43.028861,36.617212,40.755083,37.664807,41.737989,35.226055,40.146035,35.459633,40.684855,36.431948,41.895294,38.560465,40.995326,38.064807,40.026294,37.303807,41.457711,38.355567,40.012395,37.874164,39.452575,38.865245,40.826544,79.852072,82.732472,122.069956,84.099535,126.321959,52.176916,45.189878,136.301668,118.400002,2.875000,278.399994,117.699997,2.140000,176.699997,2874061.883239,12.732274,13.636091,23.698358,83.269726,39.492586,148621735339602888000000000000000000.000000,274976772116136397000000000000000000.000000
06/22/2026 15:37:13,0.000000,0.000000,73.812262,74.769379,64.600238,79.355962,77.201124,78.219256,75.161957,74.942321,35.679649,35.098618,35.116795,36.431337,33.927505,34.063360,36.478734,37.480140,37.411373,40.111467,36.517433,39.514447,38.694353,38.410500,39.819546,39.321337,38.049809,38.650333,39.951401,38.739049,39.557090,76.031313,35.671314,36.416604,25.881802,25.268762,26.145528,34.638925,34.976886,34.791069,71.103980,33.746034,37.335830,25.749970,25.663232,25.867017,36.851921,37.076623,37.452561,38.538400,38.824836,30.999138,31.591297,38.927570,39.059491,33.324521,32.283735,39.595439,46.705244,37.031465,40.596345,38.077237,41.234497,39.974283,43.000851,36.624381,40.728903,37.668137,41.715358,35.245728,40.107431,35.471324,40.679441,36.448194,41.885801,38.565500,40.974819,38.060719,39.998860,37.305462,41.455456,38.367433,39.980406,37.870367,39.452754,38.883665,40.798697,81.470432,83.543725,121.450717,84.987357,125.809861,52.124960,45.392658,140.808068,118.379997,2.896000,281.299988,117.660004,2.161000,180.100006,2874121.881402,12.525174,13.444400,23.891430,85.410896,39.483473,148621735339602888000000000000000000.000000,274976772116136397000000000000000000.000000
06/22/2026 15:38:13,0.000000,0.000000,73.799975,74.749077,64.654525,79.341391,77.218536,78.214766,75.139002,74.950620,35.649575,35.100445,35.131479,36.446600,33.914399,34.065351,36.527357,37.435431,37.393301,40.030447,36.549794,39.457779,38.946551,38.415129,39.954345,39.365819,38.151983,38.480078,39.963000,38.623991,39.599939,75.378053,35.787909,36.322845,25.857225,25.196760,26.116039,34.426934,34.852359,34.582669,70.650006,33.806637,37.325771,25.702241,25.617289,25.781383,36.846370,37.063554,37.451703,38.496486,38.833771,30.889622,31.496511,38.943212,39.086160,33.434911,32.512865,39.574303,46.706420,37.014964,40.633637,38.070476,41.232317,39.962405,42.997360,36.597850,40.741942,37.632612,41.725304,35.211866,40.098448,35.451653,40.682398,36.414429,41.887176,38.555845,40.979716,38.059766,39.988216,37.277538,41.444747,38.341670,39.985309,37.841704,39.434289,38.846529,40.822400,79.809056,82.595796,121.960788,83.934258,126.151883,52.186722,45.255687,136.471198,118.589996,2.873000,277.799988,117.879997,2.139000,176.500000,2874181.878623,12.561775,13.564701,23.761070,83.351120,39.473776,148621735339602888000000000000000000.000000,274976772116136397000000000000000000.000000
06/22/2026 15:39:13,0.000000,0.000000,74.163345,74.795646,64.699517,79.372159,77.235899,78.225797,75.159078,74.961407,35.675402,35.133383,35.048700,36.450540,33.898371,34.071522,36.481144,37.465307,37.320483,40.022644,36.482210,39.470082,38.747928,38.482195,39.968704,39.097019,38.366241,38.900343,40.017719,38.721613,39.535455,76.101736,35.658878,36.424983,25.904177,25.273257,26.156277,34.616428,34.986326,34.751723,71.214737,33.805553,37.348469,25.722065,25.648292,25.851418,36.856835,37.086400,37.442648,38.562492,38.903643,30.956619,31.466366,38.946149,39.095714,33.349896,32.365408,39.585993,46.711886,37.028900,40.626815,38.091019,41.224756,39.961883,42.973132,36.622107,40.740117,37.628128,41.730956,35.198737,40.099498,35.467776,40.678506,36.405648,41.879100,38.546411,40.976912,38.034300,39.994980,37.270617,41.446613,38.339127,39.982502,37.850819,39.444268,38.830796,40.806266,81.466740,83.602648,121.570537,85.048442,125.715407,52.231883,45.396844,141.017592,118.629997,2.896000,280.899994,117.930000,2.163000,179.899994,2874241.875932,12.529573,13.453059,23.895410,85.509336,39.472619,148621735339602888000000000000000000.000000,274976772116136397000000000000000000.000000
06/22/2026 15:40:13,0.000000,0.000000,73.829849,74.771313,64.693278,79.379752,77.227081,78.255703,75.187464,74.982196,35.671780,35.090743,35.101827,36.461145,33.916558,34.062182,36.480495,37.535825,37.349143,40.037549,36.531701,39.560895,38.777479,38.493214,39.835844,39.204006,38.410942,38.653305,39.853446,38.802483,39.669668,75.298744,35.855313,36.329117,25.847970,25.219706,26.113044,34.519197,34.841687,34.521415,70.591887,33.847099,37.346422,25.694511,25.631467,25.780925,36.840608,37.058679,37.434110,38.539399,38.815550,30.885928,31.755222,38.925111,39.104678,33.421128,32.532526,39.569542,46.675721,36.990086,40.601825,38.074342,41.214462,39.940997,42.946616,36.602461,40.724184,37.633347,41.713283,35.220307,40.101109,35.453443,40.688116,36.401587,41.894442,38.541951,40.972907,38.030454,39.976161,37.276938,41.439600,38.340919,39.985982,37.838845,39.445546,38.837104,40.809037,79.634154,82.556983,122.031826,83.878955,126.195245,52.239554,45.309229,136.222327,118.570000,2.874000,278.000000,117.849998,2.137000,176.600006,2874301.874304,12.517063,13.534368,23.812054,83.231611,39.464710,148621735339602888000000000000000000.000000,274976772116136397000000000000000000.000000
06/22/2026 15:41:13,0.000000,0.000000,73.678566,74.760486,64.687452,79.361809,77.197717,78.218379,75.143730,74.951125,35.649050,35.081298,35.045828,36.454013,33.901856,34.110075,36.468535,37.440336,37.277383,39.939147,36.533337,39.479716,38.847597,38.387201,40.039433,39.063716,38.440202,38.680791,39.932012,38.700211,39.605859,76.004993,35.607787,36.452729,25.905788,25.291865,26.152972,34.672191,34.998166,34.796388,71.156657,33.793171,37.346403,25.736965,25.629659,25.864976,36.860962,37.068412,37.457141,38.525757,38.860984,31.016924,31.563636,38.932174,39.100711,33.298942,32.281671,39.560768,46.692321,36.991406,40.615028,38.084494,41.237765,39.930403,42.947477,36.598904,40.730939,37.632173,41.712994,35.204904,40.069498,35.454443,40.680913,36.415593,41.867000,38.553684,40.957317,38.036931,39.982621,37.279441,41.457220,38.335645,39.974339,37.851914,39.431690,38.842250,40.796121,81.366101,83.573004,121.449118,84.984101,125.925655,52.189296,45.367055,140.698934,118.669998,2.901000,281.500000,117.959999,2.165000,180.199997,2874361.872920,12.585650,13.479324,23.867079,85.359584,39.464207,148621735339602888000000000000000000.000000,274976772116136397000000000000000000.000000
06/22/2026 15:42:13,0.000000,0.000000,73.926276,74.723137,64.595345,79.346740,77.234431,78.223489,75.160031,74.960249,35.635629,35.069198,35.023086,36.448474,33.888750,34.061459,36.508414,37.532326,37.302899,40.091042,36.519489,39.436275,38.669511,38.375494,39.789601,39.260500,38.344172,38.834160,40.094396,38.592735,39.644851,75.229367,35.788739,36.402467,25.841403,25.166617,26.085471,34.590196,34.966314,34.753438,70.671610,33.884740,37.334364,25.683211,25.583054,25.754182,36.829629,37.074681,37.446976,38.547833,38.825138,30.978944,31.650855,38.932251,39.142255,33.349230,32.427151,39.556362,46.688899,37.014481,40.588683,38.085011,41.230378,39.934903,42.939667,36.606078,40.694584,37.665949,41.681521,35.219698,39.941872,35.494491,40.645341,36.423652,41.850309,38.549727,40.933565,38.075430,39.953606,37.305596,41.431991,38.361982,39.939101,37.874021,39.410539,38.856440,40.763172,80.057454,82.700040,122.165114,83.956824,126.242021,52.253996,45.364329,137.047472,118.419998,2.878000,278.799988,117.699997,2.141000,177.199997,2874421.871309,12.537981,13.469878,23.864486,83.627295,39.457235,148621735339602888000000000000000000.000000,274976772116136397000000000000000000.000000
06/22/2026 15:43:13,0.000000,0.000000,73.903275,74.734806,64.667877,79.367410,77.273267,78.221883,75.169361,74.967469,35.606149,35.035707,35.021961,36.419290,33.931405,34.117422,36.482894,37.451583,37.306642,39.988579,36.509073,39.512587,38.739276,38.414819,40.090740,39.278732,38.208829,38.658293,40.039988,38.736415,39.538599,75.758753,35.564119,36.484351,25.898514,25.317683,26.142123,34.691857,35.014277,34.879027,71.054835,33.763438,37.346798,25.706963,25.626929,25.865835,36.825978,37.043168,37.423190,38.532025,38.885207,30.932208,31.491860,38.929051,39.076855,33.287354,32.231926,39.537046,46.649081,36.998952,40.573664,38.079221,41.211780,39.946242,42.882030,36.601976,40.710387,37.638059,41.689829,35.185718,39.930567,35.440137,40.652938,36.400305,41.863715,38.519042,40.936422,38.020007,39.985569,37.244372,41.440075,38.320642,39.952097,37.852589,39.423986,38.820489,40.786739,81.164276,83.340879,121.382575,84.731520,125.744950,52.234934,45.402198,140.430956,118.620003,2.893000,280.799988,117.910004,2.160000,179.699997,2874481.869077,12.583850,13.446297,23.900501,85.233474,39.443123,148621735339602888000000000000000000.000000,274976772116136397000000000000000000.000000
06/22/2026 15:44:13,0.000000,0.000000,74.144737,74.761419,64.732009,79.353588,77.251828,78.229504,75.172184,74.961844,35.643489,35.072186,35.038046,36.427298,33.916794,34.047767,36.482619,37.430974,37.303669,39.987379,36.499015,39.569506,38.920691,38.470491,39.984274,39.173040,38.192664,38.605941,39.857720,38.716289,39.569280,74.941143,35.627740,36.249560,25.808967,25.092115,26.065556,34.480353,34.777578,34.155054,70.552468,33.836515,37.325461,25.628154,25.495350,25.654058,36.827444,37.025173,37.431685,38.504308,38.782712,30.898223,31.851709,38.875797,39.078757,33.334594,32.439789,39.531411,46.654083,36.954033,40.579144,38.026853,41.213791,39.901542,42.902039,36.569924,40.720066,37.635843,41.657721,35.205230,39.900606,35.458756,40.652882,36.381657,41.833872,38.549998,40.917990,38.029333,39.958736,37.245305,41.431167,38.340843,39.931880,37.839388,39.407283,38.818331,40.766978,79.714586,82.448043,122.207226,83.635126,126.284126,52.339314,44.993427,136.316402,118.650002,2.872000,277.899994,117.949997,2.135000,176.100006,2874541.867592,12.738717,13.814618,23.510843,83.276803,39.433890,148621735339602888000000000000000000.000000,274976772116136397000000000000000000.000000
06/22/2026 15:45:13,0.000000,0.000000,73.887823,74.786550,64.631729,79.349176,77.230553,78.205729,75.165466,74.962306,35.648967,35.097620,35.041311,36.454544,33.862425,34.067104,36.468635,37.476684,37.245023,40.022792,36.485456,39.508464,38.777076,38.531219,40.006044,39.396389,38.067762,38.993509,39.987820,38.696962,39.548207,75.763307,35.488696,36.367849,25.821650,25.159378,26.033092,34.617694,34.909102,34.643423,70.955961,33.803861,37.337759,25.608398,25.539984,25.758046,36.811333,37.047103,37.421714,38.521721,38.849709,30.909282,31.532650,38.911797,39.067544,33.363291,32.344785,39.534252,46.622864,36.997190,40.586881,38.070394,41.200938,39.910263,42.851890,36.589301,40.695797,37.632695,41.664263,35.200299,39.954317,35.448066,40.650596,36.385999,41.856908,38.528983,40.887353,38.016794,39.960770,37.259727,41.426369,38.337793,39.930732,37.850609,39.403488,38.824340,40.758444,81.250966,83.321988,121.447058,84.773215,125.662275,52.199269,45.269413,140.424965,118.559998,2.897000,281.100006,117.830002,2.162000,179.899994,2874601.865850,12.593706,13.563616,23.774143,85.230653,39.434610,148621735339602888000000000000000000.000000,274976772116136397000000000000000000.000000
06/22/2026 15:46:13,0.000000,0.000000,74.371217,74.795939,64.666034,79.360290,77.222736,78.231165,75.173388,74.989660,35.587597,35.088083,35.025123,36.433486,33.941650,34.102362,36.474673,37.499512,37.328805,40.031820,36.479477,39.482636,38.693407,38.487701,39.992667,39.339342,38.240533,38.683799,40.052232,38.610968,39.463180,74.857230,35.349167,36.409972,25.752666,25.069332,25.994069,34.590830,34.919942,34.729233,70.652417,33.775408,37.314245,25.562707,25.484900,25.649644,36.795647,37.042478,37.403489,38.543695,38.866837,30.865972,31.546825,38.912478,39.059843,33.310656,32.430544,39.516075,46.602947,36.996496,40.544357,38.060866,41.176068,39.904745,42.821363,36.599691,40.674697,37.623005,41.648466,35.187792,39.901779,35.442210,40.654027,36.390776,41.843192,38.522716,40.870539,38.016158,39.938983,37.235213,41.420140,38.324033,39.917865,37.835499,39.387967,38.794137,40.744162,79.333562,82.364679,122.207599,83.458629,126.359893,52.259007,45.073935,135.457092,118.750000,2.862000,276.399994,118.059998,2.129000,175.100006,2874661.864306,12.822227,13.726500,23.587745,82.863234,39.419865,148621735339602888000000000000000000.000000,274976772116136397000000000000000000.000000
06/22/2026 15:47:13,0.000000,0.000000,73.996473,74.810590,64.710365,79.348440,77.239505,78.257172,75.169851,74.958243,35.633427,35.069211,35.073645,36.441054,33.922157,34.062896,36.489409,37.514672,37.383377,40.016589,36.507110,39.469892,38.814819,38.592811,39.983543,39.391070,38.341734,38.537324,40.006481,38.700206,39.605453,75.922751,35.583896,36.506318,25.844785,25.242013,26.098238,34.690004,35.019519,34.878061,71.034920,33.813208,37.314185,25.693207,25.618539,25.837027,36.797912,37.023955,37.422050,38.532211,38.858834,30.936769,31.537408,38.909001,39.075337,33.309377,32.295294,39.527091,46.615051,36.998129,40.547744,38.060730,41.169914,39.909599,42.830591,36.599698,40.678461,37.647114,41.668056,35.199116,39.981344,35.444668,40.636134,36.388281,41.839584,38.508497,40.864726,38.028353,39.946742,37.257590,41.424018,38.331900,39.911604,37.856174,39.395813,38.828827,40.762479,81.282486,83.327700,121.435695,84.788279,125.671483,52.260070,45.225898,140.382380,118.599998,2.899000,281.200012,117.889999,2.160000,179.699997,2874721.862578,12.773629,13.581496,23.732689,85.210597,39.428601,148621735339602888000000000000000000.000000,274976772116136397000000000000000000.000000
06/22/2026 15:48:13,0.000000,0.000000,73.705727,74.786767,64.625107,79.378015,77.264941,78.225769,75.172625,74.989320,35.626790,35.084738,35.034636,36.431267,33.912783,34.073501,36.449292,37.503780,37.384712,40.037308,36.488087,39.592417,38.827126,38.521247,40.112366,39.179084,38.366237,38.674382,40.167079,38.708809,39.573863,75.181639,35.714750,36.350669,25.881505,25.251021,26.134503,34.541214,34.898730,34.523024,70.680883,33.797190,37.329075,25.721678,25.643881,25.793347,36.811756,37.035584,37.414127,38.517236,38.746158,30.886268,31.643298,38.905600,39.058261,33.306396,32.419452,39.512135,46.606760,36.969834,40.562289,38.070020,41.183815,39.903249,42.818994,36.598189,40.680834,37.615023,41.651956,35.187199,40.030308,35.430095,40.661873,36.347759,41.848810,38.512022,40.890690,37.997398,39.960812,37.219089,41.416707,38.306015,39.904546,37.836726,39.413887,38.809819,40.753642,79.694720,82.533517,122.347068,83.719542,126.353073,52.196891,45.070236,136.356397,118.639999,2.866000,277.500000,117.949997,2.134000,176.100006,2874781.861403,12.766456,13.744862,23.584213,83.296010,39.423350,148621735339602888000000000000000000.000000,274976772116136397000000000000000000.000000
06/22/2026 15:49:13,0.000000,0.000000,73.930830,74.779235,64.673074,79.383831,77.268244,78.232435,75.163190,74.967632,35.630596,35.055293,35.057510,36.435388,33.933345,34.065204,36.435277,37.501276,37.308487,40.041975,36.487906,39.490263,38.777836,38.553169,39.861776,39.347718,38.160555,38.607397,39.903687,38.657718,39.574543,75.920173,35.645877,36.446962,25.830562,25.248358,26.087594,34.635813,34.980871,34.789732,71.048885,33.786966,37.302330,25.684349,25.599842,25.804283,36.804440,37.015002,37.406530,38.516713,38.834204,30.882929,31.657334,38.916395,39.063318,33.319489,32.293022,39.471487,46.589680,36.962281,40.536274,38.032881,41.177255,39.872440,42.814204,36.583184,40.666452,37.616497,41.640670,35.179523,39.972884,35.418876,40.640214,36.356970,41.830617,38.501701,40.859270,38.022161,39.940125,37.240780,41.395820,38.304035,39.890716,37.821977,39.374471,38.815580,40.734737,81.268222,83.308833,121.368298,84.775951,125.601430,52.194733,45.250527,140.485847,118.690002,2.894000,280.799988,117.980003,2.161000,179.699997,2874841.859803,12.690807,13.546175,23.756155,85.259318,39.408792,148621735339602888000000000000000000.000000,274976772116136397000000000000000000.000000
06/22/2026 15:50:13,0.000000,0.000000,74.237232,74.787516,64.725495,79.371912,77.225961,78.240277,75.157215,74.964191,35.624959,35.066945,35.035021,36.418190,33.917870,34.091460,36.438253,37.504248,37.282082,39.990542,36.481833,39.444910,38.866602,38.423436,39.981524,39.112942,38.384795,38.704849,40.103208,38.671746,39.553460,75.226287,35.714185,36.325314,25.706088,25.006175,25.959122,34.497570,34.855992,34.596951,70.704549,33.821501,37.328048,25.494389,25.491706,25.557159,36.792622,37.027512,37.396178,38.504167,38.798975,30.844233,31.641372,38.917404,39.070503,33.310284,32.360017,39.481004,46.582250,36.971127,40.536715,38.044366,41.158518,39.858079,42.775744,36.585139,40.684749,37.607462,41.657626,35.146118,40.009744,35.430242,40.651186,36.326390,41.846858,38.493286,40.861004,37.979263,39.959907,37.214643,41.411904,38.287945,39.916692,37.799858,39.376209,38.788171,40.736449,80.041203,82.624406,122.215321,83.862274,126.381541,52.277794,44.939593,137.064797,118.680000,2.868000,277.700012,117.980003,2.136000,176.500000,2874901.857783,12.865937,13.868671,23.459377,83.635586,39.405955,148621735339602888000000000000000000.000000,274976772116136397000000000000000000.000000
06/22/2026 15:51:13,0.000000,0.000000,74.087766,74.783502,64.651307,79.355417,77.291155,78.210715,75.158769,74.983909,35.616116,35.015086,35.050114,36.430153,33.925430,34.045747,36.459133,37.404863,37.319682,40.016117,36.451754,39.546336,38.721862,38.518370,39.861290,39.160661,38.245081,38.648179,40.156346,38.743957,39.540783,75.739320,35.577834,36.414398,25.857452,25.224719,26.069782,34.609539,34.960372,34.779431,70.919817,33.789579,37.315969,25.676680,25.577418,25.802531,36.788107,37.023883,37.416669,38.508737,38.818251,30.971989,31.500445,38.927903,39.077471,33.220873,32.035343,39.479395,46.564349,36.966725,40.525286,38.035994,41.167517,39.860923,42.753106,36.582241,40.661252,37.632050,41.644712,35.159332,39.863790,35.419077,40.623648,36.351825,41.820055,38.502132,40.865422,38.009352,39.932193,37.212482,41.413927,38.298808,39.875721,37.829920,39.366964,38.797929,40.745744,81.175548,83.187994,121.413267,84.688640,125.708368,52.244628,45.327336,140.336718,118.680000,2.899000,281.299988,117.980003,2.163000,179.899994,2874961.856601,12.585110,13.486681,23.829288,85.189088,39.398729,148621735339602888000000000000000000.000000,274976772116136397000000000000000000.000000
06/22/2026 15:52:13,0.000000,0.000000,74.277320,74.828845,64.735681,79.387805,77.292869,78.224631,75.160575,74.962905,35.605955,35.003144,34.995162,36.420641,33.897683,34.043754,36.445106,37.404116,37.351544,40.076954,36.454439,39.599027,38.802851,38.491223,39.849527,39.206672,38.175784,38.697212,40.050641,38.645570,39.484755,75.513049,35.644265,36.359036,25.917983,25.278572,26.174550,34.547287,34.895043,34.584997,71.124441,33.842052,37.370248,25.715476,25.656011,25.847294,36.808957,37.001825,37.423654,38.511739,38.806676,30.893901,31.616624,38.900161,39.072675,33.243594,32.126932,39.455055,46.582472,36.932869,40.530774,38.017644,41.160460,39.854735,42.782951,36.574701,40.657982,37.605785,41.647602,35.148500,39.944690,35.406476,40.639586,36.324024,41.828766,38.478650,40.828363,37.968787,39.930507,37.200177,41.377213,38.276525,39.858891,37.795814,39.348359,38.779470,40.711040,79.502395,82.972722,122.353564,84.150804,126.366096,52.413758,45.262988,135.970379,118.769997,2.870000,277.799988,118.080002,2.135000,176.199997,2875021.854412,12.591012,13.602224,23.768024,83.110477,39.388296,148621735339602888000000000000000000.000000,274976772116136397000000000000000000.000000
06/22/2026 15:53:13,0.000000,0.000000,73.984522,74.824846,64.833389,79.379744,77.320174,78.230025,75.194393,74.961248,35.658902,35.059678,35.068102,36.445387,33.916291,34.011304,36.460496,37.478723,37.380503,40.018572,36.535212,39.546961,38.775889,38.469549,39.886888,39.061439,38.258140,38.769365,39.925264,38.621064,39.526708,75.889162,35.639013,36.397169,25.815576,25.180138,26.059648,34.567777,34.920847,34.723928,71.111158,33.774863,37.311597,25.650350,25.569419,25.763800,36.786500,37.029796,37.390550,38.529450,38.813446,30.809825,31.515197,38.950568,39.058222,33.261476,32.287618,39.455548,46.516066,36.935115,40.493816,38.030489,41.147120,39.839170,42.741093,36.566595,40.646430,37.605238,41.614956,35.154539,39.814951,35.415616,40.619054,36.328614,41.808995,38.490584,40.814730,38.007431,39.927633,37.188892,41.373689,38.287119,39.871686,37.815712,39.350578,38.764676,40.719175,81.367870,83.476020,121.458782,84.893661,125.743460,52.245901,45.226579,140.708487,118.610001,2.897000,281.500000,117.900002,2.160000,180.000000,2875081.852745,12.663831,13.578259,23.733338,85.364077,39.378177,148621735339602888000000000000000000.000000,274976772116136397000000000000000000.000000
06/22/2026 15:54:13,0.000000,0.000000,74.039044,74.846784,64.799583,79.384213,77.332658,78.203781,75.202791,74.966269,35.621251,35.059687,35.018008,36.402297,33.908143,34.015588,36.445100,37.441243,37.269980,40.002717,36.471490,39.522556,38.767791,38.419062,39.942952,39.096827,38.265409,38.362999,40.067359,38.697186,39.509678,74.742923,35.584239,36.183956,25.820150,25.199028,26.082547,34.429336,34.730128,34.252269,70.329543,33.795693,37.337886,25.631330,25.566942,25.730790,36.787458,36.997139,37.410538,38.482747,38.763339,30.949963,31.707418,38.878276,39.016824,33.300210,32.366015,39.446823,46.547229,36.938783,40.497908,38.010298,41.145849,39.845390,42.720062,36.564432,40.654866,37.611939,41.625141,35.143691,39.925367,35.392362,40.620006,36.319832,41.808549,38.480865,40.818686,37.985494,39.915884,37.190369,41.387807,38.281860,39.865950,37.810403,39.357628,38.765709,40.724168,79.221590,82.085510,122.045551,83.347318,126.012824,52.256788,45.007835,135.389409,118.769997,2.859000,276.899994,118.050003,2.131000,175.800003,2875141.850954,12.659345,13.813275,23.524611,82.830585,39.380112,148621735339602888000000000000000000.000000,274976772116136397000000000000000000.000000
06/22/2026 15:55:13,0.000000,0.000000,74.455160,74.882798,64.864244,79.386783,77.361773,78.242544,75.194676,74.994902,35.610836,35.012463,35.032416,36.416075,33.940168,34.029408,36.421980,37.415057,37.348014,39.946970,36.449135,39.490866,38.658389,38.420002,39.922135,39.179214,38.395521,38.601693,39.741523,38.651572,39.581102,76.436850,35.799991,36.356167,25.977351,25.367935,26.210666,34.613327,34.937552,34.675876,71.591032,33.876636,37.356706,25.767951,25.670036,25.887863,36.800882,37.011002,37.419060,38.526577,38.756969,30.987649,31.667576,38.939321,39.064623,33.283477,32.277158,39.453119,46.521984,36.967643,40.507705,38.031610,41.159498,39.858620,42.722706,36.560457,40.655606,37.587047,41.632036,35.133917,39.811198,35.404751,40.628983,36.303182,41.807288,38.467237,40.809500,37.963207,39.933314,37.178673,41.385567,38.277845,39.855872,37.785717,39.367829,38.769041,40.727492,82.127215,84.206815,121.819522,85.592674,126.040592,52.325629,45.206233,142.442328,118.800003,2.911000,282.899994,118.080002,2.173000,181.300003,2875201.849884,12.642219,13.642758,23.713948,86.176151,39.375621,148621735339602888000000000000000000.000000,274976772116136397000000000000000000.000000
06/22/2026 15:56:13,0.000000,0.000000,74.138105,74.859149,64.888620,79.388362,77.369253,78.233606,75.176829,74.984231,35.675738,35.072536,35.034849,36.416737,33.915968,34.050493,36.480067,37.514624,37.338504,39.949829,36.466613,39.491525,38.838235,38.499249,40.011698,39.168291,38.287078,38.555965,40.068270,38.698982,39.560251,74.523898,35.382475,36.250676,25.771016,25.127504,26.023143,34.450209,34.770066,34.408499,70.112327,33.611667,37.289339,25.569266,25.520525,25.675177,36.784632,36.994757,37.406700,38.517323,38.801821,30.922867,31.702605,38.860455,39.043566,33.268044,32.341243,39.424033,46.525844,36.951645,40.501465,38.011657,41.153250,39.836054,42.707685,36.564351,40.653384,37.591446,41.615745,35.152053,39.842891,35.409585,40.618402,36.323975,41.802857,38.484863,40.794498,37.963207,39.903787,37.192823,41.399972,38.295839,39.847464,37.806893,39.355006,38.773455,40.715165,78.158168,81.466391,121.863100,82.745963,125.779779,52.334451,44.909609,132.841434,118.849998,2.847000,274.799988,118.139999,2.114000,173.300003,2875261.847613,12.819979,13.858642,23.430697,81.593583,39.373976,148621735339602888000000000000000000.000000,274976772116136397000000000000000000.000000
06/22/2026 15:57:13,0.000000,0.000000,74.052132,74.886052,64.744835,79.380118,77.365201,78.219037,75.179611,74.986591,35.581741,35.062714,35.045866,36.394416,33.894465,34.039204,36.451248,37.368693,37.253987,39.991625,36.460792,39.492218,38.780675,38.402370,40.081267,39.227348,38.143825,38.726626,39.890519,38.666599,39.468408,77.068484,35.859529,36.344839,25.905363,25.319616,26.162379,34.629284,34.926896,34.591132,71.970270,33.898134,37.326858,25.702894,25.611234,25.869735,36.780287,37.001027,37.384871,38.519806,38.748799,30.819860,31.592057,38.890540,39.050262,33.270345,32.066084,39.432686,46.511903,36.931787,40.500191,38.001102,41.142799,39.818535,42.674417,36.560922,40.623877,37.573318,41.634648,35.112431,39.938803,35.374851,40.616007,36.286152,41.796869,38.453243,40.801269,37.954326,39.900657,37.161823,41.391594,38.270206,39.859090,37.799107,39.355173,38.761052,40.706314,82.991359,84.991565,122.070233,86.374201,126.237638,52.370755,45.425270,146.306714,118.980003,2.923000,284.799988,118.279999,2.187000,183.500000,2875321.846582,12.422404,13.404423,23.922435,87.962735,39.364838,148621735339602888000000000000000000.000000,274976772116136397000000000000000000.000000
06/22/2026 15:58:13,0.000000,0.000000,73.997279,74.909832,64.815504,79.389407,77.429692,78.242647,75.180100,74.985391,35.629669,35.037960,35.086732,36.408463,33.904116,34.055957,36.451497,37.430834,37.320826,39.972752,36.453343,39.483283,38.859993,38.540883,39.981049,39.233772,38.357419,38.752517,39.910643,38.651443,39.605437,74.999019,35.497030,36.287639,25.734904,25.083768,25.984356,34.479996,34.825121,34.574055,70.192193,33.750239,37.296499,25.513905,25.452194,25.643814,36.769969,36.970366,37.402672,38.493876,38.796611,30.827140,31.647896,38.886427,39.071738,33.245761,32.249985,39.401494,46.515434,36.906165,40.472921,37.994510,41.131946,39.799730,42.653044,36.537173,40.605192,37.583291,41.600154,35.121071,39.864980,35.403432,40.605559,36.302209,41.791300,38.482088,40.786008,37.959497,39.902290,37.167000,41.369062,38.292630,39.838963,37.789533,39.337680,38.764453,40.681089,80.453155,82.357094,121.551979,83.871190,125.571767,52.202842,45.270192,138.774512,118.739998,2.885000,279.799988,118.050003,2.151000,178.500000,2875381.844432,12.512754,13.521614,23.774885,84.450387,39.355330,148621735339602888000000000000000000.000000,274976772116136397000000000000000000.000000
06/22/2026 15:59:13,0.000000,0.000000,74.443169,74.905032,64.792690,79.387327,77.388013,78.232569,75.196450,75.003435,35.609319,34.952413,35.009614,36.392362,33.934586,34.073104,36.479490,37.568415,37.226679,39.982037,36.439653,39.611421,38.854974,38.703599,40.245516,39.201682,38.160765,38.753703,40.049757,38.729871,39.502801,75.659069,35.471422,36.351479,25.855469,25.165035,26.068693,34.571400,34.870808,34.578055,71.475518,33.719275,37.306715,25.625292,25.556880,25.736184,36.768905,36.988764,37.387181,38.526528,38.776357,30.872643,31.773126,38.904340,39.031412,33.164254,32.201022,39.401917,46.477410,36.928731,40.455752,38.000260,41.151289,39.794422,42.650829,36.550873,40.609256,37.576321,41.577826,35.120533,39.878547,35.405996,40.596188,36.307839,41.767184,38.459197,40.758780,37.966301,39.897178,37.159660,41.364020,38.267256,39.798480,37.787391,39.328926,38.752273,40.658811,79.148684,83.154752,122.265451,84.155907,126.728622,52.245015,44.885174,134.055187,118.870003,2.857000,275.899994,118.160004,2.124000,174.600006,2875441.842924,12.944163,13.899399,23.407316,82.184780,39.348315,148621735339602888000000000000000000.000000,274976772116136397000000000000000000.000000
06/22/2026 16:00:13,0.000000,0.000000,73.893686,74.903097,64.766361,79.387659,77.403931,78.220277,75.209560,74.986557,35.670456,35.026902,35.058382,36.417394,33.917071,34.019632,36.456159,37.439026,37.370811,39.986879,36.458237,39.531863,38.755481,38.473857,40.080428,39.227390,38.167095,38.793570,40.084273,38.663371,39.584990,75.786277,35.589030,36.370252,25.708682,25.072741,25.930424,34.589556,34.905365,34.684489,70.978267,33.773466,37.299755,25.500205,25.425077,25.618533,36.735219,37.001531,37.374982,38.516553,38.741164,30.788084,31.636920,38.892366,39.034440,33.272628,32.316887,39.395040,46.471606,36.937456,40.456951,38.006322,41.120608,39.825837,42.621083,36.554536,40.608432,37.581240,41.592836,35.120734,39.855830,35.396004,40.610464,36.291646,41.806188,38.469664,40.788588,37.957866,39.913443,37.156965,41.380256,38.273397,39.839343,37.790356,39.319537,38.751349,40.685628,81.323763,83.291940,121.489622,84.745209,125.794743,52.302984,44.969382,140.594009,118.660004,2.899000,281.399994,117.970001,2.164000,180.000000,2875501.841383,12.882392,13.811895,23.487860,85.310225,39.352640,148621735339602888000000000000000000.000000,274976772116136397000000000000000000.000000
06/22/2026 16:01:13,0.000000,0.000000,73.996652,74.895687,64.774253,79.392462,77.429384,78.246968,75.224337,74.989088,35.639809,34.993570,35.044118,36.389684,33.862188,34.017589,36.450935,37.416126,37.279657,40.034394,36.435588,39.694278,38.766249,38.544669,39.816545,39.134846,38.240773,38.610326,39.828602,38.635928,39.520781,74.890873,35.463347,36.088395,25.777379,25.110609,26.035762,34.325564,34.621515,33.907407,70.436567,33.745508,37.304100,25.599398,25.513097,25.680519,36.762489,36.977926,37.390869,38.497982,38.745943,30.803605,31.516999,38.889557,39.058985,33.232915,32.276815,39.386633,46.476724,36.930249,40.468273,38.000892,41.101778,39.811385,42.615904,36.569675,40.613461,37.577448,41.575869,35.119834,39.753118,35.399979,40.594849,36.324643,41.782199,38.485311,40.758406,37.980234,39.893008,37.155476,41.362230,38.277823,39.815296,37.801597,39.331198,38.745449,40.677540,79.520006,82.288187,122.118008,83.514098,126.277186,52.308324,44.920707,136.011831,118.739998,2.868000,277.200012,118.040001,2.135000,175.899994,2875561.839814,12.647082,13.862787,23.441313,83.130417,39.346216,148621735339602888000000000000000000.000000,274976772116136397000000000000000000.000000
06/22/2026 16:02:13,0.000000,0.000000,74.292198,74.910040,64.934559,79.401984,77.438506,78.240091,75.189974,75.008362,35.593858,35.023850,35.065085,36.401652,33.900836,34.020713,36.481254,37.520229,37.247065,39.975033,36.474666,39.625083,38.869972,38.561019,40.156518,39.121391,38.450714,38.768978,39.852600,38.528416,39.471909,76.078906,35.466963,36.293461,25.793200,25.192192,26.054709,34.540171,34.860435,34.584980,71.183310,33.797529,37.306820,25.603937,25.513612,25.759376,36.754248,37.013035,37.379307,38.537206,38.763663,30.869184,31.579885,38.935612,39.044591,33.230860,32.166843,39.400237,46.456004,36.947324,40.449600,38.034288,41.115098,39.796518,42.617780,36.564042,40.601976,37.592439,41.597822,35.117864,39.933627,35.388260,40.612608,36.294687,41.764209,38.459301,40.736871,37.957857,39.893602,37.160936,41.361320,38.258362,39.806518,37.790588,39.317563,38.761490,40.655678,81.452048,83.623601,121.676798,85.010488,125.960047,52.248417,45.247509,140.833813,118.699997,2.899000,281.399994,117.989998,2.163000,180.100006,2875621.838174,12.540182,13.553541,23.753279,85.422997,39.348149,148621735339602888000000000000000000.000000,274976772116136397000000000000000000.000000
06/22/2026 16:03:13,0.000000,0.000000,74.596974,74.948507,64.878584,79.385648,77.444457,78.238882,75.202245,75.007964,35.570345,35.014066,35.034019,36.392445,33.826325,34.010147,36.427560,37.422399,37.242615,39.998800,36.449408,39.543607,38.761940,38.561990,39.916674,39.022874,38.374082,38.494174,39.952393,38.680899,39.552601,74.656449,35.623385,36.103083,25.785751,25.180713,26.063352,34.330977,34.634024,34.213810,70.142063,33.758231,37.309758,25.587681,25.508086,25.699000,36.748921,36.963920,37.373584,38.475424,38.711427,30.721957,31.510225,38.860138,39.027367,33.223731,32.312366,39.368951,46.450200,36.908718,40.412924,37.976739,41.108887,39.780600,42.576002,36.550714,40.605140,37.566444,41.596584,35.090546,39.752210,35.369815,40.608182,36.284925,41.770222,38.446353,40.733646,37.949081,39.895866,37.121195,41.363064,38.249956,39.813868,37.776746,39.305071,38.741249,40.658380,78.938488,81.865443,121.913630,83.198278,125.853925,52.390356,45.074227,134.441043,118.699997,2.856000,276.100006,118.010002,2.125000,174.800003,2875681.835528,12.515060,13.721735,23.588023,82.371982,39.327743,148621735339602888000000000000000000.000000,274976772116136397000000000000000000.000000
06/22/2026 16:04:13,0.000000,0.000000,74.363813,74.971888,64.834701,79.409523,77.416158,78.255215,75.185274,75.017178,35.593876,34.982188,35.001698,36.394866,33.885592,34.026781,36.435340,37.442547,37.282014,39.964034,36.451226,39.538523,38.673434,38.526881,39.965404,39.038570,38.291017,38.777065,39.888883,38.494566,39.521118,76.454962,35.696751,36.270264,25.879465,25.290575,26.146320,34.502226,34.811861,34.522192,71.502179,33.806699,37.277045,25.700361,25.593946,25.843793,36.728951,36.984207,37.378071,38.513457,38.732618,30.712158,31.589534,38.882584,39.021131,33.153009,32.187403,39.351817,46.452030,36.908358,40.423135,38.007302,41.097999,39.774542,42.576115,36.537109,40.584946,37.553687,41.573776,35.091679,39.895260,35.364743,40.585217,36.261835,41.759263,38.434908,40.718711,37.913085,39.858194,37.136020,41.339025,38.226266,39.780403,37.758663,39.297166,38.720294,40.639237,82.220855,84.224451,121.696166,85.582936,126.103488,52.167482,45.237190,142.788999,118.949997,2.911000,283.000000,118.250000,2.175000,181.600006,2875741.834448,12.526816,13.533597,23.743448,86.337731,39.320693,148621735339602888000000000000000000.000000,274976772116136397000000000000000000.000000
06/22/2026 16:05:13,0.000000,0.000000,74.199383,75.004014,64.819333,79.404827,77.446832,78.247988,75.187183,75.010639,35.617131,35.011224,35.018319,36.404579,33.851819,34.020097,36.393477,37.328674,37.278691,39.999501,36.472243,39.568920,38.702981,38.549812,39.726708,39.110225,38.385988,38.813287,39.979699,38.694125,39.505367,74.867233,35.511225,36.088414,25.739571,25.114382,26.012266,34.306688,34.553402,33.709113,70.362431,33.714615,37.265521,25.577373,25.485705,25.669495,36.746713,36.993559,37.362323,38.485811,38.738327,30.859199,31.619800,38.897651,39.031342,33.237067,32.258765,39.344928,46.423575,36.929108,40.415168,37.987825,41.081148,39.777940,42.561491,36.538307,40.563840,37.559022,41.554016,35.080191,39.801421,35.383397,40.572837,36.260014,41.740242,38.448922,40.691741,37.945449,39.852136,37.114464,41.333246,38.257560,39.764421,37.755897,39.283379,38.725704,40.656962,78.617524,81.881877,121.877654,83.199676,125.955007,52.225137,44.952540,133.763245,118.919998,2.854000,275.600006,118.220001,2.123000,174.300003,2875801.832166,12.616656,13.793763,23.471758,82.042905,39.313478,148621735339602888000000000000000000.000000,274976772116136397000000000000000000.000000
06/22/2026 16:06:13,0.000000,0.000000,74.092738,74.964214,64.694819,79.394725,77.474614,78.217253,75.177890,75.015284,35.602411,34.948603,35.016003,36.389158,33.890523,34.049914,36.426273,37.419787,37.253832,39.942996,36.468603,39.483895,38.685398,38.527810,39.890713,39.522190,38.112510,38.807875,39.719546,38.664877,39.389883,76.549576,35.619388,36.267779,25.773112,25.083974,26.016298,34.512922,34.837188,34.467665,71.588020,33.859273,37.310803,25.508249,25.465319,25.628167,36.729266,36.953117,37.369342,38.515777,38.795000,30.775154,31.400785,38.852451,39.079681,33.168436,32.022857,39.347960,46.428593,36.891277,40.440483,37.988036,41.104497,39.750637,42.561517,36.528154,40.587205,37.528551,41.547446,35.079033,39.804236,35.348998,40.560823,36.255019,41.738066,38.423336,40.710695,37.923769,39.853426,37.115316,41.350130,38.237855,39.760476,37.752385,39.288253,38.721699,40.645922,82.394741,84.311051,121.729528,85.664258,126.046408,52.255999,45.020879,142.957072,118.879997,2.908000,283.200012,118.150002,2.174000,181.899994,2875861.830520,12.730705,13.773729,23.537074,86.415975,39.309126,148621735339602888000000000000000000.000000,274976772116136397000000000000000000.000000
06/22/2026 16:07:13,0.000000,0.000000,74.241174,74.990010,64.696985,79.405216,77.439640,78.250061,75.217553,75.009337,35.653002,35.025839,35.063971,36.412515,33.855340,33.996091,36.454995,37.429465,37.304319,40.003450,36.463816,39.533175,38.703832,38.527707,39.932973,39.272984,38.448030,38.635649,40.068497,38.653305,39.593025,74.594618,35.271374,36.230461,25.760519,25.092398,25.993874,34.435046,34.778416,34.473205,70.237209,33.634751,37.290743,25.545645,25.455316,25.633215,36.759039,36.980228,37.374159,38.497189,38.783363,30.740226,31.740550,38.897147,39.032603,33.209896,32.266672,39.337771,46.427059,36.911402,40.423964,37.990905,41.091738,39.751521,42.538239,36.518420,40.534851,37.537881,41.531220,35.065872,39.735614,35.341161,40.544912,36.241237,41.720522,38.430004,40.661428,37.929229,39.837717,37.102649,41.295017,38.225368,39.755231,37.757290,39.253455,38.720091,40.605130,78.552445,81.656876,121.897731,82.894013,125.821161,52.297430,45.077342,133.617193,118.800003,2.849000,274.899994,118.110001,2.122000,173.899994,2875921.829216,12.639464,13.699746,23.590997,81.971851,39.293897,148621735339602888000000000000000000.000000,274976772116136397000000000000000000.000000
06/22/2026 16:08:13,0.000000,0.000000,74.377867,74.964388,64.736898,79.388403,77.473753,78.216393,75.156549,74.993093,35.604752,34.983316,35.009034,36.368947,33.889786,33.987467,36.415513,37.494357,37.255284,39.954139,36.426238,39.481399,38.831189,38.570782,39.886610,39.264515,38.011376,38.667987,39.904686,38.687408,39.543959,76.658106,35.773304,36.279917,25.846798,25.248053,26.107849,34.547938,34.886382,34.564797,71.706987,33.889706,37.298000,25.655379,25.556115,25.802961,36.756234,36.973001,37.385639,38.515276,38.781780,30.834892,31.618668,38.896115,39.050984,33.162193,32.159867,39.340403,46.412351,36.908462,40.421477,37.994595,41.088418,39.754367,42.514279,36.538980,40.557138,37.545223,41.543804,35.092610,39.834924,35.357696,40.546293,36.258562,41.738158,38.445063,40.676445,37.935422,39.864610,37.102657,41.324873,38.232373,39.759686,37.750709,39.282612,38.720541,40.639923,82.712690,84.521866,121.814325,85.905895,126.207275,52.260024,45.275254,143.917097,119.029999,2.916000,283.700012,118.320000,2.180000,182.300003,2875981.827082,12.500211,13.518294,23.779706,86.861728,39.306088,148621735339602888000000000000000000.000000,274976772116136397000000000000000000.000000
06/22/2026 16:09:13,0.000000,0.000000,74.601965,75.014323,64.914840,79.410001,77.460442,78.246437,75.191446,75.008145,35.626317,34.960999,35.009775,36.385158,33.878074,34.024148,36.464180,37.367021,37.278573,39.972062,36.458403,39.482115,38.741435,38.649188,40.076958,39.380485,38.250901,38.760806,39.732924,38.587342,39.516136,74.454982,35.354973,36.230730,25.776608,25.182749,26.036332,34.456423,34.733696,34.426693,70.088177,33.642829,37.261628,25.589534,25.496524,25.711761,36.713322,36.953544,37.351016,38.498802,38.728704,30.721130,31.831496,38.867439,39.018783,33.178198,32.063602,39.324828,46.386187,36.894375,40.404369,37.979202,41.081261,39.752487,42.498348,36.521603,40.567214,37.542961,41.564862,35.074537,39.749959,35.368881,40.591464,36.246423,41.758873,38.442463,40.700710,37.950276,39.878107,37.096299,41.336943,38.257297,39.776926,37.775062,39.287954,38.723023,40.632713,78.252318,81.426447,121.753585,82.685304,125.747494,52.324510,45.094768,132.863617,118.910004,2.847000,275.200012,118.209999,2.119000,173.800003,2876041.825343,12.623098,13.653996,23.607632,81.604419,39.305520,148621735339602888000000000000000000.000000,274976772116136397000000000000000000.000000
06/22/2026 16:10:13,0.000000,0.000000,74.593750,74.987949,64.947567,79.408873,77.426036,78.251619,75.172091,75.011173,35.594053,35.000101,35.003205,36.402585,33.913760,33.987907,36.430174,37.486897,37.279980,39.960685,36.456271,39.557234,38.786614,38.618452,39.893275,39.100919,38.142869,38.781720,39.889565,38.568974,39.450054,77.008804,35.865453,36.235216,25.810613,25.146098,26.052898,34.390666,34.768209,34.441252,71.977001,33.893640,37.290238,25.592980,25.500865,25.707367,36.747909,36.952293,37.367349,38.464340,38.785948,30.733478,31.744496,38.875016,39.019299,33.159608,32.053785,39.292166,46.388838,36.885998,40.409682,37.969953,41.096316,39.734067,42.493609,36.504436,40.542858,37.545918,41.533939,35.081033,39.664286,35.377147,40.554420,36.252566,41.729273,38.440557,40.655661,37.934243,39.845364,37.106341,41.304829,38.239191,39.755188,37.757688,39.258263,38.708329,40.607486,83.180302,85.016520,122.159079,86.354581,126.507599,52.357706,45.285378,144.643470,118.910004,2.922000,284.600006,118.199997,2.183000,183.500000,2876101.823817,12.445869,13.500891,23.789347,87.197681,39.288988,148621735339602888000000000000000000.000000,274976772116136397000000000000000000.000000
06/22/2026 16:11:13,0.000000,0.000000,73.994750,74.960533,64.912556,79.405504,77.447510,78.262131,75.176687,75.004788,35.597398,35.013647,35.002562,36.419238,33.884287,33.970424,36.422499,37.462877,37.244408,39.917298,36.523345,39.484757,38.678316,38.588710,39.763985,39.203551,38.058963,38.705384,39.966703,38.602097,39.270635,74.264882,35.276207,36.101573,25.678568,25.077057,25.948147,34.304014,34.623485,34.198826,69.841923,33.629267,37.259321,25.521022,25.431138,25.622293,36.711950,36.969423,37.334288,38.487837,38.666816,30.732621,31.735175,38.881515,39.012120,33.219928,32.125534,39.300203,46.377734,36.883610,40.365022,37.964918,41.062323,39.733959,42.463189,36.535308,40.546806,37.540157,41.526887,35.051920,39.696176,35.355580,40.552400,36.249650,41.722750,38.417670,40.662337,37.920547,39.856823,37.089094,41.306620,38.230832,39.746444,37.760854,39.270685,38.689791,40.617173,78.004310,81.194184,121.833765,82.532985,125.668549,52.387521,45.179657,132.367331,118.970001,2.850000,275.100006,118.279999,2.115000,172.899994,2876161.822012,12.412960,13.570708,23.688613,81.361686,39.283249,148621735339602888000000000000000000.000000,274976772116136397000000000000000000.000000
06/22/2026 16:12:13,0.000000,0.000000,73.925395,74.992217,64.860833,79.403599,77.441810,78.272848,75.157122,75.010562,36.144313,35.567164,35.529943,36.663430,34.287266,34.372029,36.529020,37.826457,37.684144,40.314170,36.792278,39.682173,38.903730,38.660560,41.752416,42.314157,42.324526,42.270040,43.251543,41.301861,42.274127,77.283789,35.948118,36.635627,25.983129,25.418885,26.321912,34.785853,35.048380,34.666978,72.443026,34.099932,37.521262,25.848532,25.705021,26.023839,37.012854,37.220708,37.647335,39.790576,40.796122,30.964586,32.127738,40.138677,40.917248,33.876569,32.756400,39.264564,46.355606,36.849275,40.383250,37.942115,41.066074,39.694075,42.469569,36.505445,40.521304,37.529587,41.526486,35.050293,39.724974,35.345532,40.539926,36.239323,41.705836,38.402894,40.633072,37.910086,39.829639,37.071104,41.298428,38.211127,39.720672,37.746066,39.245780,38.691699,40.604546,83.077505,84.954498,122.129615,86.374731,126.576315,52.266707,45.669130,144.908048,118.889999,2.916000,284.399994,118.169998,2.182000,183.300003,2876221.820615,12.481748,13.367383,24.153879,87.319772,39.269278,148621735339602888000000000000000000.000000,274976772116136397000000000000000000.000000
06/22/2026 16:13:13,0.000000,0.000000,74.351908,74.992094,64.718337,79.398879,77.429077,78.256340,75.175551,75.009987,36.049004,35.464253,35.450959,36.623185,34.196747,34.279744,36.646556,37.746743,37.561173,40.192922,36.801464,39.665445,38.841092,38.771806,39.870768,39.209405,38.623551,38.740957,40.163925,38.736103,39.895228,74.539079,35.716986,36.526850,26.127903,25.519455,26.418836,34.803334,35.136350,34.805552,70.327250,33.990888,37.704794,25.986333,25.837919,26.076837,37.213442,37.427433,37.824986,38.735125,38.998569,31.111309,32.078456,39.154950,39.302712,33.709847,32.807986,39.273392,46.333792,36.874981,40.363918,37.964252,41.065674,39.722328,42.447644,36.520976,40.521885,37.535917,41.513872,35.047285,39.750635,35.336763,40.537308,36.219424,41.732337,38.391092,40.647281,37.910982,39.845959,37.071558,41.308396,38.212741,39.726521,37.743534,39.259572,38.677587,40.612924,78.346596,81.550162,121.786892,82.858226,125.745939,52.381411,45.484556,133.407507,119.199997,2.847000,275.299988,118.510002,2.121000,174.199997,2876281.818828,12.548083,13.726027,23.978767,81.869749,39.272351,148621735339602888000000000000000000.000000,274976772116136397000000000000000000.000000
06/22/2026 16:14:13,0.000000,0.000000,74.420928,74.987567,64.764635,79.372338,77.413426,78.220084,75.152732,74.982940,35.911163,35.338722,35.330744,36.576194,34.113213,34.200658,36.592010,37.526091,37.541175,40.086635,36.692956,39.671092,38.882930,38.709934,39.587214,39.245457,38.383932,38.542871,40.030085,38.593196,39.679757,76.876890,36.094857,36.491955,26.197596,25.556540,26.418807,34.731861,35.114119,34.879997,72.017786,34.211595,37.613339,25.997535,25.924225,26.077103,37.108016,37.310539,37.709939,38.663466,38.935942,31.059201,32.021516,39.071837,39.161389,33.580860,32.614390,39.263091,46.333444,36.881265,40.391756,37.950647,41.051685,39.714047,42.446419,36.505579,40.518054,37.540911,41.521920,35.064010,39.724946,35.358801,40.549074,36.230811,41.699724,38.429431,40.640603,37.930029,39.828378,37.083991,41.298960,38.233742,39.712783,37.750088,39.250236,38.697498,40.581709,82.936536,84.810523,121.876479,86.186034,126.317267,52.400549,45.646740,144.424554,119.110001,2.920000,284.500000,118.410004,2.181000,183.100006,2876341.816132,12.359297,13.480681,24.132658,87.096549,39.272788,148621735339602888000000000000000000.000000,274976772116136397000000000000000000.000000
06/22/2026 16:15:13,0.000000,0.000000,73.915669,74.985038,64.765068,79.417032,77.408100,78.262314,75.172172,75.027305,35.848612,35.273023,35.295186,36.562833,34.009248,34.141538,36.537673,37.668062,37.519417,40.146897,36.676043,39.730078,38.877551,38.624221,39.813011,38.955277,38.225977,38.346534,39.750804,38.521815,39.781836,74.489092,35.528561,36.293906,25.942610,25.261170,26.195597,34.479814,34.879933,34.505992,70.095422,33.915080,37.516420,25.748409,25.722477,25.776612,37.000895,37.202560,37.600916,38.549716,38.782695,30.924944,31.919847,38.945563,39.072188,33.406623,32.472643,39.258817,46.335766,36.855744,40.381763,37.953877,41.039663,39.693188,42.422117,36.519601,40.547307,37.527399,41.505396,35.038771,39.782724,35.325594,40.552710,36.214986,41.708627,38.395983,40.628822,37.927350,39.827909,37.054773,41.303558,38.210976,39.712450,37.744452,39.245492,38.673194,40.593130,78.311272,81.385827,121.688703,82.718997,125.643925,52.383746,44.858598,133.158959,119.309998,2.846000,275.000000,118.589996,2.118000,173.800003,2876401.815224,12.912027,14.134541,23.381879,81.748587,39.266071,148621735339602888000000000000000000.000000,274976772116136397000000000000000000.000000
06/22/2026 16:16:13,0.000000,0.000000,73.917740,74.933459,64.729536,79.378883,77.411562,78.220747,75.188656,74.990992,35.809559,35.126217,35.187839,36.502161,33.933285,34.054934,36.496984,37.539475,37.403526,40.083379,36.593663,39.652893,38.771598,38.651988,39.728408,39.047957,38.041974,38.445615,39.900837,38.430604,39.717945,76.984202,35.934822,36.245231,26.016684,25.397896,26.233903,34.485303,34.849496,34.487965,71.989248,34.145316,37.435254,25.823242,25.722202,25.938251,36.883927,37.141787,37.492044,38.493069,38.724607,30.854258,31.774349,38.961699,39.015968,33.290905,32.341715,39.260001,46.318500,36.875434,40.360845,37.961612,41.038676,39.679855,42.383347,36.521706,40.519612,37.509766,41.512920,35.041319,39.704150,35.326811,40.553958,36.189675,41.712312,38.389529,40.643521,37.888127,39.836381,37.046467,41.312630,38.201976,39.699394,37.729596,39.247425,38.665347,40.606878,82.998958,84.934573,121.889330,86.315537,126.409241,52.329209,45.601375,144.485598,119.000000,2.923000,285.100006,118.300003,2.183000,183.199997,2876461.813359,12.155587,13.345610,24.089644,87.124760,39.257926,148621735339602888000000000000000000.000000,274976772116136397000000000000000000.000000
06/22/2026 16:17:13,0.000000,0.000000,74.041847,74.913376,64.667305,79.377036,77.377698,78.231521,75.181867,74.998563,35.718046,35.077634,35.067436,36.434244,33.845612,34.000128,36.421830,37.429053,37.225091,40.040823,36.510206,39.578188,38.833625,38.688425,39.456913,38.890970,37.893193,38.351223,39.781932,38.458515,39.587054,74.495494,35.348257,36.121744,25.785130,25.091972,25.988084,34.431851,34.730867,34.295614,70.149120,33.770050,37.385414,25.551070,25.526476,25.617671,36.810907,37.036062,37.420242,38.420033,38.645275,30.837886,31.698287,38.864156,38.965203,33.172225,32.199592,39.250551,46.311896,36.824071,40.338776,37.933292,41.036324,39.663393,42.383635,36.485262,40.520573,37.494818,41.510362,35.025081,39.709166,35.328752,40.529134,36.199695,41.721788,38.380498,40.615142,37.887045,39.826046,37.035212,41.286638,38.198408,39.703162,37.716139,39.239728,38.658969,40.603157,78.426459,81.549133,121.662467,82.846941,125.749945,52.213021,44.935309,133.417546,118.900002,2.850000,275.600006,118.220001,2.119000,174.199997,2876521.810879,12.666464,13.930134,23.455280,81.874640,39.247224,148621735339602888000000000000000000.000000,274976772116136397000000000000000000.000000
06/22/2026 16:18:13,0.000000,0.000000,73.773382,74.934181,64.778581,79.396008,77.424514,78.273242,75.167461,75.015834,35.607874,34.946088,35.040093,36.383450,33.782219,33.933639,36.375411,37.344672,37.244692,39.989413,36.492207,39.550079,38.726049,38.585244,39.762936,39.283217,37.938686,38.393158,39.658934,38.312352,39.653251,76.996105,35.755096,36.096128,25.842300,25.240421,26.084132,34.295686,34.620040,34.070646,71.933696,33.927761,37.287379,25.650452,25.579357,25.762072,36.751165,36.999779,37.366686,38.412905,38.650687,30.693605,31.610639,38.827073,38.883116,33.074875,32.062909,39.233285,46.294004,36.849765,40.319870,37.936861,41.041611,39.667808,42.375733,36.494563,40.511118,37.513175,41.505317,35.006646,39.644551,35.311210,40.517064,36.191544,41.667304,38.373476,40.600654,37.914624,39.811246,37.036725,41.274127,38.197774,39.680723,37.724578,39.215511,38.644590,40.575162,83.014849,84.813260,121.869088,86.184951,126.353321,52.241871,45.188515,144.357358,118.839996,2.915000,283.799988,118.129997,2.176000,182.600006,2876581.809678,12.399070,13.590321,23.697058,87.065487,39.237687,148621735339602888000000000000000000.000000,274976772116136397000000000000000000.000000
06/22/2026 16:19:13,0.000000,0.000000,73.800594,74.901792,64.725705,79.387387,77.359851,78.247357,75.191572,74.993909,35.545949,34.910721,34.980785,36.368938,33.793417,33.852922,36.329754,37.396778,37.220039,40.003622,36.429023,39.481390,38.700545,38.536781,39.682206,39.119509,37.960798,38.382142,39.740950,38.269099,39.589503,74.430214,35.282904,35.940424,25.600768,24.928981,25.843541,34.193191,34.529567,34.127497,70.159199,33.681103,37.270775,25.348360,25.350149,25.420204,36.710652,36.926104,37.304632,38.328853,38.570987,30.582381,31.701275,38.776515,38.846242,32.968831,31.973270,39.231805,46.295989,36.828326,40.330680,37.933124,41.052951,39.655803,42.369919,36.497558,40.529311,37.506241,41.516450,35.022236,39.661814,35.337875,40.546422,36.194938,41.709621,38.382411,40.605160,37.896599,39.836458,37.059371,41.277056,38.200272,39.680826,37.751196,39.238991,38.682639,40.579654,78.525584,81.586112,122.044850,82.858629,126.095840,52.145268,44.801259,133.265988,119.029999,2.849000,274.899994,118.330002,2.118000,173.699997,2876641.807671,12.613457,13.943808,23.326967,81.800780,39.247057,148621735339602888000000000000000000.000000,274976772116136397000000000000000000.000000
06/22/2026 16:20:13,0.000000,0.000000,74.063095,74.892780,64.724280,79.360381,77.386699,78.242197,75.151848,74.996417,35.458378,34.834168,34.859447,36.270794,33.695400,33.814420,36.274344,37.340558,37.103905,39.902874,36.342433,39.483285,38.674194,38.597831,39.690508,38.979141,38.068323,38.278553,39.607557,38.106310,39.563281,76.425287,35.517140,36.034544,25.747885,25.152670,25.981689,34.302063,34.630851,34.301619,71.604437,33.829393,37.208014,25.548284,25.481208,25.654502,36.638513,36.855753,37.265607,38.345075,38.599266,30.537837,31.526217,38.726188,38.803863,32.845224,31.697405,39.225956,46.300785,36.833179,40.317892,37.931343,41.043561,39.653009,42.357909,36.492098,40.504766,37.522712,41.499852,35.026241,39.604958,35.328138,40.525308,36.200718,41.684245,38.396227,40.570061,37.910141,39.809419,37.054352,41.280753,38.202217,39.672138,37.720391,39.205597,38.648057,40.568493,82.273352,84.379284,121.934027,85.673579,126.336129,52.152401,44.987586,142.792237,118.989998,2.901000,282.600006,118.279999,2.169000,181.500000,2876701.805385,12.529284,13.702754,23.505260,86.339239,39.236351,148621735339602888000000000000000000.000000,274976772116136397000000000000000000.000000
06/22/2026 16:21:13,0.000000,0.000000,73.977638,74.913870,64.698591,79.378783,77.394192,78.228642,75.194054,74.992590,35.457242,34.854762,34.911083,36.298739,33.638603,33.765181,36.234707,37.350933,37.135054,39.908354,36.377154,39.385003,38.638495,38.416880,39.538615,38.860210,37.816608,38.190773,39.452899,38.107296,39.488375,74.770255,35.168818,35.961080,25.474167,24.819759,25.709811,34.182888,34.503295,34.178449,70.352965,33.654527,37.164501,25.288726,25.225662,25.348193,36.586744,36.809308,37.204851,38.276011,38.494023,30.508687,31.526930,38.731490,38.774300,32.932814,31.907492,39.226661,46.253133,36.825667,40.320103,37.928259,41.008369,39.668454,42.340349,36.509817,40.502248,37.515764,41.507894,35.044303,39.642314,35.321372,40.527954,36.203821,41.688888,38.369098,40.570308,37.865875,39.804045,37.035692,41.271843,38.186648,39.662245,37.714894,39.226134,38.647089,40.569729,78.822294,81.891276,122.067748,83.158479,125.888190,52.171977,44.722600,134.007259,119.129997,2.855000,275.799988,118.440002,2.125000,174.399994,2876761.803499,12.709506,13.912927,23.251574,82.161502,39.231966,148621735339602888000000000000000000.000000,274976772116136397000000000000000000.000000
06/22/2026 16:22:13,0.000000,0.000000,74.250007,74.934627,64.771764,79.392640,77.375647,78.256824,75.174871,74.997903,35.355638,34.800983,34.775702,36.231780,33.661590,33.753081,36.233118,37.304692,37.068603,39.831995,36.294703,39.391509,38.579236,38.520081,39.402544,38.960115,37.904603,38.155510,39.407108,38.060104,39.411295,76.581011,35.498667,35.958510,25.507697,24.940550,25.787596,34.193653,34.454157,34.124852,71.498585,33.726994,37.070841,25.349200,25.261092,25.468572,36.515130,36.770896,37.117126,38.246257,38.423478,30.510566,31.420543,38.637114,38.682578,32.802626,31.586128,39.209734,46.240527,36.814682,40.278331,37.922149,40.994201,39.633542,42.313022,36.472112,40.502958,37.503659,41.495848,35.024839,39.735374,35.305018,40.527636,36.181806,41.691313,38.364468,40.566130,37.882085,39.814046,37.031131,41.274919,38.178252,39.675256,37.722633,39.217539,38.646952,40.559904,82.431027,84.308979,121.861794,85.703808,126.408894,52.070983,44.838933,142.971483,119.059998,2.915000,283.500000,118.339996,2.176000,181.800003,2876821.802169,12.595459,13.707790,23.363051,86.422680,39.226002,148621735339602888000000000000000000.000000,274976772116136397000000000000000000.000000
06/22/2026 16:23:13,0.000000,0.000000,74.022426,74.878767,64.695986,79.352472,77.329908,78.231332,75.162673,74.977253,35.345517,34.699040,34.797508,36.198629,33.609676,33.720715,36.153283,37.259452,37.048774,39.802537,36.245635,39.365104,38.455237,38.336905,39.323023,38.974977,37.690636,38.062651,39.418470,38.186765,39.423742,74.958012,35.241264,35.902806,25.409891,24.712491,25.631239,34.125730,34.448378,34.135939,70.505170,33.535215,37.066351,25.156360,25.126837,25.244896,36.505331,36.734554,37.105842,38.203633,38.414138,30.360730,31.568837,38.639701,38.699730,32.830575,31.848739,39.190098,46.259592,36.798136,40.307228,37.905626,41.013207,39.627011,42.323210,36.480161,40.481177,37.492847,41.471015,35.012169,39.627117,35.299887,40.509181,36.180076,41.666649,38.352067,40.548479,37.865142,39.795380,37.008862,41.242315,38.164514,39.643036,37.726573,39.198534,38.641943,40.535091,79.064621,82.224704,122.165853,83.427190,126.244166,52.165607,44.562850,136.148005,119.150002,2.858000,276.500000,118.459999,2.131000,175.500000,2876881.800746,12.804581,13.968126,23.098225,83.195893,39.212211,148621735339602888000000000000000000.000000,274976772116136397000000000000000000.000000
06/22/2026 16:24:13,0.000000,0.000000,73.994823,74.905266,64.636433,79.380200,77.331584,78.248997,75.173139,74.965334,35.292144,34.639856,34.708613,36.176277,33.530393,33.685858,36.149711,37.140030,36.995514,39.818221,36.182138,39.421778,38.439129,38.337133,39.408990,38.872578,37.863734,38.062091,39.499928,37.982135,39.360498,76.188734,35.244183,35.934954,25.459414,24.881507,25.728594,34.089629,34.438028,34.157545,71.270461,33.546320,37.030240,25.274152,25.194985,25.404664,36.457191,36.716074,37.099735,38.208133,38.386478,30.352418,31.318155,38.602284,38.644218,32.721295,31.432275,39.190182,46.239807,36.811299,40.305357,37.924072,41.015154,39.622348,42.302744,36.483446,40.480972,37.468329,41.484445,34.997226,39.651937,35.306226,40.504667,36.167568,41.684475,38.358927,40.579980,37.854919,39.798405,37.014551,41.271622,38.159484,39.652090,37.679083,39.204064,38.641441,40.564975,81.721995,83.800101,121.728946,85.165333,126.139134,52.113374,44.902794,141.387094,119.139999,2.906000,282.399994,118.419998,2.166000,180.600006,2876941.798101,12.510778,13.606064,23.424176,85.682701,39.213993,148621735339602888000000000000000000.000000,274976772116136397000000000000000000.000000
06/22/2026 16:25:13,0.000000,0.000000,73.699004,74.896658,64.655086,79.385822,77.264762,78.250418,75.150567,75.000205,35.335674,34.771248,34.778788,36.217332,33.438311,33.618668,36.109763,37.125340,37.009318,39.749993,36.229605,39.393876,38.463292,38.319350,39.188372,38.834090,37.651815,38.018988,39.464840,38.056536,39.365501,75.464317,35.309495,35.613057,25.438227,24.843307,25.703387,33.772361,34.100036,33.488090,70.685605,33.586722,36.980872,25.271194,25.179055,25.360028,36.432490,36.686956,37.060756,38.155075,38.318647,30.363288,31.256838,38.563963,38.614287,32.853439,31.844755,39.174243,46.236617,36.820459,40.307430,37.927034,41.017605,39.617749,42.294206,36.488567,40.455247,37.508372,41.449075,35.017460,39.669849,35.303847,40.487387,36.185173,41.651519,38.393835,40.541694,37.879418,39.798162,37.015192,41.267651,38.208938,39.641094,37.736999,39.198796,38.659295,40.543155,79.801815,82.688918,122.336726,84.003481,126.402993,52.124036,44.682006,136.221841,119.040001,2.872000,278.100006,118.349998,2.136000,176.500000,2877001.796930,12.400421,13.768236,23.212636,83.231377,39.216536,148621735339602888000000000000000000.000000,274976772116136397000000000000000000.000000
06/22/2026 16:26:13,0.000000,0.000000,74.182868,74.871767,64.672225,79.352263,77.304002,78.232385,75.182369,74.980902,35.282351,34.628281,34.608761,36.129626,33.478256,33.635508,36.078270,37.110691,36.976453,39.790411,36.164829,39.230654,38.414245,38.295907,39.192729,38.655291,37.701682,37.991086,39.353642,38.024218,39.371862,75.899645,35.169164,35.808174,25.409510,24.804733,25.646955,34.055427,34.373223,34.062086,71.106985,33.408475,36.957381,25.213895,25.116831,25.338108,36.403713,36.627655,37.030818,38.136220,38.365406,30.328025,31.469765,38.554687,38.596182,32.674236,31.693427,39.184084,46.205058,36.814632,40.298104,37.913263,41.005757,39.627042,42.258648,36.489929,40.490334,37.507342,41.493795,35.002945,39.561954,35.294656,40.511106,36.167844,41.673361,38.345118,40.537585,37.870399,39.809440,37.022971,41.260844,38.177815,39.639625,37.709012,39.204385,38.628214,40.550900,81.500696,83.614240,121.617724,84.982936,125.948082,52.038308,44.863660,140.886275,119.160004,2.898000,281.799988,118.459999,2.164000,180.300003,2877061.794655,12.421450,13.570657,23.386724,85.447651,39.208539,148621735339602888000000000000000000.000000,274976772116136397000000000000000000.000000
06/22/2026 16:27:13,0.000000,0.000000,74.206091,74.877228,64.732483,79.343507,77.279217,78.219831,75.180681,74.943308,35.328746,34.579336,34.703547,36.119802,33.420417,33.532815,36.018785,37.028727,36.928094,39.647003,36.186823,39.277325,38.396060,38.181002,39.362390,38.609681,37.632160,38.206499,39.440820,38.010387,39.352041,75.279166,35.261836,35.426271,25.420410,24.852774,25.702563,33.598361,33.963403,33.198933,70.622836,33.567248,36.928575,25.283166,25.166427,25.351288,36.376920,36.620340,37.014783,38.099448,38.279685,30.201816,31.456790,38.536353,38.587120,32.733589,31.790431,39.179120,46.202864,36.812412,40.284000,37.910604,40.989600,39.623203,42.246911,36.462174,40.467356,37.503286,41.446214,35.001080,39.581703,35.311408,40.484276,36.162121,41.660729,38.373057,40.513045,37.887083,39.786415,37.012250,41.250345,38.184500,39.626080,37.717530,39.201859,38.622812,40.538024,79.878404,82.699244,122.247271,83.961427,126.456586,51.963564,44.485457,136.751320,119.010002,2.874000,278.200012,118.300003,2.141000,176.800003,2877121.793205,12.402450,13.904754,23.023821,83.485463,39.201402,148621735339602888000000000000000000.000000,274976772116136397000000000000000000.000000
06/22/2026 16:28:13,0.000000,0.000000,73.787248,74.860159,64.645937,79.363042,77.308066,78.226767,75.168545,74.963696,35.253497,34.584320,34.627352,36.095120,33.445412,33.520936,36.028689,36.988639,36.941025,39.631677,36.131580,39.351974,38.247362,38.263702,39.007021,38.625733,37.717532,37.884115,39.402534,37.988377,39.306551,75.915640,34.853861,35.615863,25.350180,24.740450,25.572433,33.854197,34.152542,33.689437,71.118470,33.540450,36.929521,25.120864,25.048396,25.233551,36.358662,36.592795,36.998575,38.044832,38.259433,30.241107,31.389129,38.482385,38.556552,32.628085,31.361111,39.145752,46.198013,36.820335,40.284840,37.907029,40.990921,39.603364,42.237244,36.472797,40.440528,37.494925,41.449330,34.978660,39.504737,35.291213,40.476834,36.170136,41.636759,38.349871,40.528675,37.858781,39.766996,36.985245,41.214054,38.177220,39.608662,37.708467,39.181344,38.626760,40.513339,81.570578,83.609495,121.702958,85.019480,126.107871,51.926513,44.690183,140.946024,119.209999,2.892000,281.399994,118.500000,2.160000,180.100006,2877181.790800,12.395382,13.709040,23.220481,85.475723,39.187428,148621735339602888000000000000000000.000000,274976772116136397000000000000000000.000000
06/22/2026 16:29:13,0.000000,0.000000,73.775065,74.828134,64.717430,79.348467,77.235320,78.206702,75.152579,74.960821,35.187351,34.505696,34.611286,36.064518,33.381830,33.470688,36.030789,37.008429,36.866614,39.676989,36.104031,39.179031,38.306931,38.269837,39.175870,38.732875,37.784845,37.912094,39.371810,37.912094,39.308280,75.286249,34.866244,35.439023,25.333227,24.729753,25.623896,33.622143,33.997829,33.268943,70.575567,33.527567,36.891342,25.148012,25.101491,25.230663,36.321276,36.543471,36.948844,38.030505,38.249581,30.239186,31.258442,38.458342,38.517943,32.703928,31.637147,39.145561,46.198571,36.795681,40.284081,37.908034,40.985304,39.577016,42.239106,36.454313,40.471241,37.445741,41.441296,34.957162,39.544649,35.283464,40.500795,36.148178,41.638171,38.334069,40.508952,37.842461,39.762175,36.973330,41.228563,38.152035,39.603465,37.678510,39.174380,38.611780,40.496192,79.987181,82.755126,122.357215,84.066869,126.530059,51.906358,44.612303,136.953073,119.129997,2.874000,278.399994,118.430000,2.143000,177.199997,2877241.789360,12.293294,13.745613,23.145729,83.582108,39.179476,148621735339602888000000000000000000.000000,274976772116136397000000000000000000.000000
06/22/2026 16:30:13,0.000000,0.000000,74.099873,74.888545,64.725979,79.355335,77.251052,78.247665,75.149252,74.968054,35.163296,34.487831,34.543291,36.040876,33.444748,33.537596,36.016799,37.052838,36.825355,39.589142,36.093730,39.099016,38.391098,38.263925,39.355120,38.572828,37.580958,37.920773,39.072157,37.864662,39.320567,75.943397,34.783246,35.676908,25.175368,24.574051,25.443268,33.912748,34.216842,33.908752,71.002410,33.476262,36.869258,24.975374,24.927057,25.085793,36.295655,36.541756,36.927069,38.025104,38.246965,30.242787,31.104303,38.460605,38.514025,32.610148,31.500717,39.138843,46.188526,36.792598,40.258104,37.905839,40.990352,39.581191,42.237994,36.464701,40.441811,37.481625,41.427297,34.975684,39.639778,35.264302,40.470792,36.149007,41.642765,38.336473,40.490211,37.855911,39.757961,36.972198,41.205334,38.166701,39.578531,37.697268,39.143257,38.627865,40.500789,81.394717,83.470722,121.761545,84.860334,125.868833,51.980292,44.647544,140.645500,119.209999,2.893000,281.000000,118.500000,2.160000,179.699997,2877301.786842,12.497344,13.689694,23.179564,85.334451,39.179457,148621735339602888000000000000000000.000000,274976772116136397000000000000000000.000000
06/22/2026 16:31:13,0.000000,0.000000,73.838539,74.864492,64.695649,79.362846,77.242571,78.226149,75.133275,74.964746,35.182688,34.521438,34.563143,36.008802,33.331703,33.489873,35.995106,36.960846,36.796485,39.574921,36.101145,39.262918,38.305246,38.352053,39.247954,38.610798,37.799762,37.877084,39.247331,37.903152,39.341817,75.331026,34.790867,35.443031,25.151156,24.540428,25.433372,33.599388,33.966205,33.302168,70.618401,33.506636,36.826360,24.971809,24.913202,25.021815,36.259345,36.478459,36.899419,38.007653,38.213415,30.213825,31.257153,38.421302,38.505628,32.648831,31.627465,39.125828,46.165645,36.792455,40.265010,37.902603,41.004899,39.579891,42.204180,36.463839,40.455472,37.485612,41.446661,34.984685,39.651813,35.294577,40.483311,36.154509,41.637162,38.334821,40.496490,37.861448,39.760840,36.983491,41.229705,38.168639,39.610829,37.707104,39.176455,38.617065,40.518198,80.329778,82.880109,122.426740,84.104153,126.786889,51.846085,44.270411,137.738385,119.330002,2.875000,278.899994,118.629997,2.145000,177.500000,2877361.784995,12.626334,14.009663,22.816697,83.957399,39.185441,148621735339602888000000000000000000.000000,274976772116136397000000000000000000.000000
06/22/2026 16:32:13,0.000000,0.000000,73.889231,74.835699,64.637002,79.359303,77.193097,78.227231,75.110284,74.959915,35.151154,34.478341,34.539570,36.004787,33.361000,33.519163,35.983106,36.906396,36.838455,39.623800,36.045291,39.089533,38.298151,38.252666,39.139843,38.832318,37.553123,37.856720,39.242880,37.867765,39.195410,75.783568,34.707503,35.700050,25.188493,24.633276,25.463098,33.958152,34.225390,33.942612,70.771457,33.497534,36.796425,24.988066,24.915143,25.122260,36.248074,36.478256,36.883095,37.990909,38.211357,30.214422,31.169079,38.418451,38.463485,32.511197,31.380239,39.129400,46.166202,36.783285,40.245748,37.910235,40.974382,39.566075,42.210184,36.460148,40.461385,37.474749,41.445088,34.947805,39.626609,35.259040,40.470463,36.127422,41.649784,38.314819,40.495039,37.817851,39.756577,36.965944,41.215048,38.130076,39.591741,37.685319,39.180294,38.598229,40.518343,81.236583,83.203031,121.661379,84.679522,125.820172,51.781857,44.563920,140.381570,119.190002,2.901000,281.799988,118.480003,2.165000,180.100006,2877421.783536,12.600797,13.697172,23.099253,85.210216,39.172576,148621735339602888000000000000000000.000000,274976772116136397000000000000000000.000000
06/22/2026 16:33:13,0.000000,0.000000,74.554628,74.886746,64.705772,79.356975,77.200454,78.233737,75.122421,74.960226,35.083284,34.465436,34.458781,35.965886,33.271312,33.438824,35.898936,36.919203,36.773826,39.594224,36.006283,39.129748,38.234630,38.191792,39.262006,38.574097,37.611063,37.976047,39.214691,37.813901,39.280981,75.176498,34.626771,35.486487,25.166944,24.532058,25.443343,33.728421,34.024150,33.400594,70.625560,33.352851,36.792512,24.985450,24.857049,25.037572,36.211630,36.444035,36.859373,37.953525,38.127509,30.220285,31.142412,38.378131,38.428466,32.538188,31.555057,39.095598,46.151339,36.761169,40.239586,37.877105,40.957191,39.550617,42.201808,36.445516,40.456335,37.469681,41.439165,34.947006,39.646535,35.268437,40.488164,36.118210,41.647840,38.339803,40.493972,37.841459,39.765142,36.954191,41.219139,38.141250,39.602136,37.671433,39.154523,38.599743,40.489027,80.017724,82.723555,122.554880,83.849817,126.585385,51.961401,44.467252,136.779170,119.120003,2.867000,277.899994,118.430000,2.135000,176.399994,2877481.781829,12.480178,13.786203,23.006309,83.498809,39.167771,148621735339602888000000000000000000.000000,274976772116136397000000000000000000.000000
06/22/2026 16:34:13,0.000000,0.000000,73.941827,74.880210,64.662812,79.379196,77.189026,78.242522,75.098535,74.976889,35.146376,34.454924,34.509942,36.016355,33.268184,33.456577,35.924638,36.983797,36.765113,39.655640,36.025462,39.183547,38.265968,38.284074,39.195857,38.507009,37.689760,37.813931,39.344831,37.876672,39.213840,75.711731,34.572549,35.561275,25.193716,24.587039,25.441936,33.773948,34.064777,33.503005,70.689798,33.342321,36.770146,24.966861,24.910938,25.086045,36.210017,36.434013,36.838275,37.941291,38.190423,30.101903,31.088247,38.359744,38.434363,32.505877,31.400149,39.129261,46.157461,36.757187,40.240907,37.871360,40.974382,39.544911,42.189090,36.434476,40.448813,37.474950,41.439130,34.957695,39.621893,35.288873,40.474346,36.133540,41.610369,38.326907,40.473184,37.838455,39.759060,36.944549,41.219746,38.140534,39.588819,37.667365,39.135465,38.584382,40.505850,81.091325,83.124654,121.505320,84.543001,125.927970,51.797563,44.430162,139.967216,119.139999,2.896000,281.299988,118.449997,2.159000,179.500000,2877541.780096,12.590658,13.799529,22.970617,85.014861,39.164432,148621735339602888000000000000000000.000000,274976772116136397000000000000000000.000000
06/22/2026 16:35:13,0.000000,0.000000,74.198377,74.825582,64.709717,79.334532,77.187645,78.220522,75.130544,74.953988,35.134730,34.360287,34.448148,35.927884,33.316280,33.403367,35.940714,36.852551,36.694201,39.503415,35.994786,39.115718,38.236483,38.223234,39.036295,38.429878,37.428488,37.843042,39.124242,37.834205,39.258195,75.104421,34.501810,35.517656,25.112999,24.467790,25.369732,33.746601,34.055198,33.619132,70.668688,33.277124,36.760480,24.902506,24.810786,24.951074,36.168970,36.422191,36.821890,37.922720,38.148533,30.167504,31.263878,38.358106,38.390781,32.455298,31.495033,39.094395,46.123368,36.766497,40.220221,37.886401,40.967622,39.544753,42.163004,36.449367,40.436030,37.472729,41.418445,34.928588,39.606181,35.257118,40.475019,36.132447,41.632972,38.329289,40.464550,37.833262,39.756524,36.948197,41.216144,38.140893,39.572681,37.671959,39.152402,38.588022,40.501115,79.360046,82.572084,122.536938,83.649435,126.617183,51.990820,44.357053,135.156892,119.239998,2.850000,275.899994,118.540001,2.126000,174.899994,2877601.777602,12.617441,13.860265,22.900215,82.718344,39.158340,148621735339602888000000000000000000.000000,274976772116136397000000000000000000.000000
06/22/2026 16:36:13,0.000000,0.000000,73.807525,74.812390,64.787010,79.325557,77.244793,78.190074,75.106730,74.955093,35.094642,34.401370,34.436869,35.873307,33.218418,33.346396,35.854118,36.858959,36.694457,39.445907,36.002571,38.980619,38.209887,38.223136,39.087244,38.428768,37.459804,37.718363,39.126377,37.764762,39.111720,75.652851,34.573656,35.571687,25.065762,24.482291,25.341289,33.836029,34.100645,33.721898,70.661371,33.309903,36.703247,24.883110,24.776175,24.995536,36.150986,36.411738,36.798354,37.939420,38.127618,30.015771,31.142522,38.362691,38.378587,32.474596,31.383558,39.107099,46.111701,36.769294,40.222566,37.889636,40.964812,39.547229,42.154045,36.447869,40.422084,37.438396,41.413753,34.925627,39.478020,35.255932,40.474454,36.120808,41.616954,38.310115,40.456877,37.814627,39.758651,36.943696,41.214090,38.122048,39.559709,37.681495,39.133247,38.575143,40.514690,81.114842,83.050234,121.639263,84.520091,125.841847,51.925740,44.450313,139.968674,119.239998,2.886000,280.399994,118.519997,2.154000,179.199997,2877661.775700,12.581677,13.713237,22.990010,85.015549,39.148156,148621735339602888000000000000000000.000000,274976772116136397000000000000000000.000000
06/22/2026 16:37:13,0.000000,0.000000,73.797847,74.813287,64.762692,79.340530,77.236632,78.224003,75.104779,74.952719,35.053417,34.380966,34.464388,35.906259,33.238148,33.310136,35.822157,36.866411,36.689156,39.455616,35.968922,39.111824,38.115988,38.144697,39.046588,38.679443,37.377547,37.752800,39.341592,37.726286,39.198759,75.001044,34.611505,35.333848,25.119802,24.497422,25.406050,33.545377,33.856272,32.901441,70.615309,33.208367,36.712192,24.940920,24.885443,25.030602,36.162226,36.400843,36.797432,37.899179,38.091495,30.016313,31.123903,38.324886,38.390237,32.448522,31.449907,39.086329,46.130277,36.755788,40.246123,37.889404,40.967153,39.534142,42.159459,36.427207,40.398572,37.476686,41.398629,34.907875,39.500052,35.249269,40.460701,36.121150,41.597298,38.303625,40.429264,37.830501,39.741868,36.927739,41.189586,38.130134,39.543088,37.669255,39.135146,38.562750,40.470618,79.592730,82.531739,122.335754,83.695670,126.687178,51.885983,44.320352,135.670341,119.309998,2.861000,276.799988,118.610001,2.131000,175.500000,2877721.773619,12.468999,13.847343,22.864849,82.966028,39.141323,148621735339602888000000000000000000.000000,274976772116136397000000000000000000.000000
06/22/2026 16:38:13,0.000000,0.000000,73.695000,74.814079,64.563374,79.356393,77.212931,78.228104,75.101622,74.960122,35.053890,34.400964,34.392533,35.879046,33.209066,33.349043,35.819763,36.938778,36.677239,39.452118,35.928649,39.066633,38.084433,38.114027,39.015085,38.381276,37.431055,38.040435,39.450532,37.749281,39.200760,75.577233,34.619728,35.454635,25.122656,24.488193,25.376257,33.500242,33.996311,33.621956,70.581647,33.283789,36.722567,24.894144,24.846271,24.974605,36.152409,36.363142,36.797150,37.902432,38.140278,30.086060,31.286740,38.319512,38.368084,32.364368,31.354275,39.069724,46.139305,36.746782,40.237155,37.864505,40.964539,39.500659,42.165198,36.434758,40.430333,37.462148,41.403957,34.925033,39.562527,35.251792,40.447824,36.130343,41.601927,38.339626,40.444911,37.823800,39.746203,36.951552,41.207970,38.120762,39.539352,37.667720,39.153464,38.557821,40.493886,81.044280,83.015538,121.619658,84.495779,125.825009,51.776264,44.457809,140.032308,119.250000,2.895000,281.000000,118.519997,2.157000,179.300003,2877781.771730,12.457412,13.725344,22.997223,85.045575,39.146186,148621735339602888000000000000000000.000000,274976772116136397000000000000000000.000000
06/22/2026 16:39:13,0.000000,0.000000,73.996500,74.824983,64.582108,79.336562,77.254982,78.208668,75.104414,74.958691,34.990621,34.346519,34.355839,35.857050,33.145665,33.306982,35.806436,36.813991,36.631356,39.479594,35.925243,39.131191,38.037761,38.159670,39.040195,38.366226,37.397052,37.926055,38.999342,37.563259,39.115436,75.233380,34.593364,35.286913,25.130298,24.480623,25.395525,33.485708,33.786411,32.930196,70.902323,33.215519,36.701540,24.902411,24.837537,24.941985,36.121453,36.341490,36.754681,37.829977,38.079536,30.021183,31.216553,38.284223,38.340745,32.383091,31.346260,39.080758,46.104244,36.748919,40.221662,37.865755,40.962825,39.513051,42.123054,36.396296,40.431482,37.455787,41.413902,34.912924,39.561950,35.252099,40.480586,36.124760,41.624266,38.319665,40.449666,37.820269,39.755904,36.944037,41.218028,38.119376,39.566158,37.675143,39.141905,38.567979,40.491688,79.427113,82.838447,122.410105,83.929507,126.657398,51.881771,44.211515,135.017155,119.309998,2.859000,276.600006,118.720001,2.130000,175.100006,2877841.769936,12.527041,13.941668,22.759872,82.650828,39.144805,148621735339602888000000000000000000.000000,274976772116136397000000000000000000.000000
06/22/2026 16:40:13,0.000000,0.000000,74.045346,74.841673,64.628509,79.351526,77.280093,78.199244,75.147642,74.938563,34.991115,34.318611,34.358995,35.838482,33.144367,33.289687,35.824882,36.821354,36.622113,39.420555,35.883216,38.939310,38.105378,38.127021,38.951796,38.406248,37.207091,37.861267,39.047149,37.608058,39.118414,75.528402,34.635842,35.424200,25.033630,24.447906,25.262203,33.701102,33.976862,33.591394,70.443480,33.356496,36.668756,24.830784,24.750693,24.919610,36.097093,36.338828,36.730630,37.893883,38.098488,30.127693,31.085062,38.297023,38.324402,32.322581,31.293523,39.092951,46.098874,36.784191,40.201715,37.902303,40.962741,39.526195,42.107588,36.447556,40.417273,37.468932,41.399711,34.924924,39.398387,35.234838,40.453739,36.115921,41.603530,38.320922,40.437707,37.818043,39.741783,36.932962,41.208030,38.129214,39.544486,37.683914,39.114046,38.589593,40.465248,80.985545,83.076272,121.513487,84.500189,125.784928,51.770426,44.145999,140.528108,119.260002,2.899000,281.799988,118.760002,2.166000,180.100006,2877901.768106,12.727591,13.972147,22.696609,85.279212,39.137577,148621735339602888000000000000000000.000000,274976772116136397000000000000000000.000000
06/22/2026 16:41:13,0.000000,0.000000,74.003900,74.827728,64.579755,79.364782,77.228503,78.223459,75.096864,74.956631,34.971157,34.339022,34.343903,35.825484,33.139325,33.293089,35.799712,36.829395,36.638925,39.414819,35.871254,39.023871,38.202394,38.094184,38.942167,38.289754,37.383054,37.548822,39.138017,37.843142,39.112177,75.337937,34.334953,35.447183,25.052250,24.437890,25.330016,33.665914,33.995408,33.419370,70.962345,33.117485,36.642534,24.859303,24.760868,24.953796,36.090190,36.295184,36.723658,37.835669,38.046693,30.089683,31.075588,38.262319,38.303829,32.337001,31.337742,39.052030,46.086721,36.743581,40.196082,37.866610,40.943352,39.504566,42.094379,36.414779,40.391785,37.439814,41.405926,34.890987,39.410503,35.224409,40.454021,36.088308,41.602703,38.296247,40.417942,37.798954,39.723180,36.908543,41.188851,38.116588,39.534840,37.645077,39.123364,38.557278,40.457232,79.518196,82.924536,122.418790,83.904395,126.774574,51.955995,44.392780,135.220527,119.440002,2.864000,277.700012,118.669998,2.133000,175.800003,2877961.765656,12.512555,13.707906,22.934628,82.749075,39.119288,148621735339602888000000000000000000.000000,274976772116136397000000000000000000.000000
06/22/2026 16:42:13,0.000000,0.000000,73.791860,74.818714,64.571914,79.336106,77.263372,78.194745,75.135924,74.955567,34.970106,34.315781,34.337970,35.811661,33.124567,33.272113,35.769472,36.838569,36.604688,39.377172,35.882163,38.927595,38.099394,38.048596,38.932343,38.297586,37.548148,37.424378,39.308926,37.759840,39.082743,75.554634,34.584444,35.422489,25.027771,24.459051,25.255451,33.686956,33.946737,33.519941,70.574971,33.304353,36.659295,24.836878,24.729492,24.962616,36.076338,36.289304,36.708261,37.830014,38.021461,29.993777,31.128115,38.270142,38.308561,32.261684,31.250056,39.059178,46.069785,36.746800,40.196644,37.883079,40.950097,39.500742,42.083095,36.408284,40.400099,37.436665,41.391795,34.881554,39.431109,35.230938,40.430187,36.109068,41.586500,38.296758,40.399953,37.827699,39.709980,36.911664,41.174614,38.115105,39.515949,37.638075,39.107993,38.555095,40.448448,81.178414,83.100565,121.602500,84.563329,125.706770,51.846492,44.594683,140.260616,119.320000,2.890000,280.899994,118.669998,2.158000,179.199997,2878021.764327,12.293682,13.530488,23.128807,85.153229,39.116565,148621735339602888000000000000000000.000000,274976772116136397000000000000000000.000000
06/22/2026 16:43:13,0.000000,0.000000,73.880717,74.833955,64.650203,79.372946,77.268706,78.231213,75.152386,74.980904,34.931698,34.293762,34.350123,35.786828,33.112984,33.251644,35.739348,36.745660,36.610169,39.346912,35.849114,39.032578,38.035318,38.050779,38.906750,38.610613,37.423565,37.716606,38.987859,37.610540,39.082551,74.831461,34.465789,35.187377,24.953378,24.345680,25.235640,33.455526,33.675410,32.883989,70.404201,33.149640,36.639220,24.813895,24.664891,24.822254,36.025976,36.285440,36.688141,37.829363,37.962103,30.068067,31.241131,38.235375,38.246416,32.336107,31.138894,39.054117,46.060768,36.728829,40.183155,37.860274,40.948139,39.485552,42.078503,36.420479,40.379670,37.435170,41.375791,34.876682,39.495935,35.224739,40.439906,36.098028,41.593331,38.308474,40.401509,37.799825,39.690988,36.907204,41.167735,38.116151,39.510893,37.657756,39.072494,38.538725,40.441805,78.919644,82.211090,122.333887,83.324354,126.644594,51.812236,44.159141,133.860073,119.389999,2.852000,275.500000,118.550003,2.123000,174.199997,2878081.761980,12.478074,13.929917,22.709303,82.089983,39.111754,148621735339602888000000000000000000.000000,274976772116136397000000000000000000.000000
06/22/2026 16:44:13,0.000000,0.000000,73.835069,74.797652,64.596354,79.352122,77.307231,78.205312,75.143759,74.974388,34.874835,34.198238,34.236853,35.768030,33.112790,33.269670,35.736805,36.790019,36.618034,39.292566,35.779469,38.963999,38.056770,38.112867,38.826111,38.359521,37.355218,37.621324,39.028185,37.619556,39.046834,75.966365,34.505296,35.352732,25.068092,24.499392,25.310971,33.621027,33.866177,33.412680,71.055919,33.144369,36.608667,24.850564,24.754813,24.963536,36.022780,36.273834,36.684718,37.810922,38.013327,29.925826,31.124367,38.228213,38.259568,32.191406,30.706743,39.041439,46.067073,36.737862,40.174527,37.847202,40.955176,39.482019,42.069707,36.381079,40.397233,37.437325,41.395092,34.871147,39.350643,35.194382,40.437133,36.094355,41.596280,38.293772,40.375834,37.806656,39.715876,36.902983,41.175230,38.107773,39.501945,37.658068,39.094422,38.539811,40.451697,81.581069,83.647451,121.797046,85.000605,126.057523,51.830885,44.250065,140.786370,119.379997,2.893000,281.100006,118.620003,2.162000,180.100006,2878141.760609,12.555661,13.811596,22.797071,85.400697,39.105125,148621735339602888000000000000000000.000000,274976772116136397000000000000000000.000000
06/22/2026 16:45:13,0.000000,0.000000,73.742682,74.846068,64.645786,79.356131,77.302824,78.227421,75.114453,74.964507,34.919777,34.228572,34.311122,35.732385,33.069026,33.179695,35.717967,36.698201,36.602255,39.301097,35.790695,38.945704,37.960264,38.110012,39.044294,38.209588,37.406479,37.768020,38.918741,37.547049,39.057034,74.820544,34.575449,35.069520,25.012255,24.439947,25.273483,33.287857,33.621061,32.797128,70.108303,33.339570,36.603698,24.840618,24.748893,24.909521,36.014926,36.259785,36.662094,37.792307,37.928406,29.910565,31.160358,38.223914,38.242463,32.327675,31.283769,39.038294,46.036604,36.744205,40.174235,37.855304,40.936661,39.465234,42.056931,36.392558,40.378475,37.437949,41.367998,34.864569,39.498883,35.220167,40.431010,36.076243,41.584917,38.287219,40.397046,37.792042,39.703060,36.888353,41.172459,38.105874,39.502016,37.643555,39.089200,38.537571,40.441094,79.331768,82.133067,122.195190,83.420292,126.253144,51.777210,44.300492,135.261007,119.260002,2.860000,277.299988,118.559998,2.133000,175.899994,2878201.758567,12.223816,13.757994,22.845704,82.768618,39.103991,148621735339602888000000000000000000.000000,274976772116136397000000000000000000.000000
06/22/2026 16:46:13,0.000000,0.000000,73.995367,74.786671,64.641686,79.354108,77.303745,78.212350,75.153068,74.974828,34.827137,34.177133,34.245486,35.712376,33.130289,33.199176,35.690496,36.702622,36.510252,39.324078,35.770366,38.826488,38.008784,37.984046,38.892069,38.441853,37.366359,37.508703,39.014155,37.636880,39.073026,76.061448,34.448666,35.190662,24.994460,24.391259,25.254796,33.473994,33.735621,33.207837,71.152897,33.244601,36.564503,24.788462,24.716422,24.881902,35.979172,36.228469,36.630483,37.744391,37.952012,29.927253,31.077669,38.200183,38.234631,32.183633,30.829496,38.989570,46.035864,36.716909,40.161594,37.825395,40.939844,39.462691,42.033738,36.378496,40.360121,37.411128,41.356705,34.842186,39.320961,35.199567,40.414067,36.063636,41.581698,38.283987,40.365634,37.798265,39.695162,36.869810,41.156886,38.086709,39.489088,37.644740,39.083765,38.537166,40.419550,81.832958,83.988321,121.818811,85.285950,126.338150,51.750776,44.044268,141.893419,119.309998,2.904000,282.500000,118.580002,2.169000,181.199997,2878261.756100,12.592391,13.966232,22.598271,85.919774,39.084164,148621735339602888000000000000000000.000000,274976772116136397000000000000000000.000000
06/22/2026 16:47:13,0.000000,0.000000,73.962682,74.795000,64.650544,79.356798,77.299280,78.226406,75.103458,74.977588,34.900837,34.216717,34.228257,35.728882,33.030840,33.184625,35.637800,36.742469,36.497056,39.338271,35.812972,38.933832,38.085318,38.057048,38.877533,38.381390,37.347932,37.649397,38.866040,37.576472,39.003269,74.753844,34.288860,35.192828,24.925067,24.313326,25.161265,33.400171,33.646277,32.829039,70.106209,33.209400,36.563659,24.699906,24.648893,24.781670,35.981821,36.214293,36.618289,37.732214,37.964864,30.003533,31.127172,38.144967,38.222698,32.228566,31.166584,39.003884,46.039431,36.703704,40.161662,37.839602,40.922258,39.471530,42.033318,36.382943,40.374403,37.433862,41.367451,34.856108,39.443290,35.217030,40.429467,36.076462,41.568564,38.304802,40.364813,37.806413,39.695356,36.883718,41.155637,38.111515,39.485180,37.628448,39.071032,38.526765,40.406531,78.929277,81.988018,122.199504,83.301381,126.326423,51.848753,44.090704,134.186019,119.260002,2.856000,276.200012,118.550003,2.124000,174.600006,2878321.754126,12.549654,13.920485,22.643174,82.248294,39.092173,148621735339602888000000000000000000.000000,274976772116136397000000000000000000.000000
06/22/2026 16:48:13,0.000000,0.000000,73.968492,74.788129,64.722695,79.340642,77.337427,78.213595,75.112121,74.970623,34.778950,34.117809,34.174182,35.686346,33.080618,33.175731,35.660201,36.653338,36.451544,39.202060,35.708502,38.902497,37.970902,38.059251,38.744505,38.395325,37.331447,37.457442,39.023435,37.604632,38.881293,76.138836,34.417358,35.326943,24.911973,24.329768,25.178590,33.644325,33.905896,33.424877,71.110859,33.201908,36.544731,24.713434,24.639151,24.808338,35.951972,36.193751,36.600650,37.750393,38.020186,29.841792,31.052413,38.162900,38.228264,32.144733,31.016923,38.993798,46.018618,36.708755,40.166692,37.838460,40.936527,39.450548,42.020315,36.383128,40.381410,37.422770,41.350254,34.824233,39.361323,35.181179,40.422861,36.045465,41.595972,38.269616,40.355704,37.761338,39.684331,36.848324,41.162758,38.103646,39.482235,37.625496,39.068085,38.514842,40.429430,82.105896,84.006021,121.878257,85.325698,126.378124,51.821236,44.128378,141.965797,119.300003,2.906000,282.799988,118.699997,2.168000,180.899994,2878381.753051,12.647358,13.865146,22.679585,85.953617,39.080270,148621735339602888000000000000000000.000000,274976772116136397000000000000000000.000000
06/22/2026 16:49:13,0.000000,0.000000,73.848949,74.806869,64.625354,79.366277,77.312994,78.230427,75.123283,74.966580,34.830412,34.199497,34.225240,35.708902,33.009015,33.173915,35.681043,36.732560,36.431198,39.215307,35.736869,38.885250,37.942590,37.944798,38.859266,38.409032,37.167619,37.702518,38.776104,37.544296,38.961003,74.704072,34.288508,35.254093,24.858766,24.245199,25.141050,33.463035,33.726886,33.273310,70.086369,33.137093,36.517109,24.669843,24.563783,24.733867,35.924320,36.168763,36.588106,37.755543,37.926347,29.948167,31.007221,38.114565,38.136649,32.218851,31.169166,38.995851,46.001916,36.714867,40.134889,37.838378,40.901052,39.447640,42.000713,36.350993,40.363136,37.430510,41.352678,34.846598,39.383562,35.189348,40.397598,36.067447,41.555064,38.279325,40.340281,37.789351,39.663786,36.883004,41.131465,38.086810,39.474291,37.654658,39.056608,38.531792,40.418152,78.897903,81.945730,122.369363,83.207455,126.324624,51.883272,44.041640,134.030575,119.199997,2.851000,275.500000,118.519997,2.124000,174.300003,2878441.750537,12.658364,13.921380,22.595729,82.172827,39.076059,148621735339602888000000000000000000.000000,274976772116136397000000000000000000.000000
06/22/2026 16:50:13,0.000000,0.000000,74.671104,74.812229,64.678672,79.375856,77.346608,78.226974,75.131149,74.981628,34.765205,34.114707,34.144448,35.679383,33.000289,33.149635,35.653377,36.627495,36.445353,39.209123,35.677939,38.832459,37.949380,38.062910,39.097768,38.777428,37.456808,37.546098,38.714349,37.557590,38.930726,76.275091,34.604162,35.270663,24.974691,24.436381,25.227876,33.514219,33.791375,33.316952,71.230732,33.170137,36.484794,24.797811,24.666257,24.915048,35.905249,36.155897,36.568218,37.741428,37.944013,29.927652,30.927893,38.119397,38.149432,32.172992,30.901823,39.013966,46.001788,36.723144,40.127270,37.838691,40.915100,39.434373,41.993642,36.357152,40.357342,37.406571,41.337213,34.812459,39.408710,35.178720,40.396343,36.052015,41.548300,38.266350,40.333947,37.763033,39.674561,36.867716,41.148116,38.078788,39.453398,37.637254,39.064381,38.482983,40.416585,82.226885,84.209863,122.133770,85.528030,126.430704,51.825079,44.362017,142.557777,119.120003,2.906000,282.799988,118.470001,2.168000,181.100006,2878501.748506,12.365665,13.579796,22.904998,86.229990,39.069664,148621735339602888000000000000000000.000000,274976772116136397000000000000000000.000000
06/22/2026 16:51:13,0.000000,0.000000,73.892101,74.832228,64.708747,79.355543,77.331301,78.223045,75.140353,74.975205,34.819345,34.094317,34.211058,35.671594,33.022701,33.127599,35.653355,36.545161,36.520181,39.200772,35.730245,38.746586,37.988441,38.028640,38.852428,38.327568,37.516832,37.533187,39.039916,37.622468,38.987099,74.617506,34.251291,35.102544,24.831620,24.202370,25.100044,33.351125,33.620788,32.899559,70.113412,33.082714,36.485148,24.624550,24.578456,24.664503,35.914570,36.149719,36.553954,37.705973,37.920951,29.913295,31.092683,38.099983,38.178160,32.123618,31.057689,38.964448,46.001828,36.675398,40.144493,37.827686,40.915161,39.460451,41.997220,36.364297,40.373343,37.418210,41.358034,34.799475,39.310243,35.178598,40.433318,36.083434,41.564673,38.289414,40.323036,37.792071,39.673113,36.853434,41.151575,38.096837,39.465405,37.639564,39.060070,38.509346,40.419543,78.690647,81.860964,122.327589,83.115212,126.278574,51.862226,43.879261,133.498344,119.180000,2.846000,275.200012,118.570000,2.120000,173.699997,2878561.746253,12.664048,14.046652,22.438496,81.913993,39.071457,148621735339602888000000000000000000.000000,274976772116136397000000000000000000.000000
06/22/2026 16:52:13,0.000000,0.000000,74.163841,74.859093,64.835980,79.382400,77.343057,78.226793,75.118918,74.996430,34.759546,34.086403,34.149437,35.651237,32.991608,33.132067,35.655530,36.602209,36.516274,39.186292,35.715259,38.943425,38.070185,37.991114,38.910635,38.188861,37.264714,37.460125,38.926838,37.555160,38.957758,76.265501,34.375776,35.191875,24.922306,24.333840,25.173713,33.478244,33.757190,33.173425,71.176116,33.086704,36.484522,24.707149,24.614519,24.820977,35.894504,36.126116,36.542456,37.695376,37.928720,29.986229,31.035460,38.116191,38.151967,32.119922,30.719899,38.964457,45.977044,36.696345,40.115123,37.814580,40.902148,39.427131,41.975873,36.349439,40.358577,37.408694,41.354283,34.774341,39.425933,35.169878,40.410146,36.048623,41.557239,38.270026,40.327483,37.753875,39.661016,36.823599,41.157589,38.055611,39.435903,37.602482,39.036730,38.498997,40.424634,81.924533,83.981047,121.936861,85.282401,126.364670,51.747084,44.260774,141.892285,119.440002,2.903000,282.399994,118.720001,2.164000,180.800003,2878621.744311,12.384473,13.677120,22.807402,85.919244,39.059260,148621735339602888000000000000000000.000000,274976772116136397000000000000000000.000000
06/22/2026 16:53:13,0.000000,0.000000,74.185735,74.834073,64.802112,79.366119,77.357067,78.227323,75.145842,74.988721,34.798495,34.133376,34.171106,35.653989,33.020596,33.077936,35.566680,36.540460,36.480343,39.167685,35.718279,38.791277,37.980164,37.955866,38.786399,38.305214,37.539518,37.495758,39.005645,37.551010,38.987150,74.552896,34.334335,35.075107,24.820308,24.191500,25.071289,33.293028,33.572927,32.868105,69.966037,33.031659,36.475867,24.592790,24.554750,24.667798,35.880627,36.094531,36.534045,37.662671,37.857784,29.854455,31.113640,38.070549,38.161979,32.153150,31.028284,38.926950,45.965665,36.653860,40.114676,37.784526,40.889278,39.384691,41.973570,36.321445,40.331167,37.387372,41.332626,34.789853,39.404754,35.149031,40.395533,36.047216,41.553785,38.244478,40.311250,37.757276,39.657356,36.823465,41.139290,38.058886,39.450079,37.601221,39.045177,38.479880,40.407764,78.583079,81.810293,122.309598,83.038875,126.234528,51.865947,43.850737,133.516803,119.250000,2.849000,275.500000,118.639999,2.121000,174.199997,2878681.742371,12.664265,14.065025,22.410842,81.922981,39.046071,148621735339602888000000000000000000.000000,274976772116136397000000000000000000.000000
06/22/2026 16:54:13,0.000000,0.000000,74.482027,74.863181,64.866623,79.388183,77.372444,78.230480,75.144850,74.994909,34.741562,34.071512,34.098591,35.617984,32.951131,33.124043,35.562189,36.608994,36.442562,39.209430,35.605142,38.944725,38.006552,38.063094,38.768686,38.330324,37.080809,37.499963,38.896888,37.387680,38.942925,76.262710,34.521929,35.179189,24.857680,24.337220,25.133702,33.506249,33.701692,32.491397,71.104710,33.173692,36.445851,24.701166,24.565573,24.819180,35.878110,36.136736,36.520498,37.691127,37.905140,29.869696,31.065596,38.101609,38.075990,32.003758,30.621128,38.973452,45.931721,36.677931,40.101635,37.824471,40.870298,39.416830,41.957253,36.344854,40.325491,37.395823,41.312880,34.778331,39.338172,35.141947,40.370586,36.035861,41.527419,38.249358,40.287045,37.760373,39.670144,36.825681,41.132583,38.053478,39.420556,37.620248,39.002845,38.493128,40.386627,82.103305,84.006199,121.972592,85.376873,126.361622,51.873619,44.095377,143.050338,119.370003,2.902000,282.500000,118.430000,2.169000,181.100006,2878741.741148,12.531498,13.798160,22.647691,86.459367,39.040901,148621735339602888000000000000000000.000000,274976772116136397000000000000000000.000000
06/22/2026 16:55:13,0.000000,0.000000,74.019584,74.866210,64.846603,79.373718,77.392485,78.218941,75.171241,74.960901,34.806884,34.124460,34.112031,35.574559,32.970688,33.098706,35.592782,36.586888,36.370092,39.170294,35.657546,38.785420,37.824086,37.934099,38.775326,38.423069,37.356682,37.644885,38.833293,37.426090,38.988216,74.344692,34.274162,35.052236,24.702800,24.086464,24.953806,33.284054,33.495988,32.700831,69.857360,32.995766,36.419960,24.470920,24.447646,24.532879,35.844091,36.087231,36.494381,37.650464,37.849694,29.940367,31.013684,38.068568,38.094187,32.061704,30.971860,38.960210,45.925281,36.682036,40.078405,37.792338,40.885494,39.396775,41.935063,36.327378,40.321154,37.380860,41.326585,34.768118,39.219077,35.132626,40.384202,36.015895,41.537479,38.243119,40.293156,37.747023,39.656826,36.820278,41.115487,38.049127,39.431084,37.597652,39.020878,38.482440,40.370678,78.458056,81.557106,122.215030,82.813654,126.248432,51.851121,43.802647,133.206726,119.260002,2.845000,274.799988,118.639999,2.116000,173.600006,2878801.738383,12.688040,14.055764,22.364196,81.771884,39.029891,148621735339602888000000000000000000.000000,274976772116136397000000000000000000.000000
06/22/2026 16:56:13,0.000000,0.000000,74.031380,74.908834,64.853825,79.417760,77.408829,78.242423,75.140892,74.999398,34.711256,34.100667,34.086018,35.582192,32.919220,33.036578,35.555687,36.484338,36.382222,39.143121,35.654179,38.843773,37.998698,37.947011,38.787807,38.456307,37.127352,37.597753,38.775638,37.488577,38.845824,76.336918,34.533885,35.180939,24.899924,24.321294,25.166991,33.360055,33.687899,33.147640,71.201515,33.060861,36.403010,24.703498,24.591177,24.824705,35.828212,36.065157,36.483517,37.659945,37.845588,29.737811,30.999294,38.047874,38.092929,31.959816,30.750573,38.930847,45.925234,36.664732,40.078357,37.757382,40.876728,39.365943,41.917077,36.307495,40.315035,37.371181,41.300236,34.727952,39.272202,35.125286,40.386448,36.015496,41.526568,38.219798,40.288396,37.729939,39.629201,36.791229,41.121127,38.033585,39.424113,37.594643,39.002433,38.456100,40.380517,82.301903,84.215575,122.075146,85.533674,126.497108,51.811411,44.356274,142.672093,119.190002,2.907000,282.700012,118.510002,2.172000,181.300003,2878861.736359,12.281474,13.503545,22.899465,86.283271,39.017843,148621735339602888000000000000000000.000000,274976772116136397000000000000000000.000000
06/22/2026 16:57:13,0.000000,0.000000,74.163653,74.910023,64.861014,79.414603,77.379128,78.239262,75.140243,74.994948,34.750917,34.080431,34.175869,35.622312,32.940803,33.077271,35.587216,36.557431,36.339467,39.164478,35.667654,38.805621,37.858008,37.876122,38.557915,38.071734,37.281622,37.444758,38.798090,37.380657,38.807011,74.030695,34.011535,34.913599,24.624633,23.999747,24.868945,33.174212,33.375512,32.370725,69.552115,32.963253,36.387388,24.408444,24.347570,24.444261,35.824157,36.065975,36.452705,37.653044,37.852969,29.792078,31.040605,38.027486,38.067242,32.066598,30.995851,38.928369,45.934569,36.677714,40.082032,37.778300,40.873711,39.377032,41.920217,36.311986,40.346225,37.370655,41.344586,34.768757,39.356878,35.113314,40.404705,36.019681,41.547452,38.245184,40.278917,37.754904,39.649699,36.793660,41.137307,38.066172,39.429618,37.615187,39.024265,38.472212,40.407602,77.738293,81.027343,122.113915,82.216962,126.084470,51.931870,43.625762,131.589305,119.260002,2.834000,273.200012,118.550003,2.106000,172.000000,2878921.735038,12.721224,14.195013,22.192375,80.979940,39.034364,148621735339602888000000000000000000.000000,274976772116136397000000000000000000.000000
06/22/2026 16:58:13,0.000000,0.000000,74.165104,74.921610,64.850937,79.391446,77.376135,78.227857,75.159439,75.004855,34.719641,34.052679,34.102399,35.567133,32.922784,33.014359,35.550259,36.552826,36.368013,39.110875,35.633312,38.729477,38.048180,37.912116,38.785049,38.227023,37.091820,37.618815,38.769749,37.383213,38.851416,76.518531,34.664612,34.996355,24.875083,24.347917,25.160047,33.272649,33.480589,32.227688,71.379523,33.086899,36.383608,24.699545,24.590804,24.861505,35.802631,36.065710,36.459143,37.620580,37.806778,29.777569,31.106315,38.017946,38.081996,32.019601,30.677005,38.894192,45.918370,36.638762,40.078494,37.761054,40.864090,39.357251,41.899619,36.302754,40.300025,37.359654,41.287445,34.736779,39.314057,35.108838,40.350793,36.010203,41.518569,38.228990,40.256597,37.721389,39.635220,36.778687,41.105437,38.023136,39.394485,37.604726,38.996174,38.439168,40.348210,82.669402,84.493156,122.077688,85.843461,126.484573,51.759104,44.307404,143.489951,119.059998,2.915000,284.200012,118.529999,2.177000,182.300003,2878981.732428,12.143987,13.531240,22.852368,86.663643,39.007772,148621735339602888000000000000000000.000000,274976772116136397000000000000000000.000000
06/22/2026 16:59:13,0.000000,0.000000,74.312554,74.924467,64.909830,79.386917,77.364014,78.226688,75.145463,74.998057,34.703240,34.045588,34.129933,35.577901,32.907802,32.996712,35.523180,36.540386,36.331284,39.072947,35.645286,38.785660,37.884856,37.956428,38.965040,38.345323,37.280554,37.633313,38.663736,37.421146,38.804464,74.095067,34.127946,34.730087,24.788012,24.201268,25.033184,32.951507,33.110641,31.545203,69.604701,32.899101,36.364818,24.597764,24.508257,24.662851,35.803531,36.037826,36.437491,37.596308,37.814534,29.895080,31.021449,37.995872,38.078918,32.013830,30.924384,38.888492,45.917873,36.655958,40.059927,37.764086,40.862315,39.343565,41.900923,36.278833,40.320299,37.362759,41.311653,34.749269,39.327358,35.100041,40.373501,35.989635,41.519895,38.226347,40.248674,37.718194,39.617043,36.781682,41.103409,38.025960,39.394051,37.601197,38.986474,38.461142,40.372774,77.874251,81.111213,121.976079,82.343816,125.952368,51.783297,44.006205,131.666865,119.330002,2.832000,274.299988,118.599998,2.111000,172.600006,2879041.730617,12.168642,13.803373,22.561445,81.018062,39.008778,148621735339602888000000000000000000.000000,274976772116136397000000000000000000.000000
06/22/2026 17:00:13,0.000000,0.000000,74.499075,74.959218,64.948415,79.396304,77.384796,78.227250,75.142759,74.997887,34.650664,34.025822,34.028929,35.545870,32.845431,32.961911,35.488070,36.519039,36.276158,39.111979,35.591885,38.690202,37.853360,37.970879,38.532863,38.151350,37.001708,37.443449,38.814435,37.309935,38.683919,76.691168,34.594287,34.681235,24.914712,24.429638,25.183565,32.936608,32.944165,30.576658,71.562722,33.209524,36.364354,24.785236,24.646520,24.906867,35.775781,36.044184,36.433421,37.623181,37.748232,29.828624,31.004495,38.030928,37.987637,31.956091,30.725979,38.895024,45.888901,36.666477,40.066877,37.758683,40.864396,39.379607,41.896407,36.297306,40.291684,37.353935,41.292313,34.713624,39.208113,35.087467,40.369840,35.992598,41.530898,38.217963,40.279517,37.712640,39.633986,36.753557,41.107486,38.015475,39.388325,37.573359,39.003247,38.438374,40.350941,82.925657,84.779966,122.205343,86.134508,126.636840,51.703026,44.501227,144.079179,119.199997,2.915000,284.000000,118.489998,2.179000,182.399994,2879101.728456,11.642247,13.325366,23.038988,86.936790,39.000967,148621735339602888000000000000000000.000000,274976772116136397000000000000000000.000000
06/22/2026 17:01:13,0.000000,0.000000,74.573976,74.982546,64.924574,79.399755,77.404682,78.247117,75.139575,75.015822,34.653661,33.959562,34.036368,35.526143,32.973238,33.036804,35.544485,36.519177,36.376981,39.093784,35.586460,38.640095,37.942818,37.974626,38.703387,38.556398,37.224242,37.763965,38.736405,37.301178,38.721932,73.952552,33.913513,34.812139,24.717014,24.131576,24.984569,33.127103,33.358630,32.669184,69.536910,32.845543,36.366520,24.509083,24.444634,24.605319,35.766070,36.003034,36.426076,37.618057,37.829930,29.721564,31.018261,37.970001,38.034497,31.891980,30.742205,38.908000,45.897960,36.651745,40.051326,37.765181,40.877863,39.337533,41.877326,36.284289,40.266950,37.318056,41.288287,34.696950,39.289450,35.082772,40.334586,35.990809,41.487308,38.215266,40.225287,37.704722,39.600076,36.768194,41.085590,38.012490,39.347265,37.565356,38.944518,38.417659,40.334240,77.776793,81.031317,122.043593,82.189658,126.194891,51.679897,44.104430,131.920108,119.320000,2.840000,274.200012,118.639999,2.111000,172.600006,2879161.726984,12.155697,13.710078,22.656442,81.142433,38.987568,148621735339602888000000000000000000.000000,274976772116136397000000000000000000.000000
06/22/2026 17:02:13,0.000000,0.000000,74.118817,74.986888,64.881517,79.408188,77.432510,78.243359,75.149367,75.035753,34.629968,33.937180,33.990015,35.536020,32.900014,33.007151,35.513044,36.414744,36.215216,39.041105,35.609320,38.704665,37.806422,37.977846,38.924061,38.099831,37.004869,37.552696,38.738592,37.314864,38.738663,76.656192,34.523317,34.930508,24.807249,24.264385,25.077916,33.273490,33.467213,32.770746,71.447236,33.141403,36.337113,24.621219,24.495911,24.740112,35.738704,35.985419,36.384138,37.610213,37.805879,29.693280,30.930280,38.004116,38.010742,31.903217,30.714239,38.898845,45.899535,36.633869,40.038812,37.750423,40.848473,39.340722,41.843136,36.274652,40.268366,37.339374,41.271664,34.703760,39.233150,35.086032,40.340397,35.994880,41.494413,38.210476,40.225795,37.713678,39.612978,36.746190,41.075525,38.033308,39.352184,37.584871,38.961794,38.415128,40.313655,82.863442,84.646471,122.097730,86.016265,126.696818,51.686713,44.324538,144.296799,119.250000,2.915000,283.899994,118.510002,2.180000,182.699997,2879221.724779,12.061625,13.468230,22.868883,87.037484,38.983536,148621735339602888000000000000000000.000000,274976772116136397000000000000000000.000000
06/22/2026 17:03:13,0.000000,0.000000,74.177257,74.933752,64.793539,79.381929,77.382602,78.229267,75.165546,74.978015,34.642716,33.991230,34.041841,35.534526,32.811372,32.943417,35.460102,36.543774,36.315152,39.018929,35.605215,38.671839,37.779746,37.948967,38.597706,38.404339,37.054675,37.561804,38.733564,37.343429,38.838340,74.235766,34.125178,34.881223,24.690674,24.116863,24.968972,33.151546,33.461705,32.921292,69.734119,32.970439,36.337957,24.514666,24.425153,24.582145,35.750662,35.980544,36.425350,37.597002,37.772698,29.678969,31.058132,37.982466,38.024875,32.028808,30.772671,38.850794,45.870461,36.638532,40.019221,37.725031,40.846246,39.306737,41.847506,36.251604,40.277668,37.349152,41.279194,34.689707,39.159627,35.069325,40.338748,35.998093,41.502116,38.227485,40.227342,37.712308,39.615579,36.752340,41.111746,38.020193,39.355056,37.564325,38.962902,38.420382,40.347527,78.132982,81.385433,122.074618,82.634377,126.147014,51.732008,43.929396,132.503344,119.320000,2.842000,274.500000,118.629997,2.114000,173.000000,2879281.722914,12.394146,13.850880,22.487077,81.428270,38.977898,148621735339602888000000000000000000.000000,274976772116136397000000000000000000.000000
06/22/2026 17:04:13,0.000000,0.000000,74.208169,74.927885,64.667880,79.392369,77.420446,78.201428,75.180373,74.989466,34.606602,33.890705,33.970182,35.476758,32.866788,32.993489,35.509957,36.387758,36.311431,39.014338,35.527936,38.714051,37.749096,37.968245,38.597487,38.066276,37.150542,37.525901,38.667699,37.276124,38.677436,76.721231,34.484839,34.962560,24.793402,24.178905,25.040810,33.290229,33.528372,32.902205,71.594116,33.101092,36.346483,24.555509,24.487482,24.662287,35.735195,35.965525,36.393212,37.590545,37.825837,29.683099,31.040870,37.943186,37.997082,31.890334,30.600811,38.849201,45.875954,36.605147,40.036210,37.743837,40.857329,39.290938,41.839671,36.235746,40.247028,37.323263,41.263551,34.668403,39.168880,35.067540,40.326866,35.977733,41.486610,38.194692,40.207407,37.689904,39.599842,36.740086,41.062738,37.998827,39.338186,37.569959,38.949995,38.420957,40.325637,83.056038,84.803484,122.179832,86.135901,126.822347,51.618905,43.987903,144.085979,119.180000,2.918000,284.000000,118.599998,2.176000,182.199997,2879341.720309,12.418829,13.802752,22.543731,86.939938,38.965405,148621735339602888000000000000000000.000000,274976772116136397000000000000000000.000000
06/22/2026 17:05:13,0.000000,0.000000,74.212433,74.939328,64.754289,79.393629,77.427605,78.201847,75.163052,75.005089,34.635860,33.904004,33.984812,35.447832,32.860887,32.947579,35.501710,36.497698,36.283077,39.042111,35.553172,38.590781,37.878881,37.953103,38.943662,38.145952,37.149108,37.365326,38.620804,37.185369,38.639234,74.031482,33.994603,35.043018,24.685871,24.107133,24.951197,33.220947,33.581719,33.159172,69.495424,32.807937,36.314590,24.454342,24.379148,24.548409,35.724798,35.933429,36.370294,37.575176,37.768816,29.628677,30.989157,37.911611,37.936352,31.868742,30.813947,38.836063,45.861229,36.614148,40.013006,37.729404,40.832069,39.290769,41.798613,36.237789,40.233144,37.322151,41.255405,34.674571,39.258820,35.069715,40.329194,35.970773,41.467985,38.202489,40.189193,37.685201,39.574869,36.742899,41.070877,37.995512,39.304957,37.568039,38.932194,38.403896,40.298485,77.943854,81.072659,122.032202,82.330372,126.150200,51.722013,43.764388,132.189705,119.309998,2.838000,274.000000,118.500000,2.110000,172.600006,2879401.718278,12.715952,13.987524,22.327066,81.274663,38.958782,148621735339602888000000000000000000.000000,274976772116136397000000000000000000.000000
06/22/2026 17:06:13,0.000000,0.000000,74.195445,74.945589,64.714448,79.387827,77.406206,78.202350,75.166101,74.977303,34.539143,33.893789,33.932862,35.453062,32.836345,32.932820,35.472628,36.480161,36.231276,39.000195,35.558486,38.701485,37.780261,37.929601,38.670214,38.182776,37.037319,37.816247,38.528203,37.273907,38.677657,76.758959,34.548508,34.914003,24.854310,24.280581,25.094100,33.154913,33.428640,32.348738,71.607924,33.092007,36.336315,24.599827,24.534936,24.729957,35.717575,35.967396,36.378374,37.611530,37.778129,29.654128,31.076978,37.960515,37.983929,31.787084,30.513219,38.848972,45.864715,36.638915,40.029737,37.731600,40.851989,39.301024,41.828621,36.245870,40.235556,37.329877,41.226575,34.679128,39.137197,35.045450,40.292555,35.960065,41.470174,38.182163,40.179049,37.697461,39.562411,36.731724,41.051186,37.992090,39.310680,37.561398,38.937478,38.403341,40.297931,83.059009,84.874788,122.409641,86.199056,126.838477,51.677315,44.298448,144.281093,119.330002,2.919000,284.399994,118.629997,2.182000,183.000000,2879461.716708,12.070270,13.492582,22.843733,87.030220,38.954164,148621735339602888000000000000000000.000000,274976772116136397000000000000000000.000000
06/22/2026 17:07:13,0.000000,0.000000,73.905749,74.939647,64.740930,79.399276,77.435793,78.234435,75.176463,74.997383,34.618609,33.885405,33.969767,35.457746,32.865942,32.977974,35.472948,36.399039,36.296408,38.950390,35.491628,38.693792,37.868441,37.946199,38.544728,38.308956,36.987889,37.375261,38.715910,37.292142,38.597539,74.143767,34.074310,34.872091,24.568070,23.995540,24.869216,33.155109,33.352415,32.572681,69.484232,32.833136,36.284208,24.377075,24.305904,24.473736,35.676132,35.913122,36.339582,37.536112,37.730092,29.710443,31.083792,37.906819,37.945255,31.791297,30.753167,38.826627,45.814404,36.590238,40.013874,37.716134,40.825402,39.278796,41.799868,36.207619,40.233065,37.319861,41.238607,34.642038,39.250290,35.048726,40.327039,35.941147,41.475557,38.189335,40.193693,37.682967,39.581900,36.716328,41.085234,38.001088,39.331073,37.543824,38.951262,38.381795,40.300223,78.149230,81.218446,122.096954,82.467675,126.080738,51.680693,43.846259,132.660731,119.339996,2.833000,274.000000,118.620003,2.115000,173.199997,2879521.714499,12.465591,13.877708,22.406500,81.505260,38.950267,148621735339602888000000000000000000.000000,274976772116136397000000000000000000.000000
06/22/2026 17:08:13,0.000000,0.000000,73.841803,74.918446,64.648063,79.389425,77.444874,78.217417,75.174789,75.004579,34.578448,33.899825,33.943338,35.441210,32.818674,32.888922,35.463122,36.365321,36.284222,38.956335,35.529947,38.751471,37.709229,37.936783,38.612632,37.872034,37.109084,37.473853,38.753877,37.297458,38.651695,76.790650,34.453638,34.768171,24.840410,24.250111,25.074388,32.861518,32.930428,30.768348,71.645757,33.044095,36.275115,24.629700,24.521847,24.737288,35.674328,35.913533,36.330758,37.565313,37.724109,29.678989,31.077759,37.916948,37.921366,31.796610,30.627514,38.826657,45.831191,36.592615,39.991124,37.688457,40.814781,39.268155,41.775191,36.224830,40.224201,37.295932,41.249993,34.627974,39.092945,35.002745,40.305145,35.931535,41.474838,38.161230,40.178875,37.663348,39.571586,36.675888,41.069513,37.969845,39.295511,37.533820,38.928920,38.376322,40.303133,82.961006,84.921825,122.301361,86.212325,126.588052,51.718937,44.208400,144.291132,119.379997,2.914000,284.200012,118.639999,2.181000,182.699997,2879581.712780,12.011306,13.518250,22.756865,87.034863,38.931543,148621735339602888000000000000000000.000000,274976772116136397000000000000000000.000000
06/22/2026 17:09:13,0.000000,0.000000,74.141119,74.927218,64.677468,79.409296,77.403294,78.231423,75.161846,74.995434,34.573701,33.913723,33.995861,35.432810,32.807578,32.894277,35.416211,36.537561,36.194039,39.016914,35.487539,38.564782,37.724716,37.933269,38.763207,38.389750,37.001394,37.358697,38.878550,37.323770,38.684165,74.267331,33.958104,34.527542,24.689383,24.074382,24.939944,32.812774,32.927925,31.595525,69.748047,32.773825,36.291236,24.454451,24.374333,24.519067,35.670499,35.899961,36.320387,37.512967,37.673472,29.647068,31.021797,37.889272,37.950682,31.800333,30.740973,38.790280,45.813134,36.561074,39.979105,37.664471,40.815009,39.248977,41.774978,36.216204,40.219884,37.317243,41.236001,34.636372,39.156878,35.037299,40.290951,35.949151,41.452058,38.194447,40.150331,37.679051,39.560798,36.711522,41.053544,38.000200,39.298249,37.542753,38.915334,38.376999,40.302487,78.537643,81.533313,122.171063,82.767495,126.138233,51.636443,43.987611,133.313431,119.339996,2.845000,274.899994,118.690002,2.120000,173.600006,2879641.710638,11.984093,13.747787,22.543449,81.823907,38.931493,148621735339602888000000000000000000.000000,274976772116136397000000000000000000.000000
06/22/2026 17:10:13,0.000000,0.000000,74.339784,74.945764,64.734722,79.392421,77.396488,78.232619,75.149547,75.002986,34.524006,33.891072,33.932366,35.421975,32.788260,32.927421,35.446387,36.446429,36.185179,38.986907,35.467593,38.742466,37.754567,37.990501,38.727498,38.092138,37.041344,37.270414,38.720261,37.291637,38.700740,76.706813,34.332990,34.801931,24.713860,24.132003,24.973364,33.107972,33.326175,32.743428,71.503730,33.050815,36.290398,24.472849,24.382438,24.574104,35.666060,35.911025,36.330429,37.526089,37.699151,29.657818,31.069525,37.899425,37.923724,31.813243,30.533139,38.792790,45.810551,36.586784,39.959317,37.699426,40.832638,39.264876,41.759170,36.232163,40.187860,37.289524,41.237017,34.612737,39.191603,35.020326,40.277882,35.916967,41.449277,38.162065,40.170015,37.665072,39.547293,36.670535,41.046807,37.968699,39.284435,37.522278,38.895336,38.376721,40.266528,83.015786,84.780432,122.277491,86.121418,126.584852,51.635962,43.967070,143.986075,119.230003,2.915000,283.799988,118.360001,2.177000,182.399994,2879701.707734,12.278368,13.766835,22.523563,86.893680,38.923223,148621735339602888000000000000000000.000000,274976772116136397000000000000000000.000000
06/22/2026 17:11:13,0.000000,0.000000,74.049009,74.939540,64.716451,79.377407,77.381861,78.249146,75.134862,74.990834,34.546519,33.894955,33.922928,35.474737,32.774946,32.941673,35.409288,36.462932,36.218714,38.982823,35.488307,38.805161,37.772710,37.742662,38.677309,38.090056,36.930556,37.298060,38.602201,37.229525,38.518307,74.326629,33.936911,34.810675,24.559800,23.944281,24.837234,33.085240,33.308781,32.237615,69.737186,32.789585,36.250166,24.331018,24.286703,24.423522,35.650794,35.884691,36.303328,37.482672,37.681086,29.624875,30.944360,37.866086,37.893479,31.804130,30.667642,38.756944,45.804610,36.563957,39.965231,37.678399,40.803497,39.244499,41.729183,36.191343,40.224169,37.293688,41.247760,34.636553,39.184848,35.031272,40.314454,35.952853,41.483217,38.191726,40.147176,37.682694,39.563991,36.684638,41.070674,38.003701,39.293327,37.550195,38.914380,38.362535,40.296426,78.472540,81.502260,122.167026,82.744622,126.315869,51.577954,43.772274,133.103582,119.150002,2.849000,275.100006,118.550003,2.115000,173.500000,2879761.706143,12.475954,13.915445,22.334721,81.721572,38.928931,148621735339602888000000000000000000.000000,274976772116136397000000000000000000.000000
06/22/2026 17:12:13,0.000000,0.000000,73.882779,74.900651,64.821176,79.374592,77.418633,78.229495,75.163046,74.973403,34.501133,33.812230,33.894379,35.369799,32.744804,32.844848,35.425355,36.454192,36.268610,38.918713,35.483744,38.698450,37.799317,37.907566,38.862780,38.159954,37.102591,37.446144,38.417645,37.310421,38.539823,76.696043,34.476520,34.768423,24.700037,24.137871,24.981018,33.066198,33.172424,31.399072,71.437473,33.008496,36.215858,24.500880,24.380035,24.598849,35.644037,35.884137,36.294549,37.530045,37.651259,29.548847,31.108128,37.890276,37.878347,31.714476,30.369532,38.775114,45.754728,36.569705,39.937462,37.666020,40.788900,39.251046,41.722518,36.194815,40.193224,37.270147,41.216415,34.597497,39.100135,34.974942,40.264127,35.909780,41.439160,38.160297,40.135650,37.658842,39.545045,36.658544,41.039894,37.957784,39.257972,37.522720,38.885186,38.342236,40.262961,82.893961,84.692849,122.125788,86.006786,126.686162,51.607773,43.909634,143.815087,119.070000,2.913000,283.700012,118.339996,2.178000,182.000000,2879821.704266,12.300491,13.747926,22.467932,86.814458,38.901762,148621735339602888000000000000000000.000000,274976772116136397000000000000000000.000000
06/22/2026 17:13:13,0.000000,0.000000,73.869612,74.935237,64.748011,79.376199,77.393287,78.246253,75.144057,74.985668,34.521183,33.864269,33.896240,35.371369,32.843756,32.898886,35.397492,36.388298,36.138970,38.952331,35.437297,38.707959,37.666544,37.866717,38.781637,38.072115,36.887738,37.512560,38.591255,37.137195,38.589010,74.505496,33.987153,34.641748,24.546377,23.986374,24.830526,32.919968,33.053772,31.798717,69.830017,32.808448,36.204701,24.349956,24.279231,24.422112,35.582937,35.869122,36.261032,37.511166,37.710831,29.732030,31.114723,37.837742,37.829347,31.683336,30.454352,38.781862,45.765902,36.565519,39.931531,37.648139,40.786705,39.224587,41.705375,36.175340,40.177570,37.278313,41.196381,34.587059,39.145339,34.990227,40.279699,35.904621,41.421686,38.167044,40.125637,37.648370,39.527543,36.668414,41.041615,37.967905,39.258534,37.525935,38.881777,38.332214,40.264857,78.722954,81.665724,122.156599,82.930581,126.227439,51.649752,43.706465,133.841615,119.129997,2.853000,275.500000,118.449997,2.120000,174.300003,2879881.702364,12.370932,13.933885,22.270816,82.081010,38.899190,148621735339602888000000000000000000.000000,274976772116136397000000000000000000.000000
06/22/2026 17:14:13,0.000000,0.000000,73.764465,74.902041,64.685336,79.374222,77.337808,78.244273,75.157195,74.977265,34.469969,33.820562,33.904042,35.388825,32.719871,32.835035,35.367617,36.394315,36.139666,38.883749,35.461038,38.633976,37.664947,37.901792,38.876778,38.181473,37.056562,37.565017,38.476775,37.231684,38.601069,76.576623,34.402303,34.606843,24.663861,24.143761,24.975719,32.734394,33.142944,32.280698,71.315066,32.956238,36.186262,24.512138,24.390846,24.637344,35.609044,35.877059,36.266867,37.503289,37.703033,29.603766,31.057843,37.848311,37.849637,31.804028,30.433483,38.773115,45.777487,36.577236,39.904418,37.665144,40.762973,39.238302,41.708054,36.185565,40.168880,37.286393,41.193862,34.580490,39.128221,34.989870,40.256882,35.915340,41.433045,38.163432,40.089430,37.663939,39.514416,36.668073,41.037356,37.945075,39.249193,37.519226,38.881258,38.351303,40.256148,82.730941,84.589777,122.240449,85.892625,126.672714,51.483642,44.067535,143.574959,119.029999,2.913000,283.500000,118.309998,2.175000,181.899994,2879941.700069,11.986070,13.565489,22.620773,86.703096,38.896138,148621735339602888000000000000000000.000000,274976772116136397000000000000000000.000000
06/22/2026 17:15:13,0.000000,0.000000,73.889394,74.888249,64.600391,79.368889,77.379641,78.209476,75.181267,74.957834,34.506143,33.864758,33.846552,35.363432,32.776658,32.846909,35.385781,36.398292,36.050011,38.880452,35.431580,38.658565,37.792528,37.947609,38.599163,38.028197,37.116220,37.444296,38.489089,37.166634,38.501496,74.651195,34.000809,34.460183,24.647465,24.040501,24.925327,32.805734,32.962230,31.618321,70.008474,32.813319,36.229399,24.412971,24.330164,24.487194,35.614578,35.842284,36.288971,37.503257,37.654611,29.597715,30.999659,37.810971,37.851179,31.700893,30.535968,38.750134,45.753826,36.537815,39.925096,37.638593,40.763909,39.218067,41.716904,36.165696,40.156880,37.266833,41.175717,34.567813,39.138995,34.978973,40.256437,35.915779,41.421663,38.162604,40.094332,37.643671,39.513595,36.647779,41.022514,37.950056,39.238663,37.526796,38.864545,38.343415,40.244314,79.001058,81.909035,122.356315,83.134692,126.478193,51.530185,43.757476,134.358464,119.230003,2.857000,276.200012,118.529999,2.124000,174.600006,2880001.697916,12.139827,13.909043,22.320356,82.331948,38.886714,148621735339602888000000000000000000.000000,274976772116136397000000000000000000.000000
06/22/2026 17:16:13,0.000000,0.000000,73.972986,74.872046,64.660107,79.342813,77.345080,78.203144,75.176253,74.980698,34.391074,33.734941,33.778019,35.341532,32.750684,32.892075,35.408584,36.334307,36.068021,38.814555,35.405730,38.673391,37.757437,38.011483,38.503126,38.225388,37.084647,37.422462,38.514964,37.093493,38.547265,76.083653,34.144054,34.782997,24.741402,24.109417,24.991505,33.093516,33.392590,32.870359,71.095262,32.847296,36.208685,24.467672,24.384421,24.591959,35.584933,35.818849,36.243125,37.514504,37.701109,29.652213,30.904836,37.828686,37.857847,31.568619,30.132308,38.749006,45.749457,36.547557,39.903067,37.612523,40.777585,39.215450,41.675158,36.145801,40.171079,37.257649,41.184618,34.549261,39.000109,34.957770,40.258248,35.899440,41.425793,38.144668,40.102435,37.642600,39.521346,36.622812,41.016556,37.949376,39.243686,37.500005,38.873542,38.317618,40.259546,82.080891,84.104147,122.022412,85.394640,126.522157,51.425153,44.031126,142.052748,119.330002,2.898000,282.200012,118.610001,2.169000,180.899994,2880061.695779,12.197439,13.623127,22.585558,85.994259,38.875792,148621735339602888000000000000000000.000000,274976772116136397000000000000000000.000000
06/22/2026 17:17:13,0.000000,0.000000,73.952081,74.865527,64.795036,79.348962,77.342397,78.229080,75.141959,74.977656,34.461776,33.818135,33.916268,35.371177,32.739073,32.865349,35.371792,36.316150,36.100495,38.824412,35.454628,38.730718,37.720268,37.856364,38.627164,38.098623,36.984274,37.348659,38.417419,37.242987,38.508777,74.627739,33.990373,34.530062,24.554557,23.952020,24.874945,32.781393,32.951230,31.626009,69.945903,32.748731,36.165479,24.346561,24.251215,24.425553,35.552669,35.806528,36.230080,37.455508,37.635444,29.458416,30.937552,37.830977,37.846000,31.655576,30.423190,38.736002,45.724611,36.533048,39.885974,37.624551,40.752011,39.196883,41.671600,36.163470,40.134330,37.250834,41.182676,34.521407,39.124174,34.938799,40.253308,35.882515,41.410221,38.133449,40.077144,37.601461,39.491326,36.623660,41.009322,37.916933,39.202489,37.487009,38.865423,38.306983,40.248938,78.819621,81.838230,122.280625,83.057313,126.441936,51.534996,43.783371,134.065712,119.279999,2.853000,275.899994,118.589996,2.122000,174.399994,2880121.694071,12.184571,13.819988,22.345491,82.189891,38.865018,148621735339602888000000000000000000.000000,274976772116136397000000000000000000.000000
06/22/2026 17:18:13,0.000000,0.000000,74.071539,74.859392,64.743079,79.353927,77.314937,78.203752,75.141642,74.979873,34.443177,33.782202,33.804407,35.341767,32.735357,32.846073,35.376605,36.348846,36.129314,38.857105,35.391291,38.673183,37.645866,37.812464,38.381641,38.449195,36.964294,37.496677,38.492840,37.148722,38.527109,76.495017,34.311977,34.760084,24.685328,24.120468,24.967206,33.107067,33.359928,32.790545,71.352369,32.916198,36.167135,24.453418,24.370167,24.574579,35.544241,35.806076,36.229225,37.485155,37.674219,29.526976,31.103206,37.811969,37.824341,31.643984,30.484731,38.722349,45.704941,36.539263,39.862194,37.623687,40.746270,39.195101,41.642998,36.143528,40.135057,37.266597,41.154801,34.531381,38.967768,34.958967,40.245746,35.893514,41.400780,38.145170,40.077380,37.627878,39.504453,36.623559,40.997935,37.943938,39.192140,37.520841,38.844037,38.324545,40.230334,82.655756,84.554031,122.259847,85.828245,126.633902,51.634671,44.087686,143.356691,119.349998,2.912000,283.299988,118.639999,2.172000,181.699997,2880181.691378,12.119827,13.526878,22.640257,86.601765,38.858905,148621735339602888000000000000000000.000000,274976772116136397000000000000000000.000000
06/22/2026 17:19:13,0.000000,0.000000,73.794518,74.889809,64.818327,79.374044,77.333418,78.232313,75.186223,74.980111,34.507588,33.723210,33.883966,35.327748,32.723960,32.815559,35.358191,36.343292,36.113447,38.835554,35.452080,38.651719,37.818814,37.933688,38.621564,38.150439,36.884035,37.335125,38.509423,37.128186,38.537310,74.734914,34.007080,34.596890,24.573826,23.971747,24.847230,32.885641,33.092348,31.959436,70.055645,32.806660,36.142966,24.326039,24.266504,24.415315,35.541203,35.778676,36.213514,37.450461,37.599271,29.642657,31.022290,37.797010,37.812917,31.647167,30.510367,38.714191,45.703479,36.508576,39.866893,37.611604,40.737468,39.165109,41.636844,36.127590,40.132285,37.249224,41.163033,34.513165,39.101422,34.948743,40.254054,35.882379,41.404277,38.137639,40.061936,37.617404,39.486949,36.619267,41.009560,37.929983,39.204468,37.500927,38.855046,38.292885,40.227824,78.889455,81.989718,122.245192,83.232129,126.364097,51.678267,43.784929,134.235404,119.360001,2.852000,275.899994,118.660004,2.124000,174.500000,2880241.689428,12.249887,13.795963,22.347003,82.272258,38.855474,148621735339602888000000000000000000.000000,274976772116136397000000000000000000.000000
06/22/2026 17:20:13,0.000000,0.000000,73.658197,74.799296,64.653181,79.345585,77.282142,78.197082,75.150515,74.955378,34.466852,33.802343,33.788133,35.305768,32.704132,32.799734,35.324353,36.332515,36.089177,38.847994,35.371504,38.693390,37.599363,37.850366,38.494716,37.940465,37.042729,37.329718,38.605116,37.166558,38.541808,76.229032,34.179404,34.688802,24.637791,24.107382,24.942498,33.052583,33.253470,31.734267,71.193981,32.878262,36.137339,24.440308,24.329303,24.554550,35.523523,35.792896,36.206154,37.453279,37.644922,29.599979,31.045592,37.794844,37.849634,31.623154,30.431640,38.708619,45.690567,36.522070,39.860057,37.596351,40.725041,39.179125,41.645100,36.131033,40.111452,37.242908,41.135627,34.519229,38.916854,34.940170,40.210711,35.864933,41.387862,38.126016,40.069288,37.611780,39.466787,36.603016,40.989932,37.938997,39.174334,37.500346,38.815191,38.299188,40.191381,82.434086,84.258568,122.131587,85.576312,126.635140,51.569120,44.134998,142.657034,119.239998,2.907000,283.100006,118.550003,2.175000,181.500000,2880301.688004,12.002821,13.451358,22.685981,86.276254,38.839132,148621735339602888000000000000000000.000000,274976772116136397000000000000000000.000000
06/22/2026 17:21:13,0.000000,0.000000,73.766496,74.849571,64.663443,79.358173,77.298131,78.194538,75.134355,74.954843,34.446502,33.770875,33.834822,35.305529,32.712341,32.804385,35.312483,36.483992,35.995800,38.804808,35.395498,38.545278,37.618571,37.889450,38.498786,37.976345,37.121380,37.352637,38.331758,37.140838,38.404848,74.834613,33.979541,34.382572,24.550032,23.936299,24.812704,32.588240,32.713206,31.175852,70.179155,32.763849,36.148518,24.346871,24.216608,24.385549,35.539651,35.792186,36.217214,37.422325,37.656963,29.617480,31.047484,37.774252,37.798113,31.613975,30.543508,38.719203,45.690628,36.512838,39.846456,37.604369,40.742587,39.151712,41.632723,36.129197,40.121158,37.242921,41.144880,34.532734,39.078087,34.931938,40.228982,35.876659,41.408555,38.149443,40.057850,37.625745,39.489097,36.602395,40.991950,37.944115,39.168617,37.496385,38.821387,38.306959,40.211468,79.091630,82.138435,122.459863,83.335715,126.703660,51.616849,43.762052,134.588714,119.459999,2.852000,276.299988,118.750000,2.126000,174.500000,2880361.685196,12.057774,13.823720,22.324798,82.443532,38.848701,148621735339602888000000000000000000.000000,274976772116136397000000000000000000.000000
06/22/2026 17:22:13,0.000000,0.000000,73.701626,74.874774,64.722731,79.349047,77.293195,78.216120,75.150528,74.949477,34.429459,33.718288,33.789789,35.271532,32.771171,32.812967,35.318889,36.267736,36.042561,38.866850,35.418363,38.604564,37.759237,37.850261,38.554611,38.023813,36.930574,37.300288,38.341736,37.169404,38.515319,75.984355,34.084410,34.752231,24.490497,23.914794,24.803296,33.062322,33.303643,32.776019,70.935541,32.778667,36.131883,24.290215,24.185464,24.386717,35.517322,35.769420,36.181517,37.468466,37.640360,29.575309,30.952313,37.789986,37.791754,31.518460,30.263749,38.675232,45.680113,36.501317,39.843798,37.572532,40.735033,39.137084,41.603628,36.110530,40.097830,37.201380,41.135663,34.484795,39.063950,34.892894,40.200861,35.833768,41.371968,38.096806,40.034861,37.594726,39.481520,36.570451,41.014633,37.909010,39.170747,37.468461,38.808513,38.241962,40.194206,81.783267,83.800928,122.064332,85.111595,126.404871,51.515469,43.903403,141.126079,119.339996,2.902000,282.100006,118.639999,2.162000,180.100006,2880421.683270,12.290337,13.669989,22.461894,85.560268,38.824276,148621735339602888000000000000000000.000000,274976772116136397000000000000000000.000000
06/22/2026 17:23:13,0.000000,0.000000,73.832234,74.827354,64.620430,79.342769,77.245196,78.198471,75.183139,74.958862,34.438273,33.747983,33.824810,35.285922,32.673548,32.754480,35.307732,36.207449,36.117778,38.797506,35.391711,38.639640,37.742650,37.918506,38.743895,38.010927,36.926664,37.362699,38.289700,37.078374,38.548833,74.998578,34.113226,34.141192,24.610502,24.005309,24.858843,32.088428,32.223706,29.968672,70.277685,32.782058,36.148375,24.379401,24.249142,24.432874,35.533330,35.754857,36.167641,37.401563,37.560029,29.512095,30.989410,37.771925,37.781204,31.731915,30.552438,38.686116,45.684763,36.502480,39.833938,37.594909,40.706964,39.137192,41.604615,36.092483,40.089761,37.207875,41.127165,34.457168,38.920881,34.902976,40.218001,35.832398,41.377164,38.091423,40.037422,37.589880,39.458166,36.560289,40.974592,37.910787,39.170664,37.463515,38.817698,38.265825,40.199508,79.500926,82.469956,122.581022,83.697425,126.747853,51.648062,43.764291,135.308773,119.370003,2.859000,276.600006,118.669998,2.130000,175.500000,2880481.681091,11.814221,13.821404,22.326971,82.791675,38.817221,148621735339602888000000000000000000.000000,274976772116136397000000000000000000.000000
06/22/2026 17:24:13,0.000000,0.000000,73.979620,74.810654,64.630040,79.346868,77.243406,78.192055,75.176826,74.943253,34.379139,33.765631,33.788724,35.275073,32.697350,32.809850,35.293936,36.253439,35.944068,38.759877,35.387163,38.580722,37.694272,37.980587,38.588471,37.944165,37.181491,37.467547,38.425335,37.112947,38.470401,75.861255,34.065878,34.584666,24.584219,24.015727,24.824064,32.912246,33.147391,32.510695,70.899631,32.763279,36.095744,24.349026,24.218316,24.451708,35.498801,35.742046,36.152384,37.429653,37.639204,29.520184,31.041163,37.755610,37.768425,31.597409,30.260718,38.656782,45.625527,36.479744,39.828485,37.549662,40.692962,39.133750,41.576556,36.074415,40.099743,37.195782,41.132733,34.484245,38.897064,34.896335,40.213539,35.816394,41.368300,38.099749,40.025900,37.600698,39.471604,36.566695,41.000129,37.900635,39.156042,37.456819,38.809247,38.275751,40.205005,81.713913,83.788822,122.011063,85.123447,126.576489,51.371389,43.895908,141.074750,119.379997,2.896000,281.700012,118.680000,2.159000,180.100006,2880541.679242,12.130035,13.641113,22.454631,85.536174,38.809676,148621735339602888000000000000000000.000000,274976772116136397000000000000000000.000000
06/22/2026 17:25:13,0.000000,0.000000,74.041557,74.845915,64.643066,79.356745,77.257099,78.211204,75.125634,74.957526,34.436599,33.762739,33.806260,35.313352,32.659266,32.742423,35.295428,36.399684,35.983258,38.818789,35.375856,38.744195,37.583501,37.735971,38.667645,38.031795,36.831346,37.242672,38.328795,37.069764,38.492808,74.940324,34.127917,34.378679,24.520832,24.000219,24.894024,32.391161,32.870137,31.817835,70.119885,32.782739,36.109014,24.380792,24.300222,24.413835,35.493653,35.751076,36.148661,37.448040,37.580408,29.541129,31.005946,37.731475,37.781409,31.674652,30.390698,38.652629,45.662977,36.497263,39.810230,37.567157,40.697954,39.115813,41.588139,36.075008,40.063076,37.194360,41.108875,34.474117,39.046274,34.911047,40.188653,35.836997,41.361451,38.105239,39.980702,37.601508,39.462271,36.555115,40.965612,37.903539,39.145644,37.469828,38.789136,38.257130,40.159554,79.383817,82.395248,122.489160,83.635106,126.700401,51.493394,43.578840,135.215993,119.300003,2.853000,276.299988,118.610001,2.127000,175.300003,2880601.677404,12.231949,13.962284,22.146730,82.746885,38.808243,148621735339602888000000000000000000.000000,274976772116136397000000000000000000.000000
06/22/2026 17:26:13,0.000000,0.000000,73.643756,74.827124,64.664242,79.376116,77.246606,78.217555,75.147060,74.967551,34.375607,33.733230,33.721682,35.283875,32.697732,32.815122,35.275619,36.239128,36.052587,38.796526,35.412886,38.619946,37.814403,37.869633,38.331816,38.008078,37.115017,37.238835,38.241059,37.091135,38.497997,76.300633,34.078089,34.710875,24.586768,24.029920,24.863749,33.070399,33.314829,32.759643,71.033370,32.829136,36.095826,24.339262,24.260031,24.456809,35.475490,35.721843,36.140871,37.398708,37.572990,29.486820,30.985543,37.746506,37.755344,31.462591,30.023105,38.640891,45.612256,36.451273,39.792639,37.538909,40.660748,39.101033,41.545257,36.051758,40.063644,37.192718,41.107682,34.473374,38.994797,34.882365,40.173622,35.824098,41.351441,38.088564,39.991827,37.571761,39.435680,36.543474,40.952341,37.899938,39.147077,37.469495,38.761883,38.243306,40.163826,81.647913,84.301855,121.938309,85.589473,126.417248,51.452922,43.837985,141.897467,119.440002,2.917000,284.100006,118.730003,2.180000,181.500000,2880661.675245,12.312399,13.697350,22.398476,85.921667,38.790923,148621735339602888000000000000000000.000000,274976772116136397000000000000000000.000000
06/22/2026 17:27:13,0.000000,0.000000,73.922289,74.809150,64.658879,79.370588,77.285300,78.192241,75.157014,74.947093,34.380564,33.682230,33.810133,35.263877,32.654098,32.741703,35.255249,36.267039,36.084988,38.717601,35.319001,38.625632,37.712718,37.852792,38.695167,37.868051,36.840036,37.387975,38.381182,37.078009,38.461066,74.912909,34.131070,34.329910,24.565242,23.903157,24.827463,32.646766,32.770834,31.389991,70.189219,32.745036,36.087890,24.307515,24.260513,24.366601,35.473477,35.712299,36.155558,37.368720,37.567720,29.539476,30.998947,37.721519,37.782500,31.567494,30.346826,38.628165,45.620118,36.448602,39.781605,37.526960,40.667778,39.086019,41.551399,36.056171,40.059873,37.178321,41.113597,34.432216,38.917690,34.859412,40.192256,35.795438,41.354076,38.085909,39.984772,37.546778,39.444709,36.523327,40.974271,37.876445,39.118839,37.454460,38.783062,38.236008,40.145972,79.262851,82.313447,122.388109,83.580031,126.572143,51.561733,43.711041,134.784800,119.300003,2.860000,276.899994,118.580002,2.129000,174.899994,2880721.672887,12.054649,13.812629,22.275261,82.538460,38.781475,148621735339602888000000000000000000.000000,274976772116136397000000000000000000.000000
06/22/2026 17:28:13,0.000000,0.000000,73.757932,74.776799,64.661200,79.348595,77.240924,78.197151,75.145569,74.939024,34.303274,33.601763,33.733232,35.242209,32.672384,32.764878,35.215970,36.220726,36.013620,38.746217,35.341090,38.528127,37.616870,37.750774,38.328034,37.734339,37.059175,37.441650,38.424194,37.039272,38.431133,76.024147,34.021066,34.525685,24.518186,23.969363,24.835452,32.908986,33.097909,32.233834,70.924661,32.763266,36.055571,24.327218,24.235452,24.420766,35.449109,35.720279,36.121881,37.413788,37.591153,29.563118,31.161601,37.722409,37.724177,31.480622,29.716848,38.634761,45.592069,36.476444,39.751149,37.515868,40.656975,39.095046,41.527413,36.083831,40.049134,37.148528,41.092311,34.419487,39.011809,34.835158,40.199612,35.801062,41.351786,38.061966,39.974546,37.546939,39.439138,36.503130,40.963449,37.869116,39.123602,37.411489,38.773704,38.222921,40.163756,81.784475,83.853901,121.956436,85.171223,126.412783,51.558844,43.812576,141.314554,119.129997,2.898000,282.000000,118.400002,2.164000,180.000000,2880781.670447,12.151855,13.681741,22.373830,85.648690,38.776540,148621735339602888000000000000000000.000000,274976772116136397000000000000000000.000000
06/22/2026 17:29:13,0.000000,0.000000,73.949095,74.785229,64.629964,79.348078,77.201647,78.204629,75.124773,74.939346,34.348109,33.712815,33.774102,35.230290,32.632855,32.756035,35.248128,36.216541,35.983075,38.765648,35.352626,38.562610,37.572722,37.936397,38.422325,38.054894,36.834017,37.412464,38.246232,37.029975,38.441361,74.835331,33.922132,34.310103,24.396793,23.802681,24.697088,32.585809,32.690320,31.050877,70.087822,32.719388,36.057724,24.189281,24.129739,24.249607,35.441409,35.685557,36.100746,37.388266,37.533191,29.534963,31.015381,37.696612,37.733732,31.579806,30.379460,38.617223,45.589120,36.458855,39.750823,37.526149,40.661209,39.066201,41.508332,36.040707,40.014636,37.142208,41.074580,34.418698,38.878654,34.820621,40.155957,35.770014,41.313184,38.061636,39.942928,37.550236,39.420378,36.485187,40.933074,37.869552,39.086215,37.428400,38.756603,38.223565,40.130915,79.113136,82.119681,122.338605,83.363476,126.465776,51.584427,43.464454,134.264550,119.059998,2.853000,275.899994,118.379997,2.124000,174.899994,2880841.668021,12.274761,14.022382,22.035342,82.286399,38.756529,148621735339602888000000000000000000.000000,274976772116136397000000000000000000.000000
06/22/2026 17:30:13,0.000000,0.000000,73.776201,74.780681,64.689930,79.354427,77.221072,78.194575,75.137223,74.941660,34.268207,33.619080,33.691033,35.236656,32.656141,32.741967,35.273733,36.254511,36.079596,38.714874,35.322911,38.552175,37.765124,37.918885,38.505223,38.035796,36.957074,37.263991,38.419849,37.084897,38.393545,75.904687,34.009465,34.678237,24.560576,23.991177,24.841590,32.968230,33.223357,32.617409,70.856333,32.766388,36.069361,24.321909,24.210894,24.448187,35.439921,35.669449,36.105425,37.411063,37.525799,29.488708,31.083683,37.712805,37.751692,31.413910,29.961111,38.598934,45.579054,36.422118,39.759638,37.514214,40.661355,39.057083,41.505399,36.034654,40.004624,37.161790,41.057540,34.421235,38.820279,34.830253,40.151255,35.777246,41.314331,38.084873,39.949366,37.551861,39.404360,36.508944,40.949110,37.851628,39.089130,37.437068,38.734363,38.215031,40.109624,81.808419,83.753735,121.870453,85.070905,126.357228,51.551759,43.985956,141.435346,119.160004,2.900000,281.799988,118.449997,2.164000,180.000000,2880901.666277,12.136390,13.527514,22.541847,85.705318,38.751879,148621735339602888000000000000000000.000000,274976772116136397000000000000000000.000000
06/22/2026 17:31:13,0.000000,0.000000,73.981632,74.775483,64.753510,79.312925,77.232973,78.177425,75.120236,74.922557,34.330287,33.638127,33.758488,35.217028,32.641341,32.703156,35.227234,36.252784,36.051646,38.703347,35.302027,38.526889,37.704461,37.726998,38.654031,37.765894,36.702819,37.358291,38.510040,37.066446,38.363024,74.893454,34.012518,34.468780,24.424181,23.843965,24.747737,32.584530,32.993601,31.996786,70.084670,32.730763,36.045483,24.222568,24.125869,24.291363,35.432226,35.676377,36.103289,37.382405,37.544840,29.561878,31.047624,37.681267,37.734297,31.508202,30.332541,38.594597,45.582979,36.445562,39.741111,37.486794,40.651470,39.056002,41.490686,36.008770,40.001558,37.140139,41.070321,34.407562,38.975685,34.826344,40.144215,35.790988,41.291723,38.062175,39.940382,37.538727,39.395666,36.492251,40.926662,37.872836,39.071754,37.406836,38.715214,38.211624,40.133982,79.221990,82.175156,122.391646,83.445866,126.607313,51.511863,43.630727,135.240767,118.940002,2.853000,276.200012,118.250000,2.123000,174.899994,2880961.664605,12.271577,13.848280,22.197203,82.758847,38.749154,148621735339602888000000000000000000.000000,274976772116136397000000000000000000.000000
06/22/2026 17:32:13,0.000000,0.000000,74.444043,74.806202,64.779038,79.340120,77.241697,78.191610,75.160506,74.956922,34.360273,33.628609,33.700118,35.194256,32.640732,32.717221,35.249198,36.257897,36.065626,38.711985,35.328874,38.589852,37.582760,37.823164,38.650742,38.040500,36.982766,37.343172,38.203070,37.000901,38.357976,75.923440,33.927525,34.607456,24.455396,23.910573,24.768205,32.955146,33.163613,32.470884,70.850509,32.686470,36.012271,24.279420,24.133928,24.354268,35.401438,35.664207,36.069280,37.387355,37.547051,29.520406,31.050298,37.685921,37.681060,31.459429,29.929177,38.587180,45.554323,36.443580,39.695937,37.502495,40.621526,39.065264,41.457695,36.039767,40.006031,37.102616,41.063786,34.363847,38.845730,34.798175,40.150919,35.746785,41.307990,38.022849,39.933319,37.507643,39.395524,36.469094,40.928559,37.832765,39.052772,37.396214,38.706816,38.172616,40.118860,81.586692,83.716650,122.098158,85.021375,126.369736,51.576679,43.657596,140.802562,119.059998,2.890000,280.600006,118.370003,2.154000,179.899994,2881021.661801,12.384130,13.788945,22.223326,85.408308,38.729689,148621735339602888000000000000000000.000000,274976772116136397000000000000000000.000000
06/22/2026 17:33:13,0.000000,0.000000,73.764213,74.798705,64.679095,79.347800,77.218642,78.180364,75.143807,74.934727,34.348592,33.624024,33.708857,35.188437,32.596647,32.686926,35.242591,36.254398,36.002600,38.697719,35.287067,38.563311,37.588008,37.952560,38.165542,37.999901,36.997997,37.264663,38.334860,37.054168,38.261692,74.883537,34.006535,34.555087,24.445976,23.817856,24.721649,32.863048,33.096874,32.045006,70.144444,32.741745,36.072442,24.189834,24.093132,24.264040,35.445504,35.667499,36.086730,37.367199,37.578379,29.504298,31.215115,37.704231,37.698486,31.519323,30.388530,38.564847,45.571700,36.412909,39.745178,37.493525,40.664895,39.060631,41.496180,36.025373,39.983779,37.138217,41.064887,34.374034,38.886309,34.803479,40.152932,35.773617,41.332916,38.045669,39.935813,37.528560,39.413746,36.476318,40.946614,37.847797,39.083945,37.439387,38.753008,38.208532,40.104462,78.982793,82.279171,122.558771,83.541454,126.568856,51.588127,43.689624,134.018593,119.180000,2.854000,276.100006,118.480003,2.127000,174.399994,2881081.660180,12.300633,13.817988,22.254454,82.167008,38.744309,148621735339602888000000000000000000.000000,274976772116136397000000000000000000.000000
06/22/2026 17:34:13,0.000000,0.000000,73.917556,74.788790,64.643403,79.348331,77.254984,78.183842,75.118154,74.937794,34.392659,33.623714,33.682787,35.202752,32.582544,32.671491,35.205638,36.363138,35.936746,38.708887,35.292963,38.594340,37.589463,37.907626,38.534087,38.052309,36.783662,37.187052,38.448548,37.134870,38.266264,76.013863,33.998257,34.619128,24.485798,23.940094,24.790992,32.954364,33.175275,32.273022,70.908502,32.690752,36.024256,24.268705,24.157684,24.380262,35.385073,35.647404,36.068075,37.345921,37.543101,29.446852,31.075281,37.675790,37.675348,31.407780,30.010890,38.574502,45.522300,36.407652,39.689249,37.484738,40.619842,39.041076,41.448094,35.999102,39.971264,37.109737,41.032145,34.368600,38.884876,34.778532,40.131027,35.740960,41.278032,38.031201,39.901547,37.511122,39.370330,36.449120,40.928482,37.830920,39.040820,37.418277,38.716044,38.178301,40.099417,81.811701,83.858313,122.056422,85.160361,126.538382,51.567957,43.829612,141.473883,119.160004,2.902000,282.000000,118.449997,2.166000,180.000000,2881141.657941,12.228773,13.633901,22.390355,85.723378,38.718577,148621735339602888000000000000000000.000000,274976772116136397000000000000000000.000000
06/22/2026 17:35:13,0.000000,0.000000,73.902435,74.785092,64.644364,79.346970,77.235926,78.175745,75.103616,74.941840,34.347796,33.637441,33.711614,35.206363,32.595952,32.704908,35.236832,36.264141,35.952648,38.664707,35.279623,38.583368,37.695596,37.702666,38.486129,38.015808,36.904041,37.101751,38.347927,37.184890,38.283329,74.759746,33.901752,34.402008,24.362516,23.808243,24.671770,32.689069,32.792677,31.103987,69.962924,32.735861,35.989646,24.177762,24.057778,24.235996,35.356579,35.665883,36.051830,37.352693,37.516513,29.522151,31.089027,37.657542,37.670800,31.473591,30.167511,38.575083,45.512691,36.416967,39.655325,37.473707,40.580883,39.039543,41.412255,35.991805,39.963617,37.115330,41.020107,34.360818,38.934943,34.783172,40.107742,35.737039,41.294221,38.052314,39.893084,37.509111,39.371411,36.444893,40.919218,37.837086,39.042495,37.407577,38.696092,38.199257,40.084194,79.024416,82.005529,122.409303,83.275296,126.488189,51.624482,43.387840,134.255321,119.120003,2.854000,275.899994,118.430000,2.123000,174.399994,2881201.655396,12.441364,14.029002,21.960644,82.281921,38.714399,148621735339602888000000000000000000.000000,274976772116136397000000000000000000.000000
06/22/2026 17:36:13,0.000000,0.000000,73.746647,74.766372,64.629267,79.333590,77.247369,78.179180,75.129130,74.951307,34.326650,33.542539,33.612723,35.184219,32.626660,32.692033,35.209508,36.256332,35.884596,38.664420,35.257615,38.495539,37.687220,37.756158,38.402843,37.839249,36.672190,37.113228,38.246781,36.990717,38.246611,75.968506,33.907902,34.699196,24.516407,24.000270,24.776402,33.071471,33.275464,32.665553,70.919024,32.654637,35.997774,24.290730,24.185979,24.402432,35.384422,35.643209,36.057517,37.354833,37.578108,29.447834,31.021897,37.659231,37.629179,31.302420,29.795612,38.546760,45.513748,36.416708,39.673141,37.465934,40.579072,39.036846,41.417484,35.975369,39.961269,37.126241,41.020403,34.368812,38.761081,34.790719,40.108457,35.755478,41.277215,38.024196,39.882659,37.535904,39.372564,36.446050,40.896567,37.862067,39.017940,37.413477,38.681679,38.184512,40.085786,82.088681,83.967627,122.062630,85.265369,126.513090,51.450467,43.918785,141.888399,119.040001,2.898000,282.000000,118.339996,2.162000,180.399994,2881261.653557,12.222398,13.520976,22.476798,85.917426,38.706605,148621735339602888000000000000000000.000000,274976772116136397000000000000000000.000000
06/22/2026 17:37:13,0.000000,0.000000,73.886842,74.799513,64.742340,79.334291,77.265345,78.178620,75.135562,74.933239,34.310294,33.629665,33.700286,35.162205,32.623700,32.683737,35.172819,36.250682,36.034796,38.735985,35.292253,38.529684,37.678976,37.697978,38.554822,37.861005,36.799677,37.178296,38.285703,37.003162,38.403658,74.753621,33.873558,34.297946,24.363793,23.725774,24.629640,32.438615,32.478205,30.627093,70.035147,32.669592,36.004554,24.129261,24.042404,24.195443,35.368285,35.638597,36.034257,37.337800,37.459784,29.497473,31.080410,37.681147,37.667447,31.469319,30.096769,38.552267,45.521101,36.410422,39.662032,37.459215,40.587842,39.023573,41.420966,35.980203,39.964699,37.066441,41.029110,34.308102,38.897089,34.733590,40.129994,35.700050,41.289971,38.005198,39.898522,37.489702,39.379830,36.412622,40.921676,37.794484,39.036909,37.386065,38.687415,38.140115,40.067491,78.776792,82.007031,122.387510,83.205046,126.562387,51.653189,43.469419,133.719527,119.250000,2.849000,275.200012,118.559998,2.121000,173.899994,2881321.651146,12.257766,13.964374,22.040180,82.021641,38.698557,148621735339602888000000000000000000.000000,274976772116136397000000000000000000.000000
06/22/2026 17:38:13,0.000000,0.000000,73.776049,74.814752,64.688494,79.339000,77.198022,78.182072,75.131510,74.941015,34.244122,33.568768,33.661158,35.152343,32.596017,32.656945,35.202341,36.322220,36.067079,38.688275,35.274923,38.476599,37.613017,37.848993,38.512704,38.111747,36.840826,37.154422,38.085198,36.908068,38.262563,75.846191,33.803162,34.532891,24.375112,23.866971,24.661094,32.938251,33.109389,32.167902,70.844754,32.702676,35.986935,24.190691,24.036680,24.307869,35.351508,35.621382,36.027080,37.362468,37.464300,29.409715,31.109916,37.654695,37.640553,31.404780,29.903632,38.547762,45.484868,36.406976,39.624654,37.455331,40.579580,39.017943,41.382800,35.985623,39.955216,37.089651,41.004676,34.349548,38.860637,34.765256,40.101393,35.725783,41.259109,38.016619,39.893610,37.506147,39.368894,36.424220,40.899967,37.809365,39.008167,37.386884,38.679846,38.160963,40.066258,81.752505,83.717504,122.041685,85.057996,126.584950,51.572646,43.653118,141.173036,119.169998,2.901000,282.000000,118.480003,2.160000,179.899994,2881381.649098,12.313918,13.767962,22.218973,85.582305,38.693925,148621735339602888000000000000000000.000000,274976772116136397000000000000000000.000000
06/22/2026 17:39:13,0.000000,0.000000,74.518867,74.795652,64.661895,79.327847,77.226445,78.189000,75.122766,74.928889,34.335961,33.607828,33.674897,35.143245,32.538409,32.587778,35.165651,36.160286,35.919134,38.628216,35.258049,38.520516,37.589361,37.679520,38.470425,37.666058,36.973198,37.150107,38.191750,36.994872,38.411266,74.566097,33.946923,33.995761,24.371208,23.833061,24.702386,31.928997,31.919197,29.045518,69.854919,32.635732,35.957937,24.207489,24.103625,24.277528,35.339639,35.606858,36.011923,37.294723,37.455690,29.426450,31.075393,37.628275,37.649047,31.457007,30.328831,38.507047,45.481070,36.369494,39.620829,37.415688,40.570287,38.974658,41.383194,35.947489,39.956995,37.059594,41.033299,34.304508,38.746561,34.723788,40.131285,35.672108,41.295443,37.980653,39.874916,37.474190,39.377585,36.392663,40.904034,37.791355,39.033131,37.357080,38.696876,38.139191,40.070535,79.070240,82.041352,122.506418,83.296432,126.594060,51.586482,43.552945,134.625146,119.139999,2.857000,276.200012,118.449997,2.128000,174.899994,2881441.646899,11.874233,13.836409,22.121528,82.461176,38.676185,148621735339602888000000000000000000.000000,274976772116136397000000000000000000.000000
06/22/2026 17:40:13,0.000000,0.000000,74.200722,74.835530,64.702681,79.332820,77.229745,78.199030,75.127451,74.931463,34.275777,33.563136,33.643979,35.150594,32.541779,32.632954,35.119924,36.173063,35.982196,38.626181,35.258665,38.536222,37.579008,37.831785,38.314940,37.799450,36.989203,37.156822,38.178140,36.982126,38.424374,76.293988,33.921921,34.257967,24.457126,23.942752,24.766802,32.691650,32.804595,31.720091,71.100615,32.761756,35.964963,24.279052,24.159974,24.390704,35.356854,35.641347,36.021144,37.334435,37.505580,29.289471,30.972394,37.637928,37.625553,31.386986,29.833005,38.533897,45.459980,36.388446,39.605757,37.436825,40.544178,38.986443,41.370749,35.972162,39.921827,37.086660,40.999058,34.343523,38.755350,34.751250,40.072397,35.720551,41.238075,38.014053,39.843452,37.482435,39.343474,36.404903,40.863225,37.802971,38.980897,37.377686,38.668897,38.145221,40.042181,82.053088,84.448733,122.207350,85.770246,126.468814,51.500850,43.677747,142.355701,119.160004,2.905000,282.700012,118.430000,2.173000,181.699997,2881501.644666,12.015055,13.722051,22.242912,86.135734,38.671884,148621735339602888000000000000000000.000000,274976772116136397000000000000000000.000000
06/22/2026 17:41:13,0.000000,0.000000,73.978326,74.826261,64.647975,79.356547,77.281757,78.206376,75.146326,74.954144,34.314086,33.675212,33.730728,35.166688,32.620191,32.674448,35.200563,36.155307,35.914133,38.699593,35.291608,38.606103,37.522124,37.730729,38.234965,37.870099,36.896100,37.237089,38.313946,37.067276,38.269801,74.515225,33.702079,34.508219,24.296501,23.726968,24.599508,32.869739,33.082228,32.378307,69.812658,32.554146,35.984906,24.056568,23.994332,24.164964,35.362487,35.596912,36.031900,37.311131,37.534326,29.407226,31.017862,37.647523,37.669178,31.470619,30.142990,38.499149,45.483918,36.375031,39.622816,37.400439,40.569690,38.967000,41.383477,35.942017,39.932050,37.046058,40.990783,34.314785,38.820332,34.712325,40.066327,35.683437,41.225749,37.992401,39.842563,37.471587,39.346322,36.385630,40.884601,37.791731,38.950446,37.341868,38.644614,38.112739,40.022996,78.494572,81.659963,122.367392,82.890670,126.246839,51.545772,43.540971,132.939557,119.230003,2.849000,275.200012,118.529999,2.119000,173.500000,2881561.643193,12.398347,13.875034,22.109872,81.641509,38.660763,148621735339602888000000000000000000.000000,274976772116136397000000000000000000.000000
06/22/2026 17:42:13,0.000000,0.000000,74.182672,74.854250,64.662619,79.372291,77.241087,78.198575,75.123818,74.953598,34.227549,33.612592,33.634801,35.148685,32.575001,32.688852,35.188392,36.092230,35.938500,38.633392,35.264577,38.556394,37.450245,37.787463,38.230789,37.503983,36.959516,37.129352,38.262440,36.934303,38.130885,76.375552,33.945630,34.673899,24.412274,23.856235,24.725542,32.950167,33.275513,32.832796,71.130457,32.739223,35.980144,24.194570,24.103242,24.323407,35.374871,35.591126,36.028803,37.317765,37.475203,29.335979,31.089716,37.634681,37.673572,31.302620,29.718098,38.478844,45.459590,36.356180,39.609332,37.403717,40.557564,38.973823,41.368724,35.955952,39.909312,37.048449,40.976877,34.297330,38.844457,34.709960,40.067050,35.675303,41.217365,37.993260,39.835046,37.478611,39.339218,36.376728,40.870035,37.776667,38.974689,37.352896,38.643706,38.116224,40.030438,82.434805,84.284308,122.198726,85.610496,126.853567,51.546933,43.649418,142.872712,118.459999,2.905000,282.500000,117.739998,2.171000,181.100006,2881621.640356,12.458523,13.764768,22.215376,86.376710,38.656578,148621735339602888000000000000000000.000000,274976772116136397000000000000000000.000000
06/22/2026 17:43:13,0.000000,0.000000,74.139169,74.839088,64.722102,79.339539,77.265128,78.180508,75.128498,74.935045,34.305921,33.626621,33.706569,35.117910,32.541458,32.635301,35.135600,36.068281,35.806766,38.626588,35.218292,38.533695,37.628190,37.701110,38.395904,37.728023,36.863548,37.220912,38.312805,37.069229,38.311902,73.759346,33.472134,34.535433,24.273394,23.656374,24.578197,32.748399,33.116052,32.466876,69.366078,32.489424,35.961871,24.040444,23.958058,24.099088,35.353116,35.572478,36.016037,37.291755,37.471552,29.312672,30.910905,37.621826,37.662486,31.386347,30.200576,38.476712,45.442809,36.340537,39.603010,37.382789,40.556929,38.932152,41.336856,35.919882,39.894102,37.050434,40.978852,34.274824,38.764266,34.711863,40.068349,35.665090,41.229139,37.983436,39.835382,37.473502,39.327063,36.360103,40.864626,37.788470,38.943256,37.361191,38.633449,38.110235,40.020498,77.336220,80.813580,122.316775,81.850417,126.312660,51.577065,43.473897,130.334747,118.459999,2.820000,271.600006,117.769997,2.095000,170.300003,2881681.638778,12.490889,13.917327,22.044544,80.361228,38.644327,148621735339602888000000000000000000.000000,274976772116136397000000000000000000.000000
06/22/2026 17:44:13,0.000000,0.000000,73.882625,74.807553,64.778695,79.337155,77.260211,78.194954,75.099628,74.928136,34.284596,33.569742,33.616826,35.117129,32.504202,32.622955,35.132618,36.243740,35.942279,38.631421,35.196104,38.539540,37.605313,37.846594,38.373507,37.756426,36.822115,37.310380,38.385815,37.002153,38.272837,76.408200,34.000869,34.568502,24.364157,23.851085,24.686388,32.879235,33.076165,31.880408,71.145517,32.694083,35.923163,24.165624,24.065786,24.308322,35.338661,35.559356,36.000252,37.296776,37.472702,29.283058,31.074717,37.616693,37.659121,31.287159,30.042920,38.460975,45.428412,36.329518,39.579250,37.379742,40.529394,38.935449,41.318146,35.889087,39.871511,37.047223,40.945728,34.279167,38.768585,34.717090,40.055033,35.702207,41.218156,37.989636,39.806749,37.464791,39.324106,36.362446,40.857654,37.780146,38.934888,37.364302,38.624195,38.116991,39.991544,82.577478,84.366988,122.336065,85.696794,126.846333,51.585098,43.917422,143.132108,118.459999,2.908000,282.700012,117.750000,2.173000,181.300003,2881741.636669,12.093025,13.447686,22.475477,86.497394,38.635737,148621735339602888000000000000000000.000000,274976772116136397000000000000000000.000000
06/22/2026 17:45:13,0.000000,0.000000,73.766037,74.843199,64.783984,79.341339,77.253451,78.197881,75.101098,74.948192,34.325505,33.588923,33.630232,35.125003,32.541902,32.654868,35.163252,36.159219,35.997276,38.655777,35.213473,38.516478,37.576478,37.829255,38.511302,37.802866,36.848629,37.035738,38.103148,36.955680,38.346056,74.470713,33.660633,34.255582,24.238549,23.656893,24.530830,32.392870,32.461376,30.598198,69.796193,32.517344,35.917392,24.054132,23.942194,24.105802,35.299483,35.573806,35.973539,37.294425,37.456333,29.291965,31.189222,37.591328,37.617405,31.350701,30.029404,38.467899,45.404162,36.343949,39.534543,37.381334,40.511330,38.950001,41.314618,35.910338,39.881748,37.034497,40.956832,34.275481,38.805521,34.692558,40.054582,35.672514,41.219831,37.986459,39.826057,37.459215,39.306635,36.361289,40.872605,37.765549,38.939657,37.360238,38.641766,38.120695,40.013747,78.180272,81.633451,122.304409,82.794529,126.316757,51.646253,43.162573,132.435338,118.540001,2.837000,274.200012,117.849998,2.113000,173.000000,2881801.633887,12.515002,14.176812,21.740580,81.394984,38.635522,148621735339602888000000000000000000.000000,274976772116136397000000000000000000.000000
06/22/2026 17:46:13,0.000000,0.000000,74.251715,74.890710,64.782471,79.368016,77.286512,78.215756,75.090676,74.960158,34.233746,33.572153,33.618793,35.110953,32.490443,32.587851,35.064144,36.188201,35.857872,38.557008,35.225552,38.569589,37.601808,37.613299,38.422321,37.854322,36.760551,37.363809,38.128287,36.982624,38.210957,76.487848,34.003924,34.236084,24.427394,23.890618,24.720522,32.515697,32.599314,30.426203,71.140870,32.769254,35.930483,24.239725,24.115270,24.337176,35.334875,35.600767,36.019262,37.294975,37.461883,29.364463,31.011674,37.635458,37.634575,31.322564,29.722760,38.456969,45.427294,36.335470,39.570188,37.376845,40.539888,38.927873,41.302233,35.915143,39.871790,37.020523,40.942925,34.243471,38.784283,34.676534,40.035828,35.657202,41.207788,37.957138,39.795922,37.426336,39.285740,36.327037,40.853030,37.770643,38.917873,37.335315,38.612911,38.098002,40.003446,82.574133,84.372626,122.156010,85.703939,126.564931,51.573424,43.747255,143.065235,118.510002,2.911000,283.299988,117.800003,2.173000,181.100006,2881861.631602,11.925652,13.620051,22.310432,86.466296,38.622521,148621735339602888000000000000000000.000000,274976772116136397000000000000000000.000000
06/22/2026 17:47:13,0.000000,0.000000,74.129018,74.844154,64.723382,79.348808,77.264730,78.213776,75.126391,74.957861,34.287428,33.665410,33.680067,35.129491,32.480130,32.583765,35.116486,36.279428,35.933148,38.562285,35.221541,38.457373,37.435526,37.732981,38.478858,37.788953,36.602070,37.140885,38.157365,36.951589,38.179893,73.962828,33.513930,34.219069,24.245066,23.670581,24.558380,32.510775,32.664215,31.253309,69.436920,32.446102,35.909456,24.041184,23.967306,24.089529,35.307751,35.572765,35.986505,37.286146,37.446202,29.315639,31.067610,37.598246,37.621671,31.399557,30.148559,38.457866,45.401805,36.307479,39.540546,37.353311,40.502772,38.900832,41.287151,35.895973,39.856536,37.016714,40.940456,34.240758,38.763933,34.678259,40.035143,35.659171,41.221698,37.974639,39.786055,37.449632,39.305454,36.338856,40.855302,37.765854,38.915055,37.343988,38.612300,38.093893,39.992738,78.098341,81.189333,122.282656,82.333499,126.360979,51.510664,43.277348,132.465131,118.470001,2.838000,274.000000,117.769997,2.112000,172.800003,2881921.629775,12.366285,14.056672,21.852784,81.409567,38.616472,148621735339602888000000000000000000.000000,274976772116136397000000000000000000.000000
06/22/2026 17:48:13,0.000000,0.000000,73.972255,74.892439,64.688873,79.356358,77.269771,78.212920,75.100171,74.949378,34.222571,33.572962,33.603612,35.093298,32.512318,32.596825,35.109752,36.238172,35.898986,38.635062,35.207741,38.433251,37.467073,37.731375,38.081335,37.837474,36.837771,37.081936,38.330791,36.988171,38.215564,76.514595,33.961938,34.176356,24.399783,23.867471,24.709922,32.270291,32.298766,30.181638,71.186657,32.686504,35.939037,24.219721,24.070640,24.360350,35.289121,35.555914,35.969980,37.261248,37.407206,29.324910,31.088905,37.560222,37.596023,31.337166,29.913915,38.426381,45.395691,36.303066,39.514105,37.358188,40.488360,38.916397,41.273633,35.884135,39.854702,36.967989,40.953589,34.217812,38.817024,34.647341,40.032247,35.629233,41.200451,37.946680,39.784606,37.419621,39.301534,36.311016,40.844479,37.744384,38.912280,37.326175,38.593191,38.066115,39.968990,82.664066,84.480657,122.220335,85.804444,126.482365,51.485636,43.924431,143.404943,118.459999,2.908000,283.200012,117.730003,2.174000,181.899994,2881981.627239,11.694088,13.456769,22.482268,86.624175,38.603314,148621735339602888000000000000000000.000000,274976772116136397000000000000000000.000000
06/22/2026 17:49:13,0.000000,0.000000,74.166949,74.885434,64.735230,79.351884,77.351224,78.203811,75.151742,74.942664,34.312561,33.638597,33.667023,35.087056,32.522069,32.567881,35.083042,36.296501,35.946714,38.572717,35.248862,38.481340,37.610250,37.650026,38.387715,37.834714,36.819801,37.020185,38.314621,37.015320,38.270044,74.118503,33.533535,34.054000,24.273483,23.737080,24.590368,32.371359,32.427411,30.413956,69.613691,32.531414,35.915646,24.105645,24.014756,24.169150,35.305466,35.572254,35.972447,37.258404,37.426740,29.366471,31.092999,37.611879,37.637071,31.291218,29.887418,38.423100,45.369676,36.333420,39.517442,37.354019,40.491021,38.902295,41.271452,35.883268,39.840103,37.004205,40.918764,34.230181,38.665142,34.668575,40.042147,35.620579,41.190482,37.960967,39.778585,37.441287,39.303743,36.319874,40.858824,37.753039,38.888162,37.325884,38.582306,38.056843,39.971198,77.771311,81.141944,122.148464,82.303902,126.201575,51.573366,43.466596,131.298334,118.360001,2.832000,273.399994,117.660004,2.106000,172.000000,2882041.625128,12.016571,13.878217,22.037429,80.836789,38.598886,148621735339602888000000000000000000.000000,274976772116136397000000000000000000.000000
06/22/2026 17:50:13,0.000000,0.000000,74.407744,74.918631,64.730776,79.379764,77.374956,78.198484,75.152571,74.955321,34.209082,33.534142,33.566126,35.089141,32.513930,32.597103,35.111989,36.131488,35.912986,38.559848,35.184960,38.422047,37.502712,37.722812,38.432438,37.793309,36.830039,37.153368,38.122131,36.960536,38.204799,76.461307,34.037690,34.363037,24.401995,23.839233,24.688417,32.659476,32.917814,31.634399,71.198756,32.675615,35.921173,24.164508,24.088847,24.284425,35.287517,35.511329,35.950555,37.235663,37.375670,29.307814,31.048652,37.569673,37.570557,31.218369,29.906397,38.395977,45.351123,36.296950,39.496108,37.299025,40.481071,38.877322,41.246112,35.839155,39.848821,36.982434,40.936272,34.235534,38.705776,34.653076,40.026641,35.620494,41.205035,37.949073,39.770685,37.423612,39.285228,36.303946,40.847384,37.743765,38.882018,37.308675,38.587196,38.063036,39.962394,82.677056,84.626277,122.264636,85.920710,126.592314,51.495084,43.673269,143.385027,118.449997,2.902000,282.299988,117.730003,2.173000,181.300003,2882101.623001,12.124477,13.682613,22.238560,86.614926,38.587465,148621735339602888000000000000000000.000000,274976772116136397000000000000000000.000000
06/22/2026 17:51:13,0.000000,0.000000,74.062966,74.923068,64.801109,79.346279,77.404998,78.204510,75.131401,74.970898,34.287371,33.637371,33.686228,35.094352,32.528943,32.591211,35.125982,36.207893,35.851594,38.573706,35.230350,38.518184,37.531335,37.659066,38.162874,37.864695,36.796370,37.117943,38.149470,37.068853,38.082486,73.939341,33.565222,33.899642,24.254756,23.691920,24.577017,31.796985,31.891425,30.144135,69.269749,32.505647,35.915976,24.062998,23.957329,24.129610,35.292470,35.533119,35.961621,37.208242,37.432816,29.310608,31.060802,37.560910,37.613948,31.312462,29.931805,38.412749,45.371980,36.303434,39.499039,37.305501,40.479724,38.869795,41.253126,35.852417,39.796371,36.984203,40.882573,34.200563,38.678062,34.640304,39.982744,35.623322,41.153950,37.925172,39.739344,37.400532,39.235737,36.274635,40.817840,37.729132,38.844906,37.292271,38.549628,38.039532,39.924843,79.146907,81.222838,122.085526,82.499332,126.134831,51.508493,43.494730,135.520079,118.410004,2.857000,276.700012,117.690002,2.127000,175.100006,2882161.620701,11.834802,13.851136,22.064840,82.893607,38.568781,148621735339602888000000000000000000.000000,274976772116136397000000000000000000.000000
06/22/2026 17:52:13,0.000000,0.000000,74.091042,74.901689,64.717904,79.333030,77.392983,78.189140,75.125471,74.946802,34.252451,33.565998,33.578436,35.030413,32.522178,32.567101,35.136423,36.140393,35.826044,38.572964,35.193255,38.507938,37.479083,37.776522,38.368465,37.897191,36.745353,37.341549,38.076012,36.898867,38.151367,76.919557,34.062114,34.176641,24.438885,23.866290,24.709189,32.544466,32.698344,31.231808,71.623658,32.748400,35.908692,24.186812,24.091005,24.327263,35.282952,35.501447,35.952983,37.270366,37.459143,29.250645,31.097143,37.531086,37.586336,31.206650,29.982407,38.374996,45.353325,36.268631,39.497004,37.308766,40.487859,38.861619,41.255093,35.845982,39.816219,36.968293,40.901954,34.207273,38.656044,34.624830,40.004626,35.602789,41.143146,37.945250,39.726758,37.381700,39.247824,36.270387,40.808550,37.733947,38.874228,37.288047,38.562186,38.050312,39.950581,83.115759,85.128529,122.393919,86.399986,127.029378,51.462264,43.749104,144.000647,118.379997,2.919000,284.200012,117.680000,2.181000,182.699997,2882221.619020,11.864414,13.596465,22.312227,86.900428,38.567274,148621735339602888000000000000000000.000000,274976772116136397000000000000000000.000000
06/22/2026 17:53:13,0.000000,0.000000,74.278567,74.947535,64.835704,79.371243,77.365573,78.188689,75.122702,74.960929,34.305969,33.634220,33.590690,35.076970,32.496827,32.575998,35.141840,36.252949,35.859082,38.546736,35.159823,38.448339,37.539643,37.811873,38.390198,37.805386,36.785332,37.056050,38.121666,37.018456,38.111422,74.517504,33.544126,34.322023,24.217639,23.669117,24.493814,32.701686,32.877764,31.892298,69.384070,32.540269,35.864959,23.997099,23.894111,24.074757,35.222646,35.512062,35.931633,37.236670,37.457933,29.325245,30.944859,37.536812,37.560680,31.264555,29.890916,38.387710,45.347311,36.282914,39.455671,37.310208,40.437224,38.862954,41.212867,35.856182,39.796112,36.956961,40.910485,34.182764,38.708472,34.603438,39.993149,35.591249,41.158414,37.934514,39.752633,37.398666,39.268719,36.277194,40.821878,37.727882,38.856444,37.317538,38.566468,38.040760,39.955153,80.186572,81.910781,121.823146,83.349729,125.930143,51.558421,43.652826,137.875046,118.470001,2.865000,278.000000,117.760002,2.142000,177.199997,2882281.617012,12.103334,13.646270,22.218689,84.022563,38.565731,148621735339602888000000000000000000.000000,274976772116136397000000000000000000.000000
06/22/2026 17:54:13,0.000000,0.000000,74.127602,74.937370,64.730502,79.353987,77.359229,78.187401,75.120873,74.962902,34.168403,33.552956,33.534743,35.042262,32.495367,32.572315,35.093842,36.107608,35.832972,38.545877,35.159404,38.535628,37.481613,37.759166,38.347251,37.783176,36.659322,37.160953,38.096139,36.869479,38.053154,76.556460,34.004245,34.475597,24.398789,23.872298,24.689239,32.891866,32.954550,31.531322,71.693511,32.721151,35.898560,24.220890,24.041811,24.308425,35.258978,35.535973,35.927154,37.277299,37.426928,29.389851,31.058431,37.579227,37.553149,31.219980,29.845834,38.400907,45.316769,36.275047,39.446953,37.315616,40.424847,38.873499,41.203141,35.853478,39.764706,36.951099,40.847869,34.159039,38.545393,34.603683,39.956668,35.590014,41.128591,37.917383,39.695426,37.412569,39.238925,36.246403,40.794321,37.732479,38.836243,37.283592,38.522421,38.025056,39.893213,80.848190,84.477757,122.709728,85.668028,127.428526,51.557751,43.644064,137.839747,118.419998,2.878000,279.299988,117.690002,2.145000,177.899994,2882341.614756,12.265426,13.688389,22.210171,84.005735,38.541845,148621735339602888000000000000000000.000000,274976772116136397000000000000000000.000000
06/22/2026 17:55:13,0.000000,0.000000,74.105353,74.961188,64.751616,79.362997,77.361099,78.219568,75.113533,74.989354,34.252143,33.599005,33.579460,35.089315,32.449162,32.583934,35.060815,36.202144,35.843012,38.580604,35.114922,38.374093,37.422875,37.782199,38.486557,37.858958,36.720004,37.107948,38.192486,36.898296,38.124570,74.770108,33.540913,33.836267,24.098495,23.496160,24.402002,31.966803,32.074092,30.969690,69.586920,32.612817,35.858452,23.853499,23.801104,23.945320,35.241227,35.464165,35.921212,37.211674,37.439061,29.279444,31.194092,37.495667,37.554897,31.272092,30.115825,38.342879,45.323383,36.266241,39.457143,37.262606,40.446477,38.824566,41.197911,35.812776,39.765500,36.941280,40.864949,34.165106,38.712099,34.581797,39.964159,35.570075,41.119070,37.898547,39.711898,37.369747,39.225754,36.230526,40.769648,37.696664,38.806396,37.269604,38.512429,38.013631,39.903410,80.511721,82.168164,121.957528,83.609536,126.080619,51.518964,43.449657,138.643843,118.580002,2.877000,279.100006,117.860001,2.145000,177.699997,2882401.611991,11.815346,13.837531,22.020921,84.388350,38.534209,148621735339602888000000000000000000.000000,274976772116136397000000000000000000.000000
06/22/2026 17:56:13,0.000000,0.000000,74.147475,74.924697,64.663798,79.372495,77.314594,78.211405,75.137173,74.973291,34.236442,33.621936,33.588622,35.072787,32.455265,32.561572,35.062398,36.256852,35.815826,38.540708,35.161749,38.480376,37.436014,37.671158,38.031948,37.881743,36.642542,37.179118,38.257820,36.940291,38.113500,76.077190,33.584862,33.979213,24.404934,23.870833,24.701200,31.968801,31.968355,29.658464,71.444300,32.597251,35.905421,24.197383,24.076058,24.316114,35.261273,35.515225,35.930129,37.240474,37.393104,29.223266,31.096080,37.532453,37.592565,31.272191,29.982584,38.359717,45.320823,36.267194,39.432958,37.288761,40.425501,38.859593,41.186195,35.819143,39.755799,36.934199,40.869347,34.161080,38.570819,34.576442,39.976187,35.564889,41.148455,37.904192,39.716648,37.371682,39.232094,36.219624,40.803207,37.690579,38.809828,37.266410,38.510564,38.007613,39.904897,80.358258,83.928714,122.658955,85.002916,127.312742,51.432348,43.707828,137.323060,118.440002,2.869000,277.799988,117.750000,2.136000,176.600006,2882461.610276,11.707073,13.633281,22.272140,83.759097,38.531815,148621735339602888000000000000000000.000000,274976772116136397000000000000000000.000000
06/22/2026 17:57:13,0.000000,0.000000,73.975567,74.943484,64.743103,79.382296,77.327367,78.203545,75.103067,74.977197,34.280358,33.621025,33.565945,35.084042,32.430081,32.560409,34.999631,36.139276,35.866299,38.533622,35.159953,38.590028,37.523266,37.758384,38.342623,37.906679,36.631226,37.203629,38.031429,36.906862,38.079481,75.235138,33.615947,33.964554,24.208940,23.681016,24.547773,32.325684,32.420442,31.009979,69.985716,32.565817,35.853373,24.031057,23.920012,24.125133,35.229083,35.480830,35.896444,37.217015,37.366795,29.297523,31.029457,37.522898,37.556932,31.191266,29.921925,38.347772,45.286946,36.252856,39.406770,37.261619,40.404570,38.820086,41.159123,35.810937,39.774605,36.943340,40.869199,34.145662,38.708654,34.578334,39.978620,35.576640,41.152323,37.891287,39.718760,37.379680,39.224195,36.224977,40.795824,37.710567,38.816796,37.281793,38.532545,38.018697,39.894361,80.741458,82.659150,122.048262,84.148665,126.069293,51.423644,43.544865,139.249748,118.440002,2.883000,279.700012,117.720001,2.151000,178.500000,2882521.607404,11.850891,13.739710,22.113663,84.675687,38.532251,148621735339602888000000000000000000.000000,274976772116136397000000000000000000.000000
06/22/2026 17:58:13,0.000000,0.000000,74.113700,74.926015,64.726278,79.381788,77.328963,78.215660,75.129630,74.978842,34.188647,33.532348,33.535457,35.035558,32.518889,32.544241,35.081004,36.101428,35.896581,38.506855,35.153910,38.468029,37.460784,37.725087,38.228923,37.923258,36.675730,37.154356,38.160219,37.000448,38.138050,75.335468,33.491389,34.284428,24.231952,23.621180,24.545717,32.703459,32.923995,32.052166,70.680973,32.455031,35.847763,24.016431,23.912997,24.068072,35.220460,35.478857,35.892784,37.191251,37.408500,29.288306,31.095111,37.490872,37.553638,31.185272,29.838431,38.305264,45.288071,36.219461,39.383208,37.229150,40.395883,38.807410,41.161445,35.773407,39.755251,36.912416,40.830943,34.145931,38.602104,34.574167,39.943516,35.564384,41.118561,37.886548,39.695077,37.358784,39.205111,36.205379,40.769198,37.690025,38.794410,37.257596,38.504412,38.004001,39.879700,79.741747,83.025186,122.768952,84.008287,127.109577,51.372430,43.572025,135.592295,118.480003,2.863000,277.100006,117.779999,2.133000,175.600006,2882581.605848,12.144330,13.707665,22.140098,82.928419,38.508694,148621735339602888000000000000000000.000000,274976772116136397000000000000000000.000000
06/22/2026 17:59:13,0.000000,0.000000,73.741525,74.910816,64.618103,79.380630,77.362766,78.196405,75.112448,74.967571,34.181979,33.495466,33.491912,35.031129,32.473524,32.557590,35.093158,36.247280,35.842533,38.507727,35.123309,38.426533,37.514276,37.706532,38.219389,37.818727,36.541266,37.170781,37.992873,37.042529,38.078423,75.542340,33.727253,34.257356,24.172443,23.624346,24.500098,32.642244,32.839232,31.964166,70.350138,32.539058,35.844417,23.962900,23.885881,24.043120,35.229446,35.465682,35.892977,37.215765,37.412675,29.322400,31.156802,37.493643,37.529005,31.089143,29.591598,38.330627,45.288253,36.234698,39.393975,37.245694,40.412955,38.794948,41.155180,35.784376,39.728564,36.918812,40.840389,34.122461,38.681172,34.558252,39.943692,35.553483,41.108220,37.906210,39.673257,37.350769,39.202408,36.194253,40.768768,37.689151,38.791543,37.272409,38.488299,37.995109,39.863777,81.199351,83.035239,121.870575,84.462013,126.259525,51.374503,43.393000,139.843995,118.330002,2.886000,279.899994,117.610001,2.152000,178.800003,2882641.603935,12.291679,13.878740,21.965677,84.956692,38.509723,148621735339602888000000000000000000.000000,274976772116136397000000000000000000.000000
06/22/2026 18:00:13,0.000000,0.000000,73.956882,74.860606,64.626719,79.372261,77.376281,78.182975,75.174167,74.944819,34.213982,33.474187,33.536825,35.027177,32.509147,32.568303,35.095766,36.165763,35.818659,38.524990,35.158822,38.494121,37.447124,37.872714,38.263941,38.030296,36.633370,37.028432,37.962005,36.852381,38.117231,75.053732,33.658795,34.396200,24.216264,23.628326,24.514816,32.703396,32.978167,32.172703,70.472765,32.590982,35.859204,23.999340,23.873962,24.046096,35.235496,35.481036,35.897064,37.252565,37.396488,29.370738,31.041561,37.507191,37.523988,31.209743,29.747321,38.337792,45.256408,36.242340,39.381301,37.255095,40.391125,38.818971,41.132050,35.801845,39.726494,36.897271,40.832160,34.143503,38.521554,34.551776,39.925684,35.545126,41.101658,37.877530,39.660511,37.344680,39.213977,36.199668,40.793087,37.674674,38.781431,37.250782,38.484806,37.985934,39.851537,79.785895,82.768737,122.727422,83.834265,127.042913,51.576074,43.421328,135.967950,118.360001,2.853000,276.200012,117.660004,2.125000,174.899994,2882701.601264,12.402896,13.865900,21.993304,83.109308,38.499359,148621735339602888000000000000000000.000000,274976772116136397000000000000000000.000000
06/22/2026 18:01:13,0.000000,0.000000,74.357690,74.886351,64.707510,79.381518,77.368290,78.215811,75.138493,74.956870,34.221799,33.603284,33.570413,35.007796,32.427874,32.508387,35.012430,36.259643,35.820702,38.474931,35.155546,38.409480,37.497646,37.697861,38.208758,37.899992,36.782700,36.974248,38.123014,37.024671,37.988653,75.451483,33.810201,34.375307,24.232604,23.719471,24.540103,32.641539,32.914553,32.196244,70.214491,32.526448,35.849282,24.038114,23.907368,24.133928,35.200554,35.491750,35.886586,37.226629,37.367574,29.193495,30.930868,37.499313,37.498871,31.145211,29.631094,38.315423,45.242102,36.236728,39.370860,37.216769,40.363552,38.805466,41.130025,35.797149,39.726555,36.905737,40.840144,34.106925,38.644095,34.545830,39.932906,35.526243,41.095334,37.892388,39.653735,37.336556,39.197932,36.177364,40.753127,37.672566,38.764055,37.241332,38.462567,37.983117,39.835505,80.990005,82.924117,121.906828,84.330513,126.168289,51.464124,43.635303,139.368921,117.860001,2.888000,279.899994,117.150002,2.151000,178.600006,2882761.599382,12.173655,13.647630,22.201652,84.732105,38.492403,148621735339602888000000000000000000.000000,274976772116136397000000000000000000.000000
06/22/2026 18:02:13,0.000000,0.000000,74.261422,74.902099,64.711905,79.354113,77.360619,78.184581,75.176560,74.951014,34.235376,33.539135,33.580447,35.010448,32.431424,32.505265,35.034138,36.059050,35.880760,38.537881,35.130980,38.452740,37.468463,37.731438,38.380077,37.730301,36.843942,37.048744,38.234059,36.933743,38.080896,75.223400,33.717749,34.080960,24.276911,23.674674,24.568288,32.360205,32.310377,29.751444,70.632650,32.382602,35.827141,24.063641,23.937823,24.116977,35.184657,35.462121,35.873586,37.204807,37.345475,29.247916,31.154573,37.493186,37.504237,31.189832,29.719227,38.287007,45.214163,36.231497,39.332132,37.193414,40.354176,38.770917,41.097775,35.768228,39.687504,36.887783,40.805549,34.102189,38.460156,34.510483,39.907577,35.527806,41.080432,37.882729,39.628226,37.339695,39.190037,36.184049,40.723812,37.677610,38.754406,37.248910,38.443643,37.965933,39.839075,79.740833,83.031843,122.804144,84.081391,127.179269,51.485791,43.281340,135.477008,118.459999,2.859000,276.799988,117.769997,2.131000,175.600006,2882821.596743,12.224276,13.970457,21.856684,82.872838,38.469897,148621735339602888000000000000000000.000000,274976772116136397000000000000000000.000000
06/22/2026 18:03:13,0.000000,0.000000,74.172833,74.926376,64.745883,79.356954,77.321763,78.186163,75.123303,74.950125,34.246902,33.579990,33.548007,35.000594,32.464687,32.503830,35.034033,36.184698,35.812976,38.534336,35.095499,38.350647,37.440072,37.587707,38.372467,37.761129,36.871205,37.010984,38.106696,36.850855,38.146020,75.511119,33.844511,34.264476,24.259541,23.723580,24.532125,32.616912,32.802791,31.888456,70.256604,32.532292,35.840259,24.016010,23.896903,24.117529,35.204265,35.466212,35.871905,37.211973,37.391284,29.239717,31.065282,37.477375,37.522462,31.150278,29.635042,38.302995,45.240822,36.217281,39.340464,37.205748,40.356166,38.778648,41.118685,35.770673,39.694900,36.855834,40.782560,34.071502,38.627853,34.505545,39.922169,35.498165,41.078254,37.840777,39.654258,37.309209,39.189175,36.142892,40.746330,37.637901,38.728831,37.223286,38.449847,37.930168,39.835569,81.052564,82.977085,121.959144,84.416963,126.125172,51.424111,43.515368,139.689523,118.589996,2.880000,279.799988,117.879997,2.151000,178.699997,2882881.594599,12.179534,13.755317,22.084942,84.883722,38.468550,148621735339602888000000000000000000.000000,274976772116136397000000000000000000.000000
06/22/2026 18:04:13,0.000000,0.000000,73.987807,74.902482,64.598976,79.366024,77.275669,78.184304,75.145080,74.953320,34.211531,33.548143,33.525487,34.994083,32.416785,32.510643,35.022632,36.177741,35.883540,38.529174,35.141743,38.581248,37.455241,37.686845,38.329320,37.835931,36.843151,37.125790,38.213838,37.089968,38.051374,75.088325,33.644094,34.297639,24.263984,23.678759,24.570580,32.562094,32.812015,31.903043,70.520355,32.478482,35.842631,24.060494,23.924825,24.140747,35.198884,35.473241,35.877962,37.208734,37.383483,29.201963,31.016422,37.484828,37.519748,31.132392,29.744590,38.289604,45.224563,36.216335,39.340403,37.201265,40.347748,38.771979,41.088713,35.757333,39.690031,36.886337,40.786942,34.092289,38.475917,34.525434,39.883379,35.512337,41.056208,37.873872,39.619829,37.322935,39.176403,36.140256,40.726478,37.665261,38.729230,37.230760,38.450246,37.943442,39.809144,79.738352,82.814237,122.752925,83.885935,127.120857,51.449037,43.617001,135.391838,118.620003,2.859000,276.700012,117.930000,2.129000,175.000000,2882941.592696,12.113785,13.658777,22.183854,82.831757,38.461156,148621735339602888000000000000000000.000000,274976772116136397000000000000000000.000000
06/22/2026 18:05:13,0.000000,0.000000,73.810585,74.895717,64.671666,79.371478,77.342219,78.197762,75.114405,74.965304,34.218805,33.554979,33.587850,35.037637,32.409769,32.519195,34.964025,36.165710,35.829673,38.534643,35.110881,38.428598,37.454016,37.705506,38.120795,37.633023,36.784860,37.107765,38.093810,36.929077,37.979665,75.475401,33.757646,34.037826,24.204200,23.685231,24.485301,32.358893,32.402045,30.924706,70.223274,32.560996,35.815012,23.997205,23.880336,24.094782,35.199918,35.445026,35.866120,37.169053,37.366528,29.152743,31.194060,37.467735,37.532714,31.112488,29.765219,38.265432,45.216130,36.192311,39.301036,37.183904,40.333946,38.745792,41.082404,35.723516,39.697791,36.845020,40.803496,34.067751,38.572035,34.496916,39.896682,35.512419,41.072069,37.834125,39.638363,37.306759,39.163352,36.124056,40.738654,37.645663,38.745136,37.217513,38.434369,37.926837,39.813293,81.030106,82.957651,121.948551,84.411152,126.193019,51.438054,43.568424,139.749758,118.430000,2.886000,280.299988,117.739998,2.154000,179.000000,2883001.590404,11.901232,13.678418,22.136594,84.912182,38.453226,148621735339602888000000000000000000.000000,274976772116136397000000000000000000.000000
06/22/2026 18:06:13,0.000000,0.000000,73.967479,74.892737,64.644276,79.363850,77.310140,78.191385,75.116517,74.947140,34.148406,33.522282,33.499625,34.967195,32.430292,32.524593,35.015577,36.217185,35.768719,38.510537,35.066720,38.462654,37.378923,37.652092,38.350113,37.602201,36.656469,37.091767,37.952817,36.969695,38.008428,75.344143,33.595136,34.213214,24.174622,23.613537,24.498696,32.674285,32.853037,31.638988,70.635485,32.515018,35.814509,23.980130,23.860572,24.042978,35.193399,35.418566,35.854144,37.190703,37.381499,29.146438,31.042941,37.466097,37.498366,31.114402,29.713477,38.257907,45.194502,36.184164,39.293803,37.167808,40.330327,38.726718,41.081869,35.726522,39.671092,36.823978,40.794442,34.044804,38.553632,34.489955,39.893339,35.497980,41.063125,37.822494,39.621027,37.283942,39.144999,36.124231,40.718240,37.632242,38.718512,37.216043,38.423629,37.916408,39.783054,79.860502,82.991395,122.624921,84.100875,127.036856,51.539931,43.489376,135.744986,118.559998,2.860000,277.000000,117.849998,2.131000,175.800003,2883061.587605,12.153589,13.754884,22.059625,83.001984,38.440026,148621735339602888000000000000000000.000000,274976772116136397000000000000000000.000000
06/22/2026 18:07:13,0.000000,0.000000,74.128768,74.898825,64.680798,79.375923,77.305392,78.198426,75.140995,74.956838,34.266225,33.554021,33.560684,35.017873,32.442432,32.518495,34.999149,36.185285,35.884085,38.526628,35.115245,38.444681,37.452878,37.696414,37.998089,38.004274,36.647340,37.095468,38.156615,36.888024,38.054737,75.339851,33.709213,34.287704,24.047160,23.440317,24.334119,32.651835,32.826590,31.998272,70.029332,32.495386,35.815478,23.820801,23.705704,23.870263,35.167808,35.422676,35.858570,37.186720,37.370973,29.173284,31.119224,37.505560,37.548435,31.081550,29.753159,38.258787,45.193417,36.185725,39.289624,37.172904,40.322470,38.738707,41.063458,35.735011,39.673431,36.810841,40.775647,34.035534,38.558098,34.464716,39.890374,35.471955,41.044715,37.813731,39.605230,37.284194,39.140839,36.083302,40.728650,37.622804,38.704021,37.184722,38.413990,37.915776,39.796529,80.929421,82.729653,122.039213,84.201762,126.348523,51.408025,43.257684,139.357101,118.570000,2.877000,279.399994,117.870003,2.146000,178.199997,2883121.585190,12.454131,13.981905,21.833573,84.726511,38.432640,148621735339602888000000000000000000.000000,274976772116136397000000000000000000.000000
06/22/2026 18:08:13,0.000000,0.000000,74.213737,74.890782,64.619632,79.371675,77.309980,78.197117,75.125573,74.949861,34.260385,33.567276,33.544621,34.993732,32.408426,32.513405,35.005425,36.190224,35.777263,38.478877,35.085026,38.485102,37.545508,37.651141,38.076786,37.671634,36.741635,36.971233,38.179629,36.832774,38.021292,75.635062,33.678694,33.787502,24.165792,23.574244,24.482260,31.649560,31.566695,28.768369,70.869635,32.431197,35.818362,23.974622,23.839390,24.044854,35.181957,35.453217,35.867742,37.154752,37.368103,29.251565,31.147079,37.488283,37.504196,31.123844,29.619703,38.228629,45.167214,36.166312,39.275578,37.146881,40.311849,38.731154,41.030842,35.711482,39.652826,36.826882,40.766957,34.064580,38.551224,34.475556,39.871362,35.491392,41.039452,37.859701,39.596430,37.285837,39.131891,36.094247,40.710574,37.629408,38.692122,37.204196,38.400321,37.917418,39.792437,80.128966,83.289969,122.914199,84.367352,127.320432,51.521980,43.394460,136.226213,118.599998,2.864000,277.200012,117.900002,2.135000,176.000000,2883181.583260,11.820401,13.851261,21.967101,83.233478,38.427492,148621735339602888000000000000000000.000000,274976772116136397000000000000000000.000000
06/22/2026 18:09:13,0.000000,0.000000,73.905299,74.886392,64.582260,79.355225,77.260630,78.198740,75.129060,74.943210,34.234217,33.557077,33.547749,34.989698,32.357223,32.421283,34.943576,36.174515,35.840625,38.459469,35.100562,38.407795,37.385001,37.622812,38.037702,37.619713,36.624176,36.916624,38.065914,36.772404,37.871307,74.708710,33.626061,33.820143,24.141053,23.529334,24.396657,32.210318,32.294412,31.027676,69.613505,32.453378,35.808414,23.892921,23.799776,23.988122,35.183417,35.442712,35.853592,37.156102,37.312636,29.201853,31.064884,37.437577,37.476036,31.115063,29.764200,38.237043,45.162075,36.163328,39.248348,37.130192,40.299740,38.709753,41.016543,35.712151,39.630702,36.797160,40.742222,34.027554,38.438027,34.443429,39.868804,35.461788,41.015707,37.823490,39.574847,37.275262,39.135457,36.078342,40.704921,37.632131,38.695232,37.180780,38.389744,37.891388,39.784539,80.578573,82.267424,121.934279,83.730118,126.144590,51.285355,43.461923,138.638014,118.699997,2.877000,279.000000,117.989998,2.147000,177.600006,2883241.580693,11.787268,13.775539,22.032875,84.385581,38.409023,148621735339602888000000000000000000.000000,274976772116136397000000000000000000.000000
06/22/2026 18:10:13,0.000000,0.000000,74.007117,74.929376,64.677086,79.358122,77.337256,78.194487,75.129943,74.968172,34.121710,33.530659,33.441364,34.992886,32.363535,32.487202,34.984958,36.152076,35.765112,38.454847,35.082176,38.430838,37.412494,37.640132,38.486962,37.892059,36.694016,36.865678,38.002231,36.826748,37.957133,75.888601,33.643057,34.013850,24.322119,23.712740,24.608561,32.355292,32.565250,30.961652,71.279400,32.497746,35.840055,24.070427,23.974162,24.164685,35.216381,35.423815,35.861650,37.186700,37.317690,29.311318,31.075325,37.492109,37.516420,31.098736,29.544004,38.219904,45.150825,36.178961,39.259952,37.143153,40.314830,38.727963,41.020618,35.726442,39.636366,36.802401,40.743916,34.043405,38.416703,34.450841,39.861006,35.476548,41.014966,37.812583,39.565727,37.270220,39.128662,36.106503,40.714926,37.628031,38.665798,37.188437,38.387675,37.907557,39.755270,80.282913,83.691436,122.639525,84.750696,127.139018,51.433646,43.499597,136.465693,118.660004,2.857000,277.000000,117.970001,2.132000,175.899994,2883301.579023,11.944269,13.770474,22.069581,83.348478,38.410673,148621735339602888000000000000000000.000000,274976772116136397000000000000000000.000000
06/22/2026 18:11:13,0.000000,0.000000,74.169994,74.874957,64.691275,79.346810,77.313280,78.175585,75.106734,74.941156,34.165445,33.565543,33.490468,34.977154,32.405140,32.458966,34.969782,36.188284,35.712186,38.493490,35.064675,38.464623,37.391505,37.720352,38.182621,37.716541,36.670454,36.875299,38.255646,36.859816,37.952352,74.445186,33.580062,34.193712,24.092543,23.509915,24.379938,32.547575,32.685444,31.557946,69.352477,32.433827,35.783976,23.891503,23.768800,23.939394,35.145812,35.425949,35.832201,37.134304,37.337321,29.283399,31.024258,37.476997,37.480534,31.076373,29.580355,38.196725,45.143079,36.134820,39.237593,37.143289,40.274790,38.695346,40.986774,35.691488,39.620489,36.794873,40.726299,34.010686,38.399175,34.446094,39.840852,35.440773,41.012158,37.804903,39.553655,37.260461,39.105249,36.063519,40.697209,37.611130,38.662982,37.178983,38.368963,37.884550,39.751271,80.316047,81.978162,122.022621,83.404001,125.975125,51.427102,43.335174,138.283409,118.690002,2.875000,278.899994,117.980003,2.143000,177.300003,2883361.576260,12.284460,13.874724,21.909252,84.217026,38.391273,148621735339602888000000000000000000.000000,274976772116136397000000000000000000.000000
06/22/2026 18:12:13,0.000000,0.000000,73.693670,74.879081,64.670648,79.363915,77.304729,78.180088,75.143521,74.945425,34.184064,33.582844,33.453127,34.968836,32.377665,32.457293,34.964337,36.076135,35.820695,38.423709,35.046916,38.463405,37.467647,37.802207,38.656694,37.536539,36.712248,37.066584,37.776112,36.964856,37.853524,76.600361,33.753864,34.085541,24.290904,23.783619,24.607337,32.291943,32.392933,30.685171,71.626255,32.612819,35.796612,24.107106,23.942337,24.207698,35.141941,35.410999,35.829948,37.168317,37.349048,29.206026,31.068608,37.458991,37.501427,30.982467,29.444303,38.195362,45.128306,36.151762,39.207715,37.117755,40.260081,38.677961,40.970758,35.687328,39.608117,36.774052,40.728914,34.004849,38.351864,34.422067,39.837005,35.433803,41.012775,37.788732,39.541046,37.252997,39.087656,36.049401,40.678682,37.596952,38.662718,37.158818,38.375322,37.872674,39.729284,81.191746,84.482075,122.692647,85.738476,127.260354,51.529455,43.626736,138.424603,118.639999,2.880000,279.399994,117.930000,2.149000,178.000000,2883421.574786,11.892219,13.603290,22.193322,84.284175,38.378825,148621735339602888000000000000000000.000000,274976772116136397000000000000000000.000000
06/22/2026 18:13:13,0.000000,0.000000,73.943291,74.863084,64.708334,79.357512,77.311791,78.187143,75.124362,74.949495,34.225430,33.502083,33.551392,34.954820,32.359155,32.446792,34.921360,36.085028,35.766739,38.451612,35.057645,38.421193,37.274180,37.765705,38.552114,37.650165,36.816677,36.883036,38.088031,36.920636,37.897514,73.999091,33.328104,33.999223,24.087866,23.440281,24.398538,32.309067,32.515924,31.135931,69.279226,32.310483,35.807537,23.824415,23.753657,23.880543,35.174882,35.397838,35.822544,37.124663,37.281695,29.276792,31.142873,37.430392,37.504656,31.137676,29.553688,38.166781,45.145188,36.128540,39.210165,37.095004,40.258959,38.668450,40.994283,35.677339,39.605536,36.777656,40.745707,33.993566,38.531819,34.432534,39.852500,35.432099,41.001455,37.776482,39.551310,37.247532,39.122349,36.047471,40.702002,37.591191,38.654896,37.159384,38.384276,37.856610,39.757337,78.476992,81.074745,122.097495,82.323349,126.127555,51.477542,43.087030,133.550806,118.610001,2.844000,274.799988,117.919998,2.112000,173.000000,2883481.572048,12.332585,14.140899,21.666638,81.939537,38.385614,148621735339602888000000000000000000.000000,274976772116136397000000000000000000.000000
06/22/2026 18:14:13,0.000000,0.000000,74.507416,74.882222,64.749509,79.369629,77.317618,78.214005,75.124205,74.966235,34.119614,33.466812,33.440600,34.952220,32.370338,32.497118,34.946060,36.036185,35.730239,38.477045,35.050820,38.381074,37.420138,37.783883,38.162969,37.852419,36.512363,36.964104,38.078874,36.950834,37.989429,77.010750,33.904675,34.425786,24.211351,23.695969,24.554212,32.703160,32.973042,32.337541,71.619903,32.629285,35.780468,24.015571,23.879448,24.129304,35.137901,35.413608,35.808813,37.161810,37.376262,29.183081,31.024740,37.443912,37.468225,30.998460,29.567512,38.175614,45.117736,36.121591,39.195303,37.103542,40.232124,38.673342,40.968794,35.662313,39.587002,36.757287,40.710030,33.987851,38.515541,34.390879,39.817992,35.406707,40.996716,37.763771,39.539508,37.223813,39.111920,36.029031,40.683388,37.569854,38.634695,37.149316,38.373782,37.847048,39.734573,83.179734,85.086658,122.403411,86.400756,127.029317,51.419183,43.651073,144.270568,118.290001,2.916000,283.799988,117.559998,2.178000,182.399994,2883541.569846,12.208801,13.563483,22.216985,87.025352,38.369369,148621735339602888000000000000000000.000000,274976772116136397000000000000000000.000000
06/22/2026 18:15:13,0.000000,0.000000,74.005444,74.917988,64.741669,79.379907,77.312335,78.194419,75.161261,74.953876,34.256527,33.575408,33.545646,34.941500,32.380938,32.429427,35.005500,36.181001,35.847387,38.483428,35.080285,38.480339,37.546485,37.829760,38.116172,37.782184,36.660137,37.234730,38.028486,36.872064,37.993646,74.174830,33.703307,33.592266,24.120591,23.524987,24.412007,31.138761,31.006860,28.107749,69.436915,32.306851,35.778784,23.877298,23.789974,23.948398,35.145417,35.408270,35.833340,37.108906,37.274219,29.231786,31.096126,37.412947,37.478372,31.108506,29.855283,38.152369,45.102674,36.108131,39.185864,37.085233,40.237043,38.663705,40.968427,35.653968,39.574489,36.751809,40.692691,33.987550,38.314788,34.397678,39.805801,35.418824,40.960783,37.784255,39.493368,37.237160,39.081120,36.014941,40.633549,37.570209,38.623375,37.145051,38.343030,37.848897,39.697185,78.383822,81.352995,122.154995,82.603981,126.206606,51.435475,43.411399,133.257407,118.690002,2.843000,274.799988,118.000000,2.113000,173.399994,2883601.567583,11.608644,13.795162,21.983622,81.796596,38.351132,148621735339602888000000000000000000.000000,274976772116136397000000000000000000.000000
06/22/2026 18:16:13,0.000000,0.000000,73.631202,74.861060,64.655829,79.343811,77.313222,78.174685,75.151648,74.933700,34.196057,33.629492,33.500671,34.965497,32.365863,32.431258,35.003554,36.129024,35.724576,38.447560,35.085056,38.407540,37.473160,37.682662,38.324451,37.531430,36.764339,37.086368,38.140461,36.932890,37.950508,76.936536,33.811825,33.548002,24.222476,23.690975,24.537138,31.833233,31.996272,30.601640,71.564612,32.557514,35.776460,24.038831,23.896890,24.143929,35.147064,35.397063,35.828086,37.131080,37.325840,29.120614,31.031848,37.416357,37.479571,31.054014,29.501294,38.136089,45.094684,36.104036,39.180021,37.073625,40.219328,38.626975,40.944126,35.641469,39.594689,36.766328,40.704057,33.986377,38.479197,34.403161,39.821036,35.399132,40.989328,37.774029,39.526375,37.242560,39.075919,36.036291,40.645240,37.580177,38.642293,37.139682,38.343409,37.859594,39.699923,83.219646,84.982433,122.489656,86.337030,127.095520,51.281055,43.787071,144.459853,118.470001,2.917000,284.200012,117.739998,2.179000,182.600006,2883661.565530,11.198920,13.427378,22.349082,87.112863,38.357638,148621735339602888000000000000000000.000000,274976772116136397000000000000000000.000000
06/22/2026 18:17:13,0.000000,0.000000,73.729835,74.865767,64.606713,79.362176,77.318994,78.205280,75.146805,74.951244,34.203168,33.565538,33.490907,34.993772,32.396010,32.436936,34.991285,36.064521,35.813625,38.444920,35.079744,38.452471,37.450511,37.725865,37.979652,37.825903,36.605392,37.073445,38.171280,36.889884,38.040721,74.350941,33.309071,33.947794,24.114892,23.590506,24.421975,32.393086,32.599476,31.653149,69.577500,32.439723,35.785393,23.900995,23.792177,24.009494,35.144729,35.389411,35.806788,37.104953,37.315303,29.223276,31.144215,37.436574,37.436574,31.030277,29.581974,38.143121,45.080300,36.089491,39.146563,37.069270,40.211624,38.649713,40.929827,35.662076,39.571242,36.720233,40.678441,33.973823,38.397837,34.380408,39.807577,35.403769,40.980329,37.790622,39.512510,37.234385,39.074381,36.024562,40.655519,37.564418,38.620908,37.133735,38.330406,37.838171,39.690451,78.612555,81.588975,122.356834,82.809034,126.368863,51.407592,43.516244,133.569751,118.639999,2.845000,274.899994,117.930000,2.117000,173.800003,2883721.562616,11.861999,13.699598,22.085795,81.948759,38.345524,148621735339602888000000000000000000.000000,274976772116136397000000000000000000.000000
06/22/2026 18:18:13,0.000000,0.000000,74.062302,74.832842,64.687988,79.343043,77.246734,78.176021,75.122765,74.935224,34.201315,33.515706,33.462396,34.922819,32.342177,32.424033,34.967440,36.095175,35.709444,38.443959,35.089864,38.337669,37.368281,37.773145,38.186913,37.796398,36.798615,37.056503,38.039077,36.813657,38.071111,76.745184,33.736334,33.982336,24.214219,23.641956,24.520827,32.305119,32.495964,30.880201,71.362234,32.600603,35.765941,23.999096,23.876853,24.105781,35.127021,35.394754,35.817590,37.127677,37.289697,29.233127,31.136233,37.422895,37.464891,31.020945,29.649925,38.139315,45.067769,36.089661,39.150261,37.074747,40.209660,38.621701,40.927864,35.636618,39.587645,36.735810,40.691740,33.972418,38.485626,34.371016,39.813918,35.391974,40.972174,37.776249,39.503899,37.233971,39.099114,35.992704,40.670124,37.551676,38.610081,37.138808,38.332380,37.840408,39.699296,82.952504,84.767597,122.292418,86.037883,126.998891,51.285195,43.514687,143.848604,118.650002,2.907000,282.899994,117.940002,2.176000,181.800003,2883781.561351,11.898057,13.681662,22.084279,86.829992,38.346288,148621735339602888000000000000000000.000000,274976772116136397000000000000000000.000000
06/22/2026 18:19:13,0.000000,0.000000,73.771378,74.816847,64.711993,79.363619,77.271152,78.193679,75.137616,74.934871,34.159132,33.492591,33.496145,34.922505,32.392133,32.461084,34.982765,36.157414,35.736897,38.457631,35.023342,38.420808,37.528878,37.758692,38.188044,37.657004,36.674221,36.982132,37.785417,36.885259,38.013463,74.642696,33.481592,34.168117,24.129190,23.585999,24.444326,32.588393,32.731146,31.133228,69.859331,32.300951,35.774826,23.878671,23.783733,23.981656,35.132239,35.367174,35.814143,37.113180,37.351179,29.252778,31.180818,37.416163,37.478051,31.005246,29.757485,38.118211,45.067890,36.093769,39.136267,37.066466,40.202286,38.627114,40.931940,35.640279,39.576610,36.705267,40.674115,33.933922,38.453086,34.352953,39.786226,35.373437,40.955572,37.750742,39.486384,37.175508,39.055786,35.974453,40.660448,37.545498,38.566502,37.100898,38.300709,37.815129,39.674957,78.731520,81.860214,122.346097,83.062606,126.500813,51.524418,43.348998,133.950911,118.860001,2.845000,275.200012,118.169998,2.118000,173.899994,2883841.559077,12.245372,13.852081,21.922745,82.134128,38.326747,148621735339602888000000000000000000.000000,274976772116136397000000000000000000.000000
06/22/2026 18:20:13,0.000000,0.000000,74.629537,74.824750,64.785836,79.346379,77.238281,78.172207,75.141116,74.922742,34.123535,33.485841,33.435195,34.924988,32.397737,32.453343,34.996939,36.005514,35.703142,38.413836,35.017492,38.369412,37.304125,37.678529,38.036528,37.884999,36.707313,37.057671,38.037151,37.019192,37.906578,76.065203,33.547364,34.307950,24.064187,23.494982,24.369046,32.713221,32.868401,32.066832,70.820246,32.446165,35.751871,23.850541,23.716637,23.919463,35.118098,35.380960,35.791866,37.151083,37.334459,29.202013,31.102920,37.417093,37.461741,30.968751,29.532614,38.138841,45.045469,36.088809,39.115445,37.052667,40.205778,38.615605,40.917823,35.626068,39.558903,36.702098,40.690775,33.963908,38.457737,34.366060,39.790779,35.385992,40.952734,37.770872,39.500738,37.209662,39.078391,35.980316,40.653433,37.548180,38.598529,37.118390,38.316851,37.822746,39.677266,82.141910,84.000531,122.025656,85.283968,126.749737,51.455925,43.319209,141.831403,118.720001,2.895000,281.600006,118.019997,2.161000,180.199997,2883901.556708,12.414284,13.858205,21.893666,85.890767,38.331696,148621735339602888000000000000000000.000000,274976772116136397000000000000000000.000000
06/22/2026 18:21:13,0.000000,0.000000,73.900580,74.818729,64.801547,79.354866,77.253952,78.177339,75.123093,74.931750,34.236977,33.562505,33.497647,34.922717,32.319384,32.426599,34.953782,36.099249,35.792439,38.448528,35.059869,38.277953,37.399568,37.609973,38.104408,37.674080,36.614666,37.035391,38.030360,36.809351,37.970348,75.030705,33.484436,34.203805,24.080825,23.508494,24.413431,32.349714,32.753570,32.196658,70.112871,32.426716,35.735063,23.858627,23.759210,23.961430,35.116203,35.369315,35.795949,37.114917,37.269490,29.357249,31.101609,37.410340,37.449243,31.043048,29.684326,38.104486,45.029697,36.080389,39.109263,37.028335,40.178766,38.601783,40.888194,35.624601,39.522277,36.698528,40.650678,33.931913,38.436076,34.361595,39.770200,35.373278,40.938350,37.742732,39.473541,37.192644,39.054794,35.961942,40.607448,37.550639,38.567329,37.114109,38.301536,37.794251,39.654128,79.298566,82.369874,122.598642,83.553532,126.806813,51.542895,43.380052,134.797915,118.660004,2.856000,276.399994,117.980003,2.127000,174.899994,2883961.553841,12.250758,13.782016,21.953047,82.544806,38.311450,148621735339602888000000000000000000.000000,274976772116136397000000000000000000.000000
06/22/2026 18:22:13,0.000000,0.000000,73.748244,74.807261,64.632592,79.344894,77.258279,78.169458,75.106577,74.929594,34.161168,33.532833,33.439984,34.923325,32.372491,32.429878,34.974390,36.120712,35.790758,38.423452,35.009856,38.340379,37.404152,37.584060,38.349722,37.728203,36.599528,36.982222,38.122143,36.745106,37.837472,75.772198,33.549847,33.997493,24.121130,23.571664,24.425974,32.241659,32.380471,31.150412,70.723239,32.392555,35.751337,23.893437,23.772527,23.989644,35.122858,35.368877,35.793749,37.124219,37.274679,29.224222,31.111295,37.418745,37.453226,30.983340,29.564834,38.097434,45.030175,36.074673,39.107980,37.043413,40.198940,38.599484,40.893385,35.616090,39.551509,36.693350,40.662698,33.946626,38.263928,34.343017,39.787602,35.362853,40.940609,37.754280,39.468308,37.175142,39.051451,35.964343,40.628042,37.546117,38.573126,37.103996,38.297620,37.806368,39.652550,81.641993,83.646553,122.084283,84.927147,126.604728,51.345675,43.457834,140.660397,118.610001,2.894000,281.000000,117.900002,2.160000,179.500000,2884021.551470,11.968603,13.722447,22.028890,85.341458,38.307837,148621735339602888000000000000000000.000000,274976772116136397000000000000000000.000000
06/22/2026 18:23:13,0.000000,0.000000,73.801749,74.791834,64.666155,79.357876,77.246437,78.185824,75.095247,74.933047,34.145309,33.555165,33.520960,34.907472,32.347244,32.383280,34.949399,36.058561,35.801953,38.385159,35.091560,38.370517,37.474994,37.616877,38.239607,37.652476,36.554026,37.173359,37.847446,36.746070,37.892682,74.836471,33.637779,34.104021,24.051051,23.514092,24.392617,32.426529,32.609784,31.687531,70.074762,32.437971,35.736921,23.866775,23.740487,23.929512,35.103221,35.361655,35.765261,37.110814,37.246584,29.282855,31.132888,37.388996,37.433203,31.051389,29.725225,38.107456,45.005618,36.082609,39.082359,37.029668,40.169424,38.603458,40.852010,35.617864,39.522691,36.688767,40.645368,33.935236,38.343125,34.348497,39.748466,35.357186,40.923709,37.745709,39.453140,37.179503,39.031096,35.963840,40.622788,37.545263,38.554410,37.097187,38.284197,37.788633,39.641909,78.601991,82.081633,122.603783,83.276025,126.903493,51.397586,43.275499,132.998820,118.540001,2.836000,274.399994,117.849998,2.110000,173.100006,2884081.549914,12.253043,13.885943,21.850978,81.670443,38.299040,148621735339602888000000000000000000.000000,274976772116136397000000000000000000.000000
06/22/2026 18:24:13,0.000000,0.000000,74.421728,74.784741,64.657693,79.338701,77.278612,78.179248,75.090339,74.932784,34.141910,33.480685,33.394050,34.892688,32.343981,32.368449,34.935629,36.173221,35.724581,38.419750,35.031412,38.403484,37.242297,37.644572,38.496567,37.456646,36.683144,36.953454,37.910530,36.812780,37.982232,75.923123,33.613215,34.186893,24.129357,23.596020,24.420324,32.616846,32.766264,31.542241,70.756934,32.449216,35.728783,23.890342,23.760922,23.985103,35.085553,35.355073,35.757035,37.106140,37.278255,29.284919,31.120692,37.389062,37.410724,30.900388,29.160379,38.095279,45.001521,36.055441,39.072938,37.013147,40.182214,38.564626,40.863908,35.602370,39.514600,36.673567,40.642572,33.928499,38.406631,34.337325,39.745014,35.348396,40.894441,37.732234,39.449836,37.191978,39.015305,35.935145,40.589146,37.527405,38.550661,37.100065,38.250859,37.771934,39.635389,81.779071,83.747605,122.173085,85.049054,126.666914,51.328718,43.490447,141.202667,118.639999,2.883000,280.600006,117.940002,2.155000,179.500000,2884141.547628,12.126225,13.668115,22.060668,85.596209,38.289748,148621735339602888000000000000000000.000000,274976772116136397000000000000000000.000000
06/22/2026 18:25:13,0.000000,0.000000,73.837373,74.797419,64.628191,79.361735,77.285693,78.199788,75.096936,74.950789,34.209496,33.601188,33.503016,34.921516,32.310171,32.340869,34.926699,36.131540,35.678181,38.437086,35.012463,38.436600,37.384666,37.682581,38.302231,37.456144,36.819306,37.056400,37.947088,36.821960,38.021137,74.904390,33.597255,33.827314,24.175410,23.648366,24.480687,32.015518,32.300760,30.959615,70.097022,32.411010,35.742413,23.974868,23.837845,24.059018,35.102882,35.339155,35.781479,37.079684,37.190602,29.281693,31.080929,37.399268,37.443475,31.035006,29.700081,38.071947,44.986894,36.042864,39.075409,36.996605,40.157747,38.554677,40.840782,35.575104,39.484135,36.673084,40.617874,33.901878,38.208380,34.332464,39.717317,35.336060,40.898162,37.742597,39.418727,37.178525,39.004531,35.926543,40.583275,37.513113,38.537617,37.086113,38.242668,37.784562,39.615805,79.270857,82.285318,122.593478,83.512737,126.908636,51.445773,43.244249,134.530423,118.660004,2.852000,275.899994,117.980003,2.124000,174.699997,2884201.544672,12.006870,13.921969,21.820444,82.415295,38.270182,148621735339602888000000000000000000.000000,274976772116136397000000000000000000.000000
06/22/2026 18:26:13,0.000000,0.000000,74.195651,74.790326,64.659497,79.347424,77.242278,78.171991,75.066902,74.917370,34.135917,33.523555,33.413377,34.903003,32.308059,32.353884,34.900144,36.090412,35.677842,38.390829,34.992170,38.326768,37.255234,37.569994,38.007249,37.676309,36.630086,36.911915,38.014389,36.904395,37.852215,75.766022,33.545568,34.039389,24.121803,23.587119,24.393973,32.448685,32.583458,31.526616,70.686451,32.458101,35.730186,23.912359,23.763236,24.000008,35.086568,35.367612,35.788009,37.117161,37.273024,29.197129,31.089574,37.408642,37.423672,30.942407,29.367292,38.074925,44.961351,36.048035,39.050561,36.998673,40.138268,38.577538,40.814276,35.606026,39.471203,36.644619,40.601437,33.900847,38.342485,34.315457,39.728235,35.320445,40.886778,37.707305,39.423197,37.178931,39.013318,35.925621,40.584561,37.508657,38.509865,37.084404,38.241404,37.753152,39.602101,81.641812,83.593132,122.029096,84.933338,126.609045,51.296495,43.391539,140.747186,118.709999,2.889000,280.799988,117.980003,2.156000,179.399994,2884261.542175,12.075137,13.765934,21.964252,85.382274,38.267122,148621735339602888000000000000000000.000000,274976772116136397000000000000000000.000000
06/22/2026 18:27:13,0.000000,0.000000,74.208327,74.802992,64.811703,79.365117,77.247797,78.209066,75.072972,74.935270,34.160304,33.480880,33.482213,34.924028,32.316251,32.368303,34.927223,36.019588,35.819132,38.444669,35.061757,38.347262,37.350918,37.706298,38.146416,37.650705,36.599561,36.916790,38.056805,37.040639,37.810290,74.929210,33.619800,33.915125,24.096310,23.497109,24.380123,32.244759,32.404034,30.754676,69.997689,32.522309,35.755989,23.884706,23.778125,23.945962,35.084927,35.343810,35.765951,37.099120,37.227589,29.254775,31.181476,37.387111,37.432203,31.003145,29.469511,38.041887,44.994137,36.045317,39.046970,36.994189,40.127527,38.572516,40.833039,35.596111,39.472035,36.636603,40.607551,33.879575,38.351799,34.290645,39.731357,35.304081,40.871418,37.702491,39.401636,37.130205,38.980147,35.881691,40.602260,37.482222,38.506380,37.058799,38.235709,37.735395,39.605107,79.272847,82.225053,122.587117,83.471127,126.740228,51.427747,43.290782,134.812488,118.699997,2.859000,276.600006,118.010002,2.128000,174.899994,2884321.540716,12.049218,13.890082,21.865907,82.551857,38.257293,148621735339602888000000000000000000.000000,274976772116136397000000000000000000.000000
06/22/2026 18:28:13,0.000000,0.000000,74.043646,74.787585,64.766184,79.338584,77.254060,78.204380,75.084788,74.937793,34.187471,33.486746,33.464089,34.903247,32.278495,32.321207,34.866280,36.127448,35.795745,38.366166,35.050320,38.376466,37.392095,37.611783,38.152854,37.597040,36.631488,37.151710,38.177010,36.889872,37.860299,76.083872,33.539925,34.134519,24.129191,23.615562,24.461335,32.303697,32.702240,31.883498,70.869335,32.498052,35.713297,23.939171,23.829012,24.057493,35.080977,35.336759,35.767309,37.089420,37.244671,29.216253,31.093530,37.385826,37.423845,30.949265,29.433864,38.044567,44.963285,36.028734,39.035303,36.972318,40.111050,38.553799,40.817457,35.573337,39.469123,36.625274,40.599800,33.878186,38.334521,34.279937,39.727728,35.301762,40.869233,37.695436,39.398565,37.116597,39.004956,35.882236,40.582804,37.485677,38.509927,37.038028,38.226009,37.744776,39.595508,81.868975,83.849034,122.065559,85.157609,126.615098,51.421286,43.531625,141.415916,118.739998,2.893000,281.200012,118.040001,2.165000,180.000000,2884381.537935,12.033747,13.612525,22.100772,85.696212,38.248864,148621735339602888000000000000000000.000000,274976772116136397000000000000000000.000000
06/22/2026 18:29:13,0.000000,0.000000,73.753435,74.782447,64.659220,79.378758,77.241672,78.209681,75.094990,74.945040,34.137823,33.512134,33.492143,34.949735,32.284203,32.374963,34.896703,36.129042,35.767017,38.389192,35.076545,38.420545,37.335873,37.577234,38.066105,37.815612,36.513732,36.969896,38.116019,36.792948,37.840950,74.785734,33.433396,33.844696,23.981275,23.449658,24.336291,31.832726,31.893309,29.949414,69.951117,32.433966,35.720638,23.814937,23.715516,23.889699,35.093063,35.351944,35.738207,37.072306,37.241385,29.241038,31.098685,37.389919,37.421749,31.094652,29.560204,38.050002,44.937304,36.024606,39.011777,36.982791,40.093537,38.545523,40.772665,35.571676,39.443544,36.609340,40.572496,33.887384,38.333070,34.278035,39.721231,35.294342,40.858825,37.692942,39.382405,37.132197,38.971104,35.889887,40.556723,37.483807,38.480064,37.056319,38.208501,37.728548,39.577113,78.901015,81.984422,122.456408,83.191062,126.535504,51.414497,43.192459,133.824613,118.629997,2.848000,275.500000,117.940002,2.121000,174.100006,2884441.535730,12.074883,13.950825,21.769813,82.072745,38.238259,148621735339602888000000000000000000.000000,274976772116136397000000000000000000.000000
06/22/2026 18:30:13,0.000000,0.000000,74.351163,74.769980,64.769746,79.358262,77.268309,78.172323,75.101606,74.941520,34.118371,33.480673,33.377154,34.897571,32.333308,32.372013,34.905673,35.982124,35.795890,38.352623,35.050908,38.382736,37.358584,37.715728,38.124952,37.890383,36.693069,36.977972,37.820587,36.828455,37.784914,76.449715,33.644483,33.979758,24.128914,23.612598,24.444498,32.438567,32.457250,30.323058,70.979018,32.471550,35.714647,23.942773,23.802611,24.031745,35.070110,35.340966,35.759450,37.092630,37.265915,29.242589,31.116721,37.382064,37.399747,30.739581,29.049960,38.030987,44.942930,36.033394,38.981266,36.959722,40.088404,38.523163,40.779863,35.565185,39.480328,36.620588,40.592056,33.860889,38.331450,34.284840,39.723585,35.282526,40.875619,37.672680,39.405403,37.133524,39.000665,35.861097,40.571001,37.476038,38.487636,37.046656,38.244340,37.748433,39.582844,81.813358,84.641415,122.191829,85.897289,126.775639,51.368145,43.575530,144.378407,118.790001,2.920000,285.299988,118.080002,2.187000,183.699997,2884501.533773,11.836249,13.571138,22.143509,87.075218,38.239570,148621735339602888000000000000000000.000000,274976772116136397000000000000000000.000000
06/22/2026 18:31:13,0.000000,0.000000,74.445422,74.827437,64.751786,79.364509,77.264039,78.182787,75.063129,74.954995,34.152298,33.494635,33.475088,34.866563,32.276840,32.343576,34.887070,36.081343,35.709253,38.369150,35.007203,38.344798,37.399735,37.695435,38.272043,37.642509,36.561433,36.898583,37.766911,36.922028,37.863522,74.441779,33.291251,33.730605,24.012597,23.457253,24.338061,31.814192,32.053803,30.438176,69.633253,32.360606,35.688004,23.818223,23.717458,23.862736,35.078338,35.307527,35.755803,37.051839,37.179186,29.256353,31.057394,37.372583,37.454368,30.974241,29.721056,38.033535,44.921307,36.014189,38.986839,36.948058,40.098375,38.491655,40.776178,35.542866,39.460759,36.615994,40.577797,33.889842,38.331982,34.274279,39.695327,35.286026,40.853116,37.699142,39.356399,37.149529,38.960599,35.882443,40.558535,37.503749,38.464624,37.047044,38.193498,37.744541,39.547216,78.424561,81.520121,122.379961,82.759541,126.574128,51.427475,43.148652,132.711574,118.660004,2.841000,274.600006,117.980003,2.115000,173.199997,2884561.531302,12.003645,13.961044,21.726960,81.530119,38.230181,148621735339602888000000000000000000.000000,274976772116136397000000000000000000.000000
06/22/2026 18:32:13,0.000000,0.000000,74.086997,74.764143,64.650530,79.352544,77.272688,78.167439,75.107741,74.926534,34.117953,33.459818,33.445601,34.885096,32.275411,32.311004,34.848987,36.137192,35.747630,38.343817,35.056255,38.355302,37.389031,37.762511,38.188631,37.736695,36.605611,37.046243,37.827371,36.802067,37.721289,76.358212,33.556097,33.731098,24.167737,23.590524,24.427364,31.885178,31.866023,29.250978,71.220442,32.524450,35.709781,23.936960,23.793662,24.019522,35.065988,35.325321,35.739043,37.059873,37.195174,29.309497,31.073951,37.355848,37.375301,30.907462,29.376419,38.000035,44.902885,35.999990,38.987694,36.916625,40.085163,38.504464,40.751091,35.524261,39.452761,36.596020,40.580819,33.850832,38.176157,34.253041,39.696813,35.257378,40.848812,37.680238,39.376784,37.103524,38.980442,35.835036,40.545020,37.443768,38.471345,37.026356,38.205963,37.705199,39.547204,82.549815,84.488110,122.349646,85.733244,126.896306,51.462312,43.393000,143.165463,118.650002,2.902000,282.500000,117.949997,2.167000,181.100006,2884621.528975,11.765421,13.744104,21.965677,86.512902,38.210191,148621735339602888000000000000000000.000000,274976772116136397000000000000000000.000000
06/22/2026 18:33:13,0.000000,0.000000,73.964188,74.766928,64.800007,79.344633,77.299724,78.188134,75.102053,74.946191,34.156662,33.505667,33.454578,34.904216,32.287030,32.359104,34.938643,36.061547,35.764112,38.416321,35.045704,38.461762,37.400134,37.683018,38.236845,37.726606,36.902918,37.000231,38.313245,36.832137,37.850272,74.328921,33.193491,33.816764,23.996729,23.439137,24.278329,32.146827,32.223364,30.974789,69.668683,32.345190,35.683316,23.806320,23.684952,23.852912,35.061073,35.331932,35.727961,37.085076,37.195733,29.298911,31.142691,37.377032,37.400463,30.935944,29.505742,38.020791,44.915755,36.001932,38.962714,36.945990,40.047799,38.501463,40.752500,35.541189,39.462546,36.588139,40.565931,33.847495,38.224952,34.230177,39.693867,35.253529,40.838969,37.663285,39.372656,37.113368,38.959818,35.835150,40.552689,37.463844,38.479575,37.016466,38.206245,37.712383,39.570685,78.398152,81.492757,122.537635,82.657719,126.680886,51.441278,42.886392,132.926604,118.730003,2.836000,274.200012,118.019997,2.113000,173.000000,2884681.526670,12.346866,14.213418,21.469898,81.635184,38.211397,148621735339602888000000000000000000.000000,274976772116136397000000000000000000.000000
06/22/2026 18:34:13,0.000000,0.000000,74.096134,74.791441,64.744432,79.338266,77.252056,78.183441,75.081134,74.937096,34.106212,33.477389,33.429408,34.888150,32.286039,32.332754,34.871548,36.223473,35.681866,38.408527,35.013047,38.345096,37.394728,37.632536,38.289706,37.537317,36.701225,36.981702,37.964368,36.760956,37.826336,76.374123,33.545315,34.003619,24.118876,23.542085,24.387018,32.231054,32.481524,30.490020,71.108502,32.548552,35.725213,23.895689,23.747012,23.966918,35.062669,35.310922,35.736322,37.028409,37.214557,29.184539,31.073431,37.346349,37.378180,30.916158,29.423629,37.983186,44.895796,35.967136,38.953197,36.905484,40.074493,38.481853,40.752757,35.515303,39.428582,36.583261,40.550949,33.834853,38.258750,34.257042,39.687802,35.263832,40.816514,37.666374,39.340899,37.113891,38.960781,35.837889,40.531693,37.453819,38.430563,37.025749,38.175767,37.712906,39.533730,82.549162,84.382299,122.335923,85.648614,126.854909,51.458028,43.441772,143.010020,118.540001,2.904000,282.399994,117.830002,2.172000,181.100006,2884741.524405,11.990384,13.711978,22.013235,86.440611,38.199828,148621735339602888000000000000000000.000000,274976772116136397000000000000000000.000000
06/22/2026 18:35:13,0.000000,0.000000,73.973095,74.787235,64.841931,79.367592,77.298725,78.206915,75.073633,74.955785,34.173633,33.527538,33.494220,34.909633,32.277782,32.332507,34.937454,36.017848,35.679157,38.381543,35.074627,38.328512,37.393156,37.763541,38.281147,37.986988,36.596832,36.941930,37.957337,36.733119,37.850144,74.192667,33.272909,34.043523,24.008326,23.475827,24.312753,32.280763,32.557014,30.793859,69.493775,32.373912,35.692962,23.804426,23.688432,23.899846,35.049018,35.315448,35.735448,37.063360,37.231007,29.182399,30.987963,37.359706,37.373411,31.037017,29.514171,37.985849,44.882569,35.987420,38.928841,36.911589,40.038170,38.509032,40.720426,35.523086,39.430713,36.562387,40.551316,33.837395,38.247146,34.229402,39.666663,35.240802,40.816177,37.653219,39.343648,37.087737,38.951455,35.834727,40.538223,37.437829,38.446119,37.019661,38.170129,37.696494,39.526174,78.123814,81.178353,122.242928,82.423513,126.394455,51.550173,43.216699,132.336243,118.610001,2.832000,273.299988,117.919998,2.107000,172.300003,2884801.521897,12.250008,13.899447,21.793515,81.346461,38.192480,148621735339602888000000000000000000.000000,274976772116136397000000000000000000.000000
06/22/2026 18:36:13,0.000000,0.000000,74.045066,74.822803,64.787714,79.368438,77.347175,78.202292,75.099328,74.959940,34.094595,33.431998,33.393344,34.918992,32.288063,32.369034,34.901195,36.116259,35.647676,38.413750,35.045339,38.246422,37.394529,37.811751,37.942031,37.809484,36.549777,36.952400,38.149341,36.880739,37.799908,76.439567,33.648451,34.048098,24.130086,23.594510,24.426423,32.434993,32.579108,31.300822,71.153906,32.474716,35.686977,23.898239,23.775985,24.004064,35.066642,35.313564,35.740908,37.078983,37.228129,29.177266,31.035418,37.369321,37.381258,30.979866,29.261000,37.956835,44.874894,35.984531,38.931699,36.922858,40.049817,38.491123,40.724579,35.522834,39.418564,36.551523,40.527734,33.821971,38.172185,34.251268,39.668215,35.228178,40.818731,37.637663,39.347971,37.112492,38.966004,35.811682,40.518396,37.446218,38.427930,37.020016,38.163416,37.679690,39.511171,82.695626,84.450319,122.256538,85.736085,126.989095,51.413132,43.437099,143.216630,118.559998,2.902000,282.700012,117.860001,2.169000,181.100006,2884861.519165,12.039418,13.678297,22.008680,86.536687,38.185340,148621735339602888000000000000000000.000000,274976772116136397000000000000000000.000000
06/22/2026 18:37:13,0.000000,0.000000,74.217637,74.840603,64.702257,79.373420,77.324367,78.194656,75.137363,74.948559,34.197524,33.531015,33.484370,34.890913,32.270124,32.337751,34.889051,36.118745,35.745532,38.359830,35.057259,38.374783,37.343104,37.709977,38.010335,37.719169,36.785730,37.058217,38.363630,36.904733,37.740296,74.188608,33.298860,33.775958,23.949551,23.387007,24.230268,31.953505,32.065702,30.472825,69.538989,32.327354,35.679406,23.738326,23.631731,23.771056,35.036783,35.311196,35.706450,37.036621,37.178564,29.383727,31.136085,37.359443,37.367401,30.975702,29.399355,37.967092,44.859166,35.969957,38.902617,36.903436,40.023945,38.473589,40.700049,35.494157,39.425926,36.533685,40.545655,33.813422,38.276299,34.201891,39.658480,35.220606,40.811983,37.643705,39.339887,37.077830,38.941570,35.788038,40.529684,37.440751,38.437498,36.995986,38.167688,37.687036,39.535256,78.316377,81.368141,122.277219,82.599672,126.400720,51.419706,43.113801,132.579285,118.650002,2.841000,274.600006,117.949997,2.112000,172.899994,2884921.516736,12.083108,13.986556,21.692850,81.465426,38.178896,148621735339602888000000000000000000.000000,274976772116136397000000000000000000.000000
06/22/2026 18:38:13,0.000000,0.000000,74.193336,74.792237,64.714025,79.336872,77.300791,78.177417,75.129094,74.929305,34.091024,33.480404,33.391992,34.860934,32.263183,32.361508,34.903441,36.052522,35.719428,38.371785,35.013396,38.298126,37.291994,37.600552,37.835581,37.745439,36.411258,37.040432,37.743355,36.815721,37.792352,76.092825,33.550241,34.129735,23.944871,23.370228,24.230961,32.390688,32.659786,32.024925,70.968261,32.452714,35.652456,23.739745,23.621505,23.775518,35.015040,35.306746,35.695975,37.061547,37.214015,29.274980,31.142399,37.352353,37.374458,30.874080,29.162239,37.951346,44.833390,35.957625,38.884593,36.890675,40.007105,38.479675,40.673978,35.499822,39.402948,36.573910,40.516544,33.812627,38.118283,34.223732,39.650963,35.228119,40.810158,37.652921,39.315125,37.098223,38.942502,35.819538,40.524223,37.445436,38.421097,37.002998,38.155256,37.689737,39.508409,82.279298,84.163770,122.247418,85.416414,126.819239,51.375695,43.057046,142.288180,118.680000,2.897000,281.600006,117.989998,2.168000,180.600006,2884981.515000,12.492466,14.015187,21.637269,86.104220,38.169699,148621735339602888000000000000000000.000000,274976772116136397000000000000000000.000000
06/22/2026 18:39:13,0.000000,0.000000,74.280360,74.807378,64.719086,79.349973,77.324876,78.166968,75.112166,74.951659,34.154929,33.494604,33.454176,34.891764,32.292334,32.333711,34.894956,36.067076,35.716310,38.311715,35.016483,38.394175,37.359868,37.635254,38.098377,37.536337,36.559778,36.917720,37.968500,36.825263,37.785584,74.478809,33.356841,33.731764,23.931435,23.382322,24.257370,31.495543,31.534750,29.721636,69.716588,32.320144,35.677526,23.742248,23.622216,23.768869,35.023976,35.276674,35.699505,37.055783,37.231519,29.356859,31.208608,37.355074,37.391326,30.903116,29.477989,37.947797,44.834091,35.935746,38.876474,36.871919,40.010193,38.440826,40.665175,35.487861,39.381299,36.526959,40.510778,33.790344,38.245400,34.196578,39.653878,35.181401,40.788902,37.628047,39.313236,37.049387,38.927314,35.766638,40.485161,37.412413,38.395363,36.985180,38.135697,37.651544,39.498964,78.334760,81.609147,122.563526,82.790103,126.513526,51.487004,42.970794,132.695220,118.650002,2.839000,274.100006,117.940002,2.110000,172.699997,2885041.512372,12.179041,14.124803,21.552723,81.522124,38.153152,148621735339602888000000000000000000.000000,274976772116136397000000000000000000.000000
06/22/2026 18:40:13,0.000000,0.000000,74.393957,74.836835,64.784812,79.335645,77.320202,78.190496,75.102342,74.943523,34.128190,33.507381,33.442963,34.885449,32.261527,32.306464,34.839864,36.135168,35.609431,38.320441,35.013717,38.330043,37.274431,37.655035,38.119479,37.305475,36.640264,36.890683,37.805416,36.730530,37.752336,75.994290,33.507790,33.877758,24.010453,23.438981,24.307717,32.177634,32.420558,31.128627,70.799486,32.342555,35.651728,23.755132,23.669589,23.860466,35.027762,35.255192,35.725974,37.016750,37.207097,29.165864,31.111812,37.316404,37.387584,30.866812,29.365938,37.924713,44.826119,35.917499,38.885653,36.835113,40.007158,38.427630,40.679314,35.460436,39.371355,36.519192,40.502169,33.799416,38.218209,34.186560,39.647014,35.180260,40.783372,37.643266,39.302844,37.066145,38.915352,35.768804,40.493204,37.426234,38.392907,36.983604,38.147816,37.647519,39.479514,82.012239,83.895660,122.315336,85.183121,126.629099,51.436979,43.251551,141.772788,118.559998,2.896000,281.299988,117.849998,2.161000,180.000000,2885101.510071,12.050178,13.824148,21.827580,85.863343,38.147946,148621735339602888000000000000000000.000000,274976772116136397000000000000000000.000000
06/22/2026 18:41:13,0.000000,0.000000,74.125188,74.847087,64.765259,79.352055,77.311376,78.199353,75.121776,74.954512,34.136966,33.526381,33.451747,34.886017,32.329725,32.389339,34.874101,36.096290,35.720090,38.349925,35.004747,38.355336,37.320096,37.721007,38.251621,37.722390,36.584017,37.017142,38.182630,36.904349,37.770950,74.157476,33.231034,34.194791,23.824118,23.275847,24.155904,32.522184,32.718757,32.008728,69.453999,32.359874,35.630748,23.635392,23.515797,23.696133,34.994530,35.278709,35.687270,37.044895,37.229935,29.413685,31.218597,37.351356,37.360640,30.861934,29.483066,37.951943,44.822823,35.950041,38.860269,36.872926,39.992693,38.432122,40.659577,35.486658,39.373358,36.537135,40.494921,33.790693,38.188335,34.185387,39.627621,35.192678,40.766460,37.640431,39.307071,37.049993,38.901001,35.756169,40.475376,37.398612,38.383451,36.972805,38.138799,37.657453,39.476198,78.130403,81.276601,122.454917,82.518986,126.580672,51.419398,42.971184,131.940996,118.629997,2.836000,274.000000,117.930000,2.110000,172.500000,2885161.508081,12.641686,14.077643,21.553105,81.152685,38.144767,148621735339602888000000000000000000.000000,274976772116136397000000000000000000.000000
06/22/2026 18:42:13,0.000000,0.000000,73.789966,74.876814,64.687168,79.362676,77.268522,78.196523,75.102204,74.941695,34.102152,33.491096,33.398242,34.862056,32.278992,32.333271,34.876301,36.162248,35.681800,38.393008,35.028057,38.326622,37.326273,37.632166,38.083330,37.887188,36.757634,37.151750,38.042775,36.843462,37.730514,76.690418,33.570700,34.120883,23.993317,23.463498,24.325500,32.411695,32.588727,31.418283,71.263919,32.495304,35.641328,23.805078,23.675648,23.928310,35.017345,35.268714,35.698296,37.041307,37.230766,29.167883,31.068377,37.319723,37.348461,30.789048,29.146288,37.916550,44.809716,35.917744,38.858979,36.834473,39.979097,38.409669,40.664045,35.447283,39.368517,36.498641,40.484803,33.767204,38.217089,34.187654,39.628541,35.177644,40.755812,37.592616,39.283172,37.041643,38.905026,35.737617,40.474065,37.403043,38.373213,36.967414,38.107356,37.630105,39.464345,82.853771,84.633010,122.500179,85.937117,127.083926,51.409204,43.487818,143.655919,118.629997,2.906000,282.899994,117.919998,2.172000,181.500000,2885221.505735,12.062776,13.583221,22.058107,86.740656,38.130103,148621735339602888000000000000000000.000000,274976772116136397000000000000000000.000000
06/22/2026 18:43:13,0.000000,0.000000,74.191700,74.876367,64.819687,79.352802,77.323077,78.197155,75.091827,74.939342,34.165947,33.562048,33.474977,34.868530,32.251227,32.328643,34.805419,36.117606,35.762747,38.348287,35.017734,38.410339,37.261542,37.597957,38.189853,37.409078,36.833137,36.900821,37.792124,36.810574,37.824365,73.890163,33.257647,33.990096,23.959168,23.380053,24.240330,32.005111,32.292137,30.563244,69.265281,32.264748,35.654205,23.703446,23.608941,23.786341,35.005803,35.265155,35.684867,36.994286,37.228584,29.264253,31.071525,37.317057,37.357732,30.893317,29.213500,37.889462,44.805316,35.925253,38.826304,36.832241,39.969413,38.398641,40.633234,35.448623,39.354058,36.514226,40.485778,33.783989,38.184318,34.168921,39.609834,35.170359,40.745401,37.618847,39.274065,37.037378,38.892828,35.736446,40.481163,37.408842,38.389264,36.962261,38.120320,37.627169,39.463621,77.928569,80.980150,122.233486,82.212544,126.364253,51.444715,43.226240,131.883028,118.620003,2.833000,273.399994,117.940002,2.106000,172.100006,2885281.503531,12.187254,13.851363,21.802842,81.124233,38.125253,148621735339602888000000000000000000.000000,274976772116136397000000000000000000.000000
06/22/2026 18:44:13,0.000000,0.000000,74.056610,74.868980,64.901134,79.353933,77.325897,78.178089,75.093805,74.927381,34.051114,33.438687,33.385371,34.838255,32.239541,32.306725,34.851461,36.011688,35.609596,38.297644,34.994816,38.317938,37.300777,37.805100,37.936223,37.661825,36.434413,36.899912,37.958667,36.764096,37.759849,76.666551,33.699237,33.981657,24.046389,23.547503,24.358862,32.149937,32.448921,31.346853,71.319793,32.441792,35.668840,23.870055,23.709282,23.974648,35.008693,35.295083,35.695872,37.024735,37.210911,29.273633,31.020294,37.360172,37.346024,30.800407,29.213429,37.907064,44.797391,35.929199,38.832000,36.855204,39.958139,38.433706,40.639582,35.484260,39.334233,36.490347,40.465980,33.769457,38.183998,34.171707,39.600616,35.174390,40.746786,37.606095,39.267514,37.033114,38.880631,35.716226,40.455736,37.387296,38.350913,36.960557,38.088583,37.645006,39.429825,82.926477,84.699579,122.631670,85.978958,127.194035,51.501456,43.473313,143.813144,118.690002,2.909000,283.500000,117.970001,2.175000,181.899994,2885341.500725,11.937682,13.624865,22.043975,86.813557,38.119852,148621735339602888000000000000000000.000000,274976772116136397000000000000000000.000000
06/22/2026 18:45:13,0.000000,0.000000,74.871448,74.924255,64.834803,79.361842,77.373842,78.176750,75.101265,74.953006,34.150313,33.508197,33.446445,34.854737,32.268090,32.299680,34.811342,36.193476,35.638601,38.292550,35.032711,38.303438,37.325609,37.566531,38.055295,37.573229,36.529228,37.090205,38.009128,36.879221,37.778398,73.917218,33.134530,33.520219,23.917913,23.303382,24.211621,31.644664,31.707925,29.834317,69.159144,32.175508,35.667578,23.688748,23.579909,23.739902,35.002391,35.265290,35.709864,36.998012,37.165874,29.233114,31.059576,37.314981,37.346814,30.843541,29.428212,37.894067,44.789856,35.916709,38.824410,36.840960,39.959260,38.419376,40.626172,35.471650,39.334283,36.476235,40.465590,33.743223,38.172483,34.160578,39.620198,35.151522,40.744627,37.600834,39.277259,37.051190,38.890282,35.713068,40.477478,37.399837,38.356254,36.963696,38.091276,37.620199,39.446525,79.143106,81.157829,122.259376,82.442987,126.288172,51.442210,43.195769,135.301325,118.480003,2.854000,276.100006,117.849998,2.121000,174.500000,2885401.498563,11.747169,13.894528,21.773050,82.788080,38.116637,148621735339602888000000000000000000.000000,274976772116136397000000000000000000.000000
06/22/2026 18:46:13,0.000000,0.000000,74.235418,74.876115,64.852779,79.354598,77.341728,78.195166,75.092213,74.962117,34.095631,33.473019,33.390382,34.874856,32.277595,32.290498,34.846284,36.049475,35.814837,38.307482,34.967447,38.312872,37.345665,37.623265,38.049458,37.458209,36.582402,36.958027,37.960160,36.772227,37.680593,76.932800,33.705744,33.734612,24.122482,23.595413,24.413451,32.114252,32.088885,29.949514,71.613995,32.572832,35.676303,23.926855,23.775047,24.023320,35.034278,35.302929,35.707112,37.020918,37.187848,29.300770,31.124943,37.341029,37.351198,30.878264,29.203782,37.884254,44.784512,35.900676,38.822556,36.840429,39.959184,38.411352,40.614647,35.461380,39.307279,36.467281,40.424530,33.754024,38.022888,34.153174,39.595713,35.157047,40.731160,37.609413,39.234657,37.038867,38.855041,35.703383,40.444032,37.385716,38.335241,36.951935,38.075556,37.620702,39.431152,83.177555,85.098531,122.718722,86.382126,127.258163,51.418882,43.635108,144.179569,118.599998,2.914000,283.700012,117.910004,2.180000,182.500000,2885461.496296,11.533149,13.474840,22.201463,86.983254,38.099259,148621735339602888000000000000000000.000000,274976772116136397000000000000000000.000000
06/22/2026 18:47:13,0.000000,0.000000,74.255969,74.917350,64.907330,79.379086,77.352373,78.191072,75.068085,74.943899,34.082078,33.459012,33.408363,34.878772,32.261503,32.318008,34.832687,36.099222,35.704297,38.298858,34.999138,38.363577,37.378306,37.673131,38.115865,37.495934,36.608463,36.930554,38.060389,36.766427,37.778864,74.579309,33.182109,33.640622,23.888556,23.327772,24.172870,31.923163,31.938754,30.461631,69.492275,32.293151,35.645875,23.662330,23.576780,23.742381,34.999081,35.280156,35.689227,36.995101,37.217175,29.186734,31.050670,37.320082,37.366504,30.809019,29.128682,37.874370,44.757426,35.903851,38.809833,36.832540,39.955013,38.404083,40.602114,35.450096,39.316261,36.467886,40.439226,33.747220,38.153492,34.143710,39.587499,35.135931,40.738488,37.593345,39.241558,37.009602,38.878355,35.689132,40.448861,37.356080,38.322278,36.939392,38.082907,37.607370,39.418290,80.128694,82.001630,122.153632,83.362479,126.155735,51.383102,43.082454,137.788581,118.389999,2.872000,278.500000,117.830002,2.139000,176.899994,2885521.493887,11.978465,13.983718,21.662157,83.981339,38.096874,148621735339602888000000000000000000.000000,274976772116136397000000000000000000.000000
06/22/2026 18:48:13,0.000000,0.000000,74.014562,74.890766,64.748323,79.356505,77.349958,78.195814,75.066494,74.964274,34.073468,33.470832,33.413520,34.839789,32.251313,32.276229,34.819130,36.064873,35.773674,38.300892,34.978123,38.335361,37.316896,37.694829,38.142557,37.573476,36.612324,36.993685,37.891513,36.796834,37.756432,76.202801,33.407060,33.529233,24.059541,23.531546,24.339335,31.541128,31.439992,28.420171,71.461240,32.536733,35.665942,23.872052,23.726954,23.960714,35.000658,35.268877,35.679222,37.009439,37.157607,29.176160,31.079765,37.330497,37.361003,30.859625,29.350984,37.863950,44.747061,35.888056,38.787475,36.799067,39.932640,38.380342,40.603537,35.434245,39.305098,36.458895,40.432041,33.731599,38.161365,34.119219,39.592810,35.129301,40.720401,37.580491,39.242845,37.014468,38.864234,35.672297,40.450005,37.364744,38.320476,36.931836,38.070062,37.582619,39.405502,80.133313,84.034403,122.773394,85.140658,127.226259,51.350631,43.185256,135.856063,118.580002,2.863000,277.299988,117.769997,2.132000,176.000000,2885581.491530,11.766464,13.903173,21.762769,83.055466,38.086223,148621735339602888000000000000000000.000000,274976772116136397000000000000000000.000000
06/22/2026 18:49:13,0.000000,0.000000,73.950837,74.859215,64.697577,79.356357,77.334645,78.166207,75.089471,74.946279,34.100597,33.443781,33.338036,34.812253,32.210339,32.260174,34.804909,36.107798,35.719678,38.330527,34.940481,38.271734,37.195263,37.641758,38.236159,37.490792,36.615082,36.720394,37.742710,36.757117,37.692838,75.203838,33.296463,33.714941,23.955338,23.359644,24.236501,32.042941,32.188907,30.586865,70.036013,32.377381,35.665511,23.713979,23.603351,23.778467,34.979826,35.242290,35.676159,36.999746,37.189459,29.360820,31.018729,37.292040,37.325200,30.743316,29.351915,37.850733,44.744331,35.875994,38.789138,36.787462,39.914699,38.368548,40.596179,35.424623,39.322783,36.435481,40.437370,33.714282,38.065522,34.136979,39.604268,35.118656,40.718718,37.572172,39.245570,37.002371,38.865845,35.653534,40.421722,37.355805,38.316138,36.936780,38.074116,37.592630,39.420341,80.907489,82.753086,122.041609,84.159956,126.265951,51.344568,43.151086,139.072931,118.610001,2.878000,279.700012,117.879997,2.150000,178.399994,2885641.488642,11.985600,13.936170,21.729341,84.591922,38.078760,148621735339602888000000000000000000.000000,274976772116136397000000000000000000.000000
06/22/2026 18:50:13,0.000000,0.000000,73.889827,74.910648,64.852241,79.352428,77.393892,78.216139,75.084146,74.965454,33.998677,33.437303,33.352885,34.828144,32.214267,32.277450,34.802558,36.035928,35.561250,38.334245,34.962396,38.371455,37.378678,37.715485,38.027110,37.601602,36.534835,37.010449,37.905606,36.860495,37.681789,75.201303,33.214696,33.833956,24.009804,23.478648,24.335268,32.063018,32.383833,30.955928,70.592958,32.245356,35.637271,23.823369,23.681849,23.886363,34.999752,35.261323,35.675598,36.985918,37.128105,29.292699,31.208670,37.309255,37.319867,30.794095,28.992740,37.867406,44.730824,35.893343,38.767147,36.774264,39.933430,38.376276,40.593318,35.446118,39.312356,36.439623,40.437968,33.722199,38.084439,34.115595,39.571683,35.124017,40.703007,37.563913,39.232917,36.989297,38.858538,35.653730,40.435097,37.358178,38.303913,36.913917,38.078230,37.587079,39.399369,79.644056,82.888438,122.813486,83.940155,127.168953,51.445431,43.341112,135.164664,118.540001,2.854000,276.200012,117.739998,2.126000,175.000000,2885701.486379,11.918908,13.722223,21.915048,82.722098,38.075573,148621735339602888000000000000000000.000000,274976772116136397000000000000000000.000000
06/22/2026 18:51:13,0.000000,0.000000,74.490896,74.875003,64.690038,79.371868,77.356511,78.187631,75.116203,74.971748,34.050441,33.442456,33.355373,34.818445,32.232125,32.344690,34.849528,35.951299,35.713927,38.356587,34.963547,38.254494,37.422061,37.647045,38.213460,37.608631,36.507469,37.061827,37.941023,36.725630,37.697422,75.307453,33.405045,34.100515,23.927853,23.378738,24.198279,32.450136,32.659180,31.823882,70.142671,32.290646,35.620400,23.670169,23.542962,23.804579,34.932515,35.226911,35.654115,37.017105,37.220051,29.331466,31.124419,37.297039,37.315167,30.759943,29.195476,37.834494,44.720108,35.875865,38.759881,36.782466,39.904474,38.360070,40.568349,35.415670,39.301071,36.423429,40.405118,33.705144,37.994147,34.126958,39.561178,35.085965,40.694743,37.540146,39.225961,36.994207,38.851081,35.647572,40.425286,37.352751,38.285909,36.930828,38.031508,37.573864,39.377363,80.851082,82.788705,121.872156,84.205466,126.324938,51.318452,43.272968,139.299296,118.570000,2.879000,279.500000,117.949997,2.147000,178.199997,2885761.484766,12.252009,13.771894,21.848506,84.699148,38.058520,148621735339602888000000000000000000.000000,274976772116136397000000000000000000.000000
06/22/2026 18:52:13,0.000000,0.000000,74.004523,74.852854,64.719787,79.359419,77.349088,78.177690,75.130616,74.956173,34.078012,33.507809,33.407848,34.806222,32.191829,32.237660,34.809505,36.051721,35.600996,38.317776,34.980001,38.348748,37.309962,37.798814,38.348042,37.551951,36.545483,37.002956,37.774848,36.780446,37.735648,75.181402,33.299963,33.535882,23.993907,23.406299,24.317586,31.412012,31.349190,28.402857,70.778617,32.189870,35.640808,23.755291,23.642427,23.820502,34.993512,35.250652,35.695418,36.957934,37.136500,29.388579,31.221585,37.315413,37.359183,30.806095,29.392263,37.827524,44.738238,35.855217,38.769319,36.770690,39.915129,38.343369,40.565345,35.394476,39.310471,36.401436,40.430360,33.703750,37.980834,34.092716,39.578658,35.097780,40.715190,37.547414,39.244240,36.987690,38.853846,35.645031,40.431913,37.345697,38.310392,36.923061,38.055115,37.566468,39.386742,79.311835,82.877460,122.848221,83.779861,127.409426,51.351394,43.045656,134.155254,118.459999,2.848000,275.200012,117.839996,2.121000,173.899994,2885821.481772,11.909772,14.014698,21.626110,82.233363,38.059604,148621735339602888000000000000000000.000000,274976772116136397000000000000000000.000000
06/22/2026 18:53:13,0.000000,0.000000,74.009853,74.858601,64.750403,79.362883,77.365197,78.181159,75.133547,74.949389,34.105937,33.428689,33.391812,34.830717,32.214624,32.285815,34.837718,36.094060,35.599182,38.325683,35.003017,38.330303,37.389643,37.717607,38.293999,37.643711,36.603104,36.895117,37.903956,36.748239,37.651417,75.318811,33.295252,33.828750,23.839049,23.302434,24.120689,32.156193,32.283007,31.223456,70.104524,32.349021,35.623038,23.614161,23.512929,23.717403,34.953952,35.223517,35.636370,36.998062,37.185097,29.325647,31.179207,37.313992,37.310897,30.772575,29.322565,37.826959,44.692103,35.832490,38.724608,36.769227,39.896803,38.355475,40.539107,35.403525,39.274420,36.421469,40.401847,33.698078,38.095786,34.099032,39.529056,35.100660,40.657951,37.539897,39.204100,37.001864,38.838421,35.638406,40.391357,37.363346,38.276828,36.904038,38.045837,37.569582,39.359861,80.841983,82.766087,122.003970,84.169388,126.184012,51.303533,43.140864,139.138671,118.550003,2.880000,279.299988,117.790001,2.149000,177.899994,2885881.479444,12.109411,13.903699,21.719339,84.623074,38.048404,148621735339602888000000000000000000.000000,274976772116136397000000000000000000.000000
06/22/2026 18:54:13,0.000000,0.000000,74.109027,74.880792,64.730532,79.394078,77.368242,78.209451,75.132411,74.994718,34.033324,33.467532,33.360013,34.851940,32.205215,32.283970,34.770137,36.056255,35.650769,38.316159,34.964188,38.413249,37.363936,37.714007,38.186961,37.500340,36.594849,36.916945,37.940336,36.868285,37.653708,75.413889,33.375758,33.808404,24.003214,23.420987,24.309433,32.115623,32.288716,31.037568,70.706763,32.242261,35.621442,23.776470,23.655098,23.843429,34.972314,35.242760,35.664300,36.971983,37.092847,29.240638,31.099177,37.273054,37.346448,30.732201,28.977795,37.808419,44.673763,35.848055,38.726434,36.762651,39.883403,38.336750,40.534965,35.403788,39.282655,36.374404,40.382763,33.680990,37.995303,34.074850,39.558678,35.062612,40.674849,37.551557,39.208237,36.950940,38.832627,35.606448,40.388628,37.330101,38.281854,36.882972,38.040262,37.552287,39.355835,79.920567,83.206254,122.907753,84.170395,127.304361,51.415821,43.191389,135.797124,118.570000,2.863000,277.299988,117.760002,2.133000,176.000000,2885941.476656,12.039637,13.852675,21.768767,83.027092,38.034903,148621735339602888000000000000000000.000000,274976772116136397000000000000000000.000000
06/22/2026 18:55:13,0.000000,0.000000,73.973069,74.849738,64.735874,79.371841,77.406189,78.183396,75.103616,74.957893,34.096443,33.416521,33.379199,34.819035,32.199344,32.304351,34.796825,36.182969,35.589263,38.308290,35.007723,38.407425,37.224134,37.633932,38.024492,37.546828,36.671255,37.309510,37.834152,36.744704,37.669790,75.455006,33.251959,33.781045,23.885644,23.339196,24.171302,31.979925,32.189998,31.090210,70.210096,32.369713,35.607706,23.686001,23.533712,23.764221,34.960843,35.248580,35.659227,37.007611,37.216668,29.265614,31.064418,37.309810,37.331032,30.772816,29.243885,37.811313,44.664172,35.872464,38.713241,36.768893,39.870770,38.338665,40.530710,35.408369,39.275759,36.405109,40.365306,33.697228,38.102449,34.092856,39.543575,35.085555,40.675229,37.548403,39.202442,36.966312,38.825457,35.632036,40.384421,37.340467,38.265895,36.897510,38.024299,37.564111,39.361017,81.041079,82.944495,122.139486,84.372532,126.435331,51.265353,43.247559,139.651634,118.589996,2.879000,279.700012,117.900002,2.150000,178.600006,2886001.474607,11.957366,13.784027,21.823679,84.865816,38.041134,148621735339602888000000000000000000.000000,274976772116136397000000000000000000.000000
06/22/2026 18:56:13,0.000000,0.000000,74.207077,74.830473,64.608193,79.372743,77.316948,78.199028,75.110976,74.973280,34.070586,33.439069,33.383088,34.832986,32.129684,32.248048,34.808533,36.153037,35.594470,38.314363,34.941099,38.309600,37.346811,37.635902,38.018042,37.573965,36.571143,36.989678,37.887068,36.712744,37.631370,75.011210,33.223991,33.553224,24.029210,23.454611,24.334078,31.271242,31.368375,28.750912,70.475491,32.280225,35.634693,23.792998,23.695813,23.875269,34.952406,35.241033,35.654720,36.979670,37.131723,29.386437,31.065269,37.270447,37.312893,30.816924,29.213033,37.782074,44.668398,35.842630,38.695430,36.747499,39.873255,38.319958,40.508091,35.403776,39.279550,36.395634,40.366449,33.674806,38.032002,34.077103,39.523599,35.069458,40.656176,37.533253,39.193058,36.951857,38.821185,35.586098,40.381854,37.298099,38.262683,36.886329,38.016227,37.533313,39.342636,79.443367,82.746171,123.035281,83.750787,127.540663,51.221224,43.272286,134.762778,118.599998,2.853000,276.000000,117.860001,2.125000,174.600006,2886061.472647,11.705385,13.786854,21.847839,82.527803,38.024083,148621735339602888000000000000000000.000000,274976772116136397000000000000000000.000000
06/22/2026 18:57:13,0.000000,0.000000,74.381237,74.873129,64.735176,79.358672,77.394674,78.173154,75.114076,74.964130,34.087992,33.431165,33.319642,34.813232,32.251812,32.314546,34.798163,36.023568,35.621147,38.299883,34.984648,38.282866,37.271851,37.716536,38.409164,37.443842,36.630562,36.770382,37.963619,36.740296,37.683722,75.462826,33.269522,33.871867,23.889501,23.322446,24.152326,32.168439,32.343746,31.371171,70.213365,32.298394,35.621850,23.619679,23.532334,23.728983,34.952115,35.191536,35.640821,37.010910,37.221940,29.304382,31.136572,37.279000,37.328519,30.705660,29.286460,37.783677,44.678744,35.833158,38.722183,36.713703,39.877618,38.308875,40.528744,35.374037,39.282264,36.360290,40.379290,33.664742,38.092669,34.081694,39.537797,35.047378,40.653659,37.527633,39.187008,36.942994,38.826906,35.602033,40.391189,37.307913,38.237194,36.869645,38.025629,37.537275,39.341297,80.993381,82.886474,122.146443,84.298789,126.332247,51.369869,43.162378,139.359206,118.620003,2.885000,279.799988,117.940002,2.150000,178.300003,2886121.469843,12.131477,13.881460,21.740390,84.727507,38.023908,148621735339602888000000000000000000.000000,274976772116136397000000000000000000.000000
06/22/2026 18:58:13,0.000000,0.000000,74.269042,74.868735,64.781181,79.372589,77.337014,78.199716,75.120634,74.964775,34.064856,33.485315,33.321812,34.801713,32.206884,32.222903,34.782894,36.091575,35.594069,38.234916,34.938480,38.332336,37.379742,37.741737,37.965116,37.746408,36.607630,37.180491,37.979160,36.784619,37.718629,75.387250,33.333950,33.261075,23.899112,23.347294,24.237143,31.253996,31.367615,29.407194,70.653484,32.264289,35.589375,23.699271,23.611485,23.770048,34.964839,35.213566,35.634296,36.952644,37.054205,29.259650,31.213973,37.282844,37.307604,30.567804,28.992640,37.782914,44.634096,35.815924,38.663521,36.725690,39.846293,38.292945,40.500968,35.368686,39.268339,36.367562,40.370228,33.656940,38.033228,34.040157,39.524213,35.044359,40.660207,37.497961,39.181217,36.934415,38.809079,35.571728,40.379054,37.292636,38.239788,36.884629,38.018063,37.510579,39.310692,79.780131,83.172475,122.905857,84.271024,127.247707,51.429639,42.664143,135.672608,118.529999,2.861000,276.899994,117.930000,2.130000,175.600006,2886181.467247,12.009711,14.338011,21.251364,82.967120,38.007537,148621735339602888000000000000000000.000000,274976772116136397000000000000000000.000000
06/22/2026 18:59:13,0.000000,0.000000,74.381687,74.845273,64.650113,79.358604,77.360066,78.176033,75.103685,74.947823,34.105169,33.442581,33.368827,34.793750,32.286550,32.242501,34.742053,36.020688,35.671077,38.260004,34.915780,38.324850,37.345279,37.635254,37.923554,37.590370,36.603725,36.935992,37.886903,36.723197,37.734972,75.321797,33.153520,33.601389,23.909513,23.345604,24.158007,31.943496,32.059262,30.383468,70.193409,32.352681,35.623826,23.657955,23.553592,23.750526,34.959699,35.207098,35.646646,36.977359,37.178808,29.345618,31.208070,37.275508,37.336081,30.711055,29.411402,37.776672,44.671148,35.847183,38.683193,36.733021,39.853354,38.324748,40.502738,35.378002,39.248646,36.349568,40.358931,33.664014,37.938659,34.073864,39.528617,35.049675,40.631757,37.516254,39.168154,36.931898,38.800831,35.564775,40.354414,37.305483,38.237308,36.875509,37.986868,37.531933,39.313034,81.010962,82.904264,122.211941,84.285763,126.342148,51.199441,43.139404,139.418307,118.650002,2.884000,279.899994,117.860001,2.148000,178.399994,2886241.464911,11.883479,13.905916,21.717910,84.755475,38.006675,148621735339602888000000000000000000.000000,274976772116136397000000000000000000.000000
06/22/2026 19:00:13,0.000000,0.000000,73.893366,74.848279,64.692068,79.373269,77.339381,78.181039,75.113826,74.959233,34.104052,33.386815,33.381928,34.781423,32.175849,32.259946,34.801965,36.124342,35.639836,38.330432,34.926194,38.404421,37.233950,37.731244,38.364380,37.402540,36.347923,36.974051,37.862622,36.674987,37.656812,75.082409,33.179358,33.577907,23.941039,23.366842,24.214595,31.460917,31.458690,28.775765,70.535809,32.219731,35.591501,23.721126,23.571977,23.769175,34.937368,35.208712,35.609581,36.952299,37.106302,29.376856,31.155065,37.257221,37.262085,30.733178,29.350902,37.771963,44.638187,35.816960,38.661464,36.722742,39.834243,38.294561,40.469991,35.380059,39.220232,36.365318,40.324390,33.686382,37.929541,34.057599,39.527019,35.066690,40.628822,37.519938,39.157273,36.943285,38.818370,35.589474,40.353203,37.314437,38.238339,36.883178,37.977739,37.533587,39.290427,79.602034,82.888047,122.942806,83.890475,127.374999,51.377283,43.246002,135.168712,118.690002,2.860000,276.799988,118.010002,2.126000,175.199997,2886301.463192,11.755750,13.769344,21.822157,82.724053,38.000514,148621735339602888000000000000000000.000000,274976772116136397000000000000000000.000000
06/22/2026 19:01:13,0.000000,0.000000,73.962318,74.871529,64.734412,79.370165,77.351855,78.198550,75.093021,74.977288,34.108676,33.448312,33.352787,34.831106,32.164287,32.213680,34.748207,36.129123,35.713121,38.314718,34.964071,38.254736,37.183548,37.648170,38.129791,37.523130,36.526894,36.950318,37.873378,36.822474,37.668992,75.272687,33.312034,33.686978,23.839858,23.342222,24.139853,32.042914,32.119460,31.066365,69.903791,32.338599,35.579264,23.636200,23.515261,23.735227,34.934795,35.225201,35.605165,36.988584,37.099838,29.387285,31.121816,37.271457,37.295333,30.733712,29.231389,37.767118,44.608299,35.825280,38.639299,36.725744,39.823989,38.309016,40.454019,35.354235,39.229687,36.332311,40.337796,33.662856,38.061199,34.053173,39.515856,35.016446,40.623766,37.517072,39.151767,36.919467,38.784016,35.543461,40.359871,37.308308,38.242542,36.870577,37.987686,37.508461,39.305932,80.817113,82.626480,121.907210,84.079911,126.206313,51.289153,43.315509,139.144500,118.620003,2.875000,279.299988,117.779999,2.147000,177.899994,2886361.460511,11.796924,13.689210,21.890054,84.625835,37.994642,148621735339602888000000000000000000.000000,274976772116136397000000000000000000.000000
06/22/2026 19:02:13,0.000000,0.000000,74.175070,74.856793,64.696836,79.375612,77.323195,78.203585,75.070153,74.964554,34.001192,33.384283,33.341628,34.823234,32.193768,32.234704,34.766849,36.003374,35.645286,38.265651,34.889964,38.369658,37.200905,37.662423,38.066199,37.429430,36.588615,36.985027,37.941623,36.691276,37.603912,76.644268,33.728169,33.664657,24.023859,23.482855,24.305900,32.022243,32.055622,29.790456,71.711367,32.553536,35.597839,23.821131,23.661695,23.920816,34.938532,35.205886,35.613003,36.970754,37.111743,29.234718,31.120444,37.287122,37.276953,30.712956,29.096102,37.725442,44.603756,35.794995,38.640019,36.676909,39.821224,38.247954,40.460505,35.328850,39.228919,36.327557,40.319410,33.639170,37.930736,34.047257,39.494796,35.014334,40.611084,37.495058,39.156265,36.910895,38.773699,35.548611,40.343822,37.293966,38.211715,36.871992,37.963918,37.504316,39.296504,80.465306,84.653177,122.849020,85.895876,127.576787,51.288453,43.279295,137.422965,118.699997,2.877000,278.899994,117.919998,2.144000,177.399994,2886421.458235,11.809971,13.743153,21.854686,83.806835,37.976123,148621735339602888000000000000000000.000000,274976772116136397000000000000000000.000000
06/22/2026 19:03:13,0.000000,0.000000,73.819420,74.829764,64.606192,79.335616,77.283945,78.180788,75.080133,74.945811,34.102004,33.395428,33.374990,34.800781,32.192600,32.244660,34.757828,36.016067,35.701146,38.278495,34.964945,38.277093,37.304095,37.523808,38.266123,37.369157,36.483923,37.063949,37.947119,36.765361,37.598587,75.693456,33.307012,33.973708,23.870978,23.296744,24.143208,32.281738,32.504170,31.639214,70.509076,32.310518,35.594239,23.624912,23.506211,23.722240,34.928145,35.192842,35.620738,37.001476,37.186424,29.371585,31.192575,37.267037,37.267480,30.702962,29.273380,37.738902,44.593975,35.788208,38.624427,36.698890,39.806500,38.268089,40.458124,35.357480,39.213189,36.313097,40.291367,33.633589,38.011772,34.042566,39.478836,35.017794,40.587133,37.505936,39.141535,36.920123,38.781140,35.547663,40.321413,37.289159,38.192551,36.851469,37.969046,37.506907,39.284975,81.367579,83.344476,122.365781,84.668008,126.608904,51.301557,43.167441,140.084285,118.550003,2.884000,280.600006,117.889999,2.154000,178.899994,2886481.456083,12.228365,13.848896,21.745343,85.070094,37.974528,148621735339602888000000000000000000.000000,274976772116136397000000000000000000.000000
06/22/2026 19:04:13,0.000000,0.000000,74.427522,74.843344,64.666548,79.343945,77.328943,78.172716,75.097662,74.951938,34.076477,33.417864,33.341442,34.824031,32.206137,32.229275,34.801928,36.018028,35.648644,38.268998,34.967382,38.239742,37.261394,37.601344,38.235840,37.577107,36.576929,36.939729,37.895054,36.738882,37.588180,75.090312,33.372975,34.120854,23.799795,23.225524,24.077416,32.458054,32.695556,31.877248,70.196114,32.303906,35.592978,23.530469,23.450732,23.595069,34.920635,35.179128,35.599717,36.967664,37.200642,29.438550,31.205565,37.245843,37.271488,30.758255,29.420358,37.735170,44.602347,35.774966,38.638599,36.663097,39.812504,38.232593,40.451352,35.321854,39.183894,36.320883,40.306603,33.616026,37.975309,34.005922,39.458478,34.989342,40.582035,37.477390,39.113929,36.886914,38.741387,35.513511,40.311930,37.268586,38.183463,36.834844,37.952445,37.464880,39.233780,80.050019,82.721159,122.786810,83.859759,127.231783,51.430088,43.063861,138.176056,118.750000,2.865000,278.000000,118.029999,2.139000,176.699997,2886541.453241,12.476909,13.949033,21.643945,84.165941,37.955134,148621735339602888000000000000000000.000000,274976772116136397000000000000000000.000000
06/22/2026 19:05:13,0.000000,0.000000,73.984084,74.808354,64.623435,79.366108,77.305242,78.183126,75.106519,74.955304,34.083549,33.435605,33.372514,34.768934,32.130833,32.242523,34.773597,36.131886,35.758926,38.201399,34.939415,38.319573,37.359890,37.778898,38.032721,37.632408,36.664706,36.957139,37.687535,36.685503,37.613486,75.682782,33.482828,34.130290,23.846858,23.325032,24.149985,32.381074,32.657291,31.814416,70.577392,32.240167,35.586311,23.647802,23.507603,23.745965,34.943210,35.206129,35.629247,37.019701,37.144019,29.372971,31.169452,37.282501,37.311682,30.639216,29.281053,37.704966,44.568643,35.787846,38.615239,36.662246,39.798239,38.257605,40.442384,35.332774,39.183679,36.287907,40.287887,33.626369,37.872496,34.006937,39.478505,34.984205,40.560503,37.466383,39.105151,36.888890,38.759247,35.511502,40.307773,37.266182,38.162749,36.844180,37.946304,37.461109,39.250306,81.301077,83.370007,122.175934,84.683948,126.610564,51.376804,43.145245,139.966569,118.599998,2.886000,280.100006,117.830002,2.150000,178.699997,2886601.450870,12.406664,13.862685,21.723626,85.014555,37.947607,148621735339602888000000000000000000.000000,274976772116136397000000000000000000.000000
06/22/2026 19:06:13,0.000000,0.000000,73.943672,74.826286,64.673656,79.362550,77.299570,78.201446,75.090901,74.971788,34.091686,33.434863,33.358887,34.829151,32.151201,32.172561,34.719918,36.038887,35.650975,38.291194,34.974593,38.338900,37.326187,37.588325,37.945686,37.516156,36.508413,37.017215,37.906180,36.785418,37.758573,75.082102,33.419432,33.480742,23.928843,23.429456,24.252988,31.467274,31.463264,28.440802,70.248037,32.239940,35.570578,23.797609,23.621149,23.834209,34.918841,35.204820,35.602498,36.958056,37.034557,29.372298,31.189723,37.260414,37.280753,30.749321,29.185440,37.714966,44.564295,35.790538,38.585256,36.682192,39.784812,38.256076,40.419718,35.332569,39.173416,36.297086,40.289972,33.612339,37.938066,33.994245,39.463744,34.982665,40.563406,37.472834,39.097031,36.878115,38.750704,35.495391,40.309084,37.248485,38.165220,36.824092,37.958937,37.458740,39.255881,80.228511,82.749014,122.855880,83.854287,127.274778,51.373997,43.015088,137.312373,118.599998,2.866000,277.799988,117.779999,2.133000,176.399994,2886661.448943,11.884589,13.974425,21.596153,83.753990,37.945329,148621735339602888000000000000000000.000000,274976772116136397000000000000000000.000000
06/22/2026 19:07:13,0.000000,0.000000,73.781309,74.812823,64.589900,79.336810,77.334850,78.169358,75.095861,74.923523,34.087070,33.423134,33.352933,34.833641,32.192640,32.190860,34.778438,36.042401,35.657001,38.294109,34.939384,38.316435,37.419083,37.594568,38.080832,37.609831,36.361744,37.032090,37.708947,36.828170,37.716461,75.500013,33.283780,33.641415,23.847849,23.261058,24.145604,32.055921,32.123122,30.656468,70.413140,32.277636,35.599631,23.610206,23.513005,23.700345,34.931742,35.197768,35.626671,36.908317,37.121492,29.338657,31.206463,37.240115,37.280352,30.650421,29.232967,37.710351,44.571838,35.755195,38.588441,36.653968,39.786499,38.241867,40.402465,35.305898,39.176847,36.283264,40.295601,33.608162,37.877361,33.997618,39.465671,34.983716,40.570794,37.469641,39.092521,36.877615,38.751088,35.486914,40.295571,37.248627,38.168655,36.823108,37.937190,37.463546,39.250091,81.176330,83.167232,122.156825,84.505220,126.319121,51.306463,43.091216,139.703610,118.639999,2.884000,279.799988,118.089996,2.151000,178.300003,2886721.446007,11.970678,13.928894,21.670737,84.890379,37.938004,148621735339602888000000000000000000.000000,274976772116136397000000000000000000.000000
06/22/2026 19:08:13,0.000000,0.000000,74.090004,74.790385,64.565050,79.344215,77.266445,78.170881,75.111762,74.921262,34.038464,33.362047,33.291397,34.773384,32.251437,32.225630,34.816253,35.895039,35.750263,38.252382,34.897926,38.335042,37.300218,37.672413,38.100382,37.586521,36.518700,36.959380,37.766223,36.647478,37.538489,74.943985,33.282141,33.943086,23.803427,23.217956,24.065377,32.334042,32.523990,31.653719,70.192499,32.192888,35.591171,23.559998,23.437706,23.609038,34.916726,35.190737,35.598552,36.984636,37.141794,29.348428,31.241177,37.234870,37.245040,30.724466,29.225624,37.690259,44.552066,35.764000,38.581765,36.647718,39.758648,38.243552,40.395336,35.323545,39.200906,36.248973,40.319626,33.587469,37.911563,33.969831,39.469171,34.943335,40.567991,37.455334,39.116623,36.877157,38.765636,35.475819,40.308345,37.237573,38.174676,36.809674,37.962211,37.439658,39.269922,80.031519,82.637374,122.963683,83.720359,127.312895,51.377332,42.909659,136.453549,118.449997,2.862000,277.200012,117.849998,2.133000,175.800003,2886781.444201,12.450347,14.098432,21.492739,83.342649,37.935613,148621735339602888000000000000000000.000000,274976772116136397000000000000000000.000000
06/22/2026 19:09:13,0.000000,0.000000,73.773059,74.783035,64.602514,79.332620,77.310852,78.172738,75.093299,74.915891,34.041035,33.457477,33.358843,34.767131,32.164624,32.141929,34.750362,36.048468,35.687705,38.249198,34.914241,38.183967,37.329797,37.635246,38.052871,37.421839,36.325100,37.062706,37.880048,36.759693,37.724559,75.821349,33.297255,34.003918,23.728217,23.173624,24.011228,32.358553,32.552943,31.707667,70.410533,32.229075,35.527208,23.498472,23.385133,23.601717,34.878435,35.164872,35.592208,36.938051,37.077070,29.397774,31.173737,37.210840,37.281145,30.630273,29.014502,37.660067,44.532766,35.738729,38.548195,36.638848,39.756973,38.221117,40.373402,35.275763,39.177642,36.267682,40.250141,33.585597,37.952997,33.980391,39.449876,34.954972,40.558819,37.456295,39.086701,36.875720,38.741253,35.455324,40.274442,37.240241,38.149578,36.800018,37.923410,37.442644,39.231882,81.113723,83.578018,122.113574,84.878284,126.494273,51.345666,43.027841,141.385313,118.660004,2.908000,283.299988,118.029999,2.169000,181.300003,2886841.441698,12.395266,13.918556,21.608652,85.681867,37.920050,148621735339602888000000000000000000.000000,274976772116136397000000000000000000.000000
06/22/2026 19:10:13,0.000000,0.000000,73.974327,74.820576,64.577220,79.350456,77.317778,78.177973,75.074118,74.925432,34.087926,33.479970,33.381783,34.790636,32.135697,32.158837,34.725312,36.090326,35.608676,38.326313,34.915850,38.312917,37.199800,37.692254,37.967846,37.632028,36.461524,36.915506,37.900462,36.775710,37.598184,75.112965,33.272835,33.815674,23.902641,23.363369,24.195009,31.985043,32.264524,30.381359,70.367846,32.145192,35.590934,23.689202,23.536018,23.781903,34.915382,35.168114,35.599631,36.933519,37.032320,29.341053,31.154941,37.242373,37.280841,30.732920,29.374336,37.673658,44.529321,35.734360,38.572977,36.628289,39.769710,38.211797,40.385689,35.295663,39.149875,36.243355,40.271309,33.582034,37.971542,33.977274,39.439216,34.944253,40.536837,37.443953,39.072179,36.863005,38.702969,35.454109,40.271389,37.215510,38.148730,36.804920,37.913284,37.429937,39.214352,79.769030,82.685980,122.891676,83.773306,127.259361,51.362833,43.258462,135.841329,118.669998,2.859000,277.000000,117.900002,2.130000,175.500000,2886901.439597,11.981341,13.756601,21.834333,83.048373,37.915050,148621735339602888000000000000000000.000000,274976772116136397000000000000000000.000000
06/22/2026 19:11:13,0.000000,0.000000,73.892578,74.822142,64.696401,79.362408,77.290159,78.202145,75.103064,74.941288,34.094550,33.448836,33.389746,34.800161,32.115883,32.181743,34.713036,36.196293,35.636555,38.293602,34.942866,38.227897,37.184091,37.648713,38.383589,37.359438,36.587636,36.984933,37.772749,36.697820,37.687789,75.591665,33.287387,33.734737,23.861570,23.320038,24.159321,32.097533,32.261287,30.957066,70.340457,32.243759,35.583566,23.625320,23.546038,23.735081,34.921791,35.191810,35.611958,36.932997,37.088652,29.360842,31.142184,37.259376,37.284136,30.673846,28.935355,37.679324,44.545810,35.750588,38.557363,36.622373,39.767880,38.217472,40.385622,35.293824,39.150922,36.263443,40.259139,33.608420,37.985415,33.978341,39.449017,34.940805,40.545785,37.458682,39.084231,36.865797,38.734443,35.454247,40.288159,37.238976,38.157263,36.812140,37.912984,37.447758,39.218018,81.143319,83.065627,121.989429,84.480926,126.272396,51.421113,43.130837,139.708954,118.720001,2.885000,280.000000,117.889999,2.150000,178.500000,2886961.437328,12.025211,13.874040,21.709526,84.892904,37.922475,148621735339602888000000000000000000.000000,274976772116136397000000000000000000.000000
06/22/2026 19:12:13,0.000000,0.000000,73.998988,74.855352,64.712054,79.341636,77.272707,78.171245,75.093507,74.927082,34.020983,33.404978,33.373432,34.791649,32.160298,32.199457,34.764624,36.053408,35.656618,38.267231,34.939888,38.291847,37.225572,37.705637,38.169988,37.372836,36.528808,36.916844,37.650370,36.810673,37.630051,75.648797,33.461717,33.574108,23.846290,23.324464,24.170459,31.839824,31.873680,29.469149,70.772118,32.324994,35.545732,23.668145,23.531532,23.743582,34.888966,35.161213,35.579079,36.925829,37.088482,29.346398,31.119732,37.189502,37.231068,30.752723,29.092728,37.643436,44.519053,35.712462,38.540561,36.605972,39.724054,38.184602,40.349318,35.274575,39.157344,36.246867,40.259825,33.581324,37.882036,33.962358,39.443243,34.928791,40.541681,37.426712,39.076149,36.853829,38.721620,35.438712,40.284746,37.221401,38.158006,36.782799,37.896496,37.411484,39.206526,79.923704,83.284973,122.897009,84.401511,127.338661,51.349815,43.396504,136.295839,118.779999,2.859000,276.899994,117.910004,2.130000,175.800003,2887021.434630,11.605013,13.576637,21.969095,83.266926,37.901199,148621735339602888000000000000000000.000000,274976772116136397000000000000000000.000000
06/22/2026 19:13:13,0.000000,0.000000,73.703629,74.819740,64.655913,79.351925,77.253952,78.174394,75.093326,74.941687,34.102585,33.421779,33.347580,34.784205,32.143485,32.243160,34.763731,36.131779,35.588304,38.220779,34.950449,38.211127,37.214614,37.816647,37.941611,37.492188,36.404804,37.028233,37.893328,36.792015,37.586231,75.574868,33.314141,33.721061,23.779784,23.187579,24.060544,32.089502,32.247918,31.167819,70.294358,32.170547,35.561193,23.537307,23.445028,23.610072,34.908437,35.162501,35.575833,36.940725,37.076936,29.347243,31.202119,37.205823,37.237218,30.589114,29.110425,37.639757,44.510600,35.712332,38.508205,36.608941,39.722577,38.190189,40.366781,35.278852,39.158754,36.240757,40.254186,33.563164,37.965587,33.964186,39.444775,34.929001,40.527105,37.431530,39.061105,36.866350,38.714692,35.440619,40.269845,37.216171,38.123952,36.777888,37.919867,37.431069,39.205777,81.112388,83.017263,122.092166,84.410736,126.649623,51.156456,42.989096,139.656815,118.849998,2.884000,280.000000,118.129997,2.148000,178.399994,2887081.432071,12.150390,13.990522,21.570671,84.868265,37.901487,148621735339602888000000000000000000.000000,274976772116136397000000000000000000.000000
06/22/2026 19:14:13,0.000000,0.000000,74.380981,74.779926,64.664793,79.341387,77.307001,78.165104,75.096435,74.911846,34.047079,33.447977,33.324459,34.726098,32.165288,32.217795,34.773458,35.964801,35.625064,38.187641,34.954868,38.363917,37.232299,37.667284,37.851451,37.520005,36.475302,37.256102,37.800664,36.700993,37.657989,75.235148,33.216538,33.928600,23.706551,23.134022,24.008373,32.291512,32.518389,31.816505,70.540293,32.208856,35.536924,23.484104,23.342091,23.564707,34.882593,35.172575,35.560243,36.949932,37.118167,29.279108,31.126026,37.259645,37.250802,30.623755,29.074212,37.667518,44.495262,35.711889,38.511295,36.619119,39.734759,38.204603,40.329622,35.287113,39.131475,36.231087,40.249411,33.569875,37.803045,33.966897,39.434083,34.907605,40.523557,37.437695,39.060639,36.838528,38.690465,35.414078,40.243541,37.211876,38.124811,36.773881,37.896426,37.422277,39.183330,80.127543,83.000226,122.899995,84.097532,127.359203,51.354840,43.081384,136.336966,118.769997,2.859000,277.200012,118.050003,2.132000,175.800003,2887141.430103,12.267491,13.875815,21.661109,83.286679,37.889192,148621735339602888000000000000000000.000000,274976772116136397000000000000000000.000000
06/22/2026 19:15:13,0.000000,0.000000,74.144391,74.800789,64.624331,79.353963,77.264421,78.178960,75.083435,74.957563,34.091172,33.520090,33.383254,34.815162,32.139834,32.201688,34.709680,36.092876,35.688564,38.215166,34.932396,38.267123,37.191530,37.700782,37.942116,37.527171,36.379077,36.819834,37.912714,36.704358,37.731543,74.502775,33.202513,33.839102,23.651950,23.061915,23.964086,32.050176,32.178342,30.670325,69.372459,32.060514,35.524995,23.409328,23.325998,23.480314,34.880641,35.140034,35.573776,36.891782,37.082380,29.330433,31.177750,37.241781,37.244876,30.603519,29.244394,37.619585,44.489633,35.690692,38.513129,36.549266,39.705766,38.140221,40.328401,35.249980,39.103771,36.241801,40.231437,33.583330,37.852661,33.963919,39.422174,34.916028,40.496006,37.450266,39.036567,36.849320,38.689316,35.436412,40.239135,37.231774,38.108661,36.798851,37.878505,37.421125,39.184387,80.393031,82.018329,122.203248,83.397289,126.341288,51.305413,42.999902,138.193705,118.889999,2.867000,278.500000,118.330002,2.143000,177.199997,2887201.426878,12.257836,13.943729,21.581266,84.174342,37.880737,148621735339602888000000000000000000.000000,274976772116136397000000000000000000.000000
06/22/2026 19:16:13,0.000000,0.000000,73.760139,74.777736,64.628367,79.336944,77.247361,78.177489,75.086693,74.917733,34.045734,33.380430,33.332443,34.760186,32.117161,32.132291,34.685069,35.967338,35.569665,38.196460,34.927361,38.224749,37.203933,37.697269,37.979454,37.219256,36.522769,36.752429,37.684114,36.661281,37.651900,76.324467,33.383716,33.516110,23.880506,23.356456,24.206008,31.672741,31.690561,28.712169,71.467264,32.229419,35.540493,23.693305,23.551320,23.800878,34.894704,35.182908,35.597832,36.914471,37.045660,29.263967,31.142536,37.233694,37.246517,30.666233,29.028193,37.621923,44.480431,35.705755,38.506949,36.589980,39.724614,38.182072,40.340187,35.263614,39.126084,36.204868,40.228168,33.562770,37.805257,33.926496,39.397634,34.879376,40.496518,37.422488,39.033992,36.809111,38.706137,35.396131,40.221459,37.199881,38.076489,36.767511,37.883879,37.396418,39.161939,80.822794,84.118470,122.887936,85.190663,127.401074,51.327943,43.139793,137.922165,118.650002,2.874000,279.200012,118.180000,2.144000,177.100006,2887261.425291,11.797819,13.822202,21.718291,84.045020,37.870604,148621735339602888000000000000000000.000000,274976772116136397000000000000000000.000000
06/22/2026 19:17:13,0.000000,0.000000,73.890640,74.762746,64.646123,79.335404,77.237813,78.156167,75.100222,74.904651,34.083440,33.427498,33.360408,34.746040,32.137679,32.161709,34.669911,35.960619,35.558117,38.226464,34.908264,38.198299,37.278265,37.732227,38.035922,37.193975,36.308242,37.042325,38.042586,36.706562,37.646089,74.179233,33.047236,33.427192,23.773283,23.205271,24.045090,31.689176,31.796094,30.371035,69.299171,32.129340,35.540855,23.533769,23.423570,23.590675,34.922050,35.169016,35.581558,36.899108,37.078307,29.398576,31.129087,37.232661,37.235757,30.651822,29.222343,37.637512,44.483397,35.711413,38.511703,36.582798,39.704846,38.183907,40.327481,35.253487,39.120456,36.208518,40.213297,33.573775,37.782623,33.940605,39.393390,34.900386,40.494127,37.433791,39.040420,36.822307,38.706502,35.399157,40.238376,37.223053,38.081599,36.771302,37.867341,37.388384,39.160980,79.754330,81.567529,122.314713,82.828861,126.479471,51.250009,42.857869,136.907249,118.910004,2.859000,277.100006,118.070000,2.131000,175.899994,2887321.422088,11.985305,14.098968,21.441887,83.560165,37.871898,148621735339602888000000000000000000.000000,274976772116136397000000000000000000.000000
06/22/2026 19:18:13,0.000000,0.000000,74.058843,74.831921,64.749482,79.358754,77.265854,78.187124,75.094513,74.934848,33.983623,33.356037,33.279164,34.750770,32.088132,32.177134,34.733744,36.078374,35.645475,38.190763,34.935830,38.374348,37.203832,37.744452,37.962107,37.485289,36.422031,36.887980,37.777088,36.724730,37.556286,76.506079,33.317806,33.561716,23.927979,23.400368,24.252124,31.957074,32.042565,30.041765,71.505114,32.299824,35.565241,23.720559,23.587535,23.829686,34.887754,35.148031,35.601904,36.890668,37.058862,29.375846,31.164750,37.218363,37.282035,30.594623,28.971180,37.592838,44.460664,35.693747,38.484827,36.563381,39.708709,38.141403,40.312401,35.236981,39.107495,36.197280,40.204759,33.542993,37.925647,33.916053,39.405858,34.888977,40.455969,37.391509,39.028665,36.798166,38.681534,35.365222,40.234523,37.178061,38.086173,36.736507,37.871917,37.370891,39.161171,80.903450,84.269607,122.724468,85.490962,127.451480,51.335128,43.265666,137.846548,118.870003,2.874000,278.899994,118.180000,2.145000,177.600006,2887381.420151,11.720344,13.723869,21.841372,84.008978,37.858144,148621735339602888000000000000000000.000000,274976772116136397000000000000000000.000000
06/22/2026 19:19:13,0.000000,0.000000,73.647982,74.773461,64.547492,79.341525,77.223305,78.160613,75.069445,74.928362,34.006437,33.404638,33.348654,34.760915,32.081400,32.161503,34.653823,36.123907,35.578742,38.216548,34.900968,38.272287,37.104276,37.665293,37.875439,37.502453,36.563357,36.929702,37.880621,36.617788,37.560073,74.363296,33.005621,33.525987,23.720459,23.057866,23.979294,31.912169,32.025293,30.569192,69.417523,32.161971,35.546666,23.445124,23.377029,23.496101,34.906469,35.157431,35.589524,36.903965,37.110642,29.358488,31.160330,37.217568,37.249405,30.651316,29.107257,37.595958,44.471033,35.690939,38.480705,36.563231,39.716178,38.168761,40.321626,35.257790,39.105764,36.208383,40.207436,33.559482,37.891238,33.942746,39.391922,34.869640,40.482970,37.434970,39.014243,36.835628,38.690662,35.393002,40.232609,37.203115,38.073501,36.771597,37.867636,37.390644,39.139415,80.146204,81.839912,122.022644,83.177340,126.197800,51.205561,42.917447,137.712964,118.839996,2.866000,277.899994,118.059998,2.134000,176.500000,2887441.417403,12.025604,14.046283,21.500383,83.945273,37.865761,148621735339602888000000000000000000.000000,274976772116136397000000000000000000.000000
06/22/2026 19:20:13,0.000000,0.000000,73.822620,74.775078,64.646203,79.373396,77.244301,78.186215,75.059920,74.923905,33.975378,33.402436,33.293130,34.735948,32.108418,32.133339,34.707742,35.967388,35.632816,38.150761,34.912517,38.186483,37.187728,37.717312,37.969785,37.356372,36.446095,37.062858,37.708756,36.593029,37.630538,76.420478,33.304031,33.394675,23.904863,23.357976,24.239758,31.523536,31.556059,28.824638,71.420164,32.283239,35.544397,23.676649,23.594236,23.806903,34.890470,35.141437,35.586959,36.886807,37.101744,29.379396,31.160721,37.179947,37.242296,30.622758,29.213062,37.587212,44.448158,35.672686,38.492095,36.544998,39.690418,38.135885,40.310862,35.238536,39.099433,36.194502,40.187456,33.544446,37.791449,33.921945,39.370866,34.863988,40.470894,37.389250,39.033911,36.807721,38.682240,35.367703,40.219424,37.182804,38.080824,36.759022,37.858613,37.372040,39.147760,80.962429,84.262389,122.827644,85.423997,127.462444,51.338399,43.213195,138.017860,118.860001,2.879000,279.299988,118.160004,2.142000,177.600006,2887501.415558,11.604586,13.754308,21.790089,84.090614,37.848905,148621735339602888000000000000000000.000000,274976772116136397000000000000000000.000000
06/22/2026 19:21:13,0.000000,0.000000,74.036395,74.777383,64.647680,79.326165,77.292586,78.180161,75.061395,74.907216,34.058932,33.410967,33.332767,34.746305,32.161530,32.165535,34.763862,36.054418,35.623602,38.221073,34.932562,38.235219,37.375356,37.668413,38.097677,37.528122,36.565778,36.967067,37.763738,36.692336,37.599810,73.957773,32.766391,33.698733,23.651473,23.031860,23.925549,32.106564,32.279660,31.229016,69.128936,32.032644,35.515042,23.378657,23.296221,23.439062,34.849559,35.117385,35.527815,36.875979,37.051217,29.346283,31.239926,37.189565,37.233784,30.586990,29.045583,37.571090,44.432469,35.668787,38.431257,36.538006,39.658898,38.123296,40.284212,35.224128,39.087421,36.175805,40.217313,33.520229,37.762058,33.908840,39.381652,34.856651,40.454195,37.407412,39.021152,36.795305,38.687950,35.352163,40.214943,37.189803,38.069376,36.727645,37.851580,37.375106,39.137145,79.127776,81.188428,122.371910,82.407771,126.453238,51.331801,42.701720,134.897658,118.820000,2.843000,275.100006,118.110001,2.123000,174.300003,2887561.412581,12.410375,14.226684,21.288358,82.593055,37.837530,148621735339602888000000000000000000.000000,274976772116136397000000000000000000.000000
06/22/2026 19:22:13,0.000000,0.000000,74.031825,74.808307,64.605856,79.359642,77.242310,78.145509,75.089717,74.906394,33.980659,33.300638,33.325522,34.720884,32.077728,32.117781,34.664902,35.984848,35.627454,38.206805,34.887637,38.239938,37.280160,37.662088,37.928003,37.486087,36.533809,36.871413,37.597025,36.639574,37.640324,76.924742,33.478263,33.583989,23.890057,23.343163,24.183324,31.891993,32.047862,30.015864,71.665605,32.371640,35.555046,23.654270,23.518103,23.778320,34.893652,35.129987,35.583629,36.864017,37.089818,29.478862,31.201731,37.208767,37.246353,30.599659,28.869361,37.573282,44.438800,35.669871,38.457061,36.532893,39.693797,38.109677,40.290893,35.214006,39.084744,36.174889,40.201863,33.512542,37.785342,33.898048,39.378055,34.842390,40.460390,37.379590,39.002652,36.757391,38.704856,35.326590,40.213915,37.168430,38.066314,36.714844,37.848075,37.340314,39.143896,82.880316,85.164310,122.869474,86.411361,127.389289,51.287275,43.212805,143.162225,118.879997,2.907000,283.200012,118.180000,2.172000,181.800003,2887621.410765,11.794281,13.765338,21.789708,86.511397,37.832847,148621735339602888000000000000000000.000000,274976772116136397000000000000000000.000000
06/22/2026 19:23:13,0.000000,0.000000,73.787198,74.790820,64.576609,79.341133,77.243134,78.140861,75.083007,74.908132,34.023813,33.410032,33.332720,34.719069,32.071457,32.116405,34.717325,35.973856,35.571271,38.258564,34.924090,38.246964,37.215121,37.661606,37.814092,37.527717,36.424792,36.797394,37.674670,36.655808,37.647572,73.918468,32.884690,33.365146,23.768861,23.150660,24.036192,31.681054,31.808464,29.672764,69.291530,32.107548,35.554325,23.493632,23.412549,23.558976,34.877805,35.117249,35.552873,36.869144,37.020987,29.290824,31.062870,37.157148,37.246029,30.675546,29.139946,37.570891,44.426617,35.659770,38.466863,36.529883,39.708135,38.124485,40.299934,35.221775,39.063322,36.160474,40.180912,33.510899,37.764265,33.904398,39.339318,34.851776,40.423957,37.372637,38.985566,36.794182,38.651959,35.333752,40.168200,37.178703,38.031096,36.725584,37.817267,37.345689,39.092352,78.381912,81.056696,122.363058,82.236534,126.208417,51.306655,42.928642,133.081399,118.800003,2.837000,274.200012,118.120003,2.110000,172.699997,2887681.408369,11.853776,14.042955,21.511370,81.710748,37.823489,148621735339602888000000000000000000.000000,274976772116136397000000000000000000.000000
06/22/2026 19:24:13,0.000000,0.000000,74.130264,74.817938,64.642972,79.355394,77.249004,78.173659,75.055813,74.915996,33.971289,33.337472,33.288149,34.694408,32.063626,32.101010,34.676092,35.949517,35.536573,38.217799,34.889807,38.244935,37.208668,37.623777,37.875085,37.420320,36.381097,36.875824,37.939029,36.587787,37.632085,76.936271,33.387343,33.512629,23.876869,23.362226,24.169692,31.761661,31.695729,28.963156,71.551161,32.369035,35.520514,23.653853,23.514102,23.779741,34.852928,35.107896,35.546790,36.893153,37.038545,29.398619,31.200870,37.178332,37.197789,30.531988,28.906326,37.549795,44.417805,35.632254,38.419575,36.524083,39.660209,38.104734,40.259533,35.205499,39.076786,36.145207,40.178497,33.509748,37.903186,33.901916,39.375907,34.830472,40.442991,37.378924,38.998457,36.800007,38.679399,35.336485,40.198968,37.190130,38.041353,36.722583,37.851828,37.347531,39.121982,83.168358,85.025740,122.632098,86.310873,127.330305,51.315931,43.361166,144.303600,118.820000,2.910000,283.600006,118.089996,2.178000,182.100006,2887741.405982,11.578009,13.585894,21.934620,87.040629,37.826861,148621735339602888000000000000000000.000000,274976772116136397000000000000000000.000000
06/22/2026 19:25:13,0.000000,0.000000,74.071696,74.794063,64.632491,79.348905,77.231545,78.156219,75.067861,74.895095,34.005517,33.379281,33.333071,34.731004,32.079426,32.097673,34.714131,36.199158,35.570735,38.150269,34.914684,38.144019,37.258855,37.628860,38.009280,37.656687,36.406793,36.850189,37.779551,36.762149,37.594079,74.076619,32.953139,33.326474,23.760391,23.186099,24.063990,31.652736,31.771238,30.360873,69.354626,32.057871,35.523543,23.513133,23.431603,23.613649,34.860980,35.113729,35.554907,36.868078,36.996454,29.463211,31.149554,37.177516,37.237654,30.563257,28.868995,37.540654,44.412615,35.640298,38.439070,36.521939,39.693565,38.106353,40.263790,35.207124,39.068556,36.137832,40.178649,33.512277,37.907469,33.895564,39.380455,34.847464,40.444203,37.367762,38.980259,36.759008,38.670276,35.298514,40.186172,37.155175,38.041686,36.717165,37.830510,37.312308,39.099630,78.100605,81.156428,122.393415,82.359522,126.363028,51.247402,42.954148,132.072151,118.690002,2.833000,273.700012,118.019997,2.112000,172.699997,2887801.403270,11.790079,13.987148,21.536395,81.217028,37.820545,148621735339602888000000000000000000.000000,274976772116136397000000000000000000.000000
06/22/2026 19:26:13,0.000000,0.000000,73.727094,74.762054,64.607364,79.364736,77.162732,78.169127,75.056878,74.926354,33.968855,33.344367,33.263939,34.732383,32.050992,32.105286,34.684162,36.008948,35.562946,38.202571,34.927731,38.224890,37.218666,37.587805,38.215303,37.295289,36.445265,36.757246,37.786584,36.760785,37.551674,76.743256,33.367379,33.345607,23.832172,23.270463,24.143809,31.545899,31.518276,29.060708,71.373635,32.294501,35.522999,23.593211,23.513927,23.708464,34.862618,35.098075,35.545981,36.864033,37.036603,29.496556,31.186882,37.166767,37.212314,30.491805,28.848855,37.512743,44.390561,35.638826,38.436721,36.493915,39.668134,38.078663,40.260403,35.185097,39.057352,36.124373,40.144110,33.511029,37.870882,33.855685,39.343989,34.832968,40.430564,37.357165,38.968360,36.769506,38.644997,35.292631,40.173453,37.137985,38.035515,36.695055,37.797827,37.306882,39.099951,83.029045,84.746420,122.512806,86.073853,127.132095,51.215338,43.132979,144.039023,118.550003,2.902000,282.700012,117.830002,2.173000,181.800003,2887861.400488,11.633985,13.811377,21.711622,86.918199,37.803845,148621735339602888000000000000000000.000000,274976772116136397000000000000000000.000000
06/22/2026 19:27:13,0.000000,0.000000,74.005504,74.764687,64.546737,79.334919,77.211205,78.159469,75.104305,74.918028,33.993909,33.413427,33.325452,34.746204,32.091117,32.110253,34.683628,36.053141,35.630042,38.256640,34.915949,38.240418,37.239519,37.712063,38.171488,37.360190,36.409310,37.098634,37.596455,36.577493,37.567486,73.975478,32.892604,33.530772,23.717447,23.118486,23.982999,31.771296,32.063465,30.950582,69.512768,31.975039,35.503954,23.446742,23.330261,23.491196,34.822673,35.106026,35.515494,36.860582,36.953458,29.459105,31.140550,37.160989,37.200345,30.518073,29.213383,37.543330,44.372215,35.630470,38.394396,36.491321,39.646957,38.068929,40.228228,35.190843,39.057723,36.125630,40.147564,33.491526,37.753392,33.864165,39.337433,34.797102,40.406713,37.350465,38.950642,36.753510,38.644487,35.293005,40.161376,37.127190,38.019544,36.676402,37.799967,37.314330,39.065032,77.564908,81.118564,122.497024,82.226177,126.565447,51.187261,42.779308,130.780676,118.510002,2.824000,272.500000,117.830002,2.099000,171.199997,2887921.398731,12.166089,14.139271,21.364683,80.581596,37.790130,148621735339602888000000000000000000.000000,274976772116136397000000000000000000.000000
06/22/2026 19:28:13,0.000000,0.000000,73.825522,74.776286,64.699593,79.355768,77.243902,78.180767,75.079727,74.913300,34.008193,33.335749,33.261985,34.697289,32.038033,32.124370,34.656321,36.107360,35.571633,38.195330,34.854826,38.303003,37.192082,37.585101,38.080697,37.365249,36.534182,36.862054,37.745004,36.634195,37.612976,76.424806,33.353914,33.616469,23.796564,23.263961,24.102839,31.998498,32.117328,29.885718,71.135001,32.271606,35.500369,23.573472,23.459245,23.630091,34.847989,35.071924,35.509699,36.864529,37.048072,29.452822,31.189526,37.176945,37.192422,30.498498,28.884152,37.519869,44.373578,35.618999,38.402834,36.502434,39.655883,38.088474,40.244637,35.188736,39.048990,36.121737,40.137082,33.505745,37.833814,33.879266,39.350532,34.822250,40.413714,37.374734,38.958538,36.752313,38.630493,35.292250,40.152114,37.154598,38.016405,36.708214,37.801247,37.321534,39.067368,82.660355,84.442145,122.441751,85.753568,127.005398,51.254482,43.040789,143.175826,118.599998,2.901000,282.399994,117.889999,2.165000,180.899994,2887981.396187,11.995128,13.879028,21.621341,86.517720,37.797946,148621735339602888000000000000000000.000000,274976772116136397000000000000000000.000000
06/22/2026 19:29:13,0.000000,0.000000,73.976057,74.769068,64.701695,79.332376,77.229722,78.132934,75.090447,74.890649,34.100246,33.409220,33.312801,34.675827,32.041423,32.090378,34.608771,36.063882,35.653759,38.144254,34.901106,38.247192,37.181742,37.606147,38.068688,37.317418,36.646599,37.136298,37.908945,36.611198,37.668564,73.807016,32.828003,33.196064,23.724722,23.168335,24.024301,31.355509,31.425461,29.713477,69.287335,32.097817,35.492933,23.538631,23.407377,23.614953,34.846305,35.121670,35.507686,36.847478,37.018536,29.406093,30.997122,37.156693,37.157577,30.557423,28.982943,37.493107,44.333060,35.597091,38.387183,36.496041,39.623790,38.077520,40.209924,35.191486,39.046253,36.106148,40.125536,33.469384,37.694247,33.849583,39.305749,34.787858,40.396549,37.346894,38.953255,36.737312,38.626120,35.271459,40.139197,37.130577,38.002723,36.664421,37.786235,37.285321,39.071380,78.016411,81.055928,122.475663,82.204920,126.510123,51.322962,42.792839,131.991191,118.669998,2.839000,274.299988,117.970001,2.107000,172.300003,2888041.393707,11.818078,14.114947,21.377986,81.177315,37.773513,148621735339602888000000000000000000.000000,274976772116136397000000000000000000.000000
06/22/2026 19:30:13,0.000000,0.000000,73.900619,74.802290,64.719496,79.372492,77.215589,78.180260,75.106769,74.921760,33.954503,33.336669,33.244686,34.705624,32.061528,32.138963,34.668458,36.002570,35.530455,38.126461,34.903640,38.240203,37.289268,37.755155,38.118401,37.325619,36.389674,36.805650,37.625022,36.673800,37.572207,76.883388,33.373357,33.622136,23.791281,23.194154,24.056816,32.001579,32.197836,31.161335,71.405998,32.350244,35.508138,23.528916,23.437532,23.587385,34.836305,35.091279,35.537420,36.865660,37.038577,29.360742,31.174612,37.148933,37.215706,30.551385,28.921427,37.509507,44.373680,35.611127,38.373795,36.479966,39.643624,38.078399,40.230625,35.144490,39.037359,36.101649,40.120179,33.453419,37.854677,33.858936,39.338261,34.795717,40.386113,37.348355,38.944565,36.740256,38.626409,35.261997,40.145254,37.134888,38.001975,36.680486,37.790789,37.293569,39.075639,82.830204,85.113444,122.472358,86.426561,127.165564,51.224027,43.017912,148.177216,118.739998,2.923000,285.799988,118.040001,2.195000,184.699997,2888101.390932,12.023215,13.909217,21.598921,88.816232,37.781190,148621735339602888000000000000000000.000000,274976772116136397000000000000000000.000000
06/22/2026 19:31:13,0.000000,0.000000,74.073324,74.829067,64.639269,79.365583,77.247843,78.183442,75.108227,74.930822,34.017545,33.429972,33.336222,34.750328,32.075228,32.124626,34.659567,36.107058,35.564572,38.195800,34.918716,38.207868,37.168015,37.711753,37.885578,37.536024,36.430637,37.104022,37.969919,36.689528,37.523701,74.153902,32.746294,33.600930,23.716698,23.119528,23.979115,31.859907,32.085678,30.829774,69.500444,32.031145,35.507206,23.428079,23.333102,23.506682,34.833570,35.104062,35.517084,36.834298,37.015090,29.431161,31.096587,37.136034,37.166990,30.642234,29.123099,37.490989,44.357781,35.609676,38.371466,36.477631,39.642603,38.064567,40.211984,35.165186,39.022241,36.092233,40.120062,33.452773,37.703355,33.864064,39.317964,34.774418,40.385178,37.330174,38.962161,36.726643,38.621215,35.244369,40.122634,37.117489,38.001037,36.689724,37.778804,37.287924,39.072653,78.391315,81.407087,122.480631,82.585839,126.705329,51.245870,42.756528,132.777637,118.690002,2.837000,274.299988,117.989998,2.112000,172.800003,2888161.389191,12.258648,14.164924,21.342282,81.562410,37.769300,148621735339602888000000000000000000.000000,274976772116136397000000000000000000.000000
06/22/2026 19:32:13,0.000000,0.000000,73.945980,74.806199,64.685397,79.345650,77.248926,78.167689,75.105755,74.915254,33.944514,33.353332,33.234244,34.677672,32.124271,32.129166,34.722422,35.927128,35.579419,38.144792,34.865724,38.239313,37.163682,37.735705,37.962317,37.256049,36.610202,36.902655,37.708229,36.590288,37.558843,76.570921,33.225726,33.626917,23.761106,23.215939,24.055750,31.623480,31.458191,28.710129,71.337663,32.346646,35.496853,23.512581,23.387596,23.636700,34.813731,35.074475,35.507596,36.876586,37.013602,29.480946,31.146332,37.150304,37.209117,30.452925,28.699121,37.488597,44.346919,35.602239,38.382158,36.502511,39.641460,38.058562,40.217009,35.157387,39.017712,36.099643,40.125672,33.474541,37.693632,33.842748,39.322153,34.773309,40.389595,37.335492,38.938346,36.736456,38.612907,35.231150,40.113003,37.116667,37.982496,36.668054,37.781910,37.287118,39.051997,82.923710,84.716264,122.537551,85.954323,127.291224,51.202028,43.141351,143.749509,118.489998,2.910000,283.200012,117.790001,2.172000,181.500000,2888221.385961,11.907102,13.777038,21.719815,86.784058,37.766381,148621735339602888000000000000000000.000000,274976772116136397000000000000000000.000000
06/22/2026 19:33:13,0.000000,0.000000,73.736025,74.792099,64.556521,79.363601,77.254283,78.164203,75.094004,74.911104,33.988633,33.389043,33.279291,34.709259,32.064285,32.122584,34.636674,35.973938,35.557429,38.135680,34.869436,38.222624,37.235411,37.548852,38.007684,37.227173,36.434597,36.770916,37.734838,36.624900,37.509633,73.912087,32.616963,33.598786,23.673317,23.058647,23.940671,31.866677,31.998978,30.557995,69.259321,32.040018,35.500052,23.403374,23.299883,23.498622,34.814059,35.053078,35.496639,36.866532,37.114537,29.529652,31.223516,37.163456,37.197505,30.530365,29.009739,37.483414,44.341809,35.587769,38.355374,36.465042,39.634210,38.046881,40.204037,35.143889,39.004160,36.072758,40.114342,33.463157,37.663746,33.834921,39.321093,34.760267,40.362774,37.315643,38.925597,36.704706,38.613013,35.223278,40.119030,37.093529,37.987844,36.662791,37.768700,37.266002,39.047251,78.850384,81.159197,122.361215,82.370809,126.561193,51.385136,43.000291,134.501439,118.690002,2.850000,275.700012,118.010002,2.118000,173.899994,2888281.383932,12.017139,13.918405,21.581647,82.401251,37.752901,148621735339602888000000000000000000.000000,274976772116136397000000000000000000.000000
06/22/2026 19:34:13,0.000000,0.000000,74.201286,74.809054,64.718217,79.362983,77.269250,78.169896,75.070579,74.927384,33.890241,33.278134,33.257248,34.674075,32.088176,32.125113,34.636344,35.990881,35.589950,38.187530,34.831028,38.269295,37.139312,37.545617,37.814729,37.412980,36.356193,37.082271,37.772343,36.673961,37.458735,77.035647,33.272175,33.562298,23.806051,23.300335,24.135604,31.887855,31.855781,28.961050,71.592735,32.303203,35.505337,23.591930,23.483977,23.688169,34.828773,35.070891,35.508713,36.869738,37.017204,29.391371,31.198085,37.149824,37.184759,30.543815,28.804196,37.480871,44.330440,35.595772,38.354519,36.450907,39.621461,38.045150,40.193500,35.146586,38.997227,36.076426,40.081863,33.465724,37.769706,33.835267,39.292363,34.761978,40.347169,37.327834,38.926291,36.719788,38.600692,35.238388,40.108801,37.113777,37.960265,36.690921,37.776465,37.269136,39.024789,82.874043,85.078487,122.825606,86.396731,127.344632,51.350244,43.230620,143.130003,118.589996,2.909000,283.200012,117.879997,2.173000,181.699997,2888341.381273,11.755175,13.698214,21.807123,86.496416,37.753469,148621735339602888000000000000000000.000000,274976772116136397000000000000000000.000000
06/22/2026 19:35:13,0.000000,0.000000,74.353124,74.813346,64.808499,79.350751,77.273419,78.165644,75.060512,74.912246,33.945294,33.362111,33.256799,34.705341,32.023414,32.098628,34.677597,35.970507,35.497335,38.115533,34.853198,38.169700,37.196130,37.574120,37.921649,37.370980,36.510663,36.817751,37.511587,36.572621,37.526982,73.805604,32.687339,33.547369,23.592266,23.034465,23.941137,31.951400,32.138363,30.765771,69.116734,32.037679,35.458179,23.389715,23.286222,23.430298,34.785887,35.068810,35.493864,36.833679,36.995790,29.348372,31.123486,37.130944,37.136693,30.501608,29.018989,37.468710,44.312619,35.589719,38.329058,36.452385,39.605031,38.036639,40.179724,35.132280,38.992940,36.057511,40.087276,33.419506,37.732575,33.812163,39.274834,34.728825,40.365019,37.307286,38.910197,36.685508,38.599600,35.214240,40.096248,37.102061,37.974192,36.650445,37.770511,37.260082,39.031197,78.343785,80.879550,122.355324,82.020882,126.322966,51.328036,42.658692,133.339500,118.739998,2.833000,273.500000,118.050003,2.111000,172.800003,2888401.379603,12.301373,14.212183,21.245996,81.836612,37.739279,148621735339602888000000000000000000.000000,274976772116136397000000000000000000.000000
06/22/2026 19:36:13,0.000000,0.000000,73.984097,74.813436,64.786786,79.328030,77.299510,78.163933,75.072654,74.905380,33.908419,33.282106,33.249223,34.664532,32.014958,32.065250,34.600526,35.878501,35.532320,38.083709,34.879785,38.217840,37.216029,37.572795,38.088306,37.305221,36.565953,36.777020,37.656970,36.658882,37.561042,76.866419,33.201717,33.350137,23.766147,23.229496,24.057208,31.305276,31.549434,29.322943,71.507753,32.263439,35.495030,23.549709,23.414873,23.644645,34.795431,35.063719,35.492308,36.863978,37.019744,29.615123,31.206436,37.153726,37.166109,30.561119,28.800619,37.472905,44.324561,35.585398,38.337998,36.455150,39.628327,38.028176,40.186263,35.146397,38.978256,36.069342,40.078339,33.448172,37.805274,33.819944,39.283688,34.764786,40.326995,37.305815,38.900786,36.700500,38.605287,35.209312,40.093352,37.092520,37.965212,36.635697,37.760645,37.262242,39.021881,83.217769,85.020011,122.756323,86.270619,127.449595,51.361317,43.048382,144.305219,118.680000,2.911000,283.700012,117.980003,2.173000,182.100006,2888461.377239,11.721356,13.866249,21.628781,87.041378,37.743107,148621735339602888000000000000000000.000000,274976772116136397000000000000000000.000000
06/22/2026 19:37:13,0.000000,0.000000,73.943853,74.847592,64.791422,79.359257,77.332075,78.168690,75.088676,74.937036,33.979154,33.378224,33.298687,34.725395,32.069348,32.123197,34.644096,36.115083,35.500111,38.074130,34.883029,38.257678,37.125468,37.620620,37.912583,37.566135,36.503010,36.753471,37.836722,36.654358,37.571114,74.198412,32.805108,33.464228,23.631482,23.054880,23.914966,31.511741,31.538027,29.273168,69.266986,31.978145,35.466424,23.372513,23.276635,23.457380,34.788305,35.049502,35.482592,36.839679,36.988980,29.570284,31.274808,37.128933,37.122742,30.470609,28.996937,37.458350,44.278613,35.562433,38.313346,36.447701,39.594241,38.036871,40.168061,35.135617,39.002303,36.054067,40.092220,33.414671,37.802444,33.818876,39.306080,34.736740,40.334221,37.286982,38.921704,36.674435,38.605769,35.189848,40.106965,37.089379,37.963625,36.628354,37.760383,37.251670,39.045745,79.943666,81.717044,122.333426,83.035005,126.240412,51.447100,42.918420,137.068845,118.699997,2.863000,277.799988,117.989998,2.136000,176.000000,2888521.374562,11.962890,13.965086,21.501338,83.637524,37.736057,148621735339602888000000000000000000.000000,274976772116136397000000000000000000.000000
06/22/2026 19:38:13,0.000000,0.000000,73.815609,74.853418,64.677172,79.352313,77.285938,78.170154,75.093437,74.929547,33.872886,33.313200,33.201216,34.679403,32.015637,32.058363,34.653300,35.945807,35.457862,38.164085,34.832764,38.282548,37.122954,37.592032,37.828525,37.524475,36.330262,36.795822,37.565702,36.661315,37.583375,76.383911,33.068172,33.231282,23.784860,23.262557,24.093377,31.256659,31.373396,28.743002,71.529354,32.316353,35.481150,23.575097,23.437576,23.664083,34.785406,35.072763,35.496206,36.859021,37.001467,29.436601,31.191142,37.118966,37.170707,30.520291,28.854062,37.462206,44.293448,35.553502,38.330499,36.448075,39.599058,38.021378,40.169350,35.117407,38.988932,36.026918,40.075342,33.414830,37.784928,33.796831,39.267071,34.713921,40.335351,37.275736,38.883564,36.671723,38.579667,35.171171,40.082038,37.091778,37.931624,36.619754,37.746934,37.232158,38.994510,80.685796,84.254100,122.870142,85.420165,127.472728,51.195776,43.059285,137.182351,118.690002,2.869000,278.600006,117.980003,2.141000,177.000000,2888581.372087,11.591819,13.841687,21.639463,83.691824,37.722657,148621735339602888000000000000000000.000000,274976772116136397000000000000000000.000000
06/22/2026 19:39:13,0.000000,0.000000,73.794541,74.823926,64.604132,79.361276,77.267118,78.166924,75.079400,74.934095,33.938664,33.296379,33.206168,34.662923,31.991974,32.060966,34.674092,35.941320,35.509773,38.105846,34.803112,38.187090,37.220174,37.627764,37.891207,37.313990,36.368771,36.890048,37.700496,36.618389,37.581795,74.622445,32.844753,33.275465,23.588928,23.009614,23.861675,31.650171,31.664427,29.850530,69.493396,32.144372,35.456358,23.347105,23.253465,23.394899,34.768137,35.041312,35.460308,36.795755,36.959029,29.429937,31.048575,37.089364,37.099094,30.407104,28.886179,37.437889,44.271146,35.550011,38.281536,36.433965,39.570711,37.983698,40.115470,35.104862,38.967541,36.034233,40.044727,33.415385,37.717870,33.802271,39.265878,34.709172,40.315095,37.285911,38.876068,36.660506,38.568035,35.174119,40.067264,37.074296,37.932072,36.623742,37.754010,37.225812,38.989061,80.386837,82.142286,122.103455,83.526342,126.286868,51.250895,42.567767,138.243252,118.669998,2.873000,278.500000,117.970001,2.142000,176.800003,2888641.369224,12.119064,14.299957,21.156401,84.197920,37.708412,148621735339602888000000000000000000.000000,274976772116136397000000000000000000.000000
06/22/2026 19:40:13,0.000000,0.000000,74.011325,74.846975,64.655257,79.370402,77.264891,78.189950,75.111560,74.964148,33.932005,33.355477,33.186615,34.659321,32.011511,32.075154,34.648492,35.934362,35.547883,38.168124,34.823959,38.305833,37.134775,37.620198,38.013267,37.793689,36.359896,36.981148,37.414501,36.609516,37.557366,76.310595,32.999788,32.908655,23.806775,23.267456,24.087080,30.713272,30.628591,27.683778,71.490776,32.245185,35.459636,23.570821,23.415827,23.691520,34.769111,35.059133,35.472991,36.817266,36.973359,29.435020,31.117821,37.118197,37.113774,30.430815,28.932851,37.424902,44.251461,35.536314,38.289083,36.415857,39.563702,38.013341,40.120361,35.119982,38.970754,36.022401,40.053663,33.411859,37.676358,33.785869,39.268552,34.722950,40.328074,37.287001,38.885098,36.666110,38.581573,35.169982,40.065648,37.043041,37.940229,36.629701,37.748471,37.212842,38.993767,80.510935,84.244825,122.852050,85.347894,127.554314,51.348672,43.068825,136.791152,118.699997,2.864000,277.600006,118.000000,2.139000,176.699997,2888701.367412,11.259847,13.810828,21.648808,83.504551,37.706632,148621735339602888000000000000000000.000000,274976772116136397000000000000000000.000000
06/22/2026 19:41:13,0.000000,0.000000,73.979202,74.835164,64.771577,79.372942,77.309566,78.186603,75.129247,74.948467,33.916156,33.335173,33.221859,34.695811,32.047231,32.089066,34.665137,35.919978,35.539598,38.134691,34.869773,38.156677,37.086685,37.552689,37.838548,37.367846,36.363086,36.795889,37.567979,36.471973,37.539169,75.005040,32.712052,33.360140,23.592327,22.992399,23.884777,31.751286,31.841718,30.579376,69.811471,32.194334,35.434239,23.355657,23.272771,23.449699,34.776265,35.044559,35.485508,36.845245,37.075835,29.673905,31.339582,37.096584,37.107640,30.419730,28.745589,37.416168,44.270342,35.548312,38.297065,36.445104,39.553105,38.022160,40.131800,35.121739,38.971144,36.023678,40.054053,33.413808,37.622611,33.776270,39.279404,34.704589,40.321852,37.271471,38.882396,36.669971,38.571740,35.161437,40.057184,37.052679,37.923386,36.611503,37.734275,37.204318,38.982615,80.794904,82.572020,122.161994,83.986272,126.410103,51.240901,42.669984,138.936595,118.720001,2.876000,279.399994,118.019997,2.142000,178.000000,2888761.364495,12.103025,14.177124,21.257115,84.527285,37.703206,148621735339602888000000000000000000.000000,274976772116136397000000000000000000.000000
06/22/2026 19:42:13,0.000000,0.000000,73.892649,74.840381,64.725976,79.371436,77.337122,78.195194,75.111793,74.968183,33.870335,33.279099,33.207108,34.661803,32.052276,32.127042,34.639696,36.134602,35.522231,38.110755,34.836869,38.221306,37.085948,37.728734,37.887435,37.215151,36.357005,36.762380,37.392604,36.644240,37.526850,75.207400,32.546224,33.391300,23.625156,23.043621,23.923866,31.761073,31.760628,29.494222,70.657734,32.055147,35.436159,23.403743,23.302939,23.462101,34.761489,35.009392,35.449970,36.850910,37.014063,29.580410,31.282699,37.084946,37.128287,30.422264,28.750411,37.395747,44.263827,35.527103,38.289177,36.418607,39.575823,38.004723,40.125424,35.120643,38.962150,36.027051,40.062697,33.427252,37.651453,33.816352,39.268874,34.722831,40.304096,37.308032,38.888437,36.683801,38.575383,35.182829,40.063849,37.080155,37.907344,36.614021,37.719113,37.230962,38.987581,79.341289,82.839573,122.944481,83.747577,127.354366,51.369987,42.693251,134.183428,118.760002,2.842000,275.000000,118.070000,2.116000,174.000000,2888821.362691,12.111278,14.156137,21.280022,82.247037,37.706845,148621735339602888000000000000000000.000000,274976772116136397000000000000000000.000000
06/22/2026 19:43:13,0.000000,0.000000,73.778513,74.833690,64.701674,79.367107,77.321830,78.189176,75.095767,74.961870,33.912040,33.290618,33.235959,34.665509,32.059555,32.055549,34.626934,36.000087,35.507573,38.110279,34.770750,38.113256,37.179417,37.699283,37.992683,37.090547,36.669991,36.742998,37.695022,36.716008,37.507519,75.242563,32.874078,33.595330,23.620625,23.065080,23.916202,31.896742,32.049936,30.330443,69.959669,32.168853,35.449159,23.382836,23.286959,23.504264,34.784606,35.027625,35.483446,36.823279,37.049593,29.459707,31.189721,37.092961,37.163718,30.316229,28.852816,37.413228,44.261722,35.532951,38.266743,36.417367,39.576661,37.985242,40.132870,35.101535,38.947640,35.990344,40.033224,33.379158,37.699514,33.795371,39.264139,34.687906,40.288884,37.275077,38.870109,36.653958,38.561945,35.128547,40.061073,37.042871,37.918595,36.600066,37.725063,37.200698,38.965766,80.798181,82.704242,122.134282,84.090446,126.415380,51.282723,43.005353,139.016583,118.629997,2.875000,279.100006,117.940002,2.142000,177.699997,2888881.359897,12.008720,13.862549,21.586610,84.565212,37.692609,148621735339602888000000000000000000.000000,274976772116136397000000000000000000.000000
06/22/2026 19:44:13,0.000000,0.000000,74.044705,74.829625,64.782646,79.375172,77.334548,78.174948,75.090738,74.963599,33.831912,33.321967,33.178430,34.633158,32.033774,32.055137,34.630549,35.994838,35.529087,38.090645,34.833087,38.256384,37.146283,37.651587,37.963592,37.344869,36.197279,36.978350,37.510282,36.484571,37.563097,75.345906,32.660083,33.567229,23.648585,23.113668,23.975499,31.920441,32.121675,30.456232,70.762139,32.012831,35.401517,23.434131,23.318994,23.523464,34.739747,34.998743,35.430085,36.827078,36.914908,29.576322,31.173458,37.099976,37.071229,30.429834,28.738423,37.388731,44.221440,35.534770,38.247358,36.412101,39.541533,37.976551,40.091157,35.094142,38.986652,35.982116,40.055000,33.368014,37.708758,33.762472,39.273945,34.667160,40.303804,37.259103,38.884614,36.628861,38.571782,35.120249,40.070690,37.037930,37.940186,36.590716,37.730752,37.183577,38.972510,79.276079,83.014315,123.151604,83.884791,127.498250,51.330529,42.949962,134.297744,118.809998,2.844000,275.100006,118.129997,2.116000,173.699997,2888941.357872,12.034940,13.869228,21.532289,82.302501,37.686889,148621735339602888000000000000000000.000000,274976772116136397000000000000000000.000000
06/22/2026 19:45:13,0.000000,0.000000,74.060588,74.792260,64.705069,79.368528,77.385598,78.156932,75.116534,74.930682,33.946729,33.316447,33.257347,34.653320,32.071359,32.043766,34.654373,36.016408,35.517822,38.064398,34.861284,38.241126,37.196010,37.667696,37.938722,37.189541,36.278256,36.832773,37.617645,36.791186,37.583318,75.424754,32.924088,33.561787,23.654656,23.092406,23.926044,31.923680,32.074178,30.724222,70.249739,32.130032,35.456121,23.409138,23.271596,23.501524,34.746410,35.024026,35.458491,36.836412,36.968081,29.343178,31.112950,37.091140,37.137575,30.399533,28.832601,37.399827,44.227381,35.505325,38.247160,36.416772,39.544220,37.987637,40.091640,35.092854,38.910167,35.975320,40.013869,33.392920,37.651332,33.754503,39.231291,34.672170,40.268534,37.253324,38.858548,36.615438,38.548238,35.107244,40.027772,37.039521,37.893325,36.583162,37.688297,37.199791,38.948536,81.165190,83.084029,122.255428,84.446974,126.622009,51.261953,42.718270,139.607916,118.699997,2.881000,280.000000,117.980003,2.153000,178.500000,2889001.355310,12.257142,14.151476,21.304645,84.845151,37.671537,148621735339602888000000000000000000.000000,274976772116136397000000000000000000.000000
06/22/2026 19:46:13,0.000000,0.000000,74.176599,74.872685,64.830069,79.387400,77.379240,78.190139,75.075869,74.960978,33.853663,33.348175,33.206421,34.661241,31.948857,32.038805,34.601763,35.926242,35.483880,38.088429,34.807799,38.155824,37.053103,37.630066,37.815634,37.235267,36.211194,36.903343,37.662072,36.554688,37.515844,74.865311,32.808201,33.561052,23.628442,23.080519,23.948645,31.551765,32.113410,30.874480,70.032827,31.978436,35.432025,23.386123,23.310408,23.478670,34.760152,35.017367,35.442437,36.829676,36.987821,29.578480,31.091841,37.091574,37.113687,30.494912,28.985066,37.377622,44.225290,35.514290,38.241520,36.396955,39.536823,37.960346,40.095703,35.085416,38.940000,35.987990,40.024713,33.402622,37.635791,33.766865,39.234284,34.663647,40.275200,37.241886,38.839631,36.637851,38.540579,35.109749,40.042844,37.042265,37.884105,36.583221,37.708242,37.204943,38.941322,78.937808,82.787389,122.920597,83.788489,127.264666,51.303436,42.728491,139.665721,118.849998,2.874000,278.799988,118.139999,2.143000,177.399994,2889061.353106,12.246350,14.117323,21.314702,84.872474,37.671391,148621735339602888000000000000000000.000000,274976772116136397000000000000000000.000000
06/22/2026 19:47:13,0.000000,0.000000,74.130216,74.870700,64.911423,79.379267,77.406893,78.187045,75.115674,74.956858,33.965722,33.360338,33.251471,34.602868,31.996261,32.043887,34.662447,35.944309,35.496453,38.125696,34.776031,38.224022,37.144391,37.746477,37.981664,37.444740,36.208949,36.690951,37.517955,36.483403,37.451470,75.392546,32.867500,33.708681,23.636926,23.108277,23.956231,32.050120,32.305096,31.417119,70.360734,31.983294,35.412770,23.379651,23.301696,23.507128,34.747080,34.990553,35.448010,36.829488,36.986739,29.502916,31.110357,37.060850,37.110825,30.390846,28.665006,37.352677,44.220893,35.493006,38.234883,36.377023,39.546143,37.929924,40.064041,35.065969,38.937369,35.982250,39.992122,33.382009,37.632523,33.761805,39.225939,34.667675,40.283631,37.246812,38.865288,36.642760,38.537088,35.108460,40.009481,37.038412,37.885051,36.602312,37.681789,37.195697,38.945775,80.894124,83.058710,122.188329,84.341914,126.514572,51.305647,42.947430,138.812888,118.739998,2.872000,279.100006,118.040001,2.144000,177.800003,2889121.350372,12.178876,13.882965,21.529805,84.468599,37.663627,148621735339602888000000000000000000.000000,274976772116136397000000000000000000.000000
06/22/2026 19:48:13,0.000000,0.000000,74.301444,74.870274,64.919542,79.375847,77.403043,78.195824,75.133491,74.983126,33.934489,33.373070,33.270426,34.630502,31.975009,32.043126,34.603477,35.943897,35.486551,38.065472,34.822448,38.273170,37.090566,37.612700,38.106704,37.431951,36.457826,36.715823,37.577719,36.688833,37.480600,74.728955,32.866564,33.341255,23.577098,23.002259,23.915675,31.340661,31.204316,28.188139,70.137846,32.036396,35.416561,23.364219,23.287606,23.398051,34.758838,35.032016,35.434817,36.807913,36.940982,29.500933,31.177889,37.096456,37.110166,30.488243,28.877918,37.369137,44.198644,35.518817,38.213793,36.389969,39.542959,37.974445,40.059536,35.084935,38.926699,35.977298,39.973092,33.376029,37.652650,33.757604,39.210827,34.656913,40.255296,37.258608,38.828518,36.645520,38.514678,35.096594,39.986678,37.035427,37.877397,36.592433,37.684298,37.175903,38.918964,79.291481,82.358878,123.039285,83.428447,127.521629,51.361683,42.793618,134.326565,118.680000,2.848000,275.700012,117.970001,2.122000,174.199997,2889181.348216,11.962503,14.037809,21.378752,82.316479,37.658455,148621735339602888000000000000000000.000000,274976772116136397000000000000000000.000000
06/22/2026 19:49:13,0.000000,0.000000,74.107188,74.830792,64.809052,79.368711,77.424533,78.172687,75.142288,74.954330,33.954661,33.249288,33.263953,34.613569,32.009670,32.032368,34.627097,35.930276,35.493834,38.071406,34.814213,38.162244,37.099778,37.657704,37.799333,37.291911,36.546770,36.751205,37.462338,36.487023,37.480075,75.438443,33.022076,33.606840,23.581585,23.034534,23.878068,32.004309,32.160518,31.113716,70.254211,32.023013,35.413889,23.337773,23.203806,23.449133,34.747318,34.993008,35.441433,36.842830,36.989625,29.542394,31.228227,37.093815,37.120792,30.421396,28.866286,37.357168,44.189189,35.478239,38.215308,36.383077,39.537533,37.957523,40.068214,35.076376,38.907890,35.954433,39.991324,33.361998,37.575051,33.744025,39.211576,34.655448,40.239819,37.231134,38.821399,36.621263,38.533301,35.089139,40.010022,37.013744,37.863642,36.559627,37.674517,37.164045,38.910220,81.193775,83.086841,122.282152,84.457359,126.762282,51.360102,42.858550,139.835413,118.709999,2.882000,279.799988,118.019997,2.153000,178.399994,2889241.346004,12.164284,13.971333,21.442556,84.952639,37.646541,148621735339602888000000000000000000.000000,274976772116136397000000000000000000.000000
06/22/2026 19:50:13,0.000000,0.000000,74.012743,74.934573,64.779833,79.380701,77.433181,78.172068,75.137235,74.982224,33.930328,33.330693,33.234710,34.659192,32.006486,32.045207,34.638062,36.131200,35.497465,38.111687,34.795672,38.239022,37.223530,37.797720,37.967982,37.366504,36.350467,36.888124,37.772813,36.585930,37.481236,74.732944,32.840528,33.299682,23.637025,23.020540,23.920955,31.062853,31.141725,28.908095,70.086765,31.981533,35.414482,23.367941,23.272063,23.423711,34.740332,34.994893,35.438691,36.799835,36.987562,29.459151,31.228823,37.056775,37.100117,30.382282,28.743072,37.334538,44.192048,35.479800,38.217747,36.346568,39.539036,37.940032,40.052531,35.040643,38.904336,35.933594,39.958251,33.345220,37.669737,33.720593,39.205028,34.632893,40.223377,37.207555,38.813754,36.595766,38.515370,35.047632,39.991312,36.992310,37.860406,36.543109,37.697796,37.148294,38.886561,79.205556,82.318051,123.075111,83.307232,127.256802,51.440426,42.695490,134.262121,118.690002,2.842000,275.100006,118.000000,2.115000,173.699997,2889301.343069,12.017456,14.132256,21.282226,82.285220,37.634528,148621735339602888000000000000000000.000000,274976772116136397000000000000000000.000000
06/22/2026 19:51:13,0.000000,0.000000,73.939221,74.886478,64.717902,79.391026,77.443951,78.163470,75.154656,74.961631,33.921403,33.330204,33.175558,34.639282,32.022115,32.017665,34.607705,36.058833,35.449560,38.048478,34.791635,38.203744,37.112145,37.708510,37.877666,37.381788,36.573076,36.723968,37.415232,36.634144,37.479423,75.584729,32.889834,33.621732,23.631955,23.041909,23.918574,31.984080,32.201268,31.257453,70.522407,32.084202,35.445312,23.380740,23.262012,23.455642,34.740899,35.011866,35.423653,36.843662,37.049735,29.698424,31.256701,37.102451,37.121910,30.334264,28.577127,37.358441,44.184279,35.486570,38.199762,36.369266,39.523881,37.956214,40.059418,35.052893,38.878066,35.940444,39.963744,33.368395,37.526606,33.724660,39.200008,34.661558,40.214969,37.236701,38.804007,36.593956,38.500319,35.049364,39.972991,37.009305,37.841811,36.546611,37.659309,37.155772,38.893140,81.368752,83.387632,122.343820,84.709227,126.713632,51.294469,42.816787,140.091247,118.699997,2.886000,280.299988,117.980003,2.153000,178.800003,2889361.340962,12.220207,14.043787,21.401525,85.073378,37.631082,148621735339602888000000000000000000.000000,274976772116136397000000000000000000.000000
06/22/2026 19:52:13,0.000000,0.000000,74.119479,74.911512,64.807371,79.405688,77.439271,78.182783,75.129744,74.982335,33.856960,33.246161,33.175945,34.625764,31.957333,31.995642,34.599662,36.020691,35.391446,38.076249,34.790247,38.298483,37.147757,37.748956,37.800286,37.310992,36.507029,36.890652,37.712147,36.633154,37.479829,74.959737,33.054721,33.340036,23.720923,23.246084,24.019160,31.346046,31.685092,29.027447,70.094936,32.125848,35.387944,23.542257,23.376507,23.647113,34.730455,35.020936,35.421208,36.812023,36.934537,29.625095,31.269869,37.114150,37.084520,30.270723,28.601437,37.336107,44.153355,35.493864,38.167283,36.373454,39.516452,37.947886,40.017624,35.073355,38.885334,35.947296,39.963952,33.372806,37.634861,33.729513,39.208227,34.629900,40.224027,37.225010,38.804255,36.604726,38.512388,35.044637,39.970625,36.999411,37.834989,36.556153,37.651602,37.135136,38.904762,80.034150,82.565138,123.054322,83.711273,127.339696,51.296624,42.740757,136.852196,118.680000,2.861000,277.100006,117.989998,2.134000,176.000000,2889421.337779,12.013267,14.061175,21.326769,83.533797,37.630633,148621735339602888000000000000000000.000000,274976772116136397000000000000000000.000000
06/22/2026 19:53:13,0.000000,0.000000,74.610982,74.883512,64.776041,79.384039,77.414624,78.168678,75.150733,74.970380,33.901748,33.262544,33.220771,34.612335,31.990621,31.997749,34.581807,35.947066,35.499075,38.049686,34.874010,38.155275,37.251111,37.714368,37.734336,37.474898,36.584851,36.848558,37.636950,36.647688,37.493450,75.658904,32.857704,33.489681,23.649309,23.112152,23.926520,31.910970,32.043678,30.471717,70.568819,32.135513,35.413784,23.422788,23.312577,23.521360,34.725687,34.995773,35.430212,36.809067,36.963423,29.638163,31.243271,37.078439,37.107185,30.316748,28.529295,37.344206,44.141133,35.473534,38.168662,36.382361,39.497517,37.946586,40.016327,35.046778,38.880093,35.916347,39.955632,33.336001,37.626979,33.718040,39.196524,34.594617,40.222170,37.191751,38.790038,36.579834,38.510512,35.024130,39.965584,36.985064,37.839313,36.522423,37.644878,37.110261,38.871998,81.370047,83.516119,122.399968,84.776244,126.767635,51.262513,42.876755,140.213659,118.779999,2.883000,280.399994,118.059998,2.154000,179.000000,2889481.335896,12.029246,13.953349,21.460435,85.131097,37.616643,148621735339602888000000000000000000.000000,274976772116136397000000000000000000.000000
06/22/2026 19:54:13,0.000000,0.000000,74.592952,74.945331,64.932653,79.414161,77.479353,78.190426,75.124499,74.971176,33.835334,33.255181,33.194743,34.635288,31.980260,32.041697,34.535517,36.025304,35.442543,37.993775,34.880853,38.231565,37.178035,37.735464,37.937436,37.367768,36.269914,37.027916,37.450634,36.545232,37.532767,74.556551,32.885246,33.285275,23.596555,23.015901,23.874226,31.476026,31.653788,29.507233,69.760953,32.124976,35.385828,23.344351,23.266841,23.405203,34.727331,35.004067,35.429557,36.810183,36.977984,29.488738,30.963842,37.076097,37.092018,30.379023,28.674538,37.316583,44.136007,35.439547,38.179398,36.340002,39.505079,37.923238,40.010224,35.044627,38.902334,35.931141,39.970793,33.344869,37.600442,33.736230,39.192862,34.604243,40.224942,37.200282,38.811791,36.591213,38.517449,35.038192,39.973617,37.005068,37.849162,36.531846,37.647659,37.127823,38.870989,79.317235,82.078392,122.896540,83.262029,127.000161,51.471687,42.654992,134.858311,118.699997,2.849000,275.700012,117.980003,2.124000,174.600006,2889541.333294,12.042923,14.143476,21.242352,82.574024,37.618922,148621735339602888000000000000000000.000000,274976772116136397000000000000000000.000000
06/22/2026 19:55:13,0.000000,0.000000,74.165606,74.943657,64.809976,79.398460,77.449716,78.198269,75.118331,74.977678,33.874504,33.304155,33.172171,34.609173,31.950919,32.015052,34.586028,35.961022,35.463908,38.076915,34.782932,38.263862,37.178535,37.610897,37.821171,37.523749,36.504792,36.839312,37.693563,36.505677,37.475413,75.758591,32.964489,33.603933,23.626520,23.049020,23.910901,31.825381,32.214948,31.230158,70.653409,32.136059,35.414838,23.384429,23.280040,23.476039,34.730934,34.993922,35.417709,36.820918,36.962263,29.529524,31.075005,37.109320,37.099591,30.307756,28.473423,37.328637,44.135318,35.463224,38.156179,36.369407,39.499573,37.933625,40.007365,35.041307,38.863583,35.925908,39.956332,33.351143,37.662370,33.743390,39.188257,34.645304,40.201259,37.235322,38.787625,36.599453,38.482405,35.023835,39.964985,37.013654,37.825851,36.542575,37.632297,37.144903,38.850964,81.648959,83.597101,122.499542,84.885876,126.922105,51.213634,42.801893,140.636109,118.870003,2.885000,280.600006,118.160004,2.154000,179.100006,2889601.331405,12.217047,14.027952,21.386886,85.330033,37.619202,148621735339602888000000000000000000.000000,274976772116136397000000000000000000.000000
06/22/2026 19:56:13,0.000000,0.000000,74.403046,74.943929,64.769635,79.414368,77.468609,78.191475,75.120118,74.970595,33.892536,33.298206,33.263545,34.644448,32.011276,32.029079,34.613776,35.999352,35.514254,38.113846,34.836869,38.231410,37.170804,37.606264,37.775901,37.336996,36.524493,36.904127,37.626615,36.653270,37.590932,74.947639,33.037101,33.662718,23.578736,23.039303,23.851934,31.846834,31.913209,29.509613,70.060202,32.119282,35.398867,23.322587,23.198027,23.407698,34.693872,34.987469,35.386771,36.810385,36.920225,29.575885,31.147176,37.079887,37.085636,30.491156,28.948217,37.295562,44.133024,35.452485,38.142826,36.334776,39.497231,37.907422,39.990483,35.027868,38.878603,35.918395,39.941805,33.341442,37.494489,33.720370,39.190133,34.605491,40.199364,37.213964,38.796319,36.580382,38.509735,35.026897,39.938457,36.991010,37.841183,36.526509,37.652052,37.131594,38.880047,79.769133,82.512802,122.958668,83.707640,127.362926,51.369329,42.809486,135.673741,118.830002,2.858000,276.899994,118.139999,2.127000,175.399994,2889661.328671,12.268369,14.004518,21.394349,82.967666,37.605331,148621735339602888000000000000000000.000000,274976772116136397000000000000000000.000000
06/22/2026 19:57:13,0.000000,0.000000,74.095824,74.952513,64.781316,79.403424,77.418469,78.183040,75.119836,74.960175,33.882042,33.234378,33.206825,34.591222,32.046890,32.023747,34.611757,36.070405,35.510428,38.133884,34.762519,38.139555,37.112881,37.658866,37.750470,37.308456,36.237662,36.689558,37.571372,36.743981,37.560399,76.005975,33.038843,33.783039,23.627844,23.087987,23.919389,31.928175,32.351876,31.132465,70.905072,32.071011,35.401368,23.371709,23.241330,23.523379,34.697524,34.979591,35.433123,36.804452,37.031974,29.514186,31.246382,37.064953,37.127311,30.312517,28.804387,37.298476,44.129503,35.444938,38.164896,36.321482,39.505038,37.892271,40.006217,35.013992,38.888485,35.910598,39.946387,33.315570,37.665880,33.686515,39.200105,34.591564,40.210988,37.171240,38.797812,36.561588,38.509969,34.988555,39.955795,36.964622,37.840911,36.509419,37.665480,37.107948,38.882487,81.368693,83.783238,122.415902,85.015326,126.882658,51.370092,42.996689,140.383189,118.959999,2.881000,280.200012,118.260002,2.153000,179.000000,2889721.326215,12.204923,13.823252,21.578116,85.210978,37.604958,148621735339602888000000000000000000.000000,274976772116136397000000000000000000.000000
06/22/2026 19:58:13,0.000000,0.000000,74.222008,74.927772,64.760124,79.363358,77.445282,78.183739,75.123979,74.945310,33.894064,33.268185,33.207748,34.625570,31.951793,32.001237,34.559075,36.012062,35.481658,38.098582,34.832186,38.236023,37.022404,37.598063,37.930411,37.383285,36.318419,36.819379,37.687351,36.557432,37.519290,74.610015,32.908590,32.914815,23.602647,23.027374,23.895094,30.979815,31.112162,28.962811,69.836946,32.146695,35.392311,23.340153,23.235759,23.438582,34.707596,34.969262,35.393703,36.781027,36.943761,29.409191,31.129445,37.081629,37.056862,30.468398,28.780765,37.270644,44.122286,35.442074,38.132449,36.327032,39.484214,37.885984,39.973067,35.018768,38.846675,35.897865,39.946057,33.318494,37.497298,33.704983,39.183651,34.583001,40.175152,37.204254,38.766769,36.557262,38.491968,34.989099,39.948136,36.965781,37.825295,36.517234,37.643232,37.114239,38.843313,79.417373,82.186962,122.874996,83.348591,127.031612,51.386056,42.801698,135.294200,118.860001,2.853000,276.299988,118.169998,2.123000,174.800003,2889781.323805,11.528120,14.005616,21.386695,82.784641,37.589209,148621735339602888000000000000000000.000000,274976772116136397000000000000000000.000000
06/22/2026 19:59:13,0.000000,0.000000,74.285297,74.917930,64.712963,79.387040,77.435322,78.203245,75.124039,74.956775,33.892063,33.289289,33.241296,34.610774,32.016213,32.031345,34.589381,36.009986,35.514225,38.075830,34.812890,38.184196,37.163327,37.631497,37.866044,37.101317,36.504414,36.759299,37.294914,36.667709,37.538281,75.783164,32.865895,33.085942,23.602735,23.026118,23.880405,31.541173,31.554093,29.753927,70.763600,32.156329,35.429585,23.337512,23.264033,23.445805,34.736926,34.991488,35.431459,36.807215,36.977424,29.582267,31.214599,37.074608,37.126351,30.278117,28.478790,37.274266,44.094861,35.436510,38.137946,36.329443,39.493639,37.888801,40.000553,35.018047,38.871599,35.921109,39.914098,33.320709,37.529559,33.706308,39.169235,34.619520,40.205858,37.186875,38.781641,36.589941,38.493223,34.973510,39.937366,36.967798,37.817209,36.527722,37.642657,37.110190,38.865308,81.748081,83.748192,122.393947,84.998823,126.991255,51.136488,42.727420,140.747833,118.800003,2.890000,280.899994,118.099998,2.158000,179.399994,2889841.321492,11.772294,14.115937,21.313648,85.382578,37.594183,148621735339602888000000000000000000.000000,274976772116136397000000000000000000.000000
06/22/2026 20:00:13,0.000000,0.000000,73.957589,74.939466,64.753574,79.393039,77.448074,78.191157,75.134783,74.964565,33.853037,33.277341,33.254234,34.633963,32.007432,32.026570,34.592426,35.954566,35.435837,38.040101,34.812053,38.298254,37.154603,37.718236,37.965388,37.468681,36.433919,36.909150,37.520253,36.586608,37.495120,74.835364,32.854493,33.302975,23.617618,23.032493,23.883194,31.752288,31.822674,30.132395,70.031564,32.155593,35.412620,23.330665,23.239264,23.416032,34.704785,34.985076,35.402256,36.800183,36.957395,29.514805,31.258586,37.078827,37.094748,30.353692,28.738069,37.277850,44.109707,35.432460,38.143627,36.321856,39.479586,37.907856,39.993120,35.023870,38.856572,35.879894,39.909667,33.298094,37.501316,33.679263,39.172055,34.579323,40.169822,37.179005,38.759663,36.533152,38.484692,34.972923,39.918233,36.940190,37.789902,36.497274,37.619764,37.086607,38.838688,79.406666,82.285454,122.879458,83.500472,127.238865,51.167512,42.754678,134.991572,118.910004,2.852000,275.899994,118.209999,2.124000,174.600006,2889901.319479,11.962513,14.072158,21.340462,82.638462,37.578534,148621735339602888000000000000000000.000000,274976772116136397000000000000000000.000000
06/22/2026 20:01:13,0.000000,0.000000,74.867981,74.910227,64.752627,79.371293,77.400585,78.174852,75.133352,74.964401,33.916200,33.245456,33.193461,34.622623,31.921215,31.976897,34.569500,36.017154,35.425311,38.028283,34.803292,38.269743,37.065905,37.622087,37.876288,37.511702,36.399587,36.757159,37.619010,36.610255,37.584313,75.697552,32.859735,33.458835,23.630167,23.080452,23.914995,31.779967,31.802241,29.912216,70.644202,32.128189,35.400299,23.409604,23.259964,23.512122,34.720533,34.973326,35.419764,36.805273,36.880514,29.655362,31.152626,37.097623,37.094528,30.298641,28.498249,37.272325,44.078389,35.423849,38.108985,36.313697,39.468122,37.907415,39.964476,35.002143,38.840254,35.900279,39.907033,33.325759,37.557125,33.689594,39.143800,34.586398,40.152986,37.201020,38.741915,36.559602,38.471345,34.971047,39.907494,36.973202,37.792017,36.510457,37.605084,37.105522,38.835938,81.557980,83.620747,122.241833,84.860490,126.953275,51.216766,42.948891,140.534585,118.910004,2.881000,280.299988,118.220001,2.152000,179.000000,2889961.316573,11.927597,13.869061,21.531238,85.282260,37.577242,148621735339602888000000000000000000.000000,274976772116136397000000000000000000.000000
06/22/2026 20:02:13,0.000000,0.000000,73.863555,74.937637,64.764549,79.398787,77.419718,78.216692,75.147330,74.974580,33.884097,33.294648,33.218658,34.634022,32.029300,32.014168,34.590684,36.034313,35.397257,38.065697,34.819125,38.270050,37.079923,37.535765,37.897385,37.264904,36.447001,36.882855,37.752967,36.554106,37.450782,75.212009,32.920602,33.356605,23.608949,23.057432,23.897365,31.586298,31.664707,29.628309,70.139704,32.178970,35.401676,23.395764,23.242090,23.509564,34.712677,34.998286,35.417070,36.798159,36.938068,29.551509,31.151782,37.072100,37.058832,30.444085,28.862283,37.275827,44.086861,35.420890,38.099410,36.332433,39.464582,37.888847,39.963583,35.011443,38.841649,35.878204,39.891679,33.311762,37.629388,33.659613,39.143124,34.570635,40.149848,37.173107,38.756867,36.543719,38.470069,34.947150,39.925471,36.961167,37.790195,36.503321,37.599285,37.096283,38.824954,79.770458,82.612674,122.906046,83.813284,127.277537,51.228820,42.979751,136.018631,118.459999,2.858000,277.000000,117.750000,2.132000,175.699997,2890021.314051,11.795098,13.840169,21.561507,83.133687,37.573712,148621735339602888000000000000000000.000000,274976772116136397000000000000000000.000000
06/22/2026 20:03:13,0.000000,0.000000,74.218625,74.927349,64.778508,79.365686,77.405074,78.173866,75.135509,74.943325,33.832891,33.197631,33.191854,34.595044,31.992860,32.034257,34.614420,35.871555,35.456946,38.034637,34.780399,38.131435,37.123767,37.685654,37.584302,37.257610,36.518547,36.880489,37.561452,36.420290,37.458915,75.626773,32.897217,33.580247,23.585444,23.000750,23.878791,31.966667,32.112228,30.871513,70.649139,32.160953,35.393711,23.327231,23.190574,23.431237,34.687459,34.969974,35.394288,36.812580,36.954890,29.486414,31.131744,37.050053,37.056687,30.250694,28.511420,37.248235,44.065364,35.418217,38.117506,36.302759,39.464289,37.856742,39.951833,34.996959,38.815784,35.841170,39.882155,33.284869,37.466943,33.658938,39.136314,34.542046,40.136755,37.154217,38.741104,36.529447,38.440820,34.935953,39.893887,36.929908,37.781925,36.476891,37.597200,37.067426,38.789539,81.512230,83.545105,122.254300,84.818642,126.876266,51.263176,42.897782,140.381732,118.419998,2.886000,280.100006,117.720001,2.154000,178.699997,2890081.312011,12.099167,13.912631,21.481080,85.210292,37.550840,148621735339602888000000000000000000.000000,274976772116136397000000000000000000.000000
06/22/2026 20:04:13,0.000000,0.000000,74.024377,74.934366,64.774065,79.375225,77.401999,78.186785,75.142086,74.966800,33.846874,33.242733,33.209848,34.621042,32.008712,31.992237,34.608693,35.929174,35.452731,38.004814,34.846256,38.285392,37.340259,37.563055,37.917529,37.149313,36.508694,36.560474,37.647520,36.497629,37.404424,75.027502,32.924218,33.161582,23.552261,22.996232,23.873829,31.064086,30.894748,27.390079,70.062855,32.157662,35.414403,23.319476,23.237931,23.380068,34.717969,34.966329,35.401036,36.767995,36.933520,29.555397,31.177056,37.026515,37.076935,30.443162,28.863988,37.234185,44.068508,35.396133,38.108747,36.266975,39.479973,37.824296,39.970591,34.964397,38.825149,35.867401,39.903847,33.290395,37.630676,33.687556,39.159051,34.563582,40.155344,37.162262,38.749574,36.524992,38.450505,34.939915,39.891607,36.941775,37.792173,36.490697,37.594191,37.071378,38.815106,79.721178,82.498436,122.974154,83.683693,127.290311,51.407884,42.685755,135.702239,118.320000,2.852000,276.000000,117.629997,2.127000,175.100006,2890141.309728,11.888939,14.141760,21.272643,82.981395,37.560699,148621735339602888000000000000000000.000000,274976772116136397000000000000000000.000000
06/22/2026 20:05:13,0.000000,0.000000,74.460928,74.934187,64.736259,79.352821,77.403974,78.170663,75.118168,74.934851,33.854033,33.317441,33.146348,34.631166,31.945385,32.002846,34.547196,35.984705,35.384978,38.052575,34.796636,38.295470,37.173041,37.705286,37.983966,37.365701,36.516706,36.840162,37.526463,36.542375,37.390839,75.601871,32.779396,33.303020,23.568518,23.025046,23.869035,31.718443,31.761210,29.413194,70.548479,32.062572,35.400057,23.358287,23.217154,23.477111,34.702719,34.990549,35.404309,36.780111,36.956800,29.537394,31.190704,37.089150,37.104629,30.272270,28.471980,37.252042,44.047368,35.417753,38.090984,36.301411,39.460605,37.874700,39.937134,34.992368,38.802892,35.852149,39.878535,33.291916,37.587992,33.666869,39.135462,34.538083,40.122285,37.150307,38.725725,36.532909,38.449131,34.919024,39.884287,36.935313,37.756365,36.476961,37.597711,37.043907,38.796964,81.301270,83.351121,122.277219,84.660457,126.749603,51.197221,42.985105,139.888199,118.279999,2.884000,279.799988,117.570000,2.150000,178.500000,2890201.307104,11.736262,13.833299,21.566758,84.977563,37.550638,148621735339602888000000000000000000.000000,274976772116136397000000000000000000.000000
06/22/2026 20:06:13,0.000000,0.000000,73.892271,74.911822,64.705498,79.353734,77.366137,78.165685,75.090481,74.930815,33.838895,33.268077,33.176086,34.591945,31.976384,31.974157,34.547136,35.894738,35.481550,38.037076,34.765993,38.217565,37.189222,37.640582,38.035591,37.458035,36.513698,36.691593,37.748856,36.418096,37.414951,75.265617,32.856114,32.998375,23.619410,23.043250,23.931555,31.184707,31.086675,28.209557,70.392291,32.114734,35.402334,23.373134,23.257094,23.446355,34.707751,34.964539,35.430888,36.752669,36.934744,29.637790,31.296813,37.048614,37.068958,30.349094,28.746816,37.263527,44.053688,35.399767,38.092051,36.287428,39.469375,37.856094,39.952068,34.983006,38.819911,35.842211,39.867325,33.288105,37.591273,33.642629,39.131487,34.544733,40.114676,37.148419,38.744143,36.524907,38.455275,34.922535,39.884570,36.933828,37.762432,36.468432,37.594940,37.040333,38.792955,79.731178,82.927118,123.008989,84.010629,127.460819,51.238412,42.753510,135.815907,118.339996,2.857000,277.000000,117.650002,2.128000,175.600006,2890261.304907,11.659061,14.063020,21.339314,83.036135,37.549071,148621735339602888000000000000000000.000000,274976772116136397000000000000000000.000000
06/22/2026 20:07:13,0.000000,0.000000,73.831461,74.941913,64.703031,79.373648,77.368826,78.186468,75.084573,74.942225,33.889710,33.250940,33.185168,34.575462,31.940234,31.991461,34.553810,35.963405,35.447177,38.094250,34.787033,38.240462,37.222761,37.751437,37.968021,37.172879,36.227935,36.864774,37.770257,36.638685,37.466185,75.704622,32.886745,33.412519,23.588973,23.074640,23.864855,31.697027,31.925557,30.743035,70.460004,32.197700,35.377754,23.341118,23.212977,23.478119,34.691298,34.972924,35.386035,36.772930,36.927463,29.384732,31.103669,37.076436,37.079974,30.290658,28.443764,37.236021,44.039887,35.392464,38.063571,36.297399,39.434081,37.857844,39.926931,34.975007,38.797674,35.834952,39.869357,33.282700,37.592526,33.637670,39.127700,34.531608,40.114980,37.148282,38.720615,36.506846,38.458009,34.897343,39.881247,36.910145,37.765389,36.461656,37.573588,37.051917,38.787744,81.313476,83.310169,122.349756,84.650585,126.657659,51.254747,42.841417,140.103229,118.190002,2.882000,280.000000,117.500000,2.150000,178.600006,2890321.302211,11.986793,13.952028,21.425726,85.079029,37.539172,148621735339602888000000000000000000.000000,274976772116136397000000000000000000.000000
06/22/2026 20:08:13,0.000000,0.000000,73.826683,74.880110,64.578895,79.343094,77.329354,78.162605,75.095144,74.937169,33.797594,33.265852,33.160973,34.572809,31.975434,32.023078,34.529032,35.976316,35.417732,38.003500,34.754015,38.242679,37.187394,37.616657,37.844382,37.405515,36.232661,36.802252,37.276822,36.591192,37.542325,74.735142,32.799712,33.328655,23.447981,22.873521,23.749875,31.532520,31.564598,29.399668,70.006177,32.098299,35.372170,23.214500,23.114575,23.236046,34.668974,34.965685,35.361421,36.786408,36.946218,29.637317,31.272279,37.043122,37.028084,30.274020,28.867832,37.226056,44.028258,35.369629,38.062898,36.293626,39.419167,37.852620,39.904534,34.960453,38.796730,35.819387,39.855193,33.278057,37.419938,33.663676,39.130416,34.522804,40.109293,37.138151,38.705649,36.487994,38.434788,34.905504,39.852058,36.920217,37.757033,36.459926,37.582026,37.042365,38.776448,79.935980,82.467980,122.938237,83.586414,127.135464,51.257691,42.357395,136.177961,118.330002,2.861000,277.100006,117.639999,2.130000,175.300003,2890381.299551,12.379960,14.423475,20.948695,83.210291,37.525830,148621735339602888000000000000000000.000000,274976772116136397000000000000000000.000000
06/22/2026 20:09:13,0.000000,0.000000,73.740456,74.885668,64.614884,79.363436,77.329945,78.178346,75.095314,74.944097,33.879974,33.266082,33.190979,34.573013,31.971183,31.969402,34.632620,35.980963,35.451642,38.035092,34.774647,38.147927,37.119937,37.668127,37.740761,37.373902,36.417248,36.735877,37.451886,36.492934,37.426319,75.507846,32.724817,33.273362,23.564153,23.020679,23.853029,31.411333,31.246921,28.022382,70.414523,32.052584,35.365583,23.333743,23.215458,23.428655,34.662279,34.936377,35.363141,36.778392,36.906911,29.544180,31.179215,37.020082,37.041754,30.203546,28.637569,37.211854,44.015576,35.375868,38.043054,36.254702,39.433319,37.823058,39.911185,34.947634,38.792624,35.835642,39.856822,33.287540,37.583198,33.649171,39.110090,34.528095,40.100964,37.142173,38.717608,36.517192,38.430802,34.901500,39.873785,36.934947,37.739842,36.473689,37.573229,37.063582,38.790117,81.205447,83.162514,122.085406,84.518546,126.504913,51.161262,42.733553,139.650339,118.290001,2.884000,279.899994,117.589996,2.152000,178.300003,2890441.297422,11.953680,14.045901,21.319682,84.865204,37.530629,148621735339602888000000000000000000.000000,274976772116136397000000000000000000.000000
06/22/2026 20:10:13,0.000000,0.000000,73.853578,74.889229,64.720258,79.378254,77.330055,78.174668,75.098978,74.967194,33.799695,33.250623,33.188407,34.590649,31.993792,31.999137,34.600927,35.886874,35.438441,38.013100,34.788491,38.216716,37.122923,37.640175,37.836452,37.415263,36.472981,36.740264,37.601250,36.499093,37.441050,75.233962,32.827230,33.017506,23.566178,23.042424,23.912819,31.114488,30.939806,27.816062,70.418415,32.049541,35.370581,23.357164,23.255908,23.449752,34.680508,34.945287,35.410367,36.761825,36.954364,29.625462,31.288950,37.044449,37.058159,30.277586,28.629340,37.209005,44.011947,35.368211,38.037189,36.247053,39.440023,37.824474,39.906428,34.943734,38.775732,35.824889,39.842156,33.288424,37.547391,33.654052,39.110295,34.534511,40.113381,37.152425,38.717689,36.497836,38.443282,34.902949,39.868446,36.910124,37.739481,36.459164,37.569332,37.034952,38.769492,79.933980,82.835213,123.018760,83.930918,127.415132,51.230289,42.852515,136.209211,118.320000,2.858000,276.799988,117.629997,2.128000,175.600006,2890501.295142,11.580878,13.933953,21.436628,83.225308,37.524802,148621735339602888000000000000000000.000000,274976772116136397000000000000000000.000000
06/22/2026 20:11:13,0.000000,0.000000,74.168530,74.897575,64.705188,79.353125,77.304866,78.178121,75.079715,74.941169,33.832200,33.228937,33.166274,34.573768,31.955905,32.000005,34.541383,35.854888,35.415484,38.024231,34.735797,38.097001,37.056562,37.557945,37.791288,37.193216,36.428567,36.783470,37.518002,36.630819,37.445862,75.528196,32.773378,33.249457,23.523218,22.980171,23.829121,31.709623,31.775110,30.540368,70.387826,32.114951,35.378361,23.287968,23.173711,23.385561,34.684817,34.937178,35.384269,36.784439,36.939127,29.395154,31.237511,37.017785,37.042996,30.179387,28.551754,37.198442,44.018369,35.370270,38.033058,36.266376,39.435207,37.817439,39.935989,34.961950,38.790710,35.828406,39.854470,33.277372,37.570432,33.642116,39.130837,34.491282,40.083476,37.142310,38.708035,36.505782,38.417212,34.893616,39.846759,36.907378,37.730257,36.442844,37.580438,37.019894,38.764176,81.149764,83.136020,122.267545,84.482888,126.675817,51.166324,42.645160,139.667664,118.550003,2.877000,279.500000,117.849998,2.146000,178.199997,2890561.292782,12.016788,14.145692,21.232669,84.873392,37.522163,148621735339602888000000000000000000.000000,274976772116136397000000000000000000.000000
06/22/2026 20:12:13,0.000000,0.000000,73.807774,74.877278,64.687210,79.357291,77.290085,78.186080,75.062591,74.950233,33.838236,33.234977,33.143871,34.589265,31.963448,31.992402,34.531318,35.977712,35.464053,38.013891,34.771544,38.286439,37.090587,37.655149,37.865216,37.263661,36.398933,36.803402,37.524655,36.504274,37.465620,75.085549,32.728776,33.056880,23.536612,23.001639,23.842511,31.115215,31.082240,28.244835,70.281327,32.118180,35.367328,23.339987,23.197059,23.410836,34.654837,34.919625,35.359561,36.767296,36.945367,29.575367,31.284789,37.004258,37.053795,30.273187,28.716059,37.200322,44.001443,35.386403,38.031026,36.263012,39.404853,37.799838,39.881855,34.950050,38.795197,35.817406,39.853222,33.260579,37.562126,33.633326,39.121647,34.508660,40.114198,37.117424,38.711886,36.501032,38.437639,34.889299,39.860239,36.904541,37.750905,36.458214,37.560427,37.003646,38.785477,80.078531,82.686770,123.054932,83.802383,127.392642,51.299625,42.749713,136.498239,118.430000,2.859000,277.000000,117.720001,2.130000,175.699997,2890621.289810,11.721301,14.031749,21.335579,83.364096,37.518863,148621735339602888000000000000000000.000000,274976772116136397000000000000000000.000000
06/22/2026 20:13:13,0.000000,0.000000,73.749373,74.850215,64.625609,79.327221,77.281849,78.158073,75.080704,74.923994,33.826850,33.235581,33.168919,34.596531,31.919961,31.962280,34.535246,35.757510,35.563472,37.977826,34.793880,38.236704,37.185391,37.726023,37.721102,37.219379,36.449760,36.871456,37.724789,36.516592,37.430631,75.316486,32.806080,33.365232,23.555793,22.959430,23.822279,31.602466,31.922771,30.907815,70.205095,32.120198,35.368624,23.296943,23.158490,23.393961,34.664300,34.946379,35.376992,36.791776,36.911273,29.627953,31.180936,37.049519,37.052615,30.208251,28.521226,37.184991,43.997025,35.352242,38.043360,36.247040,39.423634,37.824401,39.905033,34.935235,38.777396,35.790236,39.827951,33.233825,37.422353,33.610582,39.102412,34.483103,40.091781,37.121016,38.683251,36.478915,38.401888,34.845406,39.823845,36.893228,37.732841,36.419761,37.556061,37.003216,38.740914,80.980441,82.945624,122.286376,84.277925,126.562763,51.289943,42.868967,139.318240,118.529999,2.878000,279.200012,117.830002,2.149000,178.000000,2890681.287747,11.912445,13.915837,21.452787,84.708116,37.498431,148621735339602888000000000000000000.000000,274976772116136397000000000000000000.000000
06/22/2026 20:14:13,0.000000,0.000000,73.761039,74.875808,64.653224,79.344291,77.266522,78.178533,75.104734,74.931130,33.774239,33.209596,33.176264,34.580420,31.905120,31.982630,34.563553,35.981546,35.452037,37.962155,34.808750,38.138517,37.089287,37.739141,37.881854,37.264394,36.479789,36.847057,37.655338,36.535553,37.409393,75.321958,32.733139,33.179466,23.605069,23.026660,23.865274,31.494196,31.568153,29.321612,70.553150,32.095505,35.360715,23.356152,23.238765,23.436897,34.641606,34.916598,35.362102,36.764081,36.870644,29.667708,31.241604,37.000797,36.977797,30.266578,28.651693,37.177210,43.962674,35.350762,38.003012,36.237592,39.385819,37.785626,39.868121,34.916276,38.758058,35.777914,39.799823,33.244143,37.385757,33.609347,39.072873,34.463154,40.059916,37.103627,38.679579,36.471509,38.395824,34.840646,39.805146,36.874018,37.704860,36.426259,37.524979,36.992719,38.723819,79.771651,83.286463,123.148977,84.241399,127.489166,51.260213,42.939448,136.025432,118.510002,2.866000,277.799988,117.820000,2.132000,176.100006,2890741.285082,11.657493,13.838742,21.521973,83.136958,37.480035,148621735339602888000000000000000000.000000,274976772116136397000000000000000000.000000
06/22/2026 20:15:13,0.000000,0.000000,73.807816,74.852394,64.650051,79.347582,77.284566,78.177621,75.082508,74.927065,33.797305,33.178905,33.165572,34.570562,31.950014,32.005246,34.521695,36.004422,35.427193,37.974940,34.753726,38.187887,37.074596,37.617513,37.929416,37.040477,36.391806,36.808666,37.623173,36.451117,37.372278,75.283975,32.850544,33.554937,23.483706,22.902991,23.775738,31.971557,32.134024,31.113923,70.034784,32.136716,35.352105,23.217066,23.146269,23.311429,34.671302,34.942292,35.375991,36.809800,37.006695,29.680003,31.306912,37.045000,37.035712,30.139057,28.456855,37.187087,43.988741,35.354062,38.027947,36.248858,39.417789,37.818986,39.880681,34.936896,38.761161,35.813808,39.815263,33.272844,37.502721,33.621601,39.095866,34.493823,40.072587,37.117229,38.684768,36.481965,38.404931,34.854228,39.826788,36.897067,37.718894,36.432790,37.542111,37.013783,38.749252,80.969489,82.789372,122.148049,84.192802,126.458811,51.127527,42.653240,139.285371,118.470001,2.877000,279.299988,117.779999,2.146000,178.000000,2890801.283005,12.314310,14.111478,21.240627,84.692555,37.501151,148621735339602888000000000000000000.000000,274976772116136397000000000000000000.000000
06/22/2026 20:16:13,0.000000,0.000000,73.612661,74.810014,64.537876,79.353901,77.283738,78.178898,75.113700,74.943900,33.797892,33.195492,33.174159,34.570630,31.999527,32.005758,34.599252,35.922406,35.410495,37.978617,34.786247,38.162338,37.118888,37.806719,37.821528,37.429509,36.542580,36.747016,37.666775,36.542138,37.409567,75.329724,32.798678,33.405821,23.486021,22.924131,23.796861,31.674311,31.722425,29.411828,70.614856,32.061382,35.352296,23.256690,23.166178,23.325500,34.653738,34.930056,35.357223,36.782660,37.009540,29.469715,31.130655,37.032354,37.013335,30.239986,28.466072,37.163940,43.956697,35.340288,38.005826,36.247496,39.405355,37.795038,39.862965,34.927939,38.739539,35.792992,39.814826,33.258778,37.425515,33.629750,39.098485,34.468948,40.041300,37.103075,38.681677,36.459465,38.397498,34.845875,39.799821,36.883715,37.706076,36.418624,37.523986,36.999261,38.711810,80.015579,83.080581,123.033288,84.090594,127.445011,51.243764,42.748448,136.101049,118.459999,2.860000,276.899994,117.769997,2.130000,175.399994,2890861.280478,12.071486,14.017961,21.334335,83.173320,37.483552,148621735339602888000000000000000000.000000,274976772116136397000000000000000000.000000
06/22/2026 20:17:13,0.000000,0.000000,73.997871,74.796355,64.612574,79.353198,77.288510,78.187873,75.100899,74.935743,33.836991,33.229731,33.197290,34.610613,31.961274,31.964392,34.591729,35.983986,35.439765,38.003817,34.814210,38.275893,37.067642,37.634430,37.871474,37.363656,36.348940,36.895445,37.512305,36.545902,37.402339,74.695982,32.810083,33.349238,23.452441,22.908462,23.757469,31.606202,31.793311,30.454278,69.511325,31.995799,35.364482,23.228235,23.114868,23.322026,34.663607,34.895575,35.365186,36.757426,36.943411,29.606840,31.186574,37.007252,37.016098,30.189277,28.523618,37.129432,43.956744,35.300888,37.998805,36.210797,39.390744,37.777305,39.851007,34.909256,38.745462,35.773244,39.808840,33.250766,37.533802,33.626183,39.064526,34.460971,40.052712,37.101704,38.678101,36.466178,38.397571,34.819338,39.810086,36.881188,37.711776,36.413268,37.531014,36.996238,38.733068,80.506411,82.208645,122.255046,83.595657,126.448280,51.246871,42.900995,138.540052,118.419998,2.872000,278.799988,117.709999,2.143000,177.399994,2890921.277883,11.865003,13.880247,21.484235,84.339046,37.479367,148621735339602888000000000000000000.000000,274976772116136397000000000000000000.000000
06/22/2026 20:18:13,0.000000,0.000000,73.759777,74.758784,64.517240,79.337937,77.253833,78.153654,75.097547,74.912958,33.818062,33.268559,33.106345,34.537097,31.896367,31.936458,34.545527,35.952923,35.396499,37.977918,34.742079,38.149272,37.228298,37.758297,37.892179,37.614671,36.235153,36.725988,37.528645,36.449847,37.368977,76.208452,32.877902,33.086389,23.657151,23.120446,23.955853,31.205265,31.045295,27.885576,71.383719,32.178268,35.360242,23.451545,23.270100,23.535191,34.657321,34.940733,35.329197,36.772381,36.892291,29.616398,31.216176,37.020004,37.007177,30.172707,28.457044,37.151897,43.920544,35.323692,37.986192,36.208781,39.366316,37.770061,39.831441,34.907751,38.721517,35.759400,39.785809,33.222506,37.378380,33.596160,39.061751,34.457737,40.032698,37.086481,38.660260,36.431399,38.383629,34.799568,39.784714,36.864572,37.678004,36.405557,37.519777,36.974309,38.699270,80.731935,84.137224,122.952730,85.217026,127.617424,51.124617,42.806079,137.486114,118.519997,2.866000,278.000000,117.820000,2.140000,177.000000,2890981.275000,11.695388,13.969241,21.391001,83.836997,37.459006,148621735339602888000000000000000000.000000,274976772116136397000000000000000000.000000
06/22/2026 20:19:13,0.000000,0.000000,73.695739,74.798340,64.591491,79.355404,77.232163,78.172828,75.086120,74.928565,33.874372,33.282694,33.133817,34.553160,31.936105,31.979760,34.571673,35.953779,35.377357,37.946027,34.779696,38.191763,37.148794,37.646141,37.924400,37.495744,36.375437,36.831680,37.728805,36.528580,37.396280,74.197348,32.500691,33.287160,23.353004,22.806284,23.654029,31.667223,31.694844,30.431978,69.229120,32.015978,35.329212,23.105199,23.026327,23.218582,34.629060,34.904943,35.346263,36.754021,36.982965,29.616839,31.163146,37.003326,37.000230,30.162139,28.642440,37.147697,43.931608,35.328226,37.963764,36.227921,39.351954,37.787044,39.831631,34.900847,38.746135,35.773034,39.819651,33.224466,37.451945,33.612777,39.080798,34.453820,40.056846,37.095239,38.662821,36.447135,38.385197,34.833076,39.799143,36.861801,37.703991,36.416093,37.532067,36.989150,38.706135,79.987083,81.631328,122.333221,82.967975,126.352813,51.254088,42.711942,137.297315,118.489998,2.857000,277.000000,117.790001,2.132000,175.800003,2891041.273324,11.988742,14.030794,21.298418,83.746792,37.470734,148621735339602888000000000000000000.000000,274976772116136397000000000000000000.000000
06/22/2026 20:20:13,0.000000,0.000000,73.965326,74.801444,64.779780,79.352212,77.256346,78.175944,75.090346,74.929834,33.713730,33.188599,33.102821,34.545448,31.987607,31.985825,34.579728,36.028692,35.408940,37.949676,34.754973,38.255189,37.082288,37.657021,37.770710,37.246026,36.236996,36.937084,37.471696,36.449034,37.307852,76.726163,33.007599,33.343586,23.539911,23.004940,23.841332,31.725264,31.742193,29.824473,71.676579,32.243007,35.345824,23.335723,23.201756,23.438259,34.644286,34.918833,35.339159,36.777458,36.917270,29.464541,31.170044,37.006122,37.002584,30.141330,28.528650,37.141494,43.941195,35.331268,37.972096,36.202181,39.377481,37.778155,39.855822,34.914987,38.737895,35.749701,39.814506,33.215694,37.492287,33.597790,39.066324,34.445031,40.029619,37.094005,38.663796,36.443875,38.388569,34.800981,39.781067,36.869759,37.690826,36.411760,37.524645,36.981470,38.709063,81.489029,84.659785,122.993846,85.904045,127.535996,51.280886,42.860400,139.315326,118.529999,2.878000,280.000000,117.839996,2.147000,178.399994,2891101.270601,11.899213,13.901451,21.444373,84.706737,37.467445,148621735339602888000000000000000000.000000,274976772116136397000000000000000000.000000
06/22/2026 20:21:13,0.000000,0.000000,74.046816,74.787373,64.701406,79.332393,77.249960,78.176298,75.089977,74.903697,33.825167,33.250339,33.119235,34.538726,31.960813,31.982640,34.563691,35.964411,35.365918,37.984987,34.767361,38.202127,37.041090,37.740477,38.059141,37.313167,36.409264,36.685419,37.710872,36.512390,37.289361,74.223630,32.534123,33.301452,23.365523,22.822843,23.703717,31.634323,31.699366,29.967088,69.379769,31.987153,35.316674,23.145401,23.047710,23.218630,34.644634,34.916964,35.348743,36.758267,36.888620,29.614481,31.218271,37.011777,37.008238,30.251344,28.547222,37.122754,43.920228,35.305643,37.982339,36.200493,39.374422,37.779950,39.825878,34.921667,38.716141,35.751345,39.763690,33.213801,37.469186,33.593677,39.035269,34.438645,39.984884,37.086257,38.630020,36.431909,38.368242,34.801853,39.762211,36.840659,37.687060,36.388069,37.501429,36.962877,38.683448,79.119705,81.326643,122.310876,82.550944,126.551297,51.202694,42.699286,135.097467,118.580002,2.845000,275.200012,117.870003,2.120000,174.199997,2891161.268374,12.015490,14.030712,21.285962,82.689637,37.451468,148621735339602888000000000000000000.000000,274976772116136397000000000000000000.000000
06/22/2026 20:22:13,0.000000,0.000000,74.043226,74.799841,64.515603,79.367015,77.251806,78.176459,75.090935,74.935916,33.729768,33.196648,33.135760,34.590022,31.859079,31.965990,34.474058,36.036588,35.444000,37.941331,34.787844,38.273061,37.055960,37.804824,37.904072,37.325537,36.331249,36.930849,37.458392,36.538837,37.300688,76.681393,33.105743,33.207074,23.651957,23.071333,23.921555,31.102500,31.205432,28.728741,71.548732,32.246806,35.375311,23.411673,23.260242,23.489583,34.650305,34.897356,35.347428,36.747663,36.911311,29.470129,31.201026,37.010797,37.013893,30.209790,28.354468,37.110385,43.926746,35.303809,37.980953,36.204417,39.377282,37.755420,39.845486,34.892171,38.693745,35.750131,39.769094,33.226292,37.418839,33.617267,39.040696,34.447653,40.010297,37.107339,38.632523,36.459880,38.366562,34.800165,39.754693,36.873813,37.665702,36.402531,37.495096,36.964290,38.657051,81.662634,84.654006,122.880237,85.892342,127.627180,51.200459,42.896517,139.630908,118.559998,2.888000,280.799988,117.870003,2.156000,179.300003,2891221.265286,11.727235,13.895472,21.479839,84.856020,37.451678,148621735339602888000000000000000000.000000,274976772116136397000000000000000000.000000
06/22/2026 20:23:13,0.000000,0.000000,73.876162,74.795605,64.646025,79.355605,77.251744,78.170925,75.108444,74.925547,33.791006,33.214821,33.173935,34.563222,31.967144,32.016130,34.538154,36.029264,35.376588,38.005782,34.766064,38.150547,37.071258,37.642463,37.940503,37.213433,36.331377,36.954864,37.581401,36.362806,37.389712,73.906048,32.563024,33.263672,23.430158,22.883927,23.735192,31.594534,31.687645,29.958032,69.230291,32.032780,35.326640,23.224032,23.096773,23.283335,34.619530,34.906060,35.327345,36.755931,36.925549,29.567875,31.275520,36.984536,36.988074,30.220768,28.245886,37.132802,43.908503,35.319056,37.957275,36.189098,39.373995,37.761847,39.835148,34.898621,38.724143,35.738556,39.763307,33.202032,37.403989,33.575251,39.045817,34.421299,40.023508,37.082565,38.640902,36.404757,38.372506,34.774645,39.768723,36.845867,37.662600,36.392784,37.516747,36.952109,38.685945,78.399161,81.013279,122.472185,82.217855,126.693878,51.156459,42.416973,133.054035,118.480003,2.830000,273.500000,117.800003,2.105000,172.300003,2891281.263308,12.256096,14.319064,21.007576,81.697394,37.445813,148621735339602888000000000000000000.000000,274976772116136397000000000000000000.000000
06/22/2026 20:24:13,0.000000,0.000000,73.941549,74.803463,64.553911,79.355707,77.248054,78.170185,75.102134,74.925572,33.799694,33.244846,33.129297,34.568826,31.894815,31.975889,34.538196,35.957562,35.388804,37.976875,34.749903,38.187042,37.173695,37.734221,38.041266,37.252829,36.227289,36.725208,37.523888,36.562810,37.292007,76.893149,33.019674,32.930322,23.625221,23.041445,23.900199,30.504221,30.507341,27.797155,71.556073,32.306564,35.373473,23.354263,23.227019,23.474126,34.645202,34.898019,35.355799,36.716199,36.871433,29.546321,31.262004,37.016766,36.994651,30.071367,28.352633,37.112105,43.906614,35.283904,37.955372,36.173465,39.361846,37.750558,39.812429,34.878422,38.719854,35.741782,39.771366,33.211322,37.423840,33.549444,39.059382,34.414530,40.022418,37.042108,38.636720,36.406219,38.373523,34.758812,39.733957,36.825574,37.675648,36.377967,37.501508,36.937204,38.685196,83.227407,85.094114,122.932656,86.344510,127.576357,51.077189,42.973910,144.374521,118.550003,2.909000,283.500000,117.820000,2.175000,182.199997,2891341.260702,11.374543,13.817694,21.555779,87.073422,37.436770,148621735339602888000000000000000000.000000,274976772116136397000000000000000000.000000
06/22/2026 20:25:13,0.000000,0.000000,74.101575,74.788427,64.485231,79.347325,77.251869,78.147062,75.053927,74.910730,33.766628,33.215756,33.082423,34.542226,31.869889,31.934481,34.500757,35.916646,35.289762,37.973580,34.742158,38.059856,37.073769,37.646740,37.947886,37.311023,36.309800,36.730242,37.450235,36.433743,37.288456,74.133129,32.495405,32.798705,23.577227,22.986703,23.859830,30.933787,31.002413,28.495118,69.495948,32.022433,35.349548,23.333215,23.192526,23.402490,34.626610,34.907816,35.355600,36.732371,36.890464,29.499059,31.184928,36.981422,36.998230,30.140954,28.282369,37.086255,43.918037,35.295450,37.950534,36.181456,39.354001,37.745348,39.811640,34.881176,38.703905,35.695649,39.747944,33.167348,37.405296,33.563238,39.028380,34.388673,39.999771,37.027339,38.626394,36.381754,38.377377,34.724094,39.750986,36.804619,37.663543,36.338839,37.492494,36.911869,38.661241,78.311659,81.338189,122.512536,82.546990,126.662358,51.057761,42.615663,132.540586,118.529999,2.839000,274.200012,117.839996,2.110000,172.600006,2891401.258256,11.595095,14.145938,21.203610,81.446493,37.422822,148621735339602888000000000000000000.000000,274976772116136397000000000000000000.000000
06/22/2026 20:26:13,0.000000,0.000000,73.926572,74.806246,64.579394,79.314597,77.247709,78.151744,75.072314,74.893212,33.729795,33.131344,33.134010,34.527311,31.913269,31.930197,34.580582,35.811193,35.415221,37.930314,34.759486,38.211521,37.004941,37.761807,37.710136,37.277828,36.457072,36.745156,37.570778,36.475218,37.317430,76.234776,32.745139,33.219013,23.522745,22.993143,23.827305,31.616324,31.828824,30.534829,71.029551,32.173941,35.350417,23.282121,23.158006,23.388978,34.619441,34.895328,35.297763,36.777283,36.897525,29.597148,31.286502,36.992851,36.976928,30.102097,28.319637,37.106825,43.885290,35.291605,37.948911,36.185586,39.364641,37.749823,39.787012,34.874579,38.719215,35.695068,39.751774,33.193746,37.424040,33.566969,39.052363,34.385283,40.000027,37.031576,38.638568,36.385381,38.370398,34.737931,39.743489,36.813906,37.659380,36.366098,37.504685,36.918149,38.689576,82.465184,84.299982,122.589415,85.539346,127.181744,51.023913,42.751076,142.527174,118.519997,2.892000,281.700012,117.830002,2.161000,180.399994,2891461.256191,11.882093,14.013497,21.336920,86.215721,37.428063,148621735339602888000000000000000000.000000,274976772116136397000000000000000000.000000
06/22/2026 20:27:13,0.000000,0.000000,73.917184,74.796023,64.643455,79.315722,77.240832,78.133933,75.062027,74.866447,33.801172,33.211662,33.163220,34.519691,31.903837,31.903391,34.502570,35.951673,35.369892,37.954931,34.732305,38.184062,37.068996,37.642854,37.929811,37.315925,36.342204,36.781653,37.337590,36.389568,37.313782,74.482859,32.523108,33.235345,23.462901,22.900999,23.763895,31.433103,31.646063,29.683224,69.829246,31.984188,35.342777,23.225560,23.147145,23.302431,34.620250,34.878840,35.311545,36.721577,36.896977,29.609528,31.301991,36.993657,36.999849,30.147490,28.628462,37.092715,43.883254,35.279796,37.903122,36.167148,39.348563,37.746086,39.797830,34.865507,38.692033,35.688163,39.740055,33.180449,37.423633,33.568337,39.036083,34.390209,39.968827,37.040067,38.605990,36.383686,38.347954,34.738450,39.710987,36.793673,37.629414,36.353791,37.487533,36.921320,38.653457,78.846022,81.814058,122.814527,82.954143,126.921321,51.160190,42.501472,133.568293,118.599998,2.844000,275.100006,117.910004,2.115000,173.300003,2891521.253763,12.144337,14.251769,21.091008,81.948049,37.414604,148621735339602888000000000000000000.000000,274976772116136397000000000000000000.000000
06/22/2026 20:28:13,0.000000,0.000000,73.745543,74.776678,64.556308,79.323045,77.233428,78.174512,75.087013,74.908759,33.763851,33.172980,33.134314,34.524071,31.945653,31.928280,34.551988,35.976644,35.363227,37.996440,34.709666,38.173405,37.172423,37.759022,37.797873,37.333780,36.484699,36.775870,37.407411,36.424947,37.309815,76.056245,32.784614,33.385103,23.465431,22.912495,23.736419,31.717545,31.657403,29.286080,70.911065,32.165852,35.309415,23.216477,23.078910,23.312511,34.586754,34.880391,35.303753,36.770432,36.887568,29.447976,31.216321,36.988570,37.012012,30.164652,28.438567,37.084497,43.859385,35.293791,37.904258,36.173600,39.332134,37.729625,39.753201,34.859630,38.680299,35.697650,39.718197,33.175457,37.319637,33.570011,39.019369,34.394698,39.986039,37.044516,38.605134,36.395659,38.336053,34.731819,39.719460,36.819873,37.642257,36.344522,37.488886,36.905860,38.640679,82.316191,84.066993,122.402599,85.343534,127.029031,51.059893,42.814548,141.952196,118.320000,2.896000,281.700012,117.629997,2.161000,180.100006,2891581.250875,11.985779,13.910091,21.399324,85.947258,37.407540,148621735339602888000000000000000000.000000,274976772116136397000000000000000000.000000
06/22/2026 20:29:13,0.000000,0.000000,73.791146,74.788003,64.530992,79.315202,77.241996,78.143512,75.128548,74.908058,33.794612,33.171321,33.201097,34.542338,31.919894,31.934148,34.525571,35.872322,35.426721,37.948405,34.750593,38.137265,37.204781,37.699000,38.036647,37.474564,36.431028,36.961996,37.439567,36.629740,37.377746,74.381701,32.680404,33.393390,23.448653,22.875089,23.738902,31.722814,31.826611,30.280771,69.785149,31.958014,35.327993,23.183281,23.091868,23.256496,34.607153,34.887478,35.325666,36.755141,36.908321,29.431438,31.069682,36.992099,36.989003,30.200307,28.516851,37.083365,43.866308,35.284831,37.907257,36.186345,39.350624,37.745058,39.784022,34.868023,38.674623,35.677775,39.736332,33.177678,37.301066,33.561570,39.014351,34.371901,39.962232,37.030794,38.596294,36.357995,38.348379,34.713150,39.697603,36.802803,37.644014,36.340083,37.469424,36.919976,38.640199,78.575578,81.633693,122.631019,82.800452,126.867431,51.150972,42.617707,132.973561,118.500000,2.834000,274.000000,117.809998,2.110000,172.800003,2891641.248704,12.187766,14.122369,21.205624,81.658112,37.403802,148621735339602888000000000000000000.000000,274976772116136397000000000000000000.000000
06/22/2026 20:30:13,0.000000,0.000000,74.014494,74.795217,64.707635,79.326782,77.204733,78.170679,75.077877,74.904691,33.752867,33.193987,33.123766,34.503668,31.873495,31.898887,34.518009,35.793901,35.457743,37.949730,34.759463,38.210952,37.120247,37.654737,38.075058,37.352974,36.360260,36.844383,37.491341,36.376196,37.377287,76.115986,32.891593,33.514659,23.445676,22.907072,23.758319,31.708212,32.074321,31.157521,70.823560,32.123954,35.291179,23.217310,23.126347,23.293286,34.590344,34.878658,35.310077,36.747544,36.843267,29.513469,31.204227,36.956320,36.989052,30.196344,28.523914,37.056311,43.855183,35.260289,37.884562,36.146334,39.326559,37.716084,39.759530,34.840276,38.691605,35.678429,39.720672,33.171255,37.414046,33.565367,39.025175,34.385450,39.966214,37.045406,38.601608,36.389449,38.331183,34.731806,39.709374,36.811962,37.625910,36.355150,37.461484,36.912040,38.650818,82.131463,83.992223,122.498360,85.264624,127.103923,51.196346,42.501180,141.553224,118.529999,2.893000,281.399994,117.820000,2.162000,179.899994,2891701.246117,12.423939,14.200459,21.090720,85.760549,37.402984,148621735339602888000000000000000000.000000,274976772116136397000000000000000000.000000
06/22/2026 20:31:13,0.000000,0.000000,73.886407,74.783869,64.699998,79.337528,77.271959,78.165869,75.099844,74.894978,33.759956,33.220190,33.197081,34.521678,31.916078,31.891132,34.524527,35.954104,35.389034,37.894931,34.771422,38.133040,37.201435,37.853407,37.868174,37.053030,36.521167,36.758349,37.587494,36.473368,37.380028,74.458276,32.800982,33.438779,23.443455,22.955495,23.765055,31.600309,31.540610,28.599475,69.683224,32.014216,35.290384,23.246975,23.093279,23.367027,34.583065,34.883355,35.295427,36.752388,36.860169,29.547898,31.211002,36.977372,36.967198,30.304486,28.657748,37.079728,43.841320,35.265780,37.881641,36.158018,39.317595,37.711079,39.760709,34.864080,38.670453,35.680678,39.727759,33.164038,37.364869,33.531500,39.030963,34.349114,39.962003,37.015526,38.599596,36.369783,38.326578,34.706776,39.695354,36.799219,37.636713,36.332328,37.474499,36.882654,38.636504,78.544715,81.659637,122.677023,82.846164,126.920526,51.310998,42.709800,132.758531,118.529999,2.837000,274.200012,117.839996,2.112000,173.000000,2891761.243639,12.142469,13.994074,21.296310,81.553072,37.394562,148621735339602888000000000000000000.000000,274976772116136397000000000000000000.000000
06/22/2026 20:32:13,0.000000,0.000000,73.837727,74.797350,64.744426,79.327745,77.255412,78.178377,75.099296,74.915130,33.770057,33.141858,33.126747,34.528460,31.881013,31.891259,34.495337,35.809804,35.344600,37.927953,34.773083,38.187491,37.143189,37.778417,37.878428,37.455935,36.387003,36.778648,37.574181,36.542356,37.366353,76.308020,33.116642,33.396603,23.512144,23.038109,23.848950,31.644633,31.812138,30.531060,70.980370,32.123262,35.275254,23.296200,23.148785,23.410587,34.598694,34.867936,35.273526,36.747782,36.937081,29.658428,31.291146,36.975262,36.956684,30.009025,28.160457,37.063626,43.839776,35.235851,37.889806,36.151146,39.289993,37.719660,39.763096,34.850073,38.662346,35.673870,39.715255,33.143484,37.348843,33.546049,39.000831,34.350315,39.942631,37.026159,38.595200,36.371745,38.317496,34.702976,39.696885,36.799871,37.626566,36.331904,37.464792,36.895675,38.620804,82.073654,84.178076,122.567503,85.444688,127.049509,51.217405,42.898950,141.780074,118.500000,2.888000,281.200012,117.779999,2.160000,179.800003,2891821.241156,11.914376,13.793027,21.482227,85.866752,37.387891,148621735339602888000000000000000000.000000,274976772116136397000000000000000000.000000
06/22/2026 20:33:13,0.000000,0.000000,73.701121,74.804982,64.709821,79.355752,77.230826,78.171493,75.071630,74.910271,33.806758,33.241694,33.145255,34.534543,31.875093,31.915185,34.462809,35.965575,35.295243,37.927796,34.773369,38.193988,37.032497,37.720402,37.802294,37.384625,36.347539,36.686107,37.516210,36.424559,37.303201,74.607563,32.721046,32.385686,23.413071,22.852935,23.714527,30.158526,30.146489,27.920574,69.829226,31.926258,35.285185,23.190639,23.070994,23.246074,34.583968,34.871397,35.300469,36.741050,36.885505,29.523938,31.174139,36.953502,36.974734,30.179684,28.729300,37.054242,43.829097,35.260519,37.892302,36.162946,39.304670,37.704757,39.741620,34.827134,38.650500,35.698752,39.681383,33.200040,37.407313,33.554603,39.004984,34.377567,39.950761,37.054221,38.569353,36.378621,38.311991,34.709423,39.668121,36.809935,37.595826,36.347595,37.452171,36.898565,38.621040,78.308261,81.744391,122.467292,82.914938,126.984024,51.029928,42.474117,132.083647,118.449997,2.837000,273.899994,117.769997,2.108000,172.199997,2891881.238866,11.321677,14.221176,21.064009,81.222666,37.390668,148621735339602888000000000000000000.000000,274976772116136397000000000000000000.000000
06/22/2026 20:34:13,0.000000,0.000000,73.961104,74.795959,64.812709,79.341625,77.272696,78.159030,75.114916,74.897803,33.768627,33.153316,33.129760,34.542303,31.869521,31.895803,34.476591,35.829183,35.317022,37.966733,34.776978,38.173447,37.090209,37.668029,37.986998,37.176840,36.287872,37.008262,37.636084,36.441474,37.301541,76.219196,32.822536,32.710483,23.542276,22.977279,23.830710,30.845224,30.967775,28.316298,70.978163,32.135634,35.305952,23.284666,23.168616,23.363397,34.598990,34.867787,35.317319,36.720261,36.859339,29.557318,31.197690,36.976441,36.981749,30.106065,28.267923,37.035231,43.831102,35.248360,37.878416,36.137961,39.311200,37.705555,39.746823,34.824386,38.650113,35.666022,39.700393,33.154426,37.280587,33.557875,39.009943,34.351935,39.945509,37.029048,38.609119,36.363698,38.320508,34.691807,39.707979,36.784017,37.625475,36.325056,37.477404,36.873919,38.614546,82.458910,84.263813,122.350515,85.529316,127.011971,51.103011,42.518313,142.507582,118.419998,2.899000,282.000000,117.709999,2.167000,180.500000,2891941.235910,11.602858,14.198327,21.107625,86.206585,37.381947,148621735339602888000000000000000000.000000,274976772116136397000000000000000000.000000
06/22/2026 20:35:13,0.000000,0.000000,74.125943,74.838124,64.825450,79.335152,77.291484,78.162228,75.123748,74.884247,33.737862,33.215413,33.170971,34.494789,31.931400,31.931400,34.543438,35.810430,35.394020,37.982074,34.694354,38.090812,37.054345,37.683015,37.775218,37.377428,36.342623,36.623668,37.532076,36.509491,37.353900,74.120029,32.407782,32.891638,23.287553,22.721971,23.598898,31.121608,31.136758,29.236775,69.422805,31.977448,35.305155,23.057126,22.940603,23.087830,34.571480,34.851818,35.283648,36.694613,36.887740,29.411581,31.105542,36.987495,36.966264,30.209040,28.717276,37.039669,43.822122,35.218006,37.855673,36.131994,39.284786,37.688369,39.735412,34.826210,38.665070,35.664643,39.717976,33.164783,37.426617,33.545127,39.011673,34.357669,39.947489,37.013344,38.575788,36.353412,38.332768,34.678394,39.698671,36.776888,37.609782,36.308010,37.457288,36.883104,38.613558,78.267045,81.299329,122.646404,82.469570,126.679143,51.212543,42.386502,132.483266,118.570000,2.826000,273.399994,117.860001,2.106000,172.500000,2892001.233851,11.914171,14.327688,20.977467,81.418443,37.380143,148621735339602888000000000000000000.000000,274976772116136397000000000000000000.000000
06/22/2026 20:36:13,0.000000,0.000000,74.123053,74.805240,64.728467,79.371628,77.329311,78.167612,75.122513,74.914695,33.764851,33.149536,33.129981,34.519607,31.858761,31.909544,34.514957,35.819647,35.340290,37.934261,34.737279,38.161012,37.091467,37.639677,37.811808,37.548417,36.331438,36.899631,37.478473,36.451836,37.333182,76.757058,32.773876,32.965053,23.535232,22.994880,23.830832,31.018819,30.971137,28.271914,71.417708,32.350069,35.322681,23.327114,23.170741,23.438615,34.587854,34.885925,35.307049,36.725496,36.841971,29.446607,31.182424,37.002050,36.974185,30.059209,28.264723,37.021887,43.789780,35.238512,37.866391,36.143178,39.301158,37.695051,39.729734,34.816949,38.636258,35.668952,39.663633,33.154291,37.250828,33.527088,38.978350,34.354329,39.915958,37.032120,38.577312,36.346650,38.306593,34.670288,39.660831,36.799523,37.589651,36.320162,37.436711,36.880771,38.588275,83.052270,84.846150,122.767378,86.092930,127.303325,51.057015,42.972255,143.890056,118.489998,2.903000,283.000000,117.779999,2.173000,181.500000,2892061.231914,11.410897,13.768525,21.554156,86.849200,37.365374,148621735339602888000000000000000000.000000,274976772116136397000000000000000000.000000
06/22/2026 20:37:13,0.000000,0.000000,74.283309,74.853841,64.678883,79.371173,77.316217,78.159581,75.121752,74.910555,33.779849,33.194767,33.116546,34.516256,31.887025,31.904843,34.504411,35.876888,35.337087,37.940345,34.721209,38.207583,37.138543,37.583745,37.699669,37.018824,36.354036,36.808521,37.434289,36.409367,37.400717,73.745268,32.308083,33.000064,23.415633,22.831294,23.708130,31.288279,31.408579,29.222971,69.132548,31.930883,35.309130,23.153906,23.052182,23.220688,34.577465,34.848487,35.283713,36.692466,36.880206,29.489164,31.195983,36.959404,36.936402,30.065264,28.375107,37.032215,43.801629,35.225663,37.850050,36.119717,39.298295,37.678925,39.715853,34.814958,38.628341,35.656131,39.668951,33.166951,37.329303,33.538410,38.977331,34.352416,39.905297,37.024959,38.564426,36.334573,38.305143,34.671493,39.649978,36.788632,37.588241,36.325833,37.437953,36.884184,38.591240,78.018508,80.935940,122.436794,82.083936,126.603099,50.913154,42.465745,131.983904,117.910004,2.832000,272.799988,117.239998,2.102000,171.800003,2892121.229240,11.944320,14.253386,21.055744,81.173739,37.364236,148621735339602888000000000000000000.000000,274976772116136397000000000000000000.000000
06/22/2026 20:38:13,0.000000,0.000000,74.603821,74.836642,64.687558,79.366795,77.332049,78.165718,75.107809,74.914774,33.692255,33.131554,33.068884,34.494565,31.937411,31.946766,34.561370,35.862883,35.278919,37.915944,34.733082,38.193941,37.078005,37.674837,37.894259,37.135307,36.290902,36.936095,37.450815,36.481240,37.266025,76.733077,32.848623,33.489492,23.447709,22.890729,23.729897,31.883569,32.110652,30.973322,71.353160,32.133306,35.310481,23.185293,23.096568,23.304573,34.577120,34.845038,35.299226,36.745561,36.903672,29.572130,31.204470,36.971002,36.960829,30.060014,28.235872,37.017620,43.815441,35.228098,37.854244,36.128348,39.304707,37.682256,39.716090,34.814309,38.637533,35.641433,39.666229,33.148016,37.383414,33.510598,38.982802,34.327298,39.922743,36.994699,38.567774,36.321924,38.291642,34.647283,39.656485,36.766846,37.582754,36.284036,37.453242,36.846770,38.581717,83.085805,84.824911,122.805866,86.071787,127.276749,51.160160,42.657329,143.900743,118.440002,2.906000,283.000000,117.709999,2.170000,181.399994,2892181.226627,12.244838,14.065827,21.244654,86.854152,37.359212,148621735339602888000000000000000000.000000,274976772116136397000000000000000000.000000
06/22/2026 20:39:13,0.000000,0.000000,74.179445,74.784693,64.609751,79.360552,77.317787,78.153575,75.116487,74.911625,33.769989,33.183122,33.140901,34.508959,31.875243,31.947408,34.522153,35.903015,35.361374,37.926560,34.712692,38.220193,37.140999,37.716573,37.804834,37.228439,36.269503,36.846146,37.474537,36.361139,37.304244,73.853890,32.496610,33.208426,23.328719,22.780642,23.613626,31.300071,31.329032,29.348506,69.195101,31.906414,35.284472,23.052796,22.979298,23.145376,34.570334,34.840915,35.287000,36.675394,36.900276,29.603935,31.248726,36.957159,36.966890,30.061665,28.182056,36.990823,43.768869,35.196099,37.818373,36.103470,39.267034,37.664836,39.706208,34.812793,38.617516,35.630202,39.657699,33.127681,37.236734,33.510264,38.972706,34.310043,39.906691,37.017511,38.546839,36.320706,38.301026,34.633643,39.641356,36.749008,37.578589,36.291374,37.438909,36.862807,38.580945,77.989749,81.217134,122.356071,82.469268,126.486278,51.091832,42.424566,132.409431,118.349998,2.834000,273.399994,117.669998,2.108000,172.000000,2892241.224184,12.193349,14.269395,21.015077,81.382300,37.342025,148621735339602888000000000000000000.000000,274976772116136397000000000000000000.000000
06/22/2026 20:40:12,0.000000,0.000000,74.068477,74.814507,64.661735,79.356469,77.324226,78.156640,75.090748,74.909959,33.737798,33.140241,33.060681,34.481642,31.862517,31.881227,34.487749,35.962566,35.327475,37.954621,34.685419,38.071098,37.126597,37.737976,38.047141,37.168061,36.449121,36.834100,37.478855,36.368120,37.309427,76.596132,32.850029,33.012294,23.455591,22.900409,23.741361,30.927052,30.883825,28.193846,71.361843,32.205158,35.310215,23.222215,23.085993,23.325490,34.570326,34.876830,35.301980,36.752734,36.885712,29.685572,31.219353,36.982363,36.962017,30.047836,28.183750,37.010637,43.783189,35.242046,37.821311,36.136967,39.285664,37.696761,39.714690,34.804917,38.625051,35.639094,39.642300,33.135709,37.323866,33.523619,38.960072,34.339939,39.894204,37.013826,38.552873,36.333838,38.284096,34.633937,39.643830,36.780249,37.563414,36.306722,37.419311,36.862658,38.575940,83.001659,84.782437,122.759946,86.030023,127.357963,51.111413,42.572440,143.554557,118.379997,2.902000,282.299988,117.690002,2.170000,181.100006,2892301.221375,11.851286,14.149207,21.161008,86.693629,37.351691,148621735339602888000000000000000000.000000,274976772116136397000000000000000000.000000
06/22/2026 20:41:12,0.000000,0.000000,74.420326,74.869950,64.785403,79.366699,77.339536,78.170251,75.107445,74.926660,33.804426,33.181142,33.158476,34.525549,31.892345,31.899918,34.542324,35.823936,35.358513,37.911338,34.779023,38.096258,37.118618,37.618194,37.847015,37.238814,36.377315,36.710118,37.519864,36.456988,37.284357,74.026877,32.302216,33.336415,23.360683,22.795141,23.644238,31.634578,31.689375,29.225764,69.150008,31.806619,35.270692,23.075163,22.977017,23.187405,34.544068,34.832398,35.273706,36.715220,36.811317,29.429976,31.163135,36.941145,36.957512,30.070045,28.280689,36.968711,43.781339,35.186538,37.830494,36.106761,39.274205,37.661415,39.679873,34.773878,38.634179,35.618571,39.659352,33.123423,37.361604,33.507785,38.966038,34.305111,39.884571,36.979831,38.556025,36.312521,38.286237,34.610800,39.641139,36.756312,37.579830,36.286863,37.425120,36.844895,38.567485,79.227015,81.232444,122.527679,82.487236,126.525718,51.201760,42.712721,135.396696,118.430000,2.849000,275.899994,117.739998,2.124000,174.500000,2892361.219502,12.037231,13.971508,21.299184,82.834101,37.339030,148621735339602888000000000000000000.000000,274976772116136397000000000000000000.000000
06/22/2026 20:42:12,0.000000,0.000000,74.107940,74.838304,64.713185,79.346033,77.320505,78.175227,75.114419,74.908289,33.756508,33.157188,33.145632,34.442107,31.863809,31.845990,34.448053,35.891497,35.417060,37.878246,34.747132,38.166900,37.123014,37.579716,37.875085,37.099310,36.211089,36.708133,37.407810,36.427118,37.328356,76.878066,33.009989,32.985095,23.459015,22.932967,23.786881,30.926422,30.876510,27.795066,71.593661,32.286377,35.256377,23.261438,23.096541,23.350674,34.553118,34.834349,35.252922,36.705535,36.798357,29.536874,31.175480,36.971842,36.934244,30.137094,28.503414,36.981588,43.748686,35.212494,37.802017,36.094607,39.253283,37.657687,39.682326,34.779895,38.609662,35.617445,39.660436,33.124165,37.289392,33.504085,38.965834,34.309344,39.871089,36.975147,38.535458,36.318519,38.291779,34.618586,39.619715,36.752951,37.575592,36.276420,37.434143,36.832308,38.556691,83.026933,85.113255,122.922990,86.349120,127.508668,51.251069,42.719924,143.633251,118.529999,2.901000,282.899994,117.809998,2.173000,181.899994,2892421.216520,11.678823,13.950105,21.306272,86.730141,37.331711,148621735339602888000000000000000000.000000,274976772116136397000000000000000000.000000
06/22/2026 20:43:12,0.000000,0.000000,74.439617,74.845294,64.825437,79.369911,77.355813,78.185672,75.090185,74.918268,33.778183,33.178879,33.156212,34.477101,31.900278,31.911860,34.544395,35.787908,35.362904,37.902461,34.772772,38.163308,37.160544,37.710916,37.721377,37.029492,36.400935,36.852297,37.450182,36.468655,37.315730,74.096633,32.367152,33.131531,23.303867,22.769673,23.611176,31.565978,31.718787,30.375700,69.193490,31.927891,35.256050,23.052742,22.955490,23.154516,34.550990,34.839761,35.263056,36.709898,36.805552,29.342550,31.007158,36.941854,36.945392,30.072542,28.357434,36.965603,43.745508,35.191993,37.811188,36.101583,39.251380,37.663735,39.673811,34.780642,38.614480,35.612091,39.632625,33.130172,37.337811,33.512754,38.964612,34.307671,39.869409,36.989384,38.533775,36.312004,38.286163,34.594755,39.631081,36.738253,37.575232,36.258794,37.419195,36.835088,38.564321,79.794188,81.594335,122.436448,82.859049,126.643395,51.180526,42.525615,136.756340,118.540001,2.862000,277.399994,117.849998,2.130000,175.800003,2892481.214131,12.016702,14.141221,21.114829,83.487869,37.330170,148621735339602888000000000000000000.000000,274976772116136397000000000000000000.000000
06/22/2026 20:44:12,0.000000,0.000000,74.189189,74.891601,64.953946,79.365595,77.359912,78.177141,75.092670,74.938496,33.695861,33.193384,33.109384,34.489947,31.864619,31.906047,34.498853,35.897030,35.323297,37.915555,34.721159,38.116911,37.036251,37.755527,37.856303,37.481099,36.273912,36.727558,37.355600,36.404057,37.320159,76.662016,32.839924,33.417713,23.467369,22.953426,23.775527,31.666632,31.644357,29.149917,71.584735,32.289470,35.249262,23.255590,23.104137,23.370582,34.548874,34.819462,35.244931,36.738265,36.858059,29.557811,31.215560,36.946379,36.942398,30.086911,28.227174,36.962556,43.738799,35.190089,37.794708,36.105437,39.254921,37.648722,39.659717,34.789969,38.612216,35.604057,39.619782,33.129165,37.318240,33.477096,38.954974,34.306409,39.873353,36.971227,38.548321,36.296388,38.281184,34.587535,39.620743,36.733630,37.561951,36.274267,37.420500,36.817270,38.567290,81.235288,84.587651,123.063607,85.826946,127.604166,51.362215,42.783494,138.478199,118.470001,2.878000,279.799988,117.769997,2.148000,178.199997,2892541.212115,12.048914,13.880463,21.368799,84.309652,37.324017,148621735339602888000000000000000000.000000,274976772116136397000000000000000000.000000
06/22/2026 20:45:12,0.000000,0.000000,74.113339,74.878341,64.746864,79.380263,77.368296,78.176680,75.098247,74.954212,33.723897,33.136552,33.081439,34.509051,31.845935,31.877118,34.485249,35.793530,35.365015,37.922679,34.698149,38.111194,37.139764,37.815647,37.567883,37.323424,36.092659,36.809243,37.444293,36.491086,37.203452,74.387957,32.565574,33.387969,23.330451,22.777444,23.617597,31.680087,31.898818,30.731883,69.328110,31.992727,35.250619,23.045010,22.959411,23.151487,34.536899,34.827893,35.236473,36.703275,36.808094,29.408889,31.092603,36.954788,36.926036,30.037430,28.415014,36.956770,43.727907,35.182627,37.794782,36.109940,39.241501,37.643230,39.663938,34.782683,38.580413,35.596062,39.617558,33.118681,37.191522,33.481277,38.930062,34.277358,39.861750,36.979928,38.513301,36.312440,38.256568,34.578777,39.572343,36.736824,37.536612,36.275007,37.396924,36.828445,38.528997,80.334605,81.947103,122.258927,83.342635,126.377317,51.212995,42.551510,138.051377,118.519997,2.871000,278.399994,117.830002,2.139000,176.800003,2892601.209343,12.247599,14.110249,21.140370,84.106579,37.309141,148621735339602888000000000000000000.000000,274976772116136397000000000000000000.000000
06/22/2026 20:46:12,0.000000,0.000000,73.945289,74.848181,64.771496,79.367131,77.396835,78.152587,75.113746,74.940989,33.680539,33.103829,33.069605,34.463808,31.880696,31.915442,34.472870,35.941514,35.341248,37.903406,34.673919,38.147868,37.142874,37.692815,37.869752,37.220447,36.432773,36.708919,37.514246,36.324324,37.216015,76.386454,32.873920,33.372156,23.429106,22.864497,23.748024,31.728035,31.847870,29.939603,71.540161,32.095862,35.261249,23.187054,23.064272,23.282885,34.535679,34.813368,35.262914,36.734092,36.808971,29.451248,31.146958,36.909337,36.923492,29.964870,28.244832,36.957941,43.700449,35.167732,37.795401,36.080892,39.240795,37.609375,39.642071,34.765562,38.608574,35.607934,39.629371,33.131990,37.266225,33.498579,38.945763,34.274510,39.866574,36.976366,38.535792,36.283465,38.257694,34.584788,39.603331,36.722792,37.561340,36.252848,37.398669,36.814531,38.535421,80.828773,84.365609,123.169859,85.551069,127.700432,51.293433,42.589184,137.059940,118.379997,2.870000,278.299988,117.669998,2.140000,176.899994,2892661.206728,12.194642,14.083735,21.177514,83.633262,37.310559,148621735339602888000000000000000000.000000,274976772116136397000000000000000000.000000
06/22/2026 20:47:12,0.000000,0.000000,74.121389,74.848783,64.826831,79.367004,77.388704,78.189073,75.102002,74.953321,33.793106,33.238698,33.132481,34.498978,31.845622,31.859432,34.486271,35.865423,35.355194,37.858987,34.725580,38.127226,37.124418,37.646971,37.820356,37.324443,36.376664,36.774065,37.446720,36.478467,37.268574,74.549955,32.620846,33.470285,23.320916,22.785386,23.622846,31.740332,32.036091,30.979768,69.419661,31.991526,35.270694,23.061273,22.972538,23.164802,34.558955,34.849054,35.250273,36.724571,36.860868,29.554400,31.167593,36.964835,36.966161,30.043097,28.632374,36.943116,43.711266,35.186645,37.790391,36.100669,39.246663,37.643541,39.664248,34.767028,38.569688,35.582638,39.614342,33.103447,37.204666,33.471381,38.942302,34.273692,39.844419,36.941302,38.504328,36.288555,38.253939,34.585008,39.578327,36.726901,37.537795,36.259369,37.367161,36.800151,38.529018,80.321192,82.083504,122.476632,83.449627,126.535142,51.270268,42.682445,138.011868,118.519997,2.863000,277.600006,117.830002,2.134000,176.600006,2892721.204964,12.200901,14.001310,21.269384,84.087760,37.301067,148621735339602888000000000000000000.000000,274976772116136397000000000000000000.000000
06/22/2026 20:48:12,0.000000,0.000000,74.716238,74.917768,64.839781,79.369977,77.419906,78.184476,75.143761,74.976502,33.736988,33.183874,33.135430,34.488678,31.837953,31.864681,34.531884,35.902986,35.353259,37.943212,34.727193,38.082520,37.147761,37.607100,37.818944,37.351326,36.265095,36.759009,37.406920,36.402767,37.350678,76.305297,32.865724,33.136439,23.542369,22.973786,23.809306,30.785092,31.218237,28.543908,71.484144,32.153237,35.307483,23.312199,23.136556,23.388083,34.578184,34.842997,35.261847,36.740549,36.849364,29.392515,31.145757,36.997275,36.918983,30.071783,28.391025,36.962185,43.719573,35.184400,37.777991,36.091785,39.242367,37.633491,39.646288,34.778232,38.603235,35.596372,39.618308,33.108006,37.271106,33.486156,38.941502,34.280876,39.856531,36.948150,38.509397,36.289275,38.270114,34.584400,39.598140,36.722892,37.561434,36.261353,37.412025,36.811047,38.531944,80.412963,84.154260,123.065501,85.259319,127.843347,51.253841,42.692861,136.317536,118.610001,2.858000,277.100006,117.919998,2.133000,175.899994,2892781.202384,11.856801,14.027845,21.279638,83.277348,37.309953,148621735339602888000000000000000000.000000,274976772116136397000000000000000000.000000
06/22/2026 20:49:12,0.000000,0.000000,74.417916,74.951608,64.815031,79.362530,77.396856,78.187539,75.103942,74.962443,33.773466,33.223044,33.143492,34.482825,31.833413,31.853905,34.485916,35.807929,35.411380,37.902628,34.717939,38.047982,37.001729,37.772738,37.813816,37.240081,36.312991,36.613076,37.598845,36.498898,37.288317,74.911921,32.378718,32.857701,23.312630,22.760958,23.590374,30.839312,31.016230,29.686089,69.625307,32.063061,35.240078,23.070205,22.949202,23.163719,34.518840,34.812058,35.246585,36.658501,36.803326,29.599408,31.164889,36.907588,36.929706,29.906931,28.288640,36.923953,43.684244,35.138498,37.745495,36.065862,39.233950,37.599423,39.617154,34.748921,38.585596,35.565375,39.592315,33.096818,37.335582,33.471863,38.927588,34.246021,39.846365,36.955641,38.504953,36.263417,38.244320,34.551831,39.587765,36.695224,37.537978,36.247157,37.382376,36.796708,38.499094,80.538285,82.293113,122.272938,83.741120,126.437460,51.229864,42.663170,138.463788,118.510002,2.867000,278.299988,117.830002,2.139000,177.199997,2892841.200061,11.607295,13.989672,21.250406,84.302802,37.289716,148621735339602888000000000000000000.000000,274976772116136397000000000000000000.000000
06/22/2026 20:50:12,0.000000,0.000000,74.576498,74.911986,64.864711,79.365361,77.422440,78.173120,75.123080,74.955394,33.721287,33.076160,33.085938,34.467897,31.854509,31.843818,34.523490,35.903021,35.324294,37.860880,34.742561,38.170488,37.069556,37.702191,37.803514,37.116566,36.496655,36.756852,37.539588,36.399723,37.263801,76.534072,32.772133,33.273099,23.493099,22.933005,23.780201,31.733890,31.888471,30.635513,71.653194,32.180647,35.277250,23.213983,23.103751,23.334318,34.540469,34.803077,35.259301,36.715000,36.877585,29.404019,31.147448,36.962328,36.943308,29.994205,28.207277,36.930893,43.705731,35.146914,37.779954,36.065854,39.222703,37.626162,39.638977,34.765111,38.562088,35.580771,39.618215,33.107478,37.280749,33.483406,38.938093,34.253037,39.837232,36.945590,38.513464,36.259663,38.251616,34.563598,39.581019,36.705710,37.547383,36.242853,37.396646,36.792957,38.517866,80.744540,84.599722,123.191625,85.751668,127.834556,51.222950,42.665895,137.161140,118.519997,2.865000,278.000000,117.809998,2.138000,176.899994,2892901.197750,12.020010,14.024161,21.253089,83.681679,37.295391,148621735339602888000000000000000000.000000,274976772116136397000000000000000000.000000
06/22/2026 20:51:12,0.000000,0.000000,74.144457,74.927595,64.902309,79.355940,77.437848,78.174627,75.115558,74.954629,33.728670,33.192438,33.162661,34.478685,31.805646,31.837275,34.450552,35.895763,35.340083,37.969396,34.744611,38.127784,36.983005,37.581676,37.699941,36.937267,36.225823,36.663566,37.406607,36.454683,37.315517,74.834829,32.453238,33.001081,23.372076,22.774713,23.638159,31.294639,31.404692,29.344407,69.781200,31.995302,35.299936,23.094422,23.008826,23.158184,34.555509,34.809685,35.267449,36.679771,36.826348,29.699310,31.233972,36.952552,36.979976,29.992822,28.249399,36.923542,43.726534,35.140011,37.786330,36.066044,39.251304,37.615044,39.640231,34.749074,38.578188,35.594715,39.622390,33.104334,37.204664,33.477155,38.932609,34.243082,39.833049,36.946701,38.515897,36.277761,38.256420,34.539586,39.575318,36.710607,37.546283,36.245735,37.380514,36.803079,38.515605,80.627839,82.510776,122.463086,83.873905,126.583239,51.268803,42.469347,138.745691,118.529999,2.867000,278.500000,117.849998,2.140000,177.100006,2892961.195141,11.941781,14.240636,21.059300,84.436707,37.293394,148621735339602888000000000000000000.000000,274976772116136397000000000000000000.000000
06/22/2026 20:52:12,0.000000,0.000000,74.297630,74.988970,64.969973,79.396678,77.459303,78.177127,75.112778,74.982262,33.685744,33.148150,33.117483,34.449563,31.831202,31.816056,34.454304,35.788329,35.334919,37.894888,34.712830,38.188013,37.190586,37.520842,37.950672,37.079005,36.316178,36.715821,37.351388,36.475085,37.238801,75.477395,32.375165,33.139092,23.461075,22.926960,23.753560,31.466795,31.670397,29.353500,70.973854,32.001162,35.269029,23.265713,23.085133,23.352604,34.571444,34.823397,35.251292,36.718951,36.825584,29.611141,31.218052,36.936591,36.937034,30.041826,28.238933,36.945459,43.682062,35.144272,37.753901,36.071629,39.231203,37.625398,39.637333,34.763900,38.554080,35.552350,39.586851,33.120515,37.331300,33.470226,38.903197,34.248117,39.804766,36.950164,38.476089,36.269202,38.226684,34.549642,39.561349,36.717385,37.519687,36.229279,37.377344,36.782580,38.493825,79.478811,83.170977,123.214588,84.089750,127.727787,51.308943,42.759254,134.193791,118.410004,2.851000,275.700012,117.730003,2.123000,174.000000,2893021.192392,11.794129,13.924066,21.344963,82.252066,37.285993,148621735339602888000000000000000000.000000,274976772116136397000000000000000000.000000
06/22/2026 20:53:12,0.000000,0.000000,74.018553,74.987688,64.911823,79.398475,77.463631,78.177243,75.118253,74.989006,33.713298,33.145057,33.065053,34.485421,31.862748,31.908186,34.501782,35.756437,35.316764,37.886069,34.740792,38.105780,37.134344,37.644959,37.588773,37.243954,36.613383,36.763383,37.429416,36.486813,37.237178,75.314140,32.379315,33.150793,23.369431,22.833029,23.664181,31.457134,31.690140,30.378240,70.105150,31.984328,35.265154,23.131853,23.031472,23.216788,34.530569,34.794068,35.266635,36.694003,36.869053,29.344575,31.035472,36.906897,36.923264,29.895979,28.111118,36.903266,43.666087,35.120591,37.747088,36.059931,39.231697,37.615286,39.648408,34.743551,38.552280,35.547885,39.569181,33.086479,37.316454,33.475745,38.913794,34.228596,39.816614,36.949227,38.487956,36.241598,38.239336,34.506451,39.545811,36.714622,37.516540,36.221257,37.373313,36.778443,38.494554,80.945577,82.793815,122.284891,84.193859,126.645226,51.221203,42.651390,139.282294,118.570000,2.873000,279.000000,117.830002,2.146000,177.800003,2893081.189581,11.911988,14.026349,21.238805,84.691098,37.277068,148621735339602888000000000000000000.000000,274976772116136397000000000000000000.000000
06/22/2026 20:54:12,0.000000,0.000000,74.029975,74.956855,64.761768,79.389016,77.424667,78.206066,75.150852,74.983171,33.688218,33.133737,33.098625,34.475944,31.950789,31.938317,34.491965,35.930015,35.359992,37.902651,34.721511,38.122405,36.965234,37.664245,37.836189,37.044012,36.395036,36.989723,37.454458,36.511442,37.268867,75.017953,32.367600,33.169312,23.306761,22.696810,23.608247,31.123090,31.231814,29.487564,70.453245,31.915954,35.252161,23.031780,22.930045,23.080392,34.508657,34.777041,35.232775,36.685425,36.906958,29.470646,31.173470,36.905398,36.887261,29.962238,28.189497,36.904865,43.662341,35.109711,37.728290,36.055707,39.218338,37.592619,39.616540,34.727899,38.548926,35.567559,39.557454,33.091405,37.124142,33.464676,38.876595,34.221804,39.798588,36.918309,38.476082,36.248534,38.221966,34.521832,39.521408,36.675089,37.486970,36.220861,37.349927,36.777853,38.463502,79.468439,82.817111,123.165133,83.739596,127.633955,51.215676,42.380077,134.575275,118.500000,2.847000,275.700012,117.889999,2.122000,174.300003,2893141.187507,12.198195,14.281044,20.971117,82.437023,37.258326,148621735339602888000000000000000000.000000,274976772116136397000000000000000000.000000
06/22/2026 20:55:12,0.000000,0.000000,74.207981,74.942905,64.750214,79.413585,77.472457,78.173015,75.142482,74.980291,33.786552,33.157922,33.103254,34.487072,31.803376,31.850596,34.473454,35.911537,35.380121,37.878976,34.731454,38.111841,36.973232,37.694332,37.633480,37.081729,36.407354,36.829515,37.682892,36.423289,37.315694,75.336762,32.370229,33.123939,23.282315,22.717628,23.587391,31.329204,31.503412,29.428508,70.246788,32.006778,35.253843,23.057233,22.893200,23.120038,34.518628,34.785235,35.223255,36.710434,36.870593,29.518717,31.227740,36.925955,36.929052,29.992766,28.442761,36.891382,43.654863,35.119000,37.741968,36.057457,39.224220,37.588789,39.614042,34.724055,38.550199,35.529401,39.578125,33.089318,37.162308,33.459480,38.888906,34.237738,39.802760,36.938863,38.490415,36.246453,38.228281,34.508654,39.546417,36.692223,37.520770,36.226379,37.366491,36.775332,38.481295,81.112919,83.024580,122.377162,84.367562,126.768290,51.175870,42.513738,139.494248,118.650002,2.873000,278.899994,117.830002,2.145000,177.899994,2893201.184852,12.020828,14.150732,21.103111,84.791401,37.264519,148621735339602888000000000000000000.000000,274976772116136397000000000000000000.000000
06/22/2026 20:56:12,0.000000,0.000000,74.220902,75.011151,64.855628,79.413873,77.484539,78.215387,75.133649,74.994267,33.660790,33.061842,33.077843,34.463996,31.901821,31.900485,34.507748,35.944441,35.390682,37.887295,34.701659,38.151147,36.993132,37.759731,37.649077,36.951822,36.308789,36.894693,37.497408,36.465485,37.274024,75.180839,32.584077,33.029154,23.344532,22.770464,23.665714,31.068646,31.104740,28.506556,70.501722,32.062968,35.262495,23.107207,23.035057,23.198091,34.537788,34.788422,35.235504,36.658503,36.866398,29.541691,31.189650,36.922499,36.890649,29.847501,28.125298,36.886797,43.660564,35.086190,37.736222,36.039742,39.214578,37.545978,39.610577,34.707705,38.564197,35.548326,39.568738,33.086126,37.212639,33.466508,38.897904,34.218826,39.797278,36.940880,38.484040,36.236245,38.229138,34.517946,39.545118,36.705078,37.507315,36.227513,37.378233,36.762918,38.484359,79.542913,83.035901,123.083406,84.135284,127.625416,51.095957,42.734916,135.028813,118.529999,2.851000,276.200012,117.930000,2.126000,175.199997,2893261.182505,11.708131,13.941472,21.321023,82.656462,37.262256,148621735339602888000000000000000000.000000,274976772116136397000000000000000000.000000
06/22/2026 20:57:12,0.000000,0.000000,74.214884,74.979794,64.728548,79.390434,77.436197,78.188969,75.119524,74.963666,33.726227,33.139772,33.116661,34.444296,31.852197,31.853533,34.489794,35.820217,35.312380,37.854748,34.713783,38.102827,36.993841,37.822742,37.850817,37.121455,36.485940,36.873555,37.470982,36.353152,37.317849,75.493766,32.428005,33.258096,23.355297,22.807233,23.629447,31.663934,31.825647,30.556610,70.402426,31.997177,35.257440,23.094031,22.974823,23.212795,34.512861,34.798985,35.225623,36.698639,36.847197,29.515200,31.120403,36.910474,36.870219,29.924107,28.211751,36.876051,43.636079,35.100459,37.705811,36.024324,39.200836,37.590108,39.593755,34.720500,38.566512,35.552864,39.566641,33.084162,37.229698,33.470764,38.891932,34.224359,39.797642,36.948323,38.466745,36.233137,38.225155,34.507288,39.543425,36.681255,37.506797,36.213269,37.379925,36.757599,38.485675,81.216051,83.207940,122.404882,84.525798,126.991000,51.138383,42.710190,139.676894,118.470001,2.880000,279.600006,117.690002,2.151000,178.500000,2893321.179637,11.961403,13.960747,21.296693,84.877754,37.259370,148621735339602888000000000000000000.000000,274976772116136397000000000000000000.000000
06/22/2026 20:58:12,0.000000,0.000000,74.030674,74.968536,64.668407,79.391626,77.436970,78.187217,75.137164,74.966101,33.664014,33.083292,33.099738,34.434474,31.831199,31.847682,34.500611,35.854492,35.291071,37.917453,34.683586,38.131919,36.984492,37.670670,37.866448,37.087127,36.349473,36.866339,37.404976,36.486244,37.269067,74.379245,32.269032,33.117513,23.425946,22.863128,23.715753,31.124743,31.125188,27.984355,69.900885,31.873971,35.262736,23.199311,23.045608,23.263585,34.501482,34.818213,35.245232,36.688125,36.794528,29.670806,31.219747,36.917266,36.903553,30.010758,28.195344,36.903583,43.637415,35.106243,37.718205,36.045157,39.197573,37.585513,39.607689,34.726091,38.537692,35.543876,39.556816,33.073507,37.138175,33.455672,38.900584,34.226403,39.794427,36.915460,38.461318,36.243618,38.213087,34.502264,39.520400,36.697529,37.500479,36.212696,37.362996,36.741970,38.475818,79.477220,82.243359,123.223841,83.210147,127.580641,51.191397,42.438097,135.447863,118.680000,2.851000,276.200012,117.919998,2.124000,174.699997,2893381.177660,12.089071,14.234294,21.028442,82.858782,37.253409,148621735339602888000000000000000000.000000,274976772116136397000000000000000000.000000
06/22/2026 20:59:12,0.000000,0.000000,74.270821,74.979079,64.768870,79.388180,77.433095,78.184608,75.137921,74.965591,33.751733,33.154186,33.138631,34.479259,31.828497,31.865025,34.474563,35.910873,35.349803,37.844776,34.757443,38.024995,37.187459,37.641472,37.788371,37.230093,36.373792,36.888430,37.598999,36.408760,37.320918,75.783715,32.532066,32.885148,23.342798,22.775453,23.645617,31.099807,31.226355,29.751884,70.603993,32.062012,35.261063,23.074391,22.998206,23.187218,34.524361,34.795401,35.236639,36.681760,36.823828,29.522413,31.176626,36.927248,36.908227,29.784069,28.050118,36.872447,43.637860,35.092948,37.718653,36.034535,39.205232,37.564900,39.602558,34.708065,38.515952,35.545983,39.554062,33.082863,37.288982,33.449030,38.891273,34.217482,39.781814,36.935535,38.453099,36.233467,38.205611,34.491647,39.518199,36.690453,37.479872,36.220835,37.349018,36.737577,38.467020,81.542136,83.501505,122.533747,84.794792,126.847922,51.083624,42.532234,140.043481,118.610001,2.881000,280.299988,117.949997,2.153000,179.000000,2893441.175130,11.763789,14.139704,21.121359,85.050846,37.251566,148621735339602888000000000000000000.000000,274976772116136397000000000000000000.000000
06/22/2026 21:00:12,0.000000,0.000000,74.008170,74.976471,64.816681,79.376054,77.425153,78.187614,75.104022,74.982376,33.648920,33.130413,33.122413,34.444426,31.804216,31.846536,34.488746,35.770443,35.318117,37.871070,34.662745,38.201891,37.107194,37.695166,37.967735,37.294191,36.184659,36.743223,37.178915,36.267450,37.251220,74.930551,32.581153,32.759037,23.346794,22.837275,23.665736,30.928156,30.821200,27.518214,70.038654,32.078466,35.229124,23.142482,23.022831,23.191928,34.524144,34.794741,35.235033,36.646970,36.784430,29.573227,31.159671,36.938975,36.887662,30.097281,28.303787,36.854918,43.629875,35.092859,37.681000,36.037546,39.194071,37.575816,39.582585,34.711923,38.503044,35.518405,39.557484,33.066895,37.238167,33.434402,38.872219,34.204531,39.767918,36.911416,38.447127,36.221427,38.209941,34.469819,39.490917,36.664402,37.481850,36.184740,37.336406,36.725102,38.466492,79.782176,82.548283,123.103845,83.763756,127.262213,51.184723,42.397113,135.924718,118.699997,2.860000,277.299988,117.989998,2.131000,175.600006,2893501.172276,11.771083,14.241170,20.987954,83.088508,37.237777,148621735339602888000000000000000000.000000,274976772116136397000000000000000000.000000
06/22/2026 21:01:12,0.000000,0.000000,74.474874,74.986143,64.781578,79.375742,77.413889,78.189827,75.127203,74.971345,33.701693,33.096108,33.093442,34.456632,31.839190,31.889528,34.481726,35.780268,35.346402,37.844480,34.698152,38.066961,37.068942,37.911462,37.946167,37.266415,36.320536,36.827688,37.518862,36.343555,37.302933,75.705774,32.346711,33.060440,23.367851,22.816208,23.650955,31.429657,31.360597,28.847519,70.560789,31.962396,35.281932,23.097282,22.992416,23.237393,34.519914,34.786964,35.225530,36.660493,36.795106,29.439056,31.128984,36.917949,36.895388,29.844698,28.011259,36.871093,43.627836,35.081931,37.700600,36.016888,39.183903,37.570489,39.591380,34.700367,38.535126,35.500977,39.522066,33.070836,37.212019,33.417459,38.879059,34.196320,39.755683,36.897368,38.438845,36.207258,38.190507,34.457393,39.497581,36.640115,37.463834,36.198130,37.340050,36.712712,38.461634,81.382746,83.383235,122.273522,84.666738,126.833728,51.032499,42.596193,139.929165,118.690002,2.883000,280.100006,118.019997,2.152000,178.399994,2893561.170319,11.876017,14.097509,21.184423,84.996902,37.231315,148621735339602888000000000000000000.000000,274976772116136397000000000000000000.000000
06/22/2026 21:02:12,0.000000,0.000000,73.998900,74.971859,64.788926,79.384274,77.377792,78.196688,75.094793,74.976103,33.681580,33.153761,33.050200,34.454076,31.905671,31.878052,34.492107,35.924399,35.191577,37.871305,34.659432,38.171306,37.077451,37.804202,37.650292,37.219719,36.234139,36.789129,37.201360,36.614795,37.248445,75.036882,32.462271,32.665530,23.334444,22.751853,23.630098,30.620431,30.617311,28.017993,70.123950,32.024954,35.259235,23.084643,23.008010,23.118036,34.517976,34.786357,35.235491,36.668666,36.802537,29.574979,31.178799,36.918228,36.927960,29.968927,28.426073,36.870858,43.607629,35.098307,37.703666,36.034131,39.193012,37.549119,39.572709,34.709971,38.524449,35.527039,39.524631,33.065606,37.152867,33.433113,38.889978,34.205084,39.763188,36.900034,38.444156,36.216311,38.200421,34.476671,39.488452,36.660601,37.484622,36.207883,37.338294,36.743439,38.441964,80.279555,82.676568,122.989146,83.868179,127.489990,51.248074,42.308622,136.960359,118.620003,2.860000,277.500000,118.010002,2.133000,176.199997,2893621.168097,11.765072,14.358777,20.900458,83.585597,37.234274,148621735339602888000000000000000000.000000,274976772116136397000000000000000000.000000
06/22/2026 21:03:12,0.000000,0.000000,74.580362,74.972032,64.895979,79.382697,77.388848,78.184588,75.125897,74.950185,33.728478,33.078023,33.110025,34.439356,31.898021,31.898021,34.529297,36.001824,35.269859,37.846825,34.706717,38.244542,37.168918,37.805009,37.837135,37.354054,36.362594,36.884318,37.567046,36.426335,37.199525,75.572030,32.346326,33.216945,23.311845,22.785276,23.618256,31.593190,31.800346,30.233982,70.398320,31.955007,35.213883,23.028934,22.934818,23.201362,34.493554,34.773919,35.226053,36.645970,36.857257,29.379957,31.159054,36.919536,36.908477,29.898018,28.301440,36.837550,43.594137,35.075361,37.702891,36.012540,39.170672,37.552370,39.559197,34.691055,38.516452,35.489766,39.533839,33.065644,37.177226,33.431818,38.870600,34.187368,39.760373,36.886149,38.446192,36.204619,38.189642,34.457855,39.483586,36.662355,37.467653,36.185573,37.337238,36.722464,38.435603,81.237684,83.160363,122.362944,84.549091,126.911193,51.141321,42.833142,139.573750,118.620003,2.882000,280.000000,117.940002,2.149000,178.300003,2893681.165621,11.799349,13.796287,21.417596,84.828998,37.223593,148621735339602888000000000000000000.000000,274976772116136397000000000000000000.000000
06/22/2026 21:04:12,0.000000,0.000000,74.193706,74.941316,64.737489,79.382099,77.376876,78.168418,75.131073,74.940577,33.634907,33.082611,33.106168,34.451678,31.877427,31.909500,34.485788,35.840580,35.244292,37.838131,34.682019,38.185260,37.010930,37.659079,37.771270,37.109501,36.156422,36.749074,37.611818,36.393712,37.247130,74.906788,31.992847,33.382983,23.214639,22.642293,23.519733,31.779892,31.931352,30.657915,70.150959,32.033222,35.246630,22.949103,22.829431,23.027934,34.483785,34.768589,35.222242,36.697920,36.871357,29.750919,31.224499,36.908470,36.904046,29.891323,28.241373,36.808973,43.582116,35.054788,37.688572,36.003506,39.166246,37.532464,39.555214,34.680837,38.485343,35.489116,39.492628,33.046593,37.169329,33.429215,38.860211,34.185351,39.742170,36.909463,38.445620,36.210435,38.195884,34.447709,39.467670,36.660986,37.472826,36.188542,37.316769,36.726948,38.426832,80.011984,82.573103,123.014309,83.674057,127.347264,51.280978,42.341916,136.312516,118.800003,2.852000,276.500000,117.930000,2.132000,175.500000,2893741.162871,12.449594,14.313241,20.933389,83.274937,37.214745,148621735339602888000000000000000000.000000,274976772116136397000000000000000000.000000
06/22/2026 21:05:12,0.000000,0.000000,74.240418,74.979961,64.740689,79.382954,77.352880,78.181057,75.143181,74.989861,33.643385,33.059536,33.007084,34.426175,31.962298,31.919980,34.520190,35.861193,35.303728,37.858052,34.611081,38.175775,36.935967,37.774650,37.681358,37.207469,36.315914,36.614670,37.587178,36.292894,37.309752,75.359799,31.987337,33.807024,23.130097,22.585951,23.440592,32.189418,32.411431,31.655928,70.266365,31.989896,35.231366,22.890194,22.764239,22.961358,34.471116,34.771893,35.209824,36.726674,36.934865,29.661099,31.262625,36.914418,36.895839,29.744829,27.987410,36.843032,43.584809,35.076131,37.670072,36.013310,39.174211,37.550612,39.563176,34.685742,38.501593,35.506313,39.529140,33.079120,37.246791,33.436847,38.868598,34.176032,39.749170,36.901891,38.454398,36.215621,38.219165,34.454238,39.471638,36.665853,37.474984,36.197344,37.335729,36.718857,38.439068,81.050996,82.987505,122.323655,84.292326,126.748334,51.267981,42.220034,139.078922,118.570000,2.877000,278.799988,117.690002,2.142000,177.600006,2893801.159869,12.994261,14.418603,20.812763,84.594761,37.226783,148621735339602888000000000000000000.000000,274976772116136397000000000000000000.000000
06/22/2026 21:06:12,0.000000,0.000000,74.069127,74.936826,64.682916,79.410084,77.381338,78.181714,75.123624,74.965231,33.654894,33.133280,33.053719,34.427844,31.832563,31.809843,34.481165,35.812931,35.234984,37.846085,34.666050,38.101027,37.083591,37.794429,37.769317,37.294596,36.230756,36.810523,37.465465,36.352940,37.200182,75.020347,32.015476,33.026933,23.322006,22.780649,23.659766,30.831348,30.882152,27.737772,70.267608,32.011236,35.217909,23.108739,22.980121,23.199756,34.475990,34.746160,35.194312,36.656766,36.798454,29.422362,31.143941,36.861770,36.863539,29.860751,28.204328,36.812952,43.562921,35.037161,37.661723,35.985457,39.161669,37.538487,39.547553,34.656716,38.516725,35.475415,39.512947,33.034974,37.232059,33.416713,38.852063,34.142533,39.745413,36.889715,38.439155,36.187723,38.179854,34.426278,39.481861,36.620356,37.465470,36.160806,37.337707,36.708675,38.437298,79.698110,82.684125,123.242886,83.687371,127.625632,51.326103,42.501569,135.380828,118.720001,2.848000,275.700012,117.949997,2.125000,174.800003,2893861.158267,11.935829,14.126805,21.091104,82.826445,37.207613,148621735339602888000000000000000000.000000,274976772116136397000000000000000000.000000
06/22/2026 21:07:12,0.000000,0.000000,73.882638,74.928815,64.706022,79.395323,77.380443,78.203965,75.121892,74.963921,33.637869,33.081130,33.051794,34.418046,31.863263,31.872618,34.484825,35.921117,35.299110,37.834009,34.635738,38.069187,37.013232,37.814277,37.852938,37.129769,36.622131,36.574780,37.208690,36.439351,37.251672,75.157801,32.090443,33.270241,23.239884,22.707899,23.545867,31.571597,31.739106,30.537328,69.972828,32.087402,35.208967,22.985870,22.882338,23.094914,34.464911,34.758593,35.200906,36.707596,36.843061,29.497207,31.122476,36.894076,36.874170,29.776048,27.880674,36.822629,43.565829,35.070251,37.652279,35.994151,39.132098,37.553058,39.529020,34.679324,38.503218,35.463186,39.509157,33.029384,37.110639,33.397797,38.844000,34.144188,39.751667,36.878739,38.429966,36.168493,38.186287,34.417212,39.480096,36.638941,37.460248,36.160446,37.324084,36.692555,38.407966,80.871276,82.728917,122.459897,84.092977,126.672581,51.211039,42.324977,138.819526,118.620003,2.878000,279.299988,118.050003,2.144000,177.600006,2893921.155644,12.353605,14.292331,20.916636,84.471749,37.199897,148621735339602888000000000000000000.000000,274976772116136397000000000000000000.000000
06/22/2026 21:08:12,0.000000,0.000000,74.371770,74.943933,64.762371,79.390162,77.375691,78.180280,75.109096,74.973089,33.570945,33.043497,33.009715,34.388200,31.851121,31.854239,34.497214,35.720865,35.312999,37.832389,34.684239,38.205552,37.147565,37.943616,37.844951,37.117794,36.733595,36.707490,37.570279,36.283937,37.083679,75.337315,31.928426,33.326278,23.340020,22.813465,23.649111,31.571139,31.766269,29.758948,70.652012,31.875908,35.212901,23.089785,23.008222,23.173557,34.472233,34.746840,35.204118,36.697970,36.829734,29.453447,31.143363,36.878815,36.867756,29.832007,27.955775,36.799732,43.557460,35.052039,37.651361,35.975517,39.164176,37.525529,39.527132,34.664117,38.484945,35.463900,39.489144,33.029071,37.261561,33.407703,38.835741,34.134104,39.715026,36.862759,38.417549,36.159686,38.164253,34.400842,39.452854,36.604964,37.438975,36.151536,37.293965,36.661630,38.415079,79.788289,83.054628,123.202158,83.965418,127.933864,51.188363,42.350191,135.590029,118.589996,2.852000,276.799988,117.860001,2.128000,175.199997,2893981.152940,12.384706,14.271329,20.941572,82.927327,37.192078,148621735339602888000000000000000000.000000,274976772116136397000000000000000000.000000
06/22/2026 21:09:12,0.000000,0.000000,73.838923,74.887266,64.760600,79.376699,77.368514,78.185314,75.124204,74.948492,33.664162,33.030990,33.048770,34.377872,31.912472,31.840752,34.513353,35.749826,35.280137,37.822607,34.634938,38.128582,37.039976,37.761016,37.804024,37.343913,36.438399,36.995901,37.451349,36.273729,37.337406,75.184789,32.108646,33.552771,23.164537,22.608753,23.499212,31.784831,32.132614,31.180241,69.915106,32.088364,35.203011,22.917999,22.818494,23.007939,34.472420,34.746583,35.201872,36.671835,36.867200,29.424321,31.138323,36.879886,36.870596,29.772892,27.830312,36.799261,43.561105,35.031779,37.655474,35.971224,39.156221,37.516231,39.521385,34.656117,38.487790,35.469857,39.492867,33.028102,37.232740,33.402291,38.854043,34.140085,39.707659,36.868195,38.420326,36.171274,38.185529,34.416006,39.457111,36.621626,37.456343,36.151664,37.312662,36.687370,38.415597,80.800912,82.630902,122.497890,84.046282,126.660732,51.268093,42.343571,139.092038,118.669998,2.875000,279.000000,118.050003,2.145000,177.699997,2894041.150660,12.617745,14.267985,20.935026,84.600977,37.194931,148621735339602888000000000000000000.000000,274976772116136397000000000000000000.000000
06/22/2026 21:10:12,0.000000,0.000000,74.056282,74.939625,64.855915,79.403235,77.334034,78.176117,75.122945,74.940896,33.562999,33.008875,33.065327,34.400311,31.832096,31.883770,34.455526,35.781576,35.321913,37.875738,34.654568,38.172999,37.113643,37.727683,37.822878,37.165575,36.293258,36.597775,37.288706,36.229508,37.091702,75.838422,32.007329,33.149473,23.232744,22.718239,23.555751,30.924509,30.806858,27.768597,70.994138,32.014422,35.186158,23.040343,22.898271,23.141613,34.458350,34.746267,35.175621,36.678376,36.830032,29.732452,31.248375,36.894613,36.833564,29.851050,28.008319,36.804916,43.542921,35.054194,37.624782,36.000699,39.111214,37.516219,39.502413,34.662759,38.480237,35.488865,39.491056,33.022040,37.219635,33.414893,38.849964,34.143528,39.724450,36.860715,38.415509,36.179292,38.174094,34.408067,39.463076,36.629383,37.430744,36.151262,37.317566,36.686534,38.406373,80.178120,83.468457,123.275056,84.442221,127.894826,51.386507,42.346978,136.072227,118.589996,2.853000,277.200012,117.949997,2.129000,175.399994,2894101.147706,12.211078,14.247763,20.938395,83.159462,37.192580,148621735339602888000000000000000000.000000,274976772116136397000000000000000000.000000
06/22/2026 21:11:12,0.000000,0.000000,74.470274,74.928320,64.875682,79.386698,77.369691,78.181440,75.134916,74.961319,33.604450,33.026796,33.065468,34.425962,31.828000,31.850273,34.491764,35.846989,35.284377,37.855553,34.654708,38.202063,37.149820,37.827020,37.656138,37.222474,36.312890,36.706783,37.489126,36.303150,37.102195,74.697756,32.025010,33.292893,23.174883,22.620449,23.487604,31.591947,31.742527,30.033464,69.491588,32.024990,35.182372,22.902959,22.826761,22.991878,34.459180,34.724920,35.181698,36.671168,36.806345,29.483831,31.119360,36.831296,36.852973,29.821566,28.050146,36.776915,43.530509,35.012829,37.657800,35.980640,39.137295,37.500803,39.517900,34.635310,38.470167,35.477428,39.474825,33.047468,37.166661,33.428312,38.815112,34.150197,39.701112,36.878877,38.416417,36.170847,38.151095,34.409809,39.424459,36.637979,37.431210,36.146416,37.293273,36.683404,38.406782,80.579376,82.201230,122.465033,83.611609,126.842637,51.176527,42.329163,138.459902,118.809998,2.864000,278.399994,117.970001,2.141000,177.199997,2894161.146023,12.372116,14.261595,20.920777,84.300955,37.184395,148621735339602888000000000000000000.000000,274976772116136397000000000000000000.000000
06/22/2026 21:12:12,0.000000,0.000000,74.045377,74.928309,64.812827,79.399200,77.384750,78.182177,75.105576,74.948447,33.511910,32.976866,33.015540,34.402819,31.850205,31.850650,34.469129,35.735353,35.285121,37.848342,34.631497,38.190512,37.031670,37.762881,37.781192,37.133141,36.419061,36.681938,37.268011,36.352221,37.234272,75.920030,32.060914,33.408718,23.299220,22.786540,23.656247,31.705954,31.852963,30.027626,71.126332,32.065386,35.186191,23.098186,22.952087,23.187810,34.459280,34.751633,35.159621,36.707539,36.835815,29.421224,31.114732,36.880057,36.839358,29.677643,27.931951,36.811070,43.523692,35.036091,37.633255,35.997674,39.140176,37.517392,39.529156,34.645304,38.476833,35.445122,39.476192,33.043293,37.171794,33.388151,38.841320,34.119741,39.712897,36.857968,38.423806,36.142051,38.155053,34.375624,39.418214,36.620650,37.439935,36.123274,37.297136,36.655953,38.392195,80.272955,83.617035,123.274361,84.632902,127.773564,51.325002,42.399547,136.351863,118.709999,2.854000,276.799988,118.059998,2.129000,175.500000,2894221.142980,12.418359,14.195832,20.990359,83.293832,37.180367,148621735339602888000000000000000000.000000,274976772116136397000000000000000000.000000
06/22/2026 21:13:12,0.000000,0.000000,74.059472,74.941966,64.748835,79.391327,77.314514,78.198280,75.111030,74.973756,33.628415,33.012551,33.038777,34.399181,31.838979,31.897335,34.494004,35.799171,35.228062,37.842278,34.651582,38.135215,37.061656,37.732302,37.870915,36.954045,36.323264,36.828203,37.360234,36.277224,37.146525,74.510223,32.031793,33.382756,23.147066,22.574683,23.446804,31.600678,31.704926,29.714494,69.387961,31.991280,35.198739,22.886339,22.815071,22.965583,34.461989,34.726397,35.176329,36.700322,36.848338,29.481120,31.209334,36.867275,36.869044,29.745020,28.046526,36.797660,43.549665,35.036623,37.651463,35.990234,39.151805,37.514900,39.532403,34.654781,38.484002,35.431932,39.464832,33.013034,37.217309,33.392118,38.817722,34.118198,39.692125,36.847297,38.400792,36.124713,38.151009,34.355141,39.414114,36.602374,37.416893,36.119677,37.279838,36.659866,38.393892,80.429464,82.016296,122.503293,83.425284,126.603243,51.314507,42.412202,138.164559,118.750000,2.870000,278.500000,117.930000,2.139000,177.000000,2894281.140790,12.379893,14.195876,21.002863,84.160469,37.175880,148621735339602888000000000000000000.000000,274976772116136397000000000000000000.000000
06/22/2026 21:14:12,0.000000,0.000000,73.963838,74.923319,64.713714,79.363234,77.293936,78.154577,75.111621,74.932949,33.583036,33.000922,33.007145,34.381598,31.867657,31.836029,34.462843,35.688762,35.288274,37.798463,34.607148,38.039090,36.970267,37.762959,38.036040,37.186576,36.226755,36.711401,37.501697,36.290949,37.105879,76.318110,32.163561,33.253491,23.325698,22.804515,23.667489,31.131737,31.109903,28.271647,71.437589,32.134655,35.195602,23.095151,22.966532,23.213821,34.453978,34.706856,35.159689,36.673094,36.812027,29.674620,31.282374,36.848228,36.811067,29.819013,28.002098,36.780168,43.525413,35.038717,37.634989,35.965753,39.125211,37.488252,39.515963,34.652880,38.479311,35.456029,39.472052,33.042111,37.221914,33.426068,38.828048,34.108610,39.699424,36.872317,38.423557,36.169628,38.153411,34.378856,39.405223,36.634164,37.436149,36.150034,37.298212,36.683512,38.383930,80.749844,84.197922,123.279379,85.304558,127.970512,51.194468,42.520163,137.235623,118.620003,2.871000,277.799988,118.000000,2.138000,176.699997,2894341.138132,12.144040,14.086151,21.109451,83.717299,37.181664,148621735339602888000000000000000000.000000,274976772116136397000000000000000000.000000
06/22/2026 21:15:12,0.000000,0.000000,73.805466,74.910460,64.652807,79.380719,77.338844,78.199019,75.130937,74.964519,33.644269,33.050198,32.999524,34.403443,31.852168,31.892705,34.477198,35.904645,35.188916,37.800608,34.607084,38.124883,37.040695,37.708265,37.798065,37.154451,36.140593,36.715116,37.368368,36.229587,37.165252,74.235183,31.851563,33.348697,23.139619,22.630447,23.457726,31.664469,31.794107,30.534414,69.206556,31.875648,35.162339,22.899737,22.796196,22.993263,34.414848,34.697458,35.145018,36.662876,36.848290,29.553761,31.250724,36.849031,36.843280,29.749372,28.161397,36.769067,43.504792,35.032066,37.601841,35.963539,39.108358,37.477553,39.479716,34.618187,38.485933,35.439188,39.470729,33.022981,37.153357,33.401172,38.808814,34.113233,39.687208,36.868464,38.395426,36.131488,38.153792,34.352613,39.417251,36.618355,37.424783,36.117396,37.299667,36.650707,38.378129,79.943824,81.681531,122.632275,82.948780,126.741225,51.199387,42.326340,137.238538,118.550003,2.865000,277.500000,117.980003,2.132000,176.000000,2894401.135355,12.430712,14.244354,20.917985,83.718693,37.164860,148621735339602888000000000000000000.000000,274976772116136397000000000000000000.000000
06/22/2026 21:16:12,0.000000,0.000000,74.215386,74.904258,64.696132,79.367118,77.331530,78.186662,75.096431,74.939723,33.538940,32.962128,32.943457,34.343322,31.907636,31.906745,34.523767,35.711494,35.275745,37.832368,34.591502,38.160887,37.038713,37.878613,37.976983,37.088538,36.306476,36.775146,37.250175,36.196681,37.153164,76.440798,32.271652,33.806966,23.233056,22.695240,23.573532,32.073057,32.406769,31.851283,71.429894,32.030009,35.189081,22.972489,22.846992,23.101079,34.453711,34.730098,35.180257,36.720172,36.891786,29.443755,31.200518,36.855482,36.855925,29.665803,27.874613,36.777690,43.521491,35.005933,37.620873,35.977738,39.134931,37.486942,39.487318,34.648903,38.476584,35.430247,39.460951,33.011925,37.214879,33.395897,38.811163,34.091182,39.697788,36.833515,38.394985,36.123026,38.138726,34.339250,39.411305,36.600441,37.416825,36.120938,37.280654,36.648446,38.371016,80.988444,84.258011,123.062807,85.420009,127.878395,51.273842,42.537978,137.833918,118.639999,2.870000,278.500000,117.839996,2.142000,177.399994,2894461.133435,12.679942,14.062057,21.127024,84.002956,37.164385,148621735339602888000000000000000000.000000,274976772116136397000000000000000000.000000
06/22/2026 21:17:12,0.000000,0.000000,73.936585,74.878354,64.711389,79.373410,77.323093,78.171500,75.107451,74.937227,33.628198,33.070119,33.041672,34.369851,31.814436,31.857646,34.458565,35.826692,35.242030,37.812016,34.638501,38.145332,37.045250,37.773356,37.877599,37.149588,36.248497,36.956537,37.319166,36.369351,37.151150,73.824609,31.940706,33.500249,23.045940,22.485608,23.381099,31.639035,31.817677,29.760018,69.079669,31.773934,35.171165,22.815429,22.720397,22.867062,34.422136,34.715390,35.145866,36.662837,36.750917,29.391837,31.072892,36.876204,36.822233,29.778099,28.167160,36.782301,43.493850,35.025442,37.617779,35.951608,39.105746,37.490850,39.477988,34.631975,38.456235,35.431536,39.455178,33.010657,37.103064,33.403960,38.796539,34.099110,39.658775,36.838604,38.388583,36.115860,38.138645,34.356476,39.385703,36.591122,37.405111,36.116733,37.280876,36.637744,38.359896,78.426273,80.935784,122.609236,82.128858,126.742329,51.343133,42.124340,133.029099,118.760002,2.830000,273.700012,117.900002,2.107000,172.000000,2894521.130266,12.782330,14.453246,20.717919,81.685224,37.153598,148621735339602888000000000000000000.000000,274976772116136397000000000000000000.000000
06/22/2026 21:18:12,0.000000,0.000000,73.886564,74.917528,64.718542,79.393775,77.356987,78.175903,75.121910,74.961827,33.627314,33.023895,33.011004,34.379890,31.788430,31.802239,34.484367,35.728860,35.219870,37.822183,34.591036,38.175640,37.113634,37.722371,37.890479,37.576729,36.214209,36.805491,37.401200,36.288586,37.282237,76.834522,32.447335,33.492453,23.300191,22.770478,23.632136,31.788173,31.982842,30.265041,71.472835,32.084409,35.172250,23.096193,22.935304,23.185744,34.451022,34.730959,35.161024,36.697878,36.785183,29.563730,31.207662,36.893943,36.857226,29.778143,28.105208,36.781943,43.499203,35.003361,37.608586,35.969855,39.118453,37.489436,39.493334,34.638542,38.453731,35.418386,39.427983,33.005829,37.145137,33.398245,38.801414,34.100907,39.638234,36.849843,38.381698,36.130529,38.138261,34.351208,39.372275,36.597562,37.402196,36.128868,37.270887,36.643996,38.352005,83.196977,84.938249,123.046196,86.194856,127.675938,51.191518,42.612353,144.123383,118.629997,2.907000,283.399994,117.930000,2.172000,181.800003,2894581.128140,12.292105,13.971902,21.200348,86.957252,37.153730,148621735339602888000000000000000000.000000,274976772116136397000000000000000000.000000
